{"type":"FeatureCollection","features":[{"type":"Feature","id":"430000","properties":{"name":"湖南省","cp":[112.982279,28.19409],"childNum":4},"geometry":{"type":"MultiPolygon","coordinates":[["@@OLgXEDIBODBBDDD@JFJBD@N@BAREJEFCNIBCFGDG@IAG@EACKLED"],["@@DBDBB@@@@@@@B@@B@@B@@@@BB@@@BB@@@@@@BB@@B@@@@@B@BBB@@A@@B@@@@A@@@A@@@@@A@@@AA@@@@A@@@@A@@A@@A@@AA@@@@@A@@A@@@@A@@@@@A@@A@@A@C@CACAA@C@ABCB@BBDB@F@"],["@@GEAG@I@CACEAEAO@QEMEOEGCEOAE@GCG@EICE@GFK@GAEIAI@KLMPIROPK@BDBBBB@B@@@BA@CDCDCDCDCBA@ABAAA@ACCCAEC@CAE@C@CACAA@EBE@C@C@C@AD@DAD@@@B@BBB@B@BADCDAB@B@DCDADAF@DBBABG@A@AI@EAAABCACGC@@@@@ABABAB@BA@A@A@AAACA@AACAA@A@ABC@C@CABA@AAAEGAICECACEKCIAG@EAGHCF@F@DFFDJ@LENGFCL@LDPJJLHFHBJBHADGBIAI@GBCJEJALAFEBC@CEGAGDEHAHCNEJ@LBRFDCCIGQGQAO@KBKFEFARGXENIAODOFIDIAG@EGIAKAMAK@OAE@@@@@CCCAAGCCACACAAAIOCEAACCAAACBA@CDABAB@DA@ABC@C@AACBADABABC@@@CAAACEGAC@CACBE@@FGEEEGIGEGIKAIAICICGCGEEECEGGGEIMKIIOKKCKEICEIIICSAIAICOCQBI@KAECCC@GEECEIAGCG@I@ICQEMEQGOCEIEOCODOBMFOHKHIBKAECGEGKMWESEIEI@K@EDELIJALEJGBE@EAIBC@KDGBIJMHGFIFMDMAIEOCEISCOAGCCIEMEUGQC@@IJIHC@CBAB@BBH@HBD@DBB@BA@A@CAC@KAE@G@C@GAGAK@AAGAMCEBMFC@ECKEC@G@A@GCC@G@@BBBAHBBD@BBCBKJABBBDFDDD@FADCB@@BBBA@@HBB@BBB@BABABCBEBEDABAFADED@DBBBHBD@D@B@BFDF@BBBB@D@D@FBBFF@HAD@FBDB@D@DCDCH@DAD@DABB@B@LDBBBBDDFBFDBFFBBBDAD@DJLBD@DEFCD@B@D@DABABGBC@CBADADCFABC@C@CCCAAC@A@C@ABAACAAAACAC@CAEBC@@@@DBJ@D@BCBC@C@C@CDABCDCBC@C@CAEAC@E@A@G@IBEFAF@L@J@NCHKHIDQCMEMKGIIIKGSEK@M@SBK@QCKICMEMCCGAKCI@KBIDEFBFAFADIFEDEJCHKHGDGBAH@DAJCN@@@@@BA@@@C@@@@@A@A@A@@@@@A@@@@@A@@@A@@@A@A@@@@@A@A@@@AB@@A@@@A@A@@@AB@@A@@@A@@BA@@@A@@@@@@@AB@@A@@B@@A@@@@@@BA@@@@@@B@@AB@@@B@@@@@B@B@B@B@@@@@B@@@B@@@B@@AB@B@@@@A@@B@@@@@BA@@@@B@@A@@B@@AB@@@B@B@@@BB@@@@@BB@@@@BB@@@@@B@@@B@@@B@@@B@@@@ADBB@@@B@@@B@B@@@D@@@BAB@@@B@@@B@B@@@B@B@@@B@@@B@@@B@@@B@@@@@B@B@@@B@@@B@@B@BADCDCDCDCDADADABBADAB@BBB@@B@B@@A@@B@@@B@@@@@B@@@@@BB@@@@BBB@@B@@@@B@@BB@B@@@B@@@B@D@B@@@B@@@B@B@@@B@@@B@@@D@@@BA@@B@B@@@@@B@@A@@BB@@@@B@B@@@F@@@D@@@B@@@B@B@BAB@@B@BBDBD@D@B@DBB@BBDDBBBDD@B@F@DBF@D@DABABCBEBCB@BAB@@AB@@AB@@@@AB@B@@AB@@@B@@@B@B@BA@@B@B@@@@@BA@@@@@@BA@@@@B@@AB@@@B@BA@@@@B@@AC@A@AA@@ABA@A@A@@A@@@@A@@A@@@@@@@@@@@AB@@@@AB@@@@A@@@@@@@@@@@@@@BB@@@@@@@@@@@@@@@AB@@@@@@A@@@@@@@@@A@@@@@@@@@@@@@@A@@@@@@@@AB@@@@@@@@@B@@@@@@@@@@@@AA@@@@C@AA@ACAABA@ABA@AB@FAD@@@B@@@@AB@BA@@B@@@@@@@BA@@@@@AB@@@@AB@@@@A@@B@@A@@B@@@@AB@@@BBDBBB@BB@B@BBBAB@FAFCFABA@@BCBABADAD@D@DABAB@B@@BBB@B@B@B@B@JB@HCFE@MFKFEHCHCLEPEP@JFHFFJNFNFFAFBHBDBB@@ADBB@B@B@D@@DBDDBBDB@DDD@BBBDDDBBBD@DBABABABAFAB@@ABABADAB@B@@@@@BABA@@@EBCAA@CA@@@ACAC@CC@@AA@@A@@AAAA@@@A@@A@@A@@A@@A@@@AA@@@@A@@A@@@@AA@@@@BA@A@@B@@AFA@AA@@AC@A@A@@@AACA@A@AD@B@@A@AI@C@CACAAAA@C@ABE@ABC@@@A@@@@@A@@AA@@@A@@@A@A@@@@@AA@@A@E@IAGCECIEECE@I@KBG@GAAA@@@@A@@A@@A@@@AA@@@@@@AA@@A@@AA@@@CA@@A@AA@@A@AA@@@AA@@@@AA@@A@@@@@AA@C@@AA@@@AB@@@@AA@@@@A@@@@@@@A@@@A@@@@@A@@@A@@@A@@@@@A@@@@@A@@@@@A@A@@@@B@B@@@@@@@B@@@B@B@@A@@B@BA@@B@B@@@@@BA@@B@@ABAB@@@@@@AB@@A@@@@@AB@@A@@@AB@@A@@@A@@B@@A@@@@@A@@@@BA@@@A@@@@BA@@BB@@B@@@@BB@@@@B@@B@@@@@B@B@B@@@B@@A@@@A@@@@@A@@@A@@@A@C@@@A@@@A@@@C@@@A@E@@@A@@@A@@@A@@@@@A@A@@@@BA@@@A@@BA@@B@@A@@BA@@BA@AB@@@@A@@@@BA@@@@@@@A@@@@@@@A@@@@AA@@@@@A@@@@@A@@@@@AA@@A@@@AA@@A@@BA@@@A@@@@@A@CHKRENERAHBLDFFHJBHBHBFDDFBDBH@HDNBHDHFHFJDLDHDHBDFRBNDLFJHJJFHFLHPJLFLFR@HBHDHFBD@DAFGBEBG@EAEBCF@F@FBHLJNJJJHFDHAF@DAFCHCJ@HDHH@FBLFJBFFFFDHATCRCJEHEDEBDBBDBB@BC@@@A@@BA@A@@@@AA@@@@@A@@@@A@@A@@@A@A@@@A@@@A@@@A@A@@@DHDD@FBD@@@B@@@BA@ABAH@@BBBDB@@B@BBL@B@BA@EDED@BAF@DCD@@ADAB@HAFAFGHGDIDGJAF@F@JCLAFCBGAEGGCCEECIAGDGBGDIFMHIFCFEFCHKRMVCLAFLFF@DEDADAF@FBHDLBJBT@NCNCPEJCNDFBFJJHLFJBFHCDAJEHBHFBH@DEJAJANEF@F@BD@DBF@NFLLJLFHHJHJFJBLDPBNCN@P@H@J@L@FADCBG@IBGHADBBB@@BBDBD@D@DBDB@AD@BCB@@ADABA@@@A@A@A@A@EAEBCAECCOGICACBCBAJCJAJ@LB@@JCRCNCPIPIJIJELEJC@BFFB@B@FAD@FBD@BAHED@B@BBAFCF@DFFHFF@J@LCFCDDHFFDFBH@LDHFBF@JGHKHILCHCF@HFLDHFJBLLNHJPDTBP@TBRERERINENELCJCHEF@FBDFJJFH@@@DBBBBDDJJBDBDB@DBB@BABA@ABE@@BATB@@@@@HBD@DLBB@DADAFEDADAD@JDB@BA@@EG@CBABADC@EBIBC@ABGBADCBCFAJGJEBABAAAGCAA@AAA@C@E@C@AB@LC@AAAAE@AB@B@FBD@B@DCBAF@DA@ABAF@D@D@D@@DAD@BLDJFFBDBD@B@B@DCFADAB@DBF@DCBABEDEFCDADAJ@DBHHFFF@D@@ABG@A@ABA@CACAC@CAC@@FGFEJEFCDECEAEACGEGCKDQBK@GCIE"],["@@FEHCHAHAFAFAF@FCDC@E@CCE@E@@@AAEAS@C@CDEFAHC@@DADA@@BABCAEGE@KIYDIBCBACCC@I@I@C@A@CBCBCAECCGAI@CACCECGAEOKAC@@FADDHDFAAEACACAAAA@E@AD@D@DADAAA@CACGKCEGGICCCAC@CBEBC@EAC@CDCBCBCAECAGAEBEBCB@@A@ADC@C@E@KBA@A@@A@ABAAAA@@@GBIBCAC@CCE@GAG@CCAC@CBCBC@A@@CCA@@A@ABCHCDA@@DE@C@ACAC@C@EAAAACBEDG@CAEEGEE@EBC@CCAGCICEGACEAMAMAGCGCAEACCCCE@IAICEEECGEECAEAA@CAE@EBC@E@C@C@CBCBC@C@E@ABGBIBQGOAC@E@ABAB@BDBD@D@D@@B@D@DCBCFCD@LCJCLADABAB@@A@ABC@GCCCACCGAA@CBC@CCAABA@CBA@ADABA@AB@@ADABADA@@@ABE@A@@CCAA@CFC@CBC@C@@A@ABADAB@BA@A@ACAC@A@CBA@A@CCKBE@E@CACEAE@ABC@C@AAAACAAACA@A@@@A@@B@@A@@@@@@@A@@@@@@B@@@@@@@@A@@@A@@@A@@@@@AB@@@@@@A@@@@@A@@@@@@AA@@@@@@@A@@@@B@@A@@@@A@@AA@B@@A@@@@@A@@@@B@@@@@@A@@@@@@@A@@@@@@@A@@A@@@@@@@@A@@@@@@@@A@@@@@@@@@@@@@@@A@@@@@@BAAA@@@A@@@@@@A@@A@@@@@B@@A@@@@@@@@@@A@@@@@@@@A@@A@@@@@@@@@@A@@@@@@@AA@@@AA@@@@@A@A@@@@@@A@@A@A@A@@@A@@@@@@@@@A@@@A@A@@@@@@@@@@B@@@@A@@@@B@@@@@@@@@@@B@@@@@@@@A@@@A@@@@@@A@A@@@@@@@BA@@@AA@@@B@@A@@@@@@B@@@B@@@@@@@@@@@@@@A@@@@@@@A@@AA@@@@@@@@A@@@@@@@@A@@@@AAB@@@@@@@@@@@@@@A@@@@@A@@@@A@@AB@@@@@@@@@@@B@@A@@@@B@@@@@@@@@@A@@@@@@@@AA@@@@@@@@@AA@@@@@@@@A@A@@@A@@@AA@@@@@@@@@@@@BAA@@@@A@@@@A@@@@@@@@@@@@A@B@@AB@@@@@@@@@@AA@@@@A@@@@@A@@@@@@B@@A@@@@@@@@@A@@@@@@@@@AB@@@@A@@@@@@@@@AA@@@@@@A@@@AA@@@@@@@BA@@@@@@@@@@@@@@@@B@@A@@A@@@@@A@@@A@@@@@@@@AAA@@A@A@@AAE@G@KGGECCCEACCAA@A@ABADBJ@D@@@@A@A@@BBJDJBJAL@FADCDEBGDGBKBKBEDADCH@@@@@BC@C@ABCH@FABA@ABE@A@C@AECEECCECCCCCAABEFCDAD@DBBDDBF@B@@@B@@A@A@A@C@GBCBADC@A@EAEAG@GBCBCBEBCAC@EGCGCCE@A@ABADCBABCAECCCGGGCG@GBCDAFCDABCBEBEFADCH@J@JAHEFEFEBGBCBE@GCICCACBCB@DABCDA@A@EAG@CCC@C@ADCHALAHANAJAFCFEFCBC@CAC@A@ABGHIJCDABG@GAABCBGAEAACACECE@A@@B@@@B@D@D@D@D@JBJ@DBFAD@BEFAHCH@JBFBD@@A@ABA@@DAD@FA@@BABEBCB@BADA@CFBBDBFBF@BB@@@DA@ABABG@E@EBCACGAEFI@C@C@AAA@AAAA@A@C@@A@AA@A@A@A@ABABABA@@@@@@BBBBB@@AB@@A@A@CBCBGDC@AAAA@CCCAAABCBEDEHGPA@EDC@EAECGAIAECIEKICEECAG@A@EEGKKUEMGEAE@EDCFCRAFEFGBOBE@AAAC@CDKBE@AECEBABC@CCAAAC@ABAD@D@HDD@F@@A@CAAEAE@G@EAE@E@A@EAEEGIAEACBA@ADABBBB@D@BB@BBBA@AAC@C@AEAAAEBCAA@@A@@@ABCBADCDADCBCFM@C@A@EBI@GAAC@C@CDEBCDA@A@CDA@C@CAA@CBCBE@CAQEAA@A@ABAFAB@BA@ACACAECAEBEAA@CAAEGEACAACBE@A@CEAC@E@I@EAEAEAAAACACCAE@CEIEECEDE@AA@A@EAACAC@@AAC@@@A@A@@@A@@A@CAAC@G@AAAC@C@C@CBCHABEBA@ECCAA@A@ABC@@@@@CACAC@EBADCDA@C@GCGCEACBE@A@ACEKACEAGAG@CAAEAEAEECEAGBEACAAC@CBGCEEG@C@OCECAEBOFIHEDEFCDCPAPCNAHADEBAAAAGKA@CBE@C@@AEGCAC@C@GHCBEDEDEB@@CA@A@C@CBCBA@CBAB@@ADCBE@CACCCAC@CBCDE@G@GCKBABABADAB@DCDMBCDA@AB@@@@BB@D@BAB@@A@@EE@A@A@C@@AACCCG@@@A@@B@@AACAEBCBCBAD@DAHBBBH@B@BABAFAD@F@BCBCDABCBADAD@B@BB@@@@B@@@@FHDDD@@B@JB@@JBDBB@@@BCBC@ADAB@BADBBB@@AH@DB@BBB@F@BAB@H@FCFCD@BDBHBBBDF@B@DCDCFAD@BBDBB@B@@@@ABABCDCFATDFBJCBCBAAA@E@CBADADABADABEBCBCDCDIDIFCFCF@FBD@B@DIFG@C@CGEIEIAGAI@G@A@AACCACIGMGOGSIEIAIBACMAQ@EDEFGDCHEFCFGDCBGFE@@@EDCFADCDCFMDMDCFAHAHABAAA@AA@@AA@@@A@AA@@@@A@@A@@A@ACEC@AC@AA@AA@A@@AA@@AAA@@@AAA@A@A@A@@@A@A@@B@@ABAB@@A@@@A@@A@@A@@AA@AA@@AA@@@@A@@@A@@@AA@@A@@@A@@AA@@A@A@@@AAA@A@@@@@AA@@@@@A@@@@A@@@@@@@@A@@@@@A@@@@C@@@@@AA@@@A@@A@@AA@@A@@@A@@@A@@A@@A@@A@@@A@@@@A@@@AA@@@A@@AA@@@@@@A@A@@@A@A@A@@@A@AA@@AB@@@@@B@@@B@@@BAB@BA@@@A@@FEJCBG@EEIACBGB@B@@A@@AA@AA@@A@@@@@AB@@@D@B@@@@@BB@@@A@@BA@@@A@A@@@A@@B@@@BA@@B@BB@@@AB@@@B@@@B@@@@@@A@@@AA@@A@@@A@@B@@@B@@@B@@A@@@@@A@@@AAA@@@@@@BAB@D@DCBEAGAA@E@E@C@CACCA@@CA@AA@BC@A@@B@DEB@BADABABA@A@ACACA@@GCQAEAAC@@BCBA@ABCAE@@@ABA@@A@@@AA@@AB@@A@@AA@@A@ACACA@AA@@@A@@@@@@@@@@@@@@@A@C@@@AB@@A@AACAAAAACBC@AAABA@@@A@CBABABCB@@A@@@A@A@AAC@AAAAA@A@AAA@A@AA@@AAA@AAA@AAA@ABA@@@AB@@@B@B@@@@AB@@A@@BA@A@A@A@@@CAA@CAA@CAA@CBC@E@EBEBE@A@ABAA@@A@AA@@AA@@AA@AA@A@AA@@A@CAC@AACACACACACAAAA@AAAAAA@CAA@AAA@AAA@@@AA@@A@@AA@@A@A@A@A@A@A@C@A@CBC@A@@BA@A@E@C@E@C@CAA@A@A@A@A@AAA@@AA@@@AA@@A@@@AA@@A@@@A@A@A@A@@@CBA@@@ABA@A@AAA@A@AACAA@A@A@A@A@A@A@ABA@A@AA@@A@@AA@A@@AA@A@ABA@A@A@A@A@C@A@A@ABC@A@CBA@ABABA@ABAB@@@@@B@BBB@BBBBDBBBDBD@B@@@B@B@@@BAB@BAB@BAB@BAB@D@@ABBD@B@@BB@BBB@B@B@@@B@D@D@D@DAB@DABADABA@ABABABA@ABA@C@ABA@A@A@A@@@A@A@@@ABA@ABA@ABABA@C@ABA@C@A@A@A@A@ABA@ABA@@@@@@BA@@BAB@B@@@B@B@B@@@B@@@B@B@B@B@BAB@DBB@B@B@B@@@B@BBB@@BB@@B@@B@@@B@@AB@B@@@BAB@B@B@BAFAD@D@DC@C@CBAB@D@FADC@ABEBCBABILIRHn@JATE`CHABC@MFIDADADAFA@SRILEDEB@@C@E@AB@D@D@BAHCFCF@BCDCBCBA@EBEAE@CBABCBADCBA@GBIBCACECEE@I@GAKEE@ECAAGAE@CBC@C@CAAACAE@E@EBCA@@I@G@MDEBIFIDMDG@M@ABEDE@C@IAIBA@AB@FAD@@ABABA@ABC@A@A@A@@@A@AAA@@@A@@@AA@BA@ABABABABEBABE@CBCAA@C@C@C@E@C@EB@@C@ABAD@DCBABAB@B@DBD@DBB@D@B@D@BADADADADAB@BCB@BA@A@ABA@@@A@IGIICA@AAA@AAC@CBC@CACAEACACCCACCCACAAAA@AA@ACCAACCAC@C@C@A@C@C@ABC@CDCBCBADABABAB@B@BA@@@@BBB@BBBBBBBBB@BB@@B@B@BA@AB@@C@@BA@ABA@@BABAB@BABABC@ABABABA@AB@@ABAB@B@DADAF@BABAB@BABCBA@ABA@@@C@CAA@CACACACACAAAEEAAA@CAA@ACCAAACACAEAC@E@A@A@CBA@A@ABA@A@A@@AA@@@ACAAAA@AAAAAACAA@@AA@@BA@@@ABA@A@@@AA@@@AA@@A@@@EAUDC@A@C@ABA@@BAB@B@@ABAB@@E@A@AAA@AAA@A@@@AB@@A@@@A@@BOEKCA@@B@@@B@D@D@D@D@B@B@B@BABA@AB@@A@@DGLADEBGBM@SAQ@C@I@K@CBA@A@@@C@CAA@CAA@AAA@AA@A@@@AB@@ABA@@BABABCBC@A@A@@@AAAACAC@AAAAA@@AA@C@A@A@A@CAAAA@AAA@AAA@A@ABA@ABAAA@A@@@AAAAA@AAAAAAAAA@ACAAA@AA@@A@@@AB@@ABABA@A@A@@@E@CAE@C@C@CBA@C@@AA@@@ACCACAAACACAGACCGAA@C@A@A@A@E@CAA@C@AAA@AAA@AAAA@AAA@@@A@@AA@@AA@GO@AB@@A@A@A@A@CBA@A@A@@@A@AA@@@@AAAAAAAAA@A@A@A@A@@@AB@@AHIBAB@@A@@@AA@@AEGACAACECECECCCCACCCAC@AA@@A@@ACCAEAECGAAA@A@G@G@C@EBE@CAEACAA@CFADABC@CBEDC@CB@DAHCFCBCBCBCBCB@D@DADABABC@@DADBF@B@DADCFAB@B@FAF@B@BA@A@ABCAC@A@CAC@EAAAA@A@AAEACAE@EAEAC@CBAAE@CAAAA@A@ABEBE@A@AAA@AACACBADABADA@ABAAACC@@A@AA@ABCACAECAA@A@AADA@CA@@AAACACACEACEAABEDEFEDABCCEAEAE@E@A@A@AAACCCCACCCACACAGAGCE@EAAAAC@CBCBAACEEEECCCCECMAKAGAEAICACAEBCBCAAC@CAAAAACAAAECEECCACCACACAAC@C@A@IBGAE@EAECG@CAAECECEDEBEDCFEDCD@BUNKBKDG@I@MDGDEHCBM@GACGGKCCIAGAI@IBSHKDI@I@ICG@EAWGEBEBAD@FBJAHG@E@E@E@EDIDGBK@E@EAMCIEMAKBODKBGHILCDGBI@GAEECEGC]GKAI@GDKBKBI@GBCBADGDAEACCACAC@CBCDG@ECEAEAGIKIIG]iSUEIAK@GBE@CDEDKBIAQAEEEEAaFGBGDSJGDIAGCGGCIEOMeCQACUKCDCFEDEFC@C@CAA@AA@AIC@C@AAC@CCAA@G@EDABCBCDC@A@@@ADBDEFAHADABCBABABGFAFEDCBEBGDA@ABIDQ@KB@@ACAGACCAE@QAC@AB@D@FANAFADC@C@CACAE@EBEFAD@DDDFLBDLLFHBFDFHFBB@DBFBDDFDB@@DBBDDF@FAB@DAB@DAD@B@BABBFFHBDDDBFBH@HBJHLDHDLBJ@FANAHENELEFYbEHEN@LFJHHHNBJCJGFIBEHAFBFFFFLDDHBJBBBHR@F@HBHCBC@GBEBCFGFC@KBKLINGP@P@JDPJHRHRFFBDBNTBDBRALAFCDIBO@KBODKDEDEDGDILCLBN@JBNFFZnBDDJEHIBGAOAI@IDIJCJ@PAHIHODWCCACECKAIAIMKKCO@QBODQBEJOLOFMFEJEL@JAJCFEBCDEDEDCAQKEAACFEAC@GCCGEQ@CAEEIEQKIKGGAG@ICGGEIEGCKQ@CECE@wW]UGIQEc@OCOCEACCBKJiAEIqEEACACBIBG@KBQ@KEII@GBCAICGCK@SEMEIEI@MBIDEBOAIAACEIAAGAK@GJAB@@A@@@EC@@AAAACAAEIECCA@C@A@@B@@@BDHFH@@B@B@L@@@FLBBABA@G@@@A@@B@BA@AJ@HDPFL@F@BEFEFC@GBMBCBCFADBBHFDFBJADAD[XADALADCL@FBFBDCNGT@DBHBLFLHLHJDF@DA@EBAB@BLLZZHL@BADGDAD@FBBHJBF@BAB@D@DBBBDBFNVDFBDF@DDBD@DCFAH@BHHXHdPFDJ@JAB@DBBBBHDFHBF@PABBB@BDBFFDHHBDDBHBFDHDDDFBPDLDHHBFAF@FDHFF@F@HADMV@DBH@HAHM^@HRLDBB@FAB@B@BDDDXLHFTXPTN^BFJFBB@B@D@DDFDFJHBDFHBBD@VCTAHAB@DBLJTLNDDBFLDHLHHDLD@B@J@LBFJP@JBBDBF@F@JEB@BBBJBDDBH@DBHHHPHJBDBJ@DCH@JBHDFDHDFJJDH@@B@@A@@B@@@@@@B@@@@@B@@B@@@@B@@@@B@@B@@@@AB@@@B@@@@@BB@@@@@@B@@@@B@@@@@B@@@B@@@@@BB@@@@A@@B@@@@@BB@@@BD@@@B@@A@@B@@@@@B@@B@@@@B@@B@@B@@@B@B@@BBHZAD@@BJ@HALAFCJAH@NBPBFHRHXFRHFFH@DAFEJILKHKHIJKRCJAPBJF^BL@JELCFA`ARBDBDDBHDHNHDJBF@FCJCH@JB`JF@DAF@DBDBDD^FNFDBJPLTLLPBHCJ@HBFDDD@LALAJAJAJARANADCFKFCD@FDRDLDFDD`BPBLLFDFBH@HAFBNDJNBFABODWHGAGCGCE@CD@JBDHHBDADEBC@ECGAM@G@IDEAGCKKCCC@CFILCBGAWCKAC@A@@@@BBBBDBBAB@BCDGF@B@D@FBFAB@BABA@A@GAGCCCACACAG@AAAAAC@CBCBCFADKTA@A@E@SGEAACAC@EA@EAICEESKIGCCAEAMCOEKA@A@CBGDGFA@Q@IBI@QHCDADAFAH@L@BCFCFKHOLCDEFAFADB@BDDBH@D@BBCJEBMJGHAFBBFFBD@BCBCBK@IDABAHBJAFADA@ICKACB@BB@DFFH@D@JBHBDFDDBDDDH@D@B@F@BBBBFBFDHBD@D@BABAB@BBBDDDD@D@BCF@BBB@BDBFBDBDBBFBBFHFDBDBF@HBB@DDBBDD@DBD@F@HDBBBBBFB@H@BAD@H@D@B@@BBBABABABCBEBCBKHABAFGFABAD@@HJFHNJLFDD@DBBA@@@C@CAECA@@B@B@@BDDDJFFD@D@B@B@D@D@BBBBFCD@J@FADEDEF@BAFCLAF@FBDBDBD@DLNDDBD@DAFBFBDDDB@BDA@ADC@ABADED@DABBFBDFBBB@D@DCF@FADBDBDDBF@F@FBPDFBDB@DBDAD@DBDBF@F@FABCBADBL@D@BEFEJCDCFAF@DCBC@G@GBC@C@ECE@OCAA@AAEAAC@EDGDC@A@CAGGEAA@CB@DAD@FADA@A@AACEC@A@GDGHGHCDBDFLDHBFAD@B@DBH@DADABA@CBC@EAM@EAEBI@C@C@EBCBCBC@A@C@MCCA[@EAE@C@CBCBGBC@A@C@CACBC@A@C@AAE@A@AAAA@CA@A@C@C@CBABC@C@EBCBCDIJEDABCBA@AAAAAAA@A@ABAD@BA@EAA@ABAB@D@D@@ABA@CACAAAACAAA@A@A@ABCBCBA@A@CAA@A@@B@B@BDHBHABC@EAGACBABCDABCBEBI@GAG@C@KFAD@B@DBHLTWFIDEFEFCD@D@F@DABEBABCFABC@C@EAAAG@KAGCKCCEAAAEDCDGBK@C@CAAAAAA@CBMAIEYACEACASCC@AA@ADADEDEBGDADC@EBC@ECCBA@AFEBA@EACCGCIEMCIAIBC@CAAC@C@GB@BBBDFBDABIJCFAH@BC@G@UAKAICYCWAQAKIGEIEIAC@K@I@QDS@O@Q@KAMGOEMAKBEDIHIHKJIH@HLLJJJLFHAPGRGHIAGAEIIMGKMEE@GFEJCJIJOFQFODKBOIQEMCQDIFIFANCNCFEBI@MIIIKIGOGICIAGKEEAECECIAIAIACEAIAICI@IEM@QBQAKAIEOKIGICCGOEKGGEIIKIIMMKEGAGDEFCLGHG@ECEEGGCEKGMGGEGAGEMSGKGIQOOIMGMMIIKIIKGI@M@GGIAEEEEGECGEEIDIFE@GAEEECKEIEMCKGIEQCMCKGKGIIEOEE@AAACA@A@A@AB@@@B@@@BBB@@AB@@AB@A@@@A@@@A@@ACA@@@@@A@@BAB@@A@@@@A@@AABA@A@@AAA@A@A@C@GBABKCOCKAMAG@GBIFEF@NDPBPFL@NCPCJCLINMHGDIDMFKHEFCLALCHGHGDK@IGGGIMGOCMESEIKEGE@@@@@@@@@@@@@@A@@@@@@@@@A@@B@@@@@@A@@@@@@@AA@@@@@@@@@@A@@@@@A@A@@@A@@@@@A@@@@B@@@@@AA@@@CBGBIHKJSJGBE@GGGMGGEAEFAFCJGLIFGBMBIFCHAFDNJNDNBR@HBB@DBDDDBD@B@@@B@@DBB@@B@BA@A@@B@BBBDFDB@BBBBDBB@B@B@BBBDD@@@BBBBB@B@B@B@BDD@@BB@B@B@@@B@@DD@@B@B@@ABA@@@@@BBD@B@B@@@B@AA@@@AB@BABAD@DCFAFAD@F@H@HBDBHBDDF@BC@CBG@IBE@C@CCIAK@K@IBM@GCGECCC@EBEBGDABAFILADCDCDADEBEBK@AAICCCA@CAK@G@GDGFGJEJGBDHDHDJBJBJJLFHJHFHFFEH@@AFBD@DBDFHBDBB@D@@ADABCBABBD@B@DAD@BCBA@ABCB@DABBDBBDDBBDFJPBBDBDBDBHDBBDD@D@@@@BF@PBLBNBLHJ@FBHCJEJCPBPMJWFQHEBEFAL@LBPHRHRDJCDQEKAI@MFGDGBCFBHFH@DADEFKBIBIFAD@HBJAJCHGBIAGAGEIKOIKCK@EDMHKFI@ECCEE@E@GDBH@FBHDJFLBDFDJDHBBFBBB@BA@D@DAD@B@BBBBD@BDBBB@B@B@BABA@ABAB@B@@@@HDBDADBBFBJ@@B@BAHABCAE@CBCBCDA@A@CBCDABA@A@AAA@@@C@CBC@@B@D@D@DAF@FBBBD@D@DBF@DFDDBDD@BBBAB@BABCDCDCDCD@DAB@@A@A@AACA@AOLQPOJKN@LBJFJHBL@HEF@JD@FDH@HBFFPHDPFNFRFP@FBFBBD@D@JBHHFJFHDL@RALCHDHFBDBFDFCFEDIFEFEH@@BD@DBDBD@DAB@B@BAH@BC@E@EEGGCAI@CBCBEDCFAFABCDE@CAA@CBEBCDA@A@C@CAEAIEKC@ABC@CC@C@C@E@AB@BCBE@ABCDA@C@EAA@A@@BBFBB@BKDA@@B@D@F@DBB@BBBHDBBABABIFIHEBADCDABAH@BADAJ@FCDABAB@DFH@@ABA@ICC@CBCBEFCBCBA@KA@CAC@G@@@@SAAB@@AF@BABABA@CAA@ACACIICCAAAA@C@@EGIICEEAE@GFIDKDMFMFQJQFQFSAO@SAOCGIKMAKEICGEK@GDEDGJKLGHG@IAEGEKCG@EAECGECCEDKDI@E@GEEE@CDEBEAAA@C@GFABC@EAC@EBA@A@EE@AIDKFIFIJOJOJMDQDID@@KAI@IBIDABADBDJDPHDDBFADBF@F@BFCJGDAPE@@DC@ACAAAAC@ABEDCD@DDBDBBFBH@LDD@HHFDBB@@D@B@@D@B@@AB@B@DBB@@DBDBD@BDBBBDBD@DBBDBB@DB@@@@FDBDCDGDSNEDE@@EBIFG@GEGECGAKDABC@ABABABAAACFEHEDA@C@AACCEE@OAGDEB@@CDKDEDG@A@AAABCB@BA@ADC@@BB@@D@FABABC@C@@B@D@BBB@J@NANEPELGPININAJBFDHDDLJFFFHBHAJCLAL@JFLBFCDEDIAIBGBCDEDEPAHIDMCAA@A@A@@AA@A@@@A@@@A@A@@@A@A@@AA@@A@@@A@@A@@A@AA@@ACA@@A@@A@@A@@A@@AA@@@AAA@@@A@@AA@A@@AA@@A@@A@@CBE@E@CGAAAEACAG@G@C@CB@BBBFDDFDB@BBDCDGHABAJAH@B@D@D@BFBF@DBBBBDBDJFD@DAB@D@B@BB@@FBDBHD@BDDBDBBF@HBF@B@DBJHFFPJPFDBFBFABA@AJAHAFBFFADBHBFDBFDL@FBD@HDDDAH@DAFCHAJAJAJCHCBOGAAA@@BA@EBAB@@A@AA@B@@@@@BBDBDBBCF@F@B@DDB@@BBDAH@B@DBDF@FCFAFFH@DADEDCBCDCDEDCDCF@F@B@D@FADABIHABAH@D@DBDBDBHABIHEBAFF@D@F@D@DBAD@BEBC@EBE@CAE@@@AB@BA@@@A@@@@B@@@@AB@@@B@BA@@@A@@BA@A@A@AA@@A@@@A@@@C@A@@@A@GM@C@A@AB@@@@AB@@@BA@@B@@@BA@@@@B@@@B@@AB@@@@@B@@@BA@@BA@@@@AA@@@@AAA@@@CA@@A@@A@@AA@@@@@AAA@@@A@@A@@@A@@@A@@BA@@@AB@@A@@BA@ABAB@@A@@BA@AB@@A@@@AB@@A@@@EB@@AB@@A@@BA@A@@@A@A@A@@@@@A@@@A@E@EBA@AD@DDBJ@@@D@@@@@B@HC@@B@@@@@@BB@@@BB@@@@B@@@@@B@@@@@B@@@@@B@@@B@B@B@@AB@B@@@BB@@@@@@BB@@@@@B@@@B@@@B@@@@@B@@BB@@@B@@@B@B@@@BAB@@@@A@A@@@A@A@@@A@@@C@@@A@A@@@A@@@@@AAA@@@C@C@A@@@A@AB@@A@@@A@@@ABAD@@@B@B@@BB@@@BBB@@BBB@FABBBDAFA@E@@@GCABADBDBDB@F@@@@@@@@B@@@BABABCH@B@BB@BBFBBBFDBB@@@@@@@BBHDFBF@J@HKBKAGCGGEICGICE@EBGDKJEFAJELELAB@@@B@D@B@@@@AB@@AB@B@@A@@@A@@@A@@@A@@@A@GCE@C@CB@BBD@H@@A@A@@@A@@AA@A@@@A@@@@AA@@@@@@@AA@A@@@@@A@@@A@@@A@@@A@@@A@@@@@A@A@@@A@@A@@ABC@AA@ABEAG@AB@BBD@BADABCBA@AB@D@@AA@@@@AA@@@@@A@A@@@@AA@A@@@AA@@AA@@@@@A@@@@@A@A@@@A@@@A@@BA@A@@BA@@@A@@BA@@@A@AB@@A@A@@BA@A@A@@@A@@@@@A@@@A@A@@@AA@@@@A@@@@@A@@@@AA@@@A@@@A@@@@@AA@@A@A@@@A@@@C@A@A@@@A@@@A@A@A@@@A@@AA@@A@A@@@A@@@A@@@AB@@A@@@A@@@@@A@A@@@@BAKCI@M@KAM@KAOGUGO@IDGFADEJALCLIDGBKEGCGICGGKCKGKIKKOQQOQIIKG@@G@CBA@ABADAB@@@@AAAACGEG@AAA@A@A@A@CAA@AACAA@@A@C@A@C@A@@@ABA@AB@B@@@B@B@@@B@@A@@@A@CAA@A@GDEBA@AACAAAA@CAC@AB@CBADAAAA@CAC@ABA@A@A@A@ABA@A@ABC@C@EBCBA@AAA@CACBA@C@@D@BBF@BDD@BBBBBBDBDBD@D@B@B@B@BDD@@BBBDDD@@BDDFBB@@DBD@BBBBJBDBBH@DB@BDCDADEBE@EBM@E@A@CCAAAAC@EBAAECCCC@GBCBE@KAAAAA@AAACAA@CACCGGAAAAABAFAD@DCCAGACCAACACC@AA@@@@A@A@CAA@C@A@@BC@A@A@C@CB@BA@@DADABA@C@EACACCAACCAA@ABA@A@@AACA@@AA@C@CAAECIEOEIAIEGCGEIEGEGECEEEEAKCCACBAACA@@EC@@ABA@AACAACDC@EBCBAF@DBDA@@@A@@BA@@A@@A@@AA@@@@@A@A@@@ABA@@@AB@@A@@@@BA@@@@@A@@@A@A@A@A@@@@@A@@@AA@@@AA@@@@A@@@@AA@@@A@@@AA@@A@@AA@@@A@@@A@@AA@@@@@@BBB@BB@A@CAC@AA@A@AAACAABC@@@A@@@@@AA@@A@@@@@A@@@@@AAA@@@@@A@A@@@A@@@A@@AA@@@AB@@AB@B@@@@@BB@@B@@@B@BBB@BBDB@@B@D@B@DADAB@BAACACACABABABABC@CAAAAC@@@ABAB@BC@AACAAA@@@@A@@@A@@@A@@@@@A@A@A@A@@@AA@@@@AA@@AA@@@@AA@@AA@AA@@@@AAA@@@AA@@@AA@@AA@@A@@@AA@@A@@A@@A@@AA@@AA@@@A@@AA@@@A@@@A@@@AA@@A@@@A@@AA@@@A@@@A@A@@@A@@D@BBBBBBBD@BB@D@H@B@@AB@B@@@@@B@@@BA@@BAB@@@BA@@@@D@D@B@BBD@@@@A@@@AAAE@@@@@@@@GN@BA@@@@@AABABABG@A@AA@A@@@A@@B@@A@@@@@@B@@@BB@@@@B@@@B@@@@@B@@@B@@@@A@@B@@A@@@@@A@@BA@@@A@@@@@AB@@A@@@CAC@A@@B@DA@@@ABCBCFCF@DBBAB@@CBAB@@DBBB@@@D@B@@@B@@AB@@@B@@@B@@@@AB@@@@@B@@ABAB@@@BA@@@@@A@@B@@@@CC@AAAAAA@G@@@A@@@A@@@AB@@@BA@@@BD@BBBA@C@CA@@A@A@CBABAD@@A@AB@@A@@@@@AB@@@@A@@@AB@@@@AB@@@@AB@@@@A@@B@@A@@BA@@@@@A@A@A@AB@B@D@@@@@BA@@@A@@BA@@@A@@@CB@@@@A@AB@@A@@@ABA@@@A@@@ABA@@@ABB@@BBB@@@BB@@@B@@@BB@@@@B@@@B@@BB@B@@BB@@@@BB@@@@@BB@@BB@@BB@@@@B@@B@@@@BB@@@@@@BD@@B@DAD@B@D@B@BA@ABC@CB@@AF@BAD@D@B@@@BB@@DBB@BBD@D@@@@@BBDB@@@BBBBB@@B@@@BBB@B@B@B@B@@@BA@@DAB@B@B@B@BBB@@BABAB@BAB@B@BBB@BBBBF@@BDBDBBBB@@B@B@@@D@@@@@DBB@B@B@BADABABA@@@@@AB@@@BA@@BA@A@@@@@AB@@A@@@@@AB@@@B@@BB@@@@@@@B@@@@BB@@@B@@@BB@@@@@B@@BB@@@BB@@@@B@@B@@B@@@B@@@B@@AB@@@B@@@B@@@B@@@B@B@@B@@@@B@@B@@@@B@@@@B@@B@@@@@@BB@@B@@@@@BB@@@@B@@@B@@BB@@@BB@@B@@@@BB@@@@@B@@B@@B@@B@@B@@@@B@@B@@B@@B@@BBB@@BB@@@B@@@@BB@BB@@B@@@B@@@B@B@@@@BB@B@@@BB@@B@@@BB@@@B@BBB@BD@B@B@BCB@@@B@@@BBB@@DADAB@B@@@BBBB@@BBB@B@@@B@@@B@@B@B@@B@@B@@@B@@@BAB@B@@@@@B@B@@@B@B@@@B@B@@@B@B@B@@@B@@DDBDBBABA@ABCBAB@BAB@@@BA@@@@BA@@B@@ABAB@B@B@@@BB@DBBB@BBDB@@BABCAC@C@@B@@AB@@@@AB@@A@@@@@C@A@@BA@@@A@A@AB@@A@@B@@AB@@BB@@@@BB@@@@@@BB@@F@B@B@@@@B@@@@@@@B@@BB@@AD@B@@B@@@BB@@DB@@DBBBB@@@BBB@B@@BB@B@@@BB@@B@B@BBD@B@BBB@B@B@BB@@B@BBDBB@B@BB@@@@B@@@BBBB@@@@@B@@BB@@@BB@@B@@@BBB@@@@BBB@JAF@D@B@DB@@DD@B@B@@@B@B@B@B@BDBDDDBDDFBB@B@@BB@@@BBB@@B@@BB@@@B@@@B@@@B@B@@@@@B@@AB@@@B@@@B@@AB@B@BB@@@@B@@B@@B@@@@@BB@@@BBB@@@B@@@@@B@B@@@B@BA@@B@@@@@BABC@A@ABABA@@B@BB@B@DBB@@B@@@B@B@@@B@@@B@@BB@@@B@@BD@@@B@@BB@@@@BB@@@@BB@@B@@@@@@BBFDFBB@B@@@BB@@@@@B@D@@B@@BB@BA@@@@B@@@B@@@@AB@@@B@@@BA@@@@B@B@B@BA@@@@B@@@@@B@B@@AB@@@@@BA@@@@B@@A@@BBBFB@@B@BBB@D@@@@BHB@@B@@@@DBBBBBB@@@@@B@B@@BBB@B@F@BAF@@@DBB@@@BCDCLEJ@FET@DDBDBDBD@B@DCBEBEDCHAHCDAF@@B@B@FBDBDB@BDDBB@D@D@@ABABAD@@ABBB@B@HHB@DBB@H@D@B@@@@B@@@@AB@D@B@B@BA@@B@@@B@@@B@@@@AB@@@B@B@@@B@@@B@@@@BB@@@B@@B@@B@@BB@@BB@@@@@@B@@@@@BAB@@@@AB@@@BA@@B@@@@AB@@@B@@@@@B@@@BB@@@BB@@B@BB@@@@B@@@BB@@BBB@B@@@BAB@@@BA@A@@BA@@B@@AB@@@B@B@@@B@@BB@B@@@@@BBB@B@BB@@@@DB@@B@BB@@B@@B@@B@@BB@B@@@@B@@BB@@B@@@@BB@@B@@B@@@B@B@@@@AB@@@@A@@@@@A@@@@BA@@B@@@B@B@@@BA@@@@BAB@@AB@@@@AB@@@@@@AB@@BB@@BBB@@@B@@@B@BB@@B@@@B@BB@@B@@@@@DB@@@@BB@B@@@@@BB@@B@@@@@BB@@@@@@BB@@@@BB@@@@@@@BB@@@@B@@@B@@B@@B@@@B@@@@BB@@@@@BBB@@BB@@BB@@@@B@@@B@@@DBB@B@@@BAB@@@@A@@@AB@@AB@D@@ABA@A@A@AA@@ACAAC@AA@@AA@@@A@@@A@@@@@A@AA@@A@A@@AAAA@AA@@AA@@@AAA@AA@@A@@@A@@@A@@@A@A@@@@@A@A@@@CB@@ABAB@@@BA@@B@B@@DFBD@@@@@@BB@@B@@BB@BAFIBA@@DAB@BB@@AB@B@BBF@B@D@B@@@BBBBB@@F@B@@DBDBDHDBD@@@BBBBB@BB@@B@@BB@@BB@@@@B@@@BB@@B@@@@@B@@@B@@@B@@@B@B@B@@@B@B@@@BBB@@@@C@CBABA@AF@@@BAA@@@@A@ABE@C@GCEEM@EBCH@JBF@HJHFNJPNHJJJFFLBL@DCDEDEFGJEJCHAH@BAFE@C@E@EDEHAF@FBDDFBHDDAJBJBJALBHAH@LBFDFHBHAL@J@D@JCPCL@NBHFJLJNHNJLJLJLFNLPLJFNNJFJHHDJHJDFDHDJFJBLBFAHCLCLBBDDDFFFFFHB@@@B@B@@@B@B@BAB@@@B@B@B@BAB@B@B@@@@@@BB@@B@@@BB@@B@B@@@@BBA@@B@@@B@@ABAB@@@B@@AB@BAB@BA@@BAD@@@BAB@B@BAB@BABA@@B@@@B@@@@BB@@@B@@BB@@@B@@BB@B@@BB@@@B@@@@BB@@@B@@@@BB@@@DB@@@BB@@BBB@@@@@@B@@DLFNFLBP@FCD@HCJAJAJCHENENAD@BBBDBHDHBD@BBBB@BABGFILGHQFKDC@CBEFG@ABAFCHABEBC@CBAB@D@JGHC@E@KCAA@AAA@@C@A@GDAB@BADA@@@A@AAAAA@C@CBA@MCE@C@EAC@A@@D@D@BD@JFFHDFBBADABEDKBGBA@@@FHBBAB@BABAFBJABA@CBEBEFGHABAB@B@B@BCBA@A@E@E@A@A@@B@@@BBB@@@@ABG@AB@BBBDFHHDB@BA@CBC@EAA@A@A@BBBDHHHDD@@@BBA@A@ABABABBD@BDDDD@FEH@HBHJRBD@DCDADGHMLIHCF@DBDDBHBHDBB@BABC@I@E@EAAAC@@@@DBB@D@BCBCDAL@FDNBHABCHGHCF@DFR@DADADAF@DBDBDADCFCD@FAH@DCDEHAD@DBJDFDDF@H@B@BBBB@BB@D@B@@B@B@B@BB@BB@BAHAJAFBDBBJFNJHFJFDBH@L@JBF@DBB@@B@@@@B@@B@B@@@B@@@B@@BB@@@BB@@BB@@@@B@@BB@@@@@D@@BBB@@B@BB@@@@B@@@@@B@@@B@@B@BB@@@@BD@@@@B@@B@B@BB@@BB@B@@@@DADCBCDCB@B@BADADCBEBGFABADABC@G@EBADCDEDKBE@AAEGCKCICICAGAIAGCCECEACE@C@C@AF@HBJDT@NDN@NDJNNBF@DAD@HBJ@FBDFDJJHHDL@LFJFFHHBHAFCV@FD@DDFDBP@FALCV@HDLHNHJNLFFBF@FADCDAD@D@@B@BBD@FBBBFDFLDHBBAB@DA@EDA@@B@@BBB@D@DBFDNLFDDBJBL@B@@F@D@@C@IAE@EBUFE@CAAAE@A@AA@AAACCEGCAC@A@C@AD@BDHHHDHFFBDAB@@CA@BCBCBEBC@GBIFCBE@E@C@AAEKGEIGECEAKCEACBGBGDABAB@DDFDH@FABABADCBEBCBCD@DADCBABC@C@AB@@@@@@A@@B@@A@@@A@ABA@@@@B@@@BB@@BB@@@@B@@@B@B@@A@@@@B@@@B@BA@@B@B@@BBBBB@BB@@AB@@A@A@@@A@A@@@@@@B@BAB@DCF@B@@@D@@@B@@A@@B@B@@BBBBBDB@BB@B@@@B@B@@BB@@DDDD@BBDBB@@BBB@BBDD@@BB@B@@@B@@@BB@@BBB@B@@@B@D@B@BBB@B@B@B@BABABA@A@A@A@C@A@@@A@@@A@A@AB@@@BA@B@@@@BB@@@B@@@@B@@@B@@ABAB@@A@@@A@A@A@A@@@A@AB@@AB@BA@@B@B@@AB@B@@AB@B@@AB@@@B@BB@@BBB@@@@AB@@@B@@A@@@AB@@@B@@B@@@@B@@@B@@@B@B@@ABABAB@@@B@B@B@B@B@D@B@@AB@@A@@B@@@BBB@B@@@BAD@@@B@BAB@D@B@@@BB@@B@@@@BB@@@BA@AB@@@@AD@B@@@B@@B@@B@@@B@BBB@B@BAB@@@BBD@BBB@B@B@@BB@BBB@@B@BBB@@@@@@@@@@B@@AB@@@B@@@@A@@@A@@@@@AA@@@@A@@B@@@@BB@@@B@B@@@BA@@B@BB@@BBDBDBD@B@B@B@@BB@DBB@B@D@BBBBBBBB@B@B@B@BAB@@@B@@BB@AB@@AB@BA@@B@B@D@B@B@BBB@@AD@D@B@@AD@@B@@B@@@@@B@DADAB@D@@@B@B@@@BDBB@B@@@DBBBBB@BBB@@ABA@@BA@@@A@@B@BA@@@@@AB@@@@@BA@BBA@BDAB@B@B@B@@@B@B@B@B@B@B@@BB@@FBBBD@BBBBB@BBFBB@@@@BBB@BBF@BBD@BBB@@@@B@@@@@BB@@@@@D@B@D@B@@@B@B@@@BBB@BBB@BB@DDB@@@@B@B@B@B@BB@@@BB@@B@DBBB@@B@B@D@F@B@B@@@BB@@BB@@@@B@B@@ABA@@B@@@@@@@@B@@@@@B@@A@@B@@@@@B@@@@@B@@@@B@@@@@@@@@@B@@@@@B@@@@A@A@@@@B@@@@@@A@@@@@@@A@@@AA@@@BA@@@@B@@@@@@AB@@@@@@A@@@@B@@@@@@@@AB@@@@@@@BA@@@@BB@@@@@@BA@@@@B@@@BA@@@@B@@@@@B@@A@@B@@A@@@@@@BA@@@@@A@@@@@AB@@AB@@@@@B@@@@B@@@@B@@@B@@B@@B@@@@@B@@@@B@@@DB@@@@@@@@@B@B@B@@AD@@BB@@@@@BAB@BABA@@B@@A@@@@@@B@@B@@@@B@@B@A@@@@B@@A@@@@@@@@@@@@B@@@@@@A@@@@@A@@@@@@@@BB@@@@@@@@@@@A@@@@@AB@@AB@@@@@@A@@@@@@B@@@@@@A@@@AA@@@@A@@@@@@B@@@@A@@AA@A@@@A@AB@@ABA@@@A@A@A@AA@@AAEGAAA@@ACEAA@ABA@A@@A@AAEBEAA@A@@@AAAAA@AAA@AAAAA@AA@@A@A@A@A@A@A@A@A@@BA@ABA@@BAB@BA@@BA@@BA@@BA@AB@@ABABCBA@@BA@A@@BA@@@A@A@@@A@A@@@AAA@@AA@@A@@AA@AA@AA@@AAA@@@AA@@A@AAAAA@@AA@@AA@@@C@C@AA@@ECECEGAA@@A@@@@@@B@DAB@@KHEBEDABCB@@@B@@@@DDBB@@@@@BA@G@A@ABAB@BAB@B@@BBNHDD@BBHBDBDBBDBD@FAB@BBJF@@DB@BB@@BB@B@@BB@@@BBB@@@BBB@B@BB@@DBB@@BB@@@B@BBB@BBB@B@B@BBB@B@BB@@B@DBB@BBB@B@BB@@BBB@B@BBB@BBB@BBB@B@BBB@@@BB@@BBD@@BB@DBB@@BB@B@BBB@@@B@BB@@BB@@BB@@B@BB@@@B@@@B@B@@ABA@@BAB@@AB@B@@ABAB@@A@@BA@A@@@A@ABA@@@A@@@ABA@@BA@@BA@@@@B@@AB@@@@AB@@@B@BBB@@BB@BBBBBB@B@BBB@BBB@BBDBB@BA@@B@B@B@B@B@@BBBAB@B@@@BBB@B@@B@BBB@BA@@B@@@@@@B@@@BB@@@@BB@@BHD@BB@@B@@BBF@@BB@B@BBBD@BB@B@@@@B@DGDCFBFTNBF@D@FADABABA@ABC@@@ABK@K@CB@@@@BB@B@@@@@@@B@@@B@@@B@@@@@@@@A@@@@@A@A@@@@@AB@@@@BB@@@@ABA@AB@@AB@@@@A@@A@@A@@@@@A@@BA@@BA@@@AA@BA@A@EB@@CBA@@@CBA@AB@B@@@@@BB@@@@@B@BAB@@@@@B@@@@B@@@BA@@@@BBB@@@@AB@@@@@B@@B@B@@B@@@B@@A@A@CBA@C@AAA@A@@@A@@A@@AAA@ABA@C@ABABA@@BA@@BAB@B@@@B@@@B@BBB@B@B@B@B@B@BBB@B@B@@@B@BBB@@BBBB@BBBBD@@AD@B@B@B@B@B@@@B@B@B@B@B@@EH@D@HABADAD@B@DBB@BBBB@@B@@@@@BAB@@AB@B@B@B@B@B@BBB@B@B@@@B@DBB@B@B@B@DA@@B@BAB@@AB@BA@@BAB@@A@@BA@A@@BA@@@@BBB@@B@@@B@@ABB@@@@@BA@@@@@ABA@@B@FBN@D@B@@@@@BDJBB@@B@@@@@BB@@@@@B@BA@@BBB@@B@BB@@B@B@@BB@@BB@@BB@@B@@@B@@BB@B@B@@@D@BB@@BB@@@@B@@BBB@B@@@B@@@@@B@@@B@B@@B@B@@@B@B@B@B@B@@@B@B@@@B@@@B@@@B@B@BAB@B@B@@AB@B@@@B@B@B@@BB@B@BB@@B@B@@@B@B@BBD@B@@@BBB@@@BBB@@@B@@@BBB@B@@@B@B@B@@@B@BB@@B@BB@@B@B@@BB@@BD@@@BBB@BBB@@BD@BBBBB@BBBB@@BB@B@D@B@BB@AB@B@@@B@B@@@BB@@B@B@BB@BB@@B@BBBB@@@@B@@@B@BB@@B@BBB@B@@@BBB@BB@@B@B@@@B@@@@@B@B@@@B@@@@@B@@@B@B@@@B@@@N@BBFDF@BAD@B@BBBBBDBBBFBFB@@BB@DDFDJDFFFFDDF@D@DABAFAFA@ADA@@B@D@DCF@B@B@B@BABA@ABC@A@A@EBABA@AAA@GAA@CBGBIFOHABEB@@AAA@C@@@AB@BABGFA@ADC@ABG@KAC@I@E@AB@BA@@H@B@D@DCD@BCDABAHAH@BCB@@@B@@BDB@D@B@B@@BBD@B@@B@HCJCFADBFDLLD@@@JCVBFD@F@NCDQJ@BCDAB@BCHAD@JBHJNFBFDDB@B@BABCF@F@FBFDJBLBHADCFGHEFEFCDCBAB@F@FFFNHPHTLvTBBBABBBBBBB@BBBBB@DBBBDBBBDDBDBBB@BBBBDDDB@BBBB@BBB@BB@BBBBB@BB@@@B@BBBBBBBB@@BBBB@B@B@B@@@B@BA@@BB@@BBB@@@B@@@BB@@@@@@B@@@B@BADAD@DBDABA@GBE@AB@DDF@FAPG\\@BBLBHBL@LBN@HBDDDFDDBJBJDHDDBBBD@BADADGBAPCHCD@B@@@BB@@@BADCDCDADA@A@A@ABA@@BBBBFDD@D@DABADABABADABAB@BABABA@@BABABA@ABABA@A@@B@B@B@BBB@B@@BB@@@B@@@B@@@@@B@@BBB@@B@B@@@B@BB@BBDBFDFBDBDB@BB@@DBDBBDBDBD@DAJCBABABAB@B@@B@BAB@@@B@DBBABABCBABBB@@JDDDDBB@D@@ABABABBB@@D@DADGFCDCBADCFADAB@BBBBDDDDDDH@F@D@BA@AD@BADDDBDBBDBBB@@B@B@B@DAFAJEDCDAB@BAB@DBB@BDBBAD@DCBCBCFCB@BAD@DBHAD@D@DBD@BABA@@B@BAD@B@BBBBBBBDBB@B@B@@AB@DABBF@B@DA@ABA@C@C@A@ABABABAB@D@BADABCBADAD@BBB@@@BD@@@DABAD@BADAD@BABADAD@F@DBF@H@BBD@B@D@FBB@B@BDD@BBBDBBBB@@@BAB@@ABA@@@AD@B@BA@@DABAD@D@F@B@B@B@B@B@@B@DBB@DBD@BBB@@FFDDDLBHFTBBAD@D@B@D@D@BA@A@E@C@AB@B@DBBBBDBD@JADADADADAB@B@BBBBBB@B@B@B@BBB@B@@B@BAB@B@B@@B@B@@@BA@A@CBA@A@ABABAB@BABAB@B@D@B@D@BBBBBDAD@B@B@B@BAB@@@B@BB@@BBB@BA@A@CBAB@@@B@@@@A@@@A@@@@@@AA@@@@@A@@@@@@@AA@@A@@B@@A@@B@@@@@B@@@D@@@@@D@@AB@B@B@D@B@J@BAFADCFCBAB@BBDBHDFFHFDDBB@B@DAD@DBBBBDBPDJBRBTBB@D@HEFAHADAREJADAFBFBFBB@B@@A@CAU@A@CHIFEDCD@D@B@DBFDHFDBHBJ@LBXAF@HBFDHDDBBBAFAFCFCFCFQJ@DBBHFJHHLFL@FGPAHBFB@JBD@FBXFHDFDHDHBHBJFDDDDBDBD@D@D@DADCDA@ED@B@DBDBBFDLFDDBB@B@BCDCDUH@@A@@B@@@@B@@@BB@@@@@@A@@B@@A@@@@A@@AA@@@@A@@@@BA@@@@@A@@@@B@B@@@B@@@@@BAB@@@B@@@@@B@@B@BB@@@B@@B@@@@@@@@BB@PAFBDB@FFHHHHDLFLFNDJBJBJBPDL@L@H@LBJ@NDL@F@NDFAFCFADCFCD@FAF@FDFDFBDAFCFGJ@NFNFHBBB@@@@BB@BB@@@BBB@@@@BB@@@@@BA@@@@B@@@B@@@@@@@B@@A@@B@@B@@B@@@BB@@BB@@BBBB@@B@@@@@@@B@@A@@@AB@@A@@@@@@@@@@A@@A@@@@@@B@BCB@J@J@RAHCFCF@HBHBHDF@HAH@HCJBNANBLDJDRDJDNDRFRBNDH@JBNBLBNBL@JCLEFCHCFCHEFCHEFEBCHEFEDEFGF@FAH@H@JBJ@HBF@HAH@LCTGLAJEFEFCHANGHCLGJGHIHCJGLEFAFEHGFEDEDO@O@C@GBG@CDEFCFCDAF@JALBJFPDLBJBDAD@@@@A@@@A@A@@@ABA@ABADADCBABABABABA@A@AAA@AAA@C@@@A@@@ADEBA@AB@DCDAB@BAB@DAD@B@B@BA@@B@@@B@B@BBB@BBBBB@DBBBDBBBB@B@@BFBDBB@BBDBDBB@BBB@DBDBFBB@@@BB@@@BB@B@@@BB@@FB@@@B@B@@@D@BBB@B@@BBB@B@B@B@B@B@D@B@D@D@B@@@B@B@B@B@B@B@B@B@@@BBD@B@DBB@B@BBB@BB@BBB@D@FABBF@D@HBDAHBF@BBFDBDDDFDDBBBD@DBB@DDBDDB@B@DABABA@@DCPEHAFCHADALGJCFEHAH@LBHDNDHFLHHFLDNFJDFDHHJJFFHFFDLFNHFFNHPF@@DDFFDDDDDBD@D@D@@@DDDBDFBDDFDD@DBD@DADADAFCFADABCDCHADCD@D@JADADCFAFAFCHCDAFCDCDCBCBCBA@AB@B@B@BA@C@A@@@AAA@AB@B@@@BABA@EACAC@CAA@ECA@CACBA@ADAFADAB@DC@GBI@G@E@C@C@C@ABABAD@FAHAH@FABADADCDCDCDADCD@DBBBDBDBD@D@F@DADABCDEDCBCDCBE@CAAACA@@A@A@CBABADCBCBABE@C@C@C@AB@@@B@DFDDDDDBBDD@H@F@HAH@F@FBD@BDDDBBBBD@F@D@DBDDDDBHFHDFDBBFFDDDBFBFBJBFBBBFFBDBB@BADCDCBCDAD@B@@CDEBEBIBG@G@IAG@CBEDIDKFEDGDCDCDCFDDBDFBDDBD@D@@ABADCFAHHP@DEF@B@@BBH@BADCBABAD@LDFBFDBHD@D@DBFB@@D@DAH@FAFADAFAFAB@DBDBF@BBDABABABAF@BBBDBBBBD@F@DAB@B@FAD@D@FAD@DAFAH@FBFDDBJBDBFDDBH@DBFDDDFBDDFDFBHDFBDBD@FADABEBCB@HCLEHCD@FAF@BADCBA@@@CAAA@AAAA@@@@@A@@BA@@@@@@@@BAB@@@BABA@@BA@ABA@@BAB@@@FG@@DAFCFCHCDADAF@HFFDFDFBFBF@DAFAFBFBFDHDHHFHBB@D@BAD@DAF@HBP@HBD@B@@CBEDEF@HDHFJAHIFCDBF@@FBFBHDFBHBFBHBFAH@HBH@HAFAHAFCFAD@BBBBDBFDDDBD@DBBF@F@F@HAF@DAJCB@F@DBFBFDF@DABADCBEBABAH@FCDAFAF@J@L@HADAFABAH@FBFBF@HBF@J@F@D@BC@AACBGAEBCBC@E@EAIAI@GA@BCBCBA@C@A@A@ABCBADABA@BF@F@DAFCH@HAF@HBHBH@HABAFAF@H@D@FAD@H@H@HBD@F@DABCBCD@BAJ@F@FAHAHAFAD@B@D@J@FAD@H@F@H@H@D@F@D@D@DAD@D@D@BBDBF@D@F@D@D@FAF@D@D@F@HAB@FAH@HAFAD@DBH@H@HAH@F@F@FAB@D@DAD@DBF@D@D@FAD@FADAF@B@@B@BBDB@D@FADAF@FAD@HAD@H@D@DBD@D@F@HAHAF@J@JBF@F@@@BABABCBAB@D@B@D@D@BABABABABEBEBCDEBEBC@A@A@ABABAB@@@B@F@B@BB@@BAB@@@BA@@@@@@D@F@B@BBD@@@@@B@DA@@@A@@B@DCB@B@@@BABADABA@@@C@A@AAEAA@@@A@A@CBA@AB@BCBABABA@A@@BA@@B@D@BA@@B@@@B@BA@@B@@@@AB@@@BCBABC@AB@@@@ABAB@@@@@B@@@BBDD@B@@@@@B@@@@@B@@B@B@@@B@@ABA@@BAB@@A@@BA@@@ADA@@BA@@@A@@@@AAAA@@@A@A@@@@BA@@B@B@B@BAB@B@@A@A@@@C@@@A@@@A@AB@@AB@@ABEDIBA@@@@@AB@DCDAB@@@@@B@@BB@@B@BBBADBD@B@@@BB@@@D@@@B@B@B@B@B@@A@@B@@@B@@@B@BBB@DBBBB@@@BBB@B@F@B@@@B@@@@A@@@@BA@@@A@AB@@@B@B@@@B@BA@@BB@AB@@@@A@A@@@A@@@AACAC@@@@AA@@@AAAAA@A@@@A@@@A@@BA@@D@B@@BB@DBDBDB@@B@@A@@AE@A@AA@AAAAAAAAAC@C@A@@BABCBADCBABABADAB@DAB@BAB@B@B@B@B@BAB@@@BBD@FB@BB@@@B@@@B@DBB@B@BBB@BB@BB@@BBBDDBDDBB@BBDBDBFDBB@@B@@@BAFEB@FCD@DAD@B@BB@BBB@@BDF@DAD@B@DABCDCHCFABAF@D@B@D@DBD@FBFD@@BBDBD@FBDAD@B@DBB@BBDBD@DBB@D@F@D@DADC@CBE@@DEBABA@@BADE@E@ABCDAFA@BD@B@DA@@BABABA@CBCBCD@@ADBDBB@@BB@@BB@@@@@@@@@B@@@B@@@@@@@@@B@@B@@@@@AB@@@@@@@@@@@B@@@@@@@B@@B@@@@@@@A@@@@B@@@@@@@@B@@B@@A@@@@@@@@@@@@B@BAB@@@@@B@@@@@@@@@@@B@@@@@@@@@B@@@@A@@@@@@B@@@@@@@@@@A@@B@@B@@@@@@BA@@@@@@@@@@@@B@@@@@@@@A@@@@@@@@BB@@@@@@@@@@@B@@@@@@B@@@@@@@B@@@@@@@@B@@@@BA@@@@@@@@B@BB@@@@@B@@@@B@@@@@@@@@@A@@B@@@@@@@@@B@@A@@@@@@@@@@B@@@@@BA@@@@@A@@@@A@@A@@@@B@@@@@@@@@@@@@B@@BB@@@@@@@B@@@@@B@@@@@@@@@B@@A@@@@BC@@@@@@B@@@B@@@@A@@B@@@@@@@BA@@@@@@@@B@@BB@@@B@@@B@@@@@@@B@@@@@@@B@@@@@@@@@@@B@@@@@@@B@@@B@@@B@B@@@@@B@@@B@@B@@B@@B@@@@B@@@B@B@@@BA@@@@BB@@B@@@@AB@@@@@@@B@@@@@@@BB@@@@@@@@@B@@@@@@@@@@@@@B@@@@B@@B@@@@@@@@B@B@@@@@@@@@B@@@@@@@B@@@@@@@@A@@@@@@@@B@@B@@@A@@@@@@BA@@@BB@@@B@@@@@@B@@@@@BB@@@@@@@BA@@B@@AB@@@B@@@B@@@BA@@B@BB@B@@@@BAB@@@BABB@@B@B@B@@@@B@@@@B@@A@@B@@@BA@@D@B@@@B@@A@A@A@@@@AA@@@@@@B@BA@@B@D@@ABB@A@BB@@@@AB@@@B@@@@@BA@@B@B@@@B@@B@@@@B@@A@BB@B@B@@@@BB@@@@BB@@@@A@@B@AA@@B@@AB@@BBA@@B@@@@@@BB@@@B@B@B@@A@@@@B@@@@@@@@AB@B@B@@AB@BB@@BA@@@B@@B@@@@@B@@@@BDA@@@@@B@@BB@@B@@B@@@@B@@BB@B@@@BA@@@@A@@A@@@@B@B@@@B@B@@B@@B@@@B@@@BA@B@@@@@@@@@@@@B@@@BB@@BB@@B@@@B@@@@@B@@B@@@@@B@B@@BA@@@@@B@@@BB@@@@BA@@@@B@@@@A@@@@@@BB@@@@BB@B@B@@@@@B@@@@AB@@B@@BB@@@@@@@@@BBA@@@@@B@@@@BBB@@@@@B@@@@B@@@AB@B@@A@@B@@B@@@BBBB@@@@B@@@@B@@@@B@@@@B@@@@@BB@@@@A@@B@@@@BB@@@@@@AB@@@B@@@@@@B@@@@@@@@B@@@@@@@BAB@@@@@@B@@@BB@@@B@@@@@@@@@B@@@@@@@@B@@@@@@@@BB@@A@@@@@@@@@@@A@@B@@B@@@@@B@@@@B@@@@@@B@@@@@@@@@@B@@@@@@@@BB@@@@@@AB@@@@@@@@B@@B@@@@B@@B@@@@@B@@A@@@@BB@@A@@@@@@@@@@BB@@@@@@@B@@A@@@@@@B@@@@@BA@@@@B@@@@@@@B@@@@BB@@@@@@BB@@@@@@@@A@A@@@@@@@@BB@@@@@@@@@@@B@@@@@@B@@A@@@@B@@@B@@@@B@@@@@@@B@@B@@@@@@@@AB@@@@@@A@@B@@@B@B@@@@@BB@@B@B@@@BA@@B@@BB@@@@@@@@AB@@@B@@@@@@AB@@@@@@@B@@@@@@@@@@A@@@@@@BB@@B@@@@@@@BA@@@@@@B@@@@@@@@@@@@@@AB@@@@@@AB@@@@@@@B@@@@@@@B@@@@@@@@BB@@A@@@@@@B@@A@@@@B@@@@@@@@@B@@@@@@@B@@@@@@A@@B@@@@@@@@@@@@AB@@@@@@@@@@@@B@@@@@@@@B@@@@@@@@@B@@A@@@@@@@@B@@@@@@@@@@@@@@@@A@@@@@@@@@@B@@@@@@@@@B@@@@@@@@@B@@@@@@@@@BB@@@@B@@@@@@@@@@A@@@@@@B@@@B@@@BABAFABADABADAD@D@@@F@@@B@D@BA@@DABA@@BA@@@A@E@AAA@ABADAD@B@DADADABAB@B@@@B@@@B@@BD@B@BA@G@E@CAAAA@C@CD@B@DDB@BBB@F@D@BA@@FAJGBADA@@BCDCBCDE@@@AFCB@B@B@B@HBDBB@B@HBB@@D@DBD@@B@B@@CAC@CB@@@B@BA@@B@BAB@@@B@B@@@@@@@BB@@BA@@B@@@B@@AB@B@@@B@@@B@@@@@@@B@@@@@B@@AB@@@@@B@B@@@B@@@B@B@B@BA@@BAB@B@D@BAB@@@@@B@@@@@B@@@@@@ABABADGBGBA@AB@D@BABA@@@@BCDAFAFABAB@B@D@DBBBB@DBFBB@DBB@H@F@B@D@B@BABABA@C@AAAAAAACCAACCCCACAAAA@@AC@C@ABA@C@@BCBC@EBA@@@C@CAA@ABADBB@@@BAFABADAD@FAB@D@BAD@B@@@@@BDBBDBF@D@B@BEHQ@@BABAB@F@D@@ABABAFADBDBBA@@DADCFCHCLEBADADGF@BAD@D@DAD@@@DABABCB@@ABC@ABA@@@@@AB@@AB@@@B@@@B@B@BA@@B@@@BA@@DCBABABAB@@@BBB@@B@@@@@B@@ABAB@BAB@@@BABABEDADA@@@@BABBB@@BFB@@BBBBBD@BBBBBD@BBA@A@A@ABC@CBA@A@CAC@A@A@AB@BCBCBC@@BADADAB@BA@A@A@@AAACAC@A@AAC@C@C@C@G@A@ABA@A@A@A@AAACCAAAAC@AA@@A@@@AA@@@CACBA@@@ABA@CAA@@@AA@A@AAAA@A@ABCBABCBC@ABC@CBA@A@@DADAD@B@BBDBB@B@D@BAB@D@@BD@@@DBB@@B@BDB@BB@B@@ABABCBAB@DEHCDABCDABA@CDE@EBCBCBA@@@@DBB@@BBBB@BBB@BABCBC@@DAB@@@DBD@B@B@F@B@F@B@B@D@D@FABAFAD@@@BBHBBBDBBB@@DDB@@BB@D@@@DABAD@DCD@DCBABCDEDEBI@EBK@ADC@@BABA@A@EBABABADAHG@@@B@@@B@@@B@B@@@D@D@B@DBB@BDDBDB@DBB@D@DAB@BAD@D@BBDD@@BB@D@B@B@@@BABAB@B@@@B@@BBBBBB@@JFDDDBDBB@BBBBBBD@BBD@@@B@B@@@D@AA@A@CACACAA@CAAAAAAA@EEACAA@@ACAAAC@C@AAA@C@@@A@ABA@ABA@ABABABABE@ABA@@@@@AB@FC@@BABABA@@B@@@B@BBB@BBB@H@@@DAB@BA@@B@@A@@BAB@BADA@@BABAB@BAB@DA@@DADAB@DAB@BAB@BAB@B@BAD@B@@AD@B@B@BBB@B@B@B@@@B@BA@ADABC@AB@BCDCB@@A@A@AAA@@@ABC@A@ABA@A@A@A@CAE@A@AAA@AACAAAC@AAA@A@AAA@@@AAEACAAAC@@@AAA@AAAAACCAAA@A@A@AAA@AA@@AA@AAC@C@CAM@C@IAG@A@CBA@ABE@CBABE@@@A@@BA@A@@@@B@@B@@BB@B@@@@@@@BBD@D@BBF@D@@@BBBBB@BBB@B@BBB@BB@BB@@D@BAD@@@B@FBDBB@BBD@DBDBDBB@BBB@@@@B@B@FBHBFBFBDDBD@@BDBD@DBF@B@FBFAF@H@FAD@DA@@D@D@D@B@DAD@D@B@@@B@B@B@BBBBFJJLBFDBHHDDFHB@@ABG@@BADB@@BBBHB@@B@BBD@D@@BB@@@B@@BBB@F@DBBBBBBBB@BDBBBBBDB@@BBBBBBBBDBB@@BBBDBB@@BD@B@D@D@D@D@D@BBD@B@B@BBB@@BBB@@BBBDDBBBB@@BD@BBB@BBB@BB@@B@B@@BB@@@@B@@@@@@@@@@@@@B@@@@@@@@@@@B@@A@@@@F@B@DBDBBBD@DB@@B@B@DAB@BAB@BAB@BABAB@B@B@D@BBFBB@D@D@B@B@B@BAB@B@BAD@DAF@D@DAF@@AB@@@BA@@@A@@BA@A@@@@@A@@@C@C@E@@@A@ABA@ABABAB@@@BA@@@@@@B@BAB@B@@BBAB@@@B@@ABAB@@@B@JCHAFAFCD@B@BA@@@@B@BBD@B@B@DDBDFBDDB@BB@@@DDBFDDB@BB@DB@BDBFDDBD@BBB@@B@@J@FADAFAF@D@DABADADAHADADAB@DC@A@ABCB@HBBBHDFFFBBBD@FADAAAFCDCB@DADADCDG@@BABCBC@ABCBCD@BBDBBDBBD@BDD@F@DBB@F@D@D@DCBCBC@CBABCDADBBBBBDBBDBDBD@B@@AD@BB@BAD@BB@B@BAB@D@B@BB@D@DBBBBDAD@BAD@BBBDFBBBDBBDD@DBBB@DBBBBBDBBD@F@D@B@D@D@BBDDDDBD@DBB@BBFBBABABAACAC@CBADAD@DBDDDDB@BBBBDBBBBBD@DDBDB@BAB@B@D@B@BDDBB@BDBDAD@D@D@DBDDBDBBBD@D@DBDBB@BBJADAB@DD@BABADAFAB@D@D@DBBDBB@D@BBD@DBBF@DAHADABADADBDDBBBDBBBDBDBDBBDBDABABCAABABCBCDABABADPDBBZPRNVTRPfXPFVBRAJCLCVMLGLGBADADCBGDG@EBC@GBMA[Gc@S@MBEFGDCDADAD@@@FBFBDDDDDBDDFDDDDF@BBFBFDFBDBFBFFHBFBDBB@FDFBFHJ\\RVRJPHJNHFBH@FEDE@@@IK[GgEQESIQIOSQgYIKIKACCAEEEACAECCAECC@US[WKKAAEG@G@IFKT{BIDUHYLaDSDOD_BABEDSFMLGRAJBHFR`RTVNdX`PTBPALCHEFMJcFWDW@KB]FYDGLEH@FBHDHHDJAPALAF@@D@DBB@D@B@DCDADAD@F@F@DBD@D@DBFADCFABADCBAHAHDJHDDvzhxdtFJPLvdVPHHBD@B@FFLDJDBhdTXX^NPRVv|``RL`^rfZRdPbZLH\\VJHjl^V\\TJHRJNJJF@EBABABABCDABABABA@CBA@@@A@@@AAAAAAA@AAAAAAA@ABA@@BC@A@A@AAAA@AA@@CAAA@@CAA@A@A@AAA@@ABCBAB@B@DBB@B@B@DA@@@A@AA@C@AACA@AAA@AAA@AC@@AAAAECE@A@@@AB@BADADA@@@A@@A@AAC@A@AAAAAAA@@CAECCACACCEAA@A@@DADCBA@@AAAA@A@CBABCDEDGBG@KAKCKSaOUC]@ARQVATAPDRAXEB@F@BABA@@BABADAF@BBBDBBB@B@BBBAB@BAD@B@DBD@B@D@@@B@@@B@@@BA@BB@D@B@BAB@B@B@BBBBBBB@F@B@B@@B@@@BA@A@@B@@@BB@BBBDDB@BBB@BB@B@B@B@DA@@B@BBDBB@B@B@B@@A@A@AA@AA@ABC@@BABABA@ABABABA@AACAE@A@@@@@@DA@ABABCBA@EBC@A@ABA@AB@BABABABABA@ABAA@@A@@A@@@A@@@@@A@C@@@A@@@C@@@A@@A@@@A@AB@@@BAB@BAB@BA@@B@B@@@B@DB@BDBBB@@@BB@@@@@BBB@@@BA@@BA@@BA@@@@B@B@@@B@B@B@@@@@AA@@@AA@@A@@AA@@@@@A@@@@B@BB@@@@@@B@@@BAB@B@@@@@B@@@B@@@DB@@B@@@@@B@@A@A@@A@@A@@@@@A@@@@@AB@@@@@BA@@A@@@AA@@@@AA@@@@B@@A@@B@@A@A@A@@@CA@@A@@@A@@B@BA@AB@@A@@@@AA@@@A@@@AB@@ABA@@BA@A@@@@B@@@@@BBBB@@B@B@B@@@B@B@B@BBB@@@B@@@B@B@@@BA@A@ABA@@BE@@BA@@@ABA@AB@@A@ABA@@BABABA@AB@@@@AB@@@B@@BB@B@B@@@@@BAB@BC@@B@AA@A@A@A@@@@AA@@AB@AA@@@@A@@@@@@BA@A@A@C@A@@A@@A@@@@A@@A@@@A@@A@CA@@A@@@A@A@@@AAA@@@@@@@AB@@A@@@A@AAC@@A@@@@@A@@A@@AA@@@A@@@C@A@@AC@@@A@A@CA@@@AA@@@@A@@B@BA@@@A@@@@AA@AAAAA@@@A@@BABA@@@@A@@AA@@@@A@@B@@A@AA@@@@AA@AA@@CA@@A@@@A@AB@@A@@B@B@@@@@@A@@@A@@AA@@A@@@AA@@A@@A@@@A@@A@@@@A@A@CA@@@A@@@@@AA@@BA@@@@@@@AA@@@@AB@@A@@@AA@@@@A@@BA@@@A@@@@@A@@@A@@@@@@@AA@@AA@@@@@A@@@A@@@@@A@@@@@A@@@@B@@A@@@@@@@@@AB@@@@@@@@A@@@@A@A@AAA@A@@A@@A@A@@@A@A@AAA@@A@@A@@@@@A@@@CBA@@@A@A@A@@@A@AB@@@@@@A@@AA@@@@@A@@@@@A@@@@@A@@@@@A@@A@@@@@@@A@A@@@@@@@A@@@@@@@A@@@@@@@A@@@@A@@@A@@@@@AAA@@@A@A@@@A@@@@@A@@@AA@@@@A@A@@@@@AA@@AAA@AA@@A@A@AA@@A@@AA@A@@@@@@@@@A@@A@@AB@@A@@A@@@@@@@C@A@A@A@@@@@A@@B@B@@@@AB@@A@@@@@A@@@A@@@@AAB@@A@@@AB@@@B@@@B@@AB@@@B@B@DA@@B@@@F@@@D@D@@@B@FB@@B@@@@@@@@@@@@@@B@@@@BB@@@@B@@AB@@@BAB@@@@@B@@@@@B@@B@@@@@B@@B@@@BAB@B@B@B@BB@@B@BBB@@@B@@@@@@A@@@A@@B@@@BBDB@@BB@@B@@BBAB@@AB@B@@A@@BB@@B@@AB@@@BA@@B@@@BAB@@@@@@@@@@A@AB@@@@A@@DAFA@AB@@A@@@A@@@A@@@@@A@@B@@@A@@A@@@@BABA@ABAB@@A@AB@@AB@@A@@@AB@@@B@@A@@B@@@B@@@BA@@@@@@@A@@@A@@B@@@B@B@@@BA@@@@@A@@@@B@B@@@@@BA@@@@@@@@@@@@B@@A@@@@@AB@@AB@@@B@B@@@B@@@AA@@@@BA@@B@@@@@@A@@@@BA@@@A@@B@@@B@@A@@@@BA@@B@@@B@B@B@@@@@B@@AB@FA@@B@B@FAB@DC@@D@@@@AAAA@@ABABABABCBA@ADAB@BCBA@A@ABABCB@@AB@BA@A@GAAACCACCICCCACAACCCC@A@@JO@C@A@CGGCEACAC@CACAC@A@@AACACAAAAACACBC@AB@@EDC@EBGAIAA@A@C@E@ABC@CAC@C@CAEACAE@CACCCCEEACCEACCGACBC@CBA@C@C@E@C@C@ADCBC@A@AAC@CAA@CEKAACAEAGAA@EAGCEEIECCAEAECGAEA@AKISGOCICG@C@@EAAAAACA@C@C@C@C@A@C@C@A@ABADAJAFBF@LAD@D@DBB@DADABC@EBCBC@@FEBCDE@CDABADCBABAD@D@DAB@DBBB@D@DBBDBD@D@FAHDD@DBD@DAHADAFI@C@CAEBG@GBG@E@ECICCCCACACEECCACA@C@EACCCCGECECCACBEBIBAFADABA@A@AACAC@G@CBEBCDEHCHAFADA@C@CAEBEB@FGDEAE@C@EAC@G@AAKACAEAE@CBC@CFCDAF@F@DBFBDDFBBBBF@FBFBDHHB@FDDFFDD@DBF@DABC@AACCIACCEAE@GDKBAFEBCACBCBEDCBA@AB@BABADAF@FBDDDFDDBDDDDFFDDFBBBBBJ@B@D@DDBDDFDFBFAD@DDDBHDBABAD@DBHDHBJBHDDBF@F@DAD@FADABADEBCDCFEBC@EACAC@EAGCAAE@CFCDAD@DADADADCBCDAD@D@D@FBDBDDFDD@DBD@J@DAFBD@@CCAACCCACCG@EBCDEBEAEAABC@AHCD@JADADADAB@F@FBD@F@HADBDD@BBFHDB@DBFBDBDBDDFDD@DBF@D@B@FEBABEACBE@C@A@A@CAE@EAG@CBCBCHEDEBCDEDCFC@C@ACIEKAC@C@C@A@ABA@CBCBE@CFOHWBG@AB@@@BADAFEBA@@B@@@BBFHDDDFDBDBHDF@D@D@DBDBJF@A@@B@@@@@@@@@B@@@B@@@@A@@@@@@@A@A@A@A@A@A@@@A@@@A@@@C@A@@AA@A@A@CACAI@@AGAA@A@C@G@ABA@ABB@AF@B@DBDAD@BCDADCDEBCBGBEBI@CDEBBBDDFDFFHDDBBDBD@D@D@D@DADABADAFAFEDGBKBE@EAACACACCAECCAC@C@CBCBEBCDEBC@CCA@C@C@CBCD@D@DBD@BA@CBC@CDABEFCHAF@D@D@F@D@DAFBDBDBDBFBHBHBDBFDLBD@FCAC@EBABEDEDED@D@D@FBBBDDFFBDBBDC@CBE@EAEACBABCBC@CAGAC@IAEAAACACCCEAAACCAA@C@CAAACAEDCDADAFCFAD@FC@@BCBEBC@EAGCGAE@CAC@C@CACCCAAAC@A@CDCBE@CACAC@CCCCAACAC@IAEAEE@E@AACAE@CAACCGAE@ABC@C@C@C@CDCBAHEFE@AACCEAEBCBABA@E@C@ACCAC@C@ADEDAAEAAAACCAE@CAAAACAAC@C@EBCBAFADAFQCCACEEAAAC@CACAEECACA@EAC@C@CAC@CACCAEAEECCCAC@C@C@CACCACAC@CC@C@@BCBABCBCDABABABADE@@DADADADAD@F@D@FBD@DAFABABCD@BBD@BBD@D@D@DABCBGBE@GDABCBADAB@DEBCDCDCBCF@DADABCDCDADAHADAF@FADBF@FBD@FBB@DADADCBADADABADCDABAFABAF@BABC@C@C@E@E@EACACCCGCECCAC@C@CC@CACACCACAAACAAA@CAGAAAAECC@C@C@G@CACABCF@F@FAD@DAD@DBFAD@DCFCHEDEDEDEDG@ADCBC@ABA@CFAD@D@B@DABCBA@ADCBDDBDBDABAD@F@DAF@D@D@F@BADABC@E@K@ADCBC@C@AAEEACCECACBCBAJEDCDCBC@CCCA@EBCA@CAACCACAAAA@C@ABCDEBEDABABC@C@A@AACCACCCAEAC@AAACCACAE@ACACC@CC@ECACACAAAAACCGAC@E@C@CACCE@C@CA@AAEACBEDC@AACBC@C@EECA@C@CAC@EBA@AEAG@CBECC@C@A@ACAABCBGBABC@E@C@MEECCBC@A@C@CACAAA@A@CBC@CACCACCAACCCAKE@AAGAAACCCCA@AAECACCEAACCCCAEA@CACBCBE@CAC@C@CBA@CAACCC@C@K@C@AAE@EAE@CC@AAAEAC@ECGAE@K@GAEBA@ADADCBC@CAAAEAA@E@EBC@ECC@C@E@EBEBGBAAAEEIAAIAA@C@E@CAAC@EBA@@BEBCDEDEJADA@IB@@A@@@@@AB@@A@@@@@AAA@A@@@A@A@@@@@I@CBABA@@D@B@@BB@@A@@B@@@B@@@@A@@BA@@B@@A@@@A@@A@@A@A@@@@@C@C@E@CBA@E@A@ABED@@@D@@@@AB@@A@@@A@A@@@ABA@@@AB@@@B@@AB@@@@@@@@@@A@@@A@@@@BA@@@A@AB@@A@A@A@@@@A@@@A@@@@@A@A@@BA@@@@@@BA@@A@@@@AA@@@@@@AB@@@@A@@@A@@@@@@@@@BA@@BA@@@@BAB@@ABAB@@@B@@@BBB@@@@@B@@A@@@AB@B@B@@@B@@@BA@@B@@@@@B@@@B@@ABA@@@A@@@@@@@@@@@@@A@@@@@@@AB@@@A@@@@@@A@@@@@AB@@AB@@AB@@AB@@@@AB@@@@@BA@@@A@AB@@A@@@A@@BA@ABA@@@A@@@AB@@A@@@@@@A@@@A@@@@A@@@A@@@@@A@A@@@@@@@@@@@@A@@AA@A@@@A@@@AAA@@@A@@@A@@@A@A@@AA@@@@AA@@A@@@A@AA@ACCC@@A@@AA@@@@@@@@@@A@@@A@@@A@@AAB@@A@@@CAEAAABA@CBA@@@AB@@ABA@EDIBCBCACBA@ABCBA@C@EAGAA@E@EBEBE@C@C@CBC@A@CAA@C@AACAAACCAA@AAC@A@A@ABA@@DCDADCDCBA@A@A@@AAAACAC@EAC@C@E@C@@@A@C@C@ABCBCBCB@BC@AACCCA@GEICCCACAA@@@AA@@@@AAACACAA@C@@@A@@AA@@AAIAC@CAC@EAA@C@E@CBEBC@ABABA@C@C@C@ADCF@B@@AB@@CD@BAB@@CB@BA@ABC@A@AAA@EEAA@C@@@AAACCACCC@AAA@A@E@C@C@C@C@AAA@AAACAC@A@A@C@C@A@C@A@EAA@E@A@ABABAB@D@D@DAB@BA@C@C@A@CAAACCCACAA@AAC@C@AACAAACAAAACAAACAA@A@A@A@CB@BC@A@AC@A@AAG@GAEBG@EAC@AACCACCCACACAACCCAAACACAAAACAAACAEAAAAAEAA@C@A@AACAA@AACC@AAAAACACAAAC@C@C@AAAACAE@CACAA@C@AB@@CAC@AACAA@ABCBA@ABABCBAD@D@DBBAFCHCJAJEFIHYFSBOBOAQGQWOUSSMSUOOGIIEEGEGBGBKCKCK@@IIKIMKIGIIGQEOEKOQMKOKQIKEECIIEGIOCWBSESAOGQKWMQMW@OBKHMHELCJABADCD@FAD@FAFBFHDFBDBDBBB@B@@AAIBA@@BAB@B@B@@ABG@CECACACAE@@BAFEB@@CA@CCA@CAAACGACGG@A@A@A@CBCEACAK@AAAACE@@CAE@CAA@AADGFIHOAMAS@I@A@AB@BABC@C@ABABADADAB@F@FBF@H@FADABA@C@CACA@AAB@DAJABA@AACAAAAC@C@GACA@@AAOIIGEEAG@IBKBKHKHKDIFGHAJAHDHDLFL@ZEJGHILINCP@ZBJDJDFDLHDHFFJBH@FCLAFDDDHHLFPFLBJATBJFNBRDNBJCFAHAH@FDFDJFLDPFPDLFHDHDDADCAOAM@GAI@MAIESEKGOEMEIAEAC@C@EFGJ@LCFEBGAICGKIGMESCSAOAMEMEKOOKMKMIOGQGSKOOOQOMOKKEIAG@CACAG@G@K@ECK@KFIJGHAJ@JFFHFFHFJADODQBUBSDQBKDIDGFCJ@JAJ@JCDGBI@IDCD@J@JBH@FCFOBI@KBOHGHEJIHIDIDGPAVCJCF@FB@G@CDCDCDCACACCACAACCCAAECGCECGGCCBI@CCC@CDE@CACCACEAGEAECAC@G@CBE@EACCCDGBC@CBCAE@ADG@A@A@@A@K@C@CAE@C@GGAEACCACCACACEGACACCE@GAEEC[[CACCCCACBE@CBEFEBCDC@@HABKBEBCBEDCBCBCAEAEBCBCBC@CAEAC@EBE@EDCBGAEAC@GBCBE@E@IBC@CBCFEBK@C@E@E@CAEACBE@G@E@IAG@CDGDGDCBCHBDBHDDADABGBGBI@EBEDCD@FADAHADCBCBCBGBEFELCF@FBFBF@FADAD@HAH@NBF@D@F@DBDBFDDBDCF@F@DCBCFBBDD@DAH@D@D@FBD@F@DCDCJEFCDEFCF@DCACACAC@EDEFAHAJ@HAHCFCDABAZBL@HCJEF@BBF@DCDDHBH@FAHBHAFAHBDA@A@@@A@@@@@@@@@A@@@@@@@@@@B@@@@A@@@@@CACAC@C@CACCECCCCACAACC@A@EBC@AACAAACAAACAAACACCCAABC@ECGAG@G@GCKCE@@AECCCCCCC@@ABC@C@C@ABAB@BBD@D@B@DAFAB@DBBBBBB@BA@@HFDBH@LAD@@EOMGIAA@C@CACCCCCCC@CACBE@EACCEAABCBCBAACAA@C@A@C@AACAA@ABADABCAC@E@CAAACACECCBE@ACCBAFCDG@GCACCCACAAACGECECCC@E@CAAC@CCECECEC@GA@C@CBEDCBCDADABC@CAEAEBABG@G@@DCHEDC@ACEGCAACCCEAEBEBE@E@@BEFA@CAAEAAAECEEGEACAC@CCCACAE@EBEBGBGDCBAFEEAECEAECAAC@C@CAECEAEGGCCAC@EAEAECACCAEEAABEBE@EAECCECCACCBC@CBC@I@EEGECCAGCE@CAE@CCCACEAEAEHEDE@G@CAEAACAEA@EFCFCDAFE@CDCFAD@DDDBFBD@B@DBJHHJFDLBDB@@JJFBBBBBBB@DBDDABAHDBFD@DCHAHAF@DDDDBDDDDBDCDEDAACAGF@NFJBBABEDI@G@CBAFDPHH@FCFAHAHBBDDFFFDBHB@D@D@FBBDDDBHBHBHBHDFDJBJBFBDDDDDBF@H@HBJDHDHBJBHDHDF@BC@EDE@E@EBCDCDBFAJDJBFBHBFBFBD@FEBE@C@GBCBADAHCFABG@ACEECGEECCC@CBEDADCDAJBF@FABEBEACA@GAECGAEECCEECEGAEAGCGEECECAAEECAAAEBE@C@E@CBA@EBOEA@AAECCCE@CAEAGCICGCE@GCIAGAIAECGAEEDCDAFAFCFADC@E@AGECIAACACAACCCC@EBCBEACAEACCCAE@CBCBCBCDCFCBCDCDE@C@GCEACBCDC@C@G@ECBCBGB@A@ACCCCCEAACAE@CBC@A@AAA@A@CBEACAAACCAACACACAEECCCEAACCACEECCCCA@C@C@C@C@ABEDEDADEB@BA@@@AAA@@BABAB@D@F@DAB@@A@AA@@ABABA@C@C@C@@A@ACAACAAAAA@E@@CIBCFG@C@ACE@A@ABCBCB@B@D@B@BA@AAAAA@A@AB@D@BABA@ECEAECEAECCCC@A@EBGBABC@A@CAAACAA@ADC@@@EBCDCBEAA@@MEKGA@@EAEAE@EAEC@E@CACCCCACACEAE@CCAECCACCCCACECC@EACECEAAEACBEBC@CBAACACBE@CAEACACCCAAAA@A@CCCCE@C@EAC@CAC@C@CBCBABCGGKKIKCACCEAEAGGEGGEGECCAAAEACCE@AAC@GDIBABCAGAGCEAE@C@EBABCF@DAFIFIDGBEBIBGBIBADAF@BABC@EBCBCBE@G@EDCDAFADC@C@CCG@GBGFEBE@A"]],"encodeOffsets":[[[115640,30489]],[[112095,27476]],[[112543,27312]],[[116690,26230]]]}}],"UTF8Encoding":true}