{"type":"FeatureCollection","features":[{"type":"Feature","id":"460000","properties":{"name":"海南省","cp":[110.33119,20.031971],"childNum":234},"geometry":{"type":"MultiPolygon","coordinates":[["@@¢NDNBj@rCpI^OTGjG^@HBBBBBDDB\\PlRRPJhJ\\DC|K|Q¤kfGL@PDfjRPPLTFRLXJLDRRFHNLTRFDB@B@D@F@HAPELGHGDE`³N_FCDArETELGPKRWPUZSlQbGXCPVL\\H\\ANGJKFOhÉtý~ñrģFmEUMMWIQC]AS@O@SEUMm{gg{qii{KGQGOEuEEAIM_OeUYY[MMEOEKAGIUocGcQÉcšO@cFqDa@_EeEQMWWU_OgKmKOCAACY@sHA[AEGCOAĵaKAI@KBGJIJGBQAWsW]QaW}aQe_IKQaM}IK{GOKQSKqOoQOA_BSFUF_LeF[BW@WE³W[UEQICCGUEmIYMaC]CgW¡QO]MeIgC_DUDO@QCMCGAOGSOOKYKWEWAUBMDWP_`IDO@}CUDMDGHGNENCBGHSH×VUJYV}~]JUH¯EM@©C_BUBKFEFELIjMlEHGDSD½DAQCKGEGGCIKAGBGDGHYlM\\i[hEHIFCB[@KBK@KDwPqTkJÇDkHePWNQXIZGtChDbÆNICTI\\ejqrapI^A^@TDTL^pp\\ZDFHT@FKÂA\\ADOLQLIRUK¦AJJJFXNZbtZNVZ^`N\\LXDf@\\BTDdRNN\\jNV\\XbNhLZLjTVXRLFhRRNRNXPXhN\\XjNPPR^NXHhDRDNLZ`DN@HMbELCL@XBL@PFLJRJJPHPH\\LFHDP@HDFJNLNJFPJL@HAHAFBPJBB@B@F@DDHBF@B@R@NFLDBF@LALED@D@BB@FADBFBBFDXJD@H@F@D@hIFAFARMDGFAJ@JBN@IQ YX|VLR~p^\\NJNDZF^FND^@^NFHNJJDNDP@TCN@PDTDL@NCTK^cZUNCXAPBLDLHNJNFNDR@LALG\\KZFfJLBNDtBd@ZAVAbKVKJCZBXFjNÄ"],["@@KCGDGHAJBJDDVFRHJB\\JRJTLXFZBRATGPMHS@KGKOKKCKCYGOIKGUGQCOAGFANALDFLALAP@HDDDHNLHNFJ@J@JDBJELO@IAMCKGOEQAOCQEGGKIIE"],["@@BAFAFCFEBGEKMAML@DCDAHRH"],["@@KDEFShGJKHGFGJGJIFCF@HBHDDDBXE^QbcJOHMDICMCGICEA"],["@@k^AXNV\\AnS`OFOGWMMO@UDKHGD"],["@@HBFADABC@CEAKBAJ"],["@@DBB@BCAAC@AD"],["@@AAOHCLAVHPNHZJ\\RZPfZXLRKDKOYUOWMYEUIWQ[_"],["@@ANAVNbRNZINOFYIYYOSBQH"],["@@AZN^RHXKH[@WOG]BOF"],["@@DJDJHJRJNHJHLBNBTFNBRBNFHCDALCNCRGHGHOAMKOOGKIKCK@M@KAMASAQCSCMBOHGHMHEJ"],["@@hNpJxHfFVF\\BL@PKHYCSOGcBiDa@_GYI[QYGSGU@cFGF@RNPbPND"],["@@yHEH@NAJDNLTTNPDLBLBTXHNDRBZDTDVDRARED@FQFSCQKMOQMIOG[GI©I"],["@@BE@SA_KISAIPIVI`DTVRTCPa"],["@@@SEagBKjTZfE@I"],["@@EAUAWDIR@TNNbX\\PVDROCWGWi_"],["@@RaOaa@YTRbbPFA"],["@@FA\\QBEAESUCCOBGD@DBfDFHD"],["@@ICEBC@@BDDFDFADE"],["@@GCGBA@ADDBFDHABE"],["@@VuKogEcbEld`dA"],["@@\\c]_gA]TClbRjK"],["@@AIGBCB@JH@FC"],["@@NOG[UKUHWVEZLNdETG"],["@@RG^WF]EISKWXSTEVVR"],["@@DHFDRGHGAoOCWNFj"],["@@LRVBVEbI@a_SUCQJILG`"],["@@PJHAJ@HW@@OCG@IAGV"],["@@@@LAJKCECGKDGD@JFJ"],["@@LJLBNIJMDMCIECKAMFGDIVBJ"],["@@@BLDNEJKCGIIICIFGFFV"],["@@Lg_aoNEh`\\jG"],["@@FHJFNABGGKICICEBBN"],["@@b^jFdOVgQcmCkFaPHf"],["@@xNRaMoiQQ`ATBb"],["@@nyBKISUIQIeA]FSTUZ@RBJFJPJJDHDFDPARD^A"],["@@\\RL@LABGEKOKUIMCODBNHHJD"],["@@QwQKU@YBELARIVLNXN\\AVEPE"],["@@BC@GCEAEICBIDEBIGMMEQ@OLOXMN@RNJVZRAPOLGJC"],["@@`@DABCRa@WAOCKGIM@S@O@UFEVHP@N@NBLFHJHJB"],["@@\\EDCBQAEKKKKAeEE@[T@FBNHTP`f`FB"],["@@JAPGRUDI@KCMUOEAw@GDCN@THTVRNHHB"],["@@lOQe[SeRHf`R"],["@@@J@RDHRNPFNDNARCNWDE@I@EAEGQACECGA}@GBCHAP"],["@@DRNVZNH@TENKBGD_@KMOUII@MDIFKJEHCN"],["@@BZ@NBDRNPFFAF@RKFQBKAMGIIEYCG@QHCF"],["@@BNTX\\RLBHCPcBM@gEYII@@]CWFILEXAb"],["@@DjHVJF\\DDA@@@UCwACEA]DIBAF"],["@@PbFDDDnB@@FCF]AKGI[KS@IDMNAF"],["@@LFHRDN@ROLOHs@kSWMEGBYVGLGVCX"],["@@@JTTVANELGn­HsGSecEA@@EHOªGNg"],["@@BjV\\lP|DbI@@@iK]wccKeD@@Sd"],["@@DHdNrAB@RSFMEWaaICiA@@EFKdEd"],["@@HL@@pR@@LEJK~BMAK@@]K@kNEJC "],["@@FHJ^NRB^EFEFMBc_{ICwBGD@@@@"],["@@DPLPLHZ@JODYESOMQE@@MHILCV"],["@@DVP\\^PÌdJBXn\\JFxxXPÜbHH¬äHHŬètVLElWPQ^¯AW[cÛ}w[kWÏAYGMMCÑeŏ³ĉoÓAQBjQLEFkAP"],["@@BNJLLDN@VBN@REV]TaRWDSBWCQOG[BYDWLOJWRITENAXA\\"],["@@BDNN\\PF@PC@@BCBEAUAGAEe[GAOBAB@j"],["@@BLFFnRPDPFXPZFlHZANARK@@ASIOoWkMmKkIQ@MHIJAH@J"],["@@@@LLXDRGXGPBL@JAHCHEHGHG@@AO@A[EQCWAWDI@QPSVCN"],["@@BR\\hH@V@VCLEL_DUCOYkECI@UFKD[jAR"],["@@DJXNrRxGFEB_EeEGmQQ@aLGFWr"],["@@@@JJLHLDP@VAvWÐ[LCLEFIDIKEYB}R¯rSVEHDN@N@JEN"],["@@BHFFFBVJF@FC^Q@@@EBCOiCCEE[GEBQPAF@j"],["@@Fr@FDBhJtADABGNyOoEEGCkCO@EB@@WtAJ"],["@@DTÎĂÒÒ|XJ¸@EM²]lQVQXUDS@@WQyHYF£RJ]@»QkI±IKÝċ·­uWOCWHEJ@|"],["@@HnNVLNÐ¦TNrRXCRC@@HQBS@KecsQM½YAyHUP@@Ar"],["@@DX^NüTFZ@JC@@JaG[[kyyesKUAMH@@SCZ"],["@@DNPP^\\HBFAfO@@DMAM@@omKCMAI@IFIT@L"],["@@BNRfHJ@@XAHADGDIBs@aCE@AG@qFEF@@Aj"],["@@HlhHFbFLBdE@@LO@MeU_a]WGW@@@@@Gh"],["@@DJV\\bf\\bJfKDGF_@AUkIG]CWBKN@@"],["@@BJzjZL@FENY@Ke_uIC@@MJg"],["@@ZtHDxDH@vQFCRaAGQ_ECIAe@oBqbCF"],["@@DdXZ`JpBHAYFGFoAGCCkYMAmB_H]NONCL"],["@@BTZRF@XHXB@@FKB_CSIQ@@]CaDIPAR"],["@@BbHLLJRD`CHGDGAKK[GGKEG@S@MFGH@@"],["@@@F`jJJf^DBNDJ@LEFC@G@@¡ECCA@@OH@@AH"],["@@FLFHJNHT\\pJNNNLNLNPNPNPPPLFFBHFt@DCPGLBRDVBLHHJDTBFCT[@EBE@_@M@yACiO]MWu}MQYUIIQI@@CNBDFDHJJNFFJNLRbtNRJLCFGFIEIIOMQOm}Q[IUEA@@GDCF@@"],["@@@@HJPNPBJELOLM@@AO@@KEMCEKEI@@E@MPM\\@N"],["@@DLJN´lNFVLFAHCJS@E@AeWUGSQKKKCQ@QGOI@@ODKNEL"],["@@BRFPRLLBTELMPWLQLgDMAMQMGB@@EHCRMtGHC@G@CCAGP_HWF[@@GEMC@@IHKTGLETEdAR"],["@@FZVdJJh\\pJJ@`_BE@@WgWSYOOUBEFCL"],["@@BFDDFBFBHAJC^MJEJEd_JGTYNUDIFUBKAGCIGQEEECG@ODCDCFAHAN@FAJAH]tCHCBQLOJADKPCDQRCD@F"],["@@@D@D@@JDB@FABCBKAGAAA@MDA@@B@J"],["@@@B@@NFBBFC@@AGGCK@@@@F"],["@@@@@@NF@@HG@@@@CCIAABEF"],["@@BHFDJ@LCDE@MAKGGIAIBATAL"],["@@DFBBBBJ@DABA@CAC@AKCC@CD@BAB"],["@@DFTbFFLDLBh@@@DE@ICEW_GCKA[COB@@ED@F"],["@@BFDHJHHJJJJBP@HGBWK[@@GCQAOBCBKR"],["@@@@BDhZNDN@NCFGDW@IQ[GCIAWF]`CH"],["@@JVLHLFnFHALS@MCSUMMGC@MAUBGD@@KZ@F"],["@@DJDBFDNCLDR@TDTDZBLCRQFCjQRW@@@ECEEAaEWAYBQAQBUAQFQJGDS\\CH@H"],["@@BP@@HFJBR@VChWDICMGKEAMAMDUFa\\AF"],["@@TbDL@JPpPXLNdRLJNHN@VKNQGaDaGiIcOoK_K[UQSAMD@@AJCLER@HDNANCNmN@@AR"],["@@BHLPfnFD@@FATOTs@G]oKIKAEDcjEHAJ"],["@@FZ^JJCZ@RaCQKIQCQ@U@@@KLCV"],["@@@H@DHHPPBHFDHDHFRTNBPAPOHQCM@@QAEECIKIMBEFBUDMKMGC@@KDOJGHCJAL"],["@@@HDH@@DBXHD@FAdc@EBGAM_QGAGDIFG^KT"],["@@@BJTBBLBDBBA@ADIBS@CCCCCE@I@C@ABEP"],["@@@DTXHFL@PA\\Y@A@GCGYYCAGBg`AF"],["@@BZDDhf^V\\PfNB@TGHW@@mc_MsiEAUECBIF@D"],["@@@HFNJHFJFP@B\\LR@PCXGDEAYCCCGCMCMScEEO@EBE@GGAC@@ECCBCDCJIBCHADAZ@N"],["@@@@LLFBN@FADA@@AMACEAEAG@K@CFAF"],["@@@NBF@@FBrHNFbBbI@@@ECmM[IWCEEAOBCCAGCAYAEBEHAFEP@P@FFN@FEJUFGB@@@F"],["@@BDHHHBHCFICSCCKC@@EBEF@T"],["@@FTDDF@NABAJS@OACEEE@I@KFABCR"],["@@BDHVRnlxJFL@ZKTCDA@A@EOoCCIEÛÍCACAQF@@AB"],["@@@DV^F@F@RSDS@EAC_KC@@@OVAF"],["@@BF`VZRhbbTj`PFfJL@@@TSBEEoC_ScUCOAGDSRYNGAeEEAes[SEAA@CDKl"],["@@LhBFtxXpFFVDH@@@FEL]AIQ_gegaeOC@@BAD"],["@@@RFNJHNFVBLANEHMNeCsCKEEQ@MF[PKNGTEZ"],["@@BDBBBBB@D@DABA@ABCAEAACAA@C@CB@BAH"],["@@@D@BBDFBBBD@DA@CBA@EACCEAAC@A@CBAB@H"],["@@BJDJj~HHJBJBLAHEFEBGCKQwKQKOOMGAI@EBEFK^@H"],["@@BZBD@@FBH@FAHEVWVUBEAEEEECG@SBWFEFCDAZ"],["@@BVBDFFVPHBH@J@FADAHG@CACY]YKEAE@CBCDAH"],["@@BJHFPATIJKBIEO@AGAG@EBUVGN"],["@@JRDDPFjAt@HATQ@CGYACGAUAwDYBC@YV@@@D"],["@@@FDHVRDBhDD@DADEBA@CGUACECUKC@I@YFABCJ"],["@@FrNTFDHBLA\\IFGDIDkCOGGIGKC[AKHKPAL"],["@@DVHH^DJ@\\KFCBKGuCE@@sGGBCDKn@J"],["@@BRZdZbRJnJCc^mCsMKIA±DÓZKFGH@@"],["@@BnDTDFt~HFND^GJCBCJeASAIY{qikAIB@@Aj"],["@@BVBFbXHBHATE@@@@IYCEKEMEUEI@@@AD@@"],["@@LZB@HB@@NUZkNeHUHOAUKI@@@@]fIVOVILCNCZCL"],["@@@@`jlRH@jA`_@@@c@@a[qI_Lid@@"],["@@HNPVXVNBRCVMFI@QcEGWEUAIFUbE|"],["@@NHLPHRFNCLGdgNUTYTMTE^MnUHQFUCYCCA@ABMlGJ_J{XIFMLQZgvIDOAIIKc@cB{BQDQLILCC¸UDC@@ACCASCYAa@¥BU@QLKPET@NAN@"],["@@B|@@hL\\HbB¤JPAJCFI@IEGQI]E{GiC]IqS@@@@"],["@@@ZP\\RPbFXBjCTKBG@@EGkeI[BGF@@"],["@@BFhNR\\BjCF@\\WBECEMKGAoD@UB[FCB@@"],["@@@@@@^JbA@@TYMi@Ag@@@]\\@b"],["@@BHLTJBRBNA@@BEBSCYCEaKGA@@ED@@Cf"],["@@@FFJLLdBF@ZGDCHMAC]KK@]CEBMJCD@@"],["@@@FXX@@dADAHEFQASAEEAiE@@WZAF"],["@@@DHPJFFBfEFATM@@@ACSACMAE@{TAB@@"],["@@FZLR@@FBF@^U@CAEWYG@UDCB@F"],["@@@@DD^BH@HCTMDC@GWUCAMAGBCB@@QhAF"],["@@@@@@@@@B@@@@@@B@@@@A@@@@A@@@@@"],["@@@B@@BB@@@@B@@@@@@@B@@@BB@@B@@@@A@@AA@A@@@@A@@AA@@@A@A@@B"],["@@@@@BB@@@@A@@@@@@@@@@A@@@@@"],["@@BDD@FBHBF@F@FAHCFGJKBCDGHMDEDCDAJGDCHIFG@C@CEECAG@cAKBEBCBEHCFEJEJCFM`AD@D@F@FBF"],["@@JFJFNFNBNBL@R@PALAHAFGDG@MBIAGEKKIKGMGSCUASAKBIDEDCFCJAHAJ@HDPDJ"],["@@LHFBD@HAD@DADCDC@C@CCECCCCIAEAE@C@EBCBADAD@BBF@BDF"],["@@CEEGKGEEECC@EBE@CBMJCDADBFBDBDDDFBDDFDBBFJDDFDDBDBJBHBJ@DAH@DCBA@C@CCESW"],["@@DHFDF@H@FCDEDEBGBGAQAOCCE@G@OBGBADAD@FBLF\\"],["@@FHDBDDL@HBHAF@DCFEDGBEBO@GAGACEAEAEBOHMFEFEHAF@F@H"],["@@BDDDFDF@JAHCFCDCBEBGAuAAACE@KBKBEDAHCF@LAR@L@L"],["@@@B@@@BB@@BA@@B@@@BB@B@@@B@BBB@@A@@@A@@AABA@A@@BABC@A@A@AA@@@ABA@@BA@@@ABABA@@B"],["@@@@@@@@@@B@@@A@@@@@@@"],["@@@@B@BB@@B@@@@@@A@@@@@A@@AA@A@@A@AA@@A@@@A@A@@B@@@@BB@@B@@B@@BB"],["@@@BB@@@@AA@@@@@@@@@@@"],["@@@B@@B@@@@@@@@@@A@@@@@@@@@A@@AA@@@B@B@@"],["@@@B@@B@@@BA@@A@@@A@@A@@A@@@@B@@B@@@@@@@"],["@@@@@@@@B@@@@A@@A@@@@@@@@@A@@@B@@B@@"],["@@QRI^JfRX^JPBZEZSNY@YSYUM_KWBMF"],["@@kZWxPrlRlHtBrMjMRcKeQ]i]iKg@kN"],["@@DFDDJDP@H@NGDGHSAMEISGOAKBKJATBX"],["@@LBP@RAJANANGNENEHEJCFG@EEEEC[CE@Y@MBGAI@OCWEMAMBKBMJAHAJ@FFJHFLFTFTH"],["@@LFTBHEBQGQQQWIIAMFCNJVNLLJ"],["@@FBJDLAJCHEHGDCBGAKGIMAKDKDIJCNAJDH"],["@@TL`LH@HIBSGMSMKAQAKDEJ@JFN"],["@@bLJBLDNBJ@LAHEDGBK@ECEEMIEI@KFMDODK@GAIAM@ALDHHJ"],["@@FZHJHFJDHCFKLMLKJQDMDSCMIAQAOFGDKDGFENER@N"],["@@DDBBF@BC@C@ECAE@ABAF@B"],["@@LJLHNDPDH@DE@CAGGGKCCCEEECG@IAGBCDAHDF"],["@@JHJHNHHBFAFCBGAEGEKGEC@ECCIBGDEDCFDF"],["@@@@BBBA@@@A@@@AA@@BAB"],["@@BJJDJBPBPCLIJKFWDOAEGCGBGFKLKFGDEHGFGFEH"],["@@DVFJPDJFHFFPFLAL@VCNGHMLKJKJCPDDHHBAHATINKLMLGJGHIDOCOGOO[OYKKGGIIQGGBAL"],["@@HBDADADCDC@CACCAGAG@IBKBCBAD@DBDBBBBFBHCB@BBB@"],["@@FDHDHBJ@FCDG@I@GAGE@EBGFIFGDAH@B"],["@@FHFFJBNBDABCCEECGEACEAEAE@ADAD@D"],["@@FDDDDADC@GCGECEACBCBBJDF"],["@@DFDDDDF@F@BC@AGK@ABCDCDABAAECAICK@CBADDX"],["@@JBJ@J@JEDE@KCECAE@CBEFGBGBEDAD@DDF"],["@@AJHFVPHBFC@GBEJALAFCBMECE@IFOBI@SAED"],["@@ABAD@DDBF@FADA@E@CAAIGA@CBADBDBB"],["@@@DBFBDDDF@FAFADEBABEAEAAUEE@CBADBDBD"],["@@PXHVNHVHJALOJGBIEWWQEGIEMAgFIF@JPJ"],["@@HBJDDBDAFC@C@AGCIGI@C@KDABBDFDFB"],["@@@D@DFFF@HCDGBECGEAGBCDCD@D"],["@@BFNDXBXEDC@EIIEACBEDEBKBSBCD"],["@@@\\AzH`Pd@xJJVGFQIa@SAUCgEUBS@W@kIWUCMJFr"],["@@DFJALEFG@ECCEAIAEFCDCHBF"],["@@DDHBHAFCDGAEGCKBGH@H"],["@@@F@DDJDBDADEDGLM@CAAECAACACBEJEDAF"],["@@CLBJFJFFNBHEBEDCFEDI@MGOIMIGGAG@EDCJDRBN"],["@@CD@D@FFFHBH@JKDE@CCCECGCC@EBCJ"],["@@@DDBB@DCDCBCACCAC@CD@DAD"],["@@FHFBFADC@CGCACAACAE@ABADBDBB"],["@@DDDBFABC@GCEECCBCBBD@J"],["@@DBHAJ@JA@A@AGKECIEGAE@ADHZ"],["@@A\\FLH@PINILGPBLDPFD@BEGM[[[MWCCBBPCFIR"],["@@@ZBLJPPPHDL@RCfKRBZIRIFOBO@K[[OMSIKCMH[B]HIJKRCN"],["@@IVBFHJHVFHLLLZFBFABEDSFO@KBeDIHIBEQMKIKCSFIHEZ"],["@@PAPKEgcqOcBSRCj@JPzJPKD_EQo[¯a{IuCXKRCpDPx "],["@@BFDBFBHBFAF@LCDA@C@AAAO@I@EAEACBABAD"],["@@\\@JBFAHCLKJS@E@AACKAC@GBC@SGC@WXIP@FBFLD"],["@@JCFGDEHKBE@ECCIBAB@FCFABC@AD@DBDABABEBAF@DB@F@"],["@@FDhPNBHAHGJSBG@E@IEIMWGECAEAI@MFGJWdAF@FDHDD"],["@@JJTDt@XGHGHYBK@EqQES@OJILCRARFZJR"],["@@@@BBB@B@BA@@ACAA@@AA@@A@A@@@@@@B@BBD"],["@@hH^HjFP@LCFE@KAMEKMI]S_KOAMDOLOLGLANDJFF"],["@@DDF@FADABC@CEIACA@A@E@EDAD@FBDBD"],["@@DBF@DADC@C@C@A@A@A@AAACACBE@CBAB@D@B@B@BBDBD"],["@@HBH@H@DC@A@ACCGCGAA@AAGCQMEC@A@G@ABAB@B@@AAICAECC@A@@BC@C@A@@C@AEAA@E@ABAB@BJNJLRTRPFFFD"],["@@BBJFL@D@FC@C@A@CGGC@G@E@CBADAD@B@B"],["@@RJD@H@FAD@D@DDF@LBBBDBDBDBJ@FAV@D@BAJK@A@CEAMGKEEAUCK@IBIDKBG@IDKDAB@BBB"],["@@F@D@FCDG@CCACCAACAC@A@ABADADAFBDBDDB"],["@@FAFCPM@ECEGAQCG@AFAHDNDHFB"],["@@@JHFHDLEFGBM@GCECCEBGJEDGJ"],["@@HE@IAICGGEG@QFAHDFFDBFDJJBHA"],["@@@JDFLBHAHGJEFICIEEIEI@KDCH@JAH"],["@@JHD@FCDCBAACAGAC@CIGACCAE@CDADCL@BBBDFFF"],["@@D@RAT@VAbBD@BrXZEHI@@IAcECICIKG[AMFCFAH"],["@@RdHFtHPANCLI@OEMUUCA[SMKICK@KBGFCJAVBP"],["@@BBB@@@@A@@@@@@AA@@@@@@@AC@@@A@@D@@@@B@B@"],["@@@B@@@@@B@@BB@@@B@@@@B@@@@@@@B@@@@@@@B@@A@@@@@@@AB@@A@@@@BABA@@@AB@@A@@@@@A@@@A@AA@@@AAA@@BA@@@@BA@@@A@@B@@@B@@@BCB@B@@"],["@@MEGBID@FDHRJNBP@dEjIHGBCACCAEACA@CCCC@KBCBI@]JCBAD@BCBIAGA"],["@@FFHBN@JADCBE@GACC@]@CBABAF@F"],["@@LFH@FENHXFDCAKQOSM[Eoa_WWSGQLQLENATDTJRTTPbJnHJBHEDOACSKiE[KSQ]OSKWIkEYFQLCRHrPZtl"],["@@GBAFFJFBL@bBLBbJTLFLDTANINIHUDS@GEUCcA_AWDYJKBABAF@DLDZ@VA\\AfH\\DpLPBPCPINKPaBMI]a_iUaGUAMBUH"],["@@BBJFP@LCJIFMBG@@EI@@MAMDGJABA@EJEN"],["@@BBD@B@D@@@@@@@@ABA@A@@B@@@BA@A@A@@@@@@CAA@@@AB@@@@A@@A@@@AA@@AABA@@B@BA@@BAB@BBD"],["@@AD@FBDFDHAFEDE@CACECC@EBEF"],["@@FFFDDBD@BAFC@A@CACECEAGAABCD@B@D"],["@@@FDBLBVADEBCAGGCKCIBGFCJ"],["@@BPNRDBJ@VAVM@C@MCIKWCCO@UFEHGPAF"],["@@EDAFBFTRZXF@FCDEBGCGk]IA"],["@@CBC@CDIR@D@DBDFBHBH@F@D@D@BBBHBBB@B@NEB@@A@A@ACCIKCEGEIEEE"]],"encodeOffsets":[[[112750,20508]],[[114139,17488]],[[114143,17487]],[[115046,17318]],[[114920,17162]],[[115340,16968]],[[114402,16941]],[[115208,16862]],[[115350,16779]],[[115376,16724]],[[114662,16716]],[[115108,16687]],[[115177,16386]],[[117685,16422]],[[117546,16276]],[[114928,16073]],[[117361,16025]],[[117008,15924]],[[120664,15498]],[[120647,15482]],[[120115,11344]],[[120516,11315]],[[117327,11037]],[[120028,10993]],[[118561,10794]],[[118504,10717]],[[118537,10713]],[[116768,10265]],[[117331,10198]],[[117292,10125]],[[117334,10121]],[[117468,9971]],[[115666,9869]],[[115213,9774]],[[116907,9610]],[[118761,9546]],[[114208,9500]],[[119552,9274]],[[116674,9088]],[[117547,8357]],[[117611,7419]],[[116327,7130]],[[115256,6123]],[[114700,3943]],[[114916,3974]],[[114943,4040]],[[115229,5934]],[[115172,5878]],[[115047,5757]],[[115224,5792]],[[115286,5696]],[[115315,5497]],[[115259,5233]],[[115355,5230]],[[115618,5113]],[[115935,6458]],[[116631,7790]],[[116629,8198]],[[116840,8294]],[[117257,8316]],[[117423,8408]],[[117626,8176]],[[117708,7690]],[[117932,8588]],[[118025,8714]],[[118282,8695]],[[112092,7521]],[[112575,8037]],[[113111,8312]],[[113112,7987]],[[113264,8204]],[[114217,7726]],[[114351,7835]],[[114232,7996]],[[114319,8097]],[[114612,8265]],[[115602,8033]],[[115656,8612]],[[115940,8268]],[[115985,8322]],[[116389,9453]],[[116366,9193]],[[116935,8975]],[[117350,9059]],[[116713,9086]],[[115714,9887]],[[115647,9865]],[[115638,9855]],[[115601,9815]],[[115582,9803]],[[114139,8730]],[[114901,9048]],[[114939,9088]],[[115043,9141]],[[115239,9059]],[[115532,9125]],[[118618,9943]],[[118831,10338]],[[118941,9810]],[[119065,9093]],[[119266,10046]],[[116999,10061]],[[116324,10487]],[[116985,10488]],[[117443,10595]],[[117318,10662]],[[117369,10205]],[[117089,9988]],[[117608,11086]],[[117450,11269]],[[117320,11593]],[[117217,11097]],[[117241,10975]],[[117442,11745]],[[117311,11010]],[[116929,11294]],[[117669,11124]],[[119985,10861]],[[120455,10884]],[[118622,11107]],[[119438,10757]],[[119637,10729]],[[120073,10569]],[[120165,10333]],[[120082,10949]],[[120598,11033]],[[120269,11331]],[[119529,11778]],[[118131,14284]],[[119496,16738]],[[120534,15547]],[[117457,16559]],[[117196,16419]],[[116955,16426]],[[116674,16216]],[[116627,16047]],[[116445,15975]],[[116594,15849]],[[116718,15790]],[[116977,15806]],[[117205,15974]],[[113875,20391]],[[113936,20444]],[[113935,20443]],[[116691,9053]],[[116500,7821]],[[117302,10182]],[[114910,9080]],[[118482,10760]],[[118496,10787]],[[119225,10034]],[[113943,20459]],[[113930,20442]],[[113927,20441]],[[113873,20404]],[[113872,20404]],[[113887,20360]],[[113886,20361]],[[115706,19940]],[[116565,19619]],[[116844,16389]],[[114927,17405]],[[115597,17187]],[[115428,17077]],[[113865,16169]],[[114176,16847]],[[114251,16866]],[[114265,16901]],[[114280,16933]],[[114336,16963]],[[114371,16963]],[[114372,16986]],[[114421,16854]],[[114392,16849]],[[117131,11740]],[[117095,11726]],[[117077,11707]],[[117044,11663]],[[117545,11423]],[[117058,11319]],[[117002,11338]],[[117026,11318]],[[116805,11180]],[[117110,10628]],[[117226,10624]],[[117092,10423]],[[116579,10260]],[[117138,10138]],[[117071,10125]],[[116997,10004]],[[117020,9953]],[[117144,10029]],[[117240,10088]],[[118603,11077]],[[118583,10993]],[[118135,10502]],[[118050,10437]],[[118273,10136]],[[118203,9590]],[[119285,10646]],[[119315,9976]],[[119355,9980]],[[119394,9970]],[[119253,9395]],[[114338,8881]],[[114610,8852]],[[114444,16448]],[[117283,10971]],[[117171,10929]],[[117097,10989]],[[115689,9883]],[[116524,7551]],[[117261,10110]],[[117209,10077]],[[117267,10171]],[[117254,10160]],[[117205,10142]],[[119734,9690]],[[117371,11707]],[[117418,7773]],[[112789,18878]],[[113871,20387]],[[112059,20391]],[[114385,16599]],[[114330,16646]],[[114417,16587]],[[115730,9909]],[[115732,9895]],[[117049,10113]],[[116962,10456]],[[116960,11327]],[[117745,11345]],[[115591,9763]],[[115037,17225]]]}}],"UTF8Encoding":true}