{"type":"FeatureCollection","features":[{"type":"Feature","id":"410000","properties":{"name":"河南省","cp":[113.665412,34.757975],"childNum":7},"geometry":{"type":"MultiPolygon","coordinates":[["@@@AAA@@AB@@@F@@ABBDAB@@BBB@BABABA@A@@AAAA@A"],["@@@@@AA@A@@@@@ACA@@@A@C@A@@@AA@AA@C@AAC@E@@@@BA@BBBBDDB@DBBBBBB@@DBBB@BBB@@B@@BB@@@B@@@BB@BBB@D@BA@@BAB@@@@A@A@@CE@@@A@@@AAAAA"],["@@@@@@@@@B@@B@AAB@@BB@@B@ABB@@CEAB"],["@@@AC@I@CBADADDBLBB@@CFC@AAA"],["@@GECAA@A@CBEDCDADAD@B@DBBBBFBB@DBFDDBFBB@DA@@@ABABCBABA@AAAAAAACCAE"],["@@CDCDCDGDABCAA@@A@A@AFMBA@GQGIJAH@DDFFJDDfPAc"],["@@BQ@KAQ@@ACAAAC@A@A@@@A@CACAA@AAA@@AC@EACACAC@CAAEEAC@A@C@@ACB@AGA@C@@ABA@EG@@BEBACACAEAEB@@CF@@C@A@EGB@ECBAAA@BBC@AEC@@AC@@EGBAGD@@EB@@CD@@D@@@@BB@ED@@A@A@C@C@A@A@A@C@C@CBA@AAA@CAA@C@C@A@A@C@C@A@C@C@@CCEAOCMAQC[OGCKEEECCAI@GACAACAUBI@GACACAAIIYEQAK@ABADEHCHGFGBIAOAGAU@GEGCUCAAOC@@AWF@CG@AKHA@AB@AANACYC@A@B@AIE@@@DEBC@AAAEMCKES@WAG@@BCNGhWDANR`TNFHFFDLHDDPZV`Z\\XR\\NXLRFFD`RTBhHTDLDLH|hLDPBB@LBFBHAPATAH@BABADAB@F@D@H@DDBBFH@DBBFDLDFDFBPBDBDDBBHFB@@DBH@FBDDFDD@@ABB@B@DDBBDBB@BBB@FBF@BBB@DBB@BBF@HBB@JAFAD@BABAB@B@H@D@B@@@@@@@DBZDD@B@F@HBH@FDHB@PXTG@A@@@ADA@BBBBDDDBDBBBBBBBB@B@@BB@BBBB@@BBBBFBHBPDBB@@B@B@DBFAB@D@@@FAL@H@D@JGHCHCH@L@HDDFDFBFBBFDpRF@JATIH@D@HDZTZJ`JfFNBHDLHbTZXtzFHLD\\DnFBACA@A@@BC@@BCAAE@@ADAAABAAM@AA@A@ACC@@AA@BE@IIABG@@@@C@BIB@BGB@@CI@AGC@@AA@@CA@@AR@D@CCGCE@GB@BEB@CB@@C@@@CDCB@@GAEB@AEA@@A@AAA@A@A@C@A@@AA@AACA@@A@AODEBAAMeESCc@ICMAAAAA@@@A@AAA@C@I@wLOBQ@M@GAKCcEMKABC@@CA@GC@@K@ECBFSBC@EACAAAACCA@CAE@CAG@C@G@CAC@EAEAE@CACCAEB@B@@IZA@GHMGCCA@I@UEB@ECB@IA@@DA@@I@GAOGABT@JE@@GI@@IA@AOEC@HeA@MQ@UFCME@@CK@ABC@@FM@UDABQBODOUAIW@BKe@AKCBGWOBCKD@EOUFCS@OQ@@KFA@[E@@GC@@SeCIAI@QCQGICOASAAAC@@AC@AAQBkAAGAEAACAABWJGBKDA@AAEKCACAQFUBI@CCAICAKBM@[OWQW[GIGIIKQiSYGIMGCEMIIGCGCQEUCEMIQSGQM@@QYDAUE@@FOFAUE@EEMBBK^GCIIDGUJaDIBCBEAIACCAOCOEEA@@OEA@YGOEUMSQ@@I@ECGGCACA@ABEBC@C_YQKUMKCM@SDK@MAICCBKHOBS@I@OAKASCMAMCGA@SEAAOI@BbADA@CA@C@WI@G@GDGFCF@DCDEBACACAAC@CCBEDGBI@IOSCECEACCAG@{BM@MCEAEKCWA]AEEgA@A@A@C@A@C@CA@@AAA@AAAAA@@ACAAA@ACCA@AAAAEEAA@@AA@ACA@ACCA@AAAA@AAA@AAAEGA@@AAAA@@CCAAAAAAA@@EGAAACAA@AAAAC@CAA@AAEAAAA@CAA]EMCEC@@AGBeDw@AAAAACAA@M@U@eEMAOCMEOGKGKKIMGKAGBE@CLG\\SXUFGDEFEFK@A@M@GACKK_QaGQCGECEGKCICGEG@ABABABCDADALCFADAF@B@N@H@B@@@BABCBA@A@C@CACACCCGGIEGCICECGACA@@BABAB@HAXGD@LCD@B@@@BBHA@AA@@AA@@@BA@@HAB@@@@BFA@@D@@@@DA@ABI@@@A@@@A@DFGBBFB@@@HAFNBD@@@@D@@AB@BDAB@DC@@BHA@BA@@B@@ADP@@CB@@@@AL@@GBAAEB@@AAECBCOB@@ABA@CJEFEFAHAHAF@HAFEBEBEBEDEFCDEFCHDDDDFDFDFLHFDFDHBH@H@PBH@HAH@HAH@V@H@H@H@DEBEDEFEFCFCFAH@FDDDDFDFHBFBHBHBDFLHFDFDHBFDDBF@D@N@F@H@F@F@F@H@JBDDDBD@D@B@R@JI@GBC@AAECE@EFCRAHAJIDEBEFCAQHAF@JFNDHCFCFCFAHAFCFAHADFDFFDFBHBH@DEBE@EBEAECEA@CBCEGDQcIFAAC@ACA@GULA@CXAAIVCDPP@BBB@H@H@HAFAPCDCAE@EAEAGCCKMAAAE@G@E@K@EBG@@@KBEDEFCFAHAFAFDDDFFFDH@HBHANCH@NFFDFDHBHBHAFAFAFEHCFCH@DAVGHCDCJIHCFAPADCDCHAHBFDH@H@HAFCHCHADCAGDCFCDEEC@EFCF@H@HADEBABG@CDCDE@GBC@E@CBEBE@CBEBCDE@EDEBEBE@CAEACACACEEAEACAA@EACAEDEBCDCFEBEDCBEBE@A@C@E@EACACAG@E@C@E@CBGBCDEBCBERQBEBEBI@ODAFBF@HAHAFEFGDGBG@GDENQFEJIFEHGDCDGDCFAFEB@BAJCHAFAFAH@DAB@F@@A@A@@BA@@B@F@B@D@BBB@HDBBD@F@B@DAF@B@DAB@D@B@B@B@B@@@B@B@B@DBD@B@BBB@B@F@D@BA@@D@H@B@BB@@DAD@FBDBDBB@B@D@B@DAB@D@DA@@BABBBAD@DAB@BA@@B@B@@BA@@@@@@@@B@@@@BADABCB@DAB@BADA@@LABA@@B@BC@@BAB@B@DAFA@AD@B@B@F@D@F@D@@@BAB@B@BA@@BBB@@B@B@@BB@BB@BBD@BD@BDB@BDBBB@BB@@B@J@R@V@FBB@BJBJAF@DCBEBAFCJCB@@@J@L@D@H@F@JA@@B@D@D@FAB@BBHAHAFAFAB@HCJAD@B@@@B@DAJAHADABA@A@@BCD@@A@@xSLTJBTjBPHBbLX`Djk\\QdDxZfCbaNaTYLCFEHCH@LBFBHDPJFDPFFBDBFDLH@ABEACBC@C@E@CACBEAECCAEAE@CAG@EDEBCBCDCDE@CJE@UIEQQWABS@CAACAAGCECCG@ACBEAEIKDCBEFEDAHGDCBGBE@CBGBA@AFCHADAFCFCDAFEHAFCDADEDCDEBCDA@EBC@ECCECEC@EDEDCFCFAFAFAHAHAFAH@HBF@FBF@F@FAH@HADAD@DCFADADAFCFADGFCBGBEBCFEBCFCDCHAHCDCFAH@DAHCDCHCDAF@FAHAFAHCHAFCDADAJCFEBCBCBC@EDC@CBE@CBCAECECECE@CACEEBE@ABEFAJCBDDFDBFBHBF@FBDBD@@CLB@EB@@B@FJBBC@@@AD@BD@@@A@@@AB@@CBBBA@D@@BGD@BCB@@D@@@CBB@BB@BA@@@BB@@ALF@CB@DBBBBCB@CLABBB@@DFBADBA@DBADB@@AB@@BBB@B@@DBDBB@DBB@F@B@DCGKNMBITDHFBBFFDBFDBB@BBBFDBBFFDBDBFDDBHBFBH@J@H@HAFAFAHAF@DAF@HAFCH@HAFAF@HADAF@DAHEDAHCBAFC@A@A@C@A@E@AA@CAAE@@CCAACCEC@AACAAA@AAC@CACAA@@AA@AC@AAA@@AACAA@C@A@A@@@A@E@@@A@@AAA@ABA@AB@@A@CAC@@@AB@BCB@@A@A@@AACAAA@@@A@A@A@@AA@@@A@@@A@@BA@@@A@@@A@@@@@A@@@E@@@A@@DCBAB@@@@A@@AA@@CA@@A@@@@@@A@@@@@ABADABA@A@@AC@@@@@A@@@@@A@@@@BA@@BA@@BAB@@A@ABA@ABAB@B@@AB@@@FB@@DA@@@@@A@A@CB@@A@@@A@@@A@@@A@@@@@@@A@@B@BA@AB@BA@@BA@@@AAA@A@@BAGEGCKAMEIGCCACCC@EACAC@CACAGAECC@C@EAG@C@E@C@CBCBCBEDABAFCF@D@HAHAF@FCFAFEDCDCDGBCBC@GAGFI@B@@D@@AD@@@B@AAB@@AB@@@A@@@B@@@BA@AFB@CE@@CA@B@BA@A@ABABABA@@@C@A@@@ABAFCBA@@@A@C@AB@@ALGBAB@@@BA@AJWBABA@ABA@A@A@@@CAC@@@A@A@@E@@AD@@ACB@@BAAADAAAFAAAHA@@@AAC@@@C@ABCJCBABABAFADCDABAAEB@@CPAACD@@AF@AC@CPBDABCBABAB@B@BC@@DEBE@ECECCEECCCCAC@CBGBEFE@GBECGCCCCACAE@E@GBGBEDEBG@C@ECCGCC@G@G@EBIDGDGDIFIFIFGBGBEDIBE@G@G@GAE@CCCCCCAE@E@ECG@AD@@AB@@AB@AA@@@C@@@CWB@CAGIC@BA@@ACBAD@F@FGBACC@ACG@@A@CAEEGEBE@EDE@CAC@CKACA@EBE@A@KFA@CBA@AA@@AAACCAAAC@CAACKBE@AA@AC@C@AA@C@A@A@CAAAAAAA@A@AA@AAAGAC@M@E@@ABA@@@A@A@GAA@GCE@AAE@CAI@A@C@C@ABCDMBC@@@C@A@@A@@@@A@@A@AAAA@CA@@@A@ABA@A@ABA@A@A@@AAAA@AB@@CDGH@BA@ABA@CBA@A@AAAA@@@AA@@A@A@AAB@@A@@A@AAAAECCCCCA@ACCBAAEK@AAA@ABA@A@AC@ACAA@C@ABG@ECIBCCA@AAABI@E@EB@BIAIAKCEA@AAC@CAC@A@@A@@BA@A@@@C@A@@@ABABCBCBA@AA@AAC@AACCECEAACACAGAGAGAGAGAGCCCCEIGACAECCCAECE@GAM@G@GDE@G@I@IAKCGAE@GAGBGAEACAEAGEGGECCCECEAGAG@C@E@GBC@CDCFCD@DCFCFCH@FAFAB@BBFCBABABABAB@BAD@BABABAB@BCBA@EBGBCBC@A@CBC@CB@@C@ABA@ABCDCDAB@DADAFABAD@B@BBBDB@D@BADC@A@Q@A@G@@@EACAC@A@CBCB@BA@@B@B@DDDBD@B@BABC@IDA@@B@B@DABEBEBGDBHF@BBBDBF@BABC@AJK@GBE@@BBF@DDDF@B@@GJ@BAFADB@BB@@BADABBDBF@FBDBLABABC@ABGDAB@@@B@@DFBF@D@FEB@@C@A@C@ABA@@B@@AB@B@BCB@BA@ADABABA@A@C@CACA@D@B@B@B@B@BGDCBIBEBI@E@@F@F@F@DABADABC@GBCBE@E@C@AAA@A@C@C@A@@DCDADCF@DBHBJDFBHDFBFBFBHBB@FDBBFBHBHBDBFBF@DADAFCDCFADEDEHCFCDCDCDCDCBIHCDCDCBCBEDEBC@E@GAE@EBE@E@E@C@C@GBEBGDC@GACAG@EBGDCF@DAHAFAFADCBEBEDC@E@ECCA@@AA@G@G@O@A@CBE@A@A@CC@GBC@GAKBE@E@AAEBCDCHAD@D@F@DBF@F@D@DADEDCBEDEDCBGHEBCDCDCBCFCDEH@BABABG@UBCB@@AB@BABABA@ABA@@@A@CBABABAB@@AB@@AB@@CBA@@@A@ACIECACAG@G@KBUJMHA@CAIGEAKEC@CA@CAAAAEAAAGA@@AB@FCBEBC@A@EAQBE@CAGEGGEACAEBEBCFA@C@EABIACACEEAAAA@EDK@A@AOEEAIBM@EAECCBAB@@@BCB@@C@CAICGE@AA@@AA@AC@ABABABABEBCBA@AACA@YA@ACE@EEO@@C@AAAA@C@CBABAHADA@@@@@AAAAAAA@E@CAAA@OC@AAA@GAK@G@CDG@CAAC@CAC@CCAA@C@ABC@G@C@C@ACAEAAAACCI@E@C@@@@BAA@BAAAAB@AFCDAFCB@@@AE@AAAEBCAE@CACCAC@ABAFABA@A@CACCCAACBGBA@A@ACAO@CBE@@@@B@@@B@B@DBD@BBD@BA@@B@@A@C@AB@@AB@F@B@@@B@@BB@BBFDBBB@@@F@B@B@BBB@B@BAB@DCB@BA@@@ADA@A@@B@@AB@@@DA@@B@B@B@B@B@BAB@B@B@B@B@@@B@BAB@@@BBDDB@BBBB@@B@B@B@B@B@B@B@@BBB@BBB@@B@@B@@DCB@BCBAB@D@B@DCDC@C@@CAFYBABCBC@E@C@AA@GCGCCA@@@QAG@AAAKAA@@@@@AAAA@ABABABADABADAAAAAAC@CACBE@ABC@CACAEAGCM@CEEA@GDCBCBC@EBCBCBE@ABC@ABCBCBCBABA@A@A@C@@@AAAA@@AA@C@ACAAAC@G@@@AA@C@CAAAC@A@@BAJIBA@A@C@ADIBCDCFCDAHCDCBCBCDEDCDCDCBCBC@CBCDEBCBC@AAEAAEGAC@E@E@ADCDED@@AB@@A@A@AB@BA@@BA@AB@A@MA@A@CAC@GBEFG@C@OAC@A@ABADIBABCBCBCBABABCFGBABCBABA@AB@BCHGB@@AB@@ABEBCBCFMFSDGBGBC@CBA@CBAEAE@aCEACAIAGAE@CAE@C@C@K@IAG@E@I@G@A@@AAOAEAAECC@CBCFC@E@K@CAICG@E@EAACCAC@EACACAACCAC@ABIJAB@FABABEAGAIEGAGAG@EACBCBEJCFC@C@C@EECCC@M@KAKCIAMA@@GGCCAEAG@EAEAAAA@@AAA@C@AA@AAABCBC@@ACA@AACAAABABEBE@@B@AGCGEG@@AACCA@AB@FAB@@EDA@@EA@@B@@@FGFCBEBABC@C@C@A@@HCBCBCD@A@@@@AA@@@@@AA@@@CCACIGKGGICC@@B@@A@A@AB@@ABA@E@A@@B@@A@@A@@@@AB@DAAEA@AAB@AC@@@A@@A@AB@@A@@A@AA@@CB@BAD@@A@@B@@OAGAE@U@EAAIAIAA@@@ABA@AFA@CD@BEDCBAC@A@@AA@@BABAAA@C@@@@E@AAA@ABC@@CDABA@C@A@EAA@ACE@E@KBI@CNQFGDCBC@CACCEAEGCCCMU@C@A@ABABABAL@P@XBFA@ADODQBK@EAG@ABAFAJBJ@DAB@@AESAI@GCI@C@C@ADEBG@AACA@EAEBC@CBABCBG@CAEAAA@AAB@@A@@@@@@AAA@A@A@A@@@A@AAK@ABAB@BA@@BA@@@A@ABA@A@AB@@A@ABA@CB@@A@@@A@@@A@@@A@@@A@A@EACCCGEGGAC@G@CDI@E@AAAAAAACCAAACAAGACACA@CACBA@@@AHAJADA@A@C@AAACAE@CAE@ACA@KAKAA@AAAAAAA@A@@@@C@@AA@AACAI@AD@@CDA@A@A@@@CEI@@@GBCBEBCBEBABA@ECK@@@@BAB@@A@A@@BAD@CO@AA@AAA@ABCDC@A@@@@CAKAC@AA@C@A@CDABC@A@QDCBAAAAAEAAA@E@C@OHC@C@C@A@CC@ACGCCEAI@O@GCGEGGCGA@@BADABA@CBABC@A@C@AB@BA@CAOGOEGEEEEIAG@MAGAAIAIAGAIAW@c@OAOBQ@EBCBG@QBI@C@C@AACACACAC@ABA@ADALAB@@C@A@AAGEEAAAA@KDGBG@CBE@MJGFC@C@MBIBE@CDA@@B@F@NBF@DBFAB@BA@E@A@ADA@ABA@@BCFCBE@G@CD@@A@@B@@@B@B@B@B@B@@AB@@@B@BEB@@BBC@@@@B@@DA@D@B@BCBABCAAAA@@@AD@BE@ABA@C@ABA@E@C@GBA@A@C@E@ABACB@@ADAAA@CAA@AAAA@A@A@@AAEAA@@@AA@I@UC@@A@ACAA@AAAEAAA@C@A@ABAB@@@BCBE@EACCK@EACCEEGAG@G@ENBD@BADCDAF@@ADEBA@CBA@CB@@ABA@EAA@@@AAAACACAA@ADEBABCDC@ADE@I@C@C@@@A@@@CBAB@B@@ABA@@BAD@@@BC@@DAB@B@@@FE@A@@A@A@AAA@A@@@AAA@@@@@@@AA@@@@@@@A@@@CA@@@@@A@A@@@@@@AA@@A@@@A@@@@@@A@QAC@A@QDWF@AAA@CFILKBGBA@ASIICCACA@AAEBGFIHIHAJCL@N@F@D@BCFKDEDCFAHADCFCHSDIDEDAF@F@JFHFD@H@NBL@NBXAXALE^KFABABEDCBABC@C@AAAAAQECAAA@A@ABABAFATAN@F@HALAPAPBP@D@DADAHEFEFAFAB@FBBBHDHDD@F@HAJ@RAF@B@DCBABA@AACAE@A@C@ADADCJAB@DCBABEAG@GBCHENETEH@JBLBHADADCDGBGBE@ACAKBIAAAAEBEBALI@@@CACEGCK@C@EBAHIDCHCLEDEHI@A@AACC@E@I@GBGDEDA@C@EACAAA@CAGBEBCFABCDABC@E@ECECMGYCAAA@A@GAGBE@EBADABABA@C@EAICEAEAC@E@ABEDCBAAE@ECCACA@@A@A@@DAD@B@B@@CBCAA@I@EAC@A@@BAB@@@B@@BB@B@BB@@F@B@BBDB@BBB@B@@ADGFCDCD@BBBBBDAD@HEHEDCDC@E@E@A@C@@@A@C@C@ACE@A@AB@D@B@DBB@BB@B@D@BB@B@B@D@B@D@@@@A@@@AAEAAAAAAA@AAC@CAA@@@@A@C@C@ABA@A@AB@B@F@@@BA@@AAEAAAAAA@@@CBCBAB@@AB@BBD@B@B@@ABC@A@CAA@AAAC@A@A@C@C@E@A@A@AB@B@BBBBBB@@B@BABA@GBCAAACAAAC@A@@B@BADAHEDA@A@AAAA@CAA@@CA@@AAB@BC@A@C@AACAAA@@@@A@@@@@A@@A@A@ADAHEBA@A@C@@BCB@F@D@FBBAB@BCBCDAD@D@DBBDF@D@D@B@BABA@@AA@CAAA@CCCA@@@A@@BABAB@B@D@BB@BBDBD@@BBLFBB@DBBDBB@D@DAB@B@FDBBD@B@DCDCBA@AAAAAG@C@@C@@DA@ADAFCDABADAB@DDFBDBFBDBDBBBBB@BABAB@BA@@@BB@@B@B@HAF@@ABA@C@C@ABCB@BABBD@BBBB@DBD@BB@B@BADABC@A@@@AACCCECA@A@@A@@@A@AB@@@BAD@DAF@BAB@D@@@B@@@@A@@A@@AA@EA@@A@@@EB@@A@@@@@A@@AAA@AAAAA@@AA@@@A@@@ABAB@HIDABABAB@D@B@B@@@B@FBD@D@BBF@B@@BB@@B@@@BABAB@BCF@@@B@@B@B@@@B@BAB@DABA@@B@B@JBNBHBJBF@RDRDRBJBD@B@B@BA@@AC@A@A@@B@B@B@BDBF@BB@D@FBBBBDBBDBB@B@D@DCB@@A@A@E@@BC@A@C@E@A@A@AACAC@AAE@AAA@ABAB@D@BBB@@DBBBBD@BAB@FCD@B@DBDBB@B@@@DE@@@A@C@AB@B@@@BB@BBBB@B@B@BABABC@A@CACAA@ACAC@@A@A@@@ABADAFADAFCHCJCHCFABAF@D@DBBBD@DABA@A@CAC@A@ABABAB@FBD@B@BA@A@@@AEE@ABA@@BAB@DBB@@A@AAC@A@ABABADAFCB@BADGDGBCFMDGBGB@@CBCBEDEBAAGBA@ABAHAFAB@BA@AAE@CBADCH@D@F@D@B@FCBAFMFIDAB@D@D@D@NAJAD@BA@AAEACAACACACAC@CBABC@A@A@AA@A@CBAFADAFCD@BAB@@@BBDBBDFDRNLHLFHBB@PFD@DA@A@EDCFEJEDCBCDEBA@AB@B@BBBBNHPJFDBDFFDFDHBBB@B@BA@@@A@A@A@AAE@A@C@A@A@CAC@A@A@@@A@ABA@@BAB@B@D@D@BBD@@BB@BDBDDD@BBB@FBB@B@FBD@B@B@B@BBBBB@BBBBDBBBB@BBD@DBB@B@D@DAB@B@@ADAFCFCFAD@BBBB@FBR@J@H@DBBBBBBBAB@BABEDCDEF@D@D@FBDDBHHFBB@DADADAJGFCFAPELEFAFADABAB@B@DBB@DBD@FBDBD@BBDBDDBDDDBDBF@N@JBBDBDAFELKBCHIBGBE@EAC@CAAEIACAA@@BAB@D@FDBBFDTXFFFDDBFDJFDDBBHLD@HANCF@DB@B@BCV@PBHBFJHLFTFDDHH\\dDBHLDFBFBFFBB@B@FBHAD@B@L@HAJEHGDCD@BACAG@CACBEDC@C@CAKKIIMEOIOICA@C@G@IAECEECKEMEGCEGEECEACBCBABBFBFBF@HBL@H@D@DA@A@C@EBAB@LEBCBG@ACI@G@E@C@CA@E@EAAAA@AAACECCAACAA@@AA@@BA@@BAB@X@JCBA@I@M@@@@A@@@@AA@@@@@@@@AB@@AB@@A@A@@@@@@@A@@AB@@A@@@@@AB@@@@@@@@@AA@@@@@@AB@@@@A@@@@@AAA@@@@@A@@@@@A@@@@@@@@@A@@@@@@B@B@DABAHE@CBA@A@C@@AC@ABIBCBCBC@CBABGDE@ADEBC@A@@@A@E@E@M@AAA@A@A@A@C@E@C@EBC@@@A@A@EAE@ABE@C@CBADCFA@ABMBMAC@AAA@C@ADM@A@CAAECECAC@ABAHAJABABCBI@IAEBABAFEJKBC@EAACEGSC_@M@GNcHM@E@K@EDGHEDAFGJSBABABC@A@AAC@AAA@AAEAE@C@ABABA@C@A@AAC@A@EAC@EAC@EAC@AACAAAEAC@@@A@G@C@CAA@@AACACC@@BEFQBMBCVMBC@AACCEAGCEEAECGAECAABAA@@A@AAA@AAA@@@AB@B@@@B@AC@AA@@AB@BAA@@@@A@AB@@@@A@@DAAA@@@ABAB@AA@AA@AB@@@@@AB@@@@AA@A@@@@@@A@@A@A@A@@@@A@@B@@AA@A@@@@A@A@@@@@@@A@@AA@@B@@AB@@@@AD@@@@A@@@@@A@@@@BCB@@@@@@B@B@@B@@@B@@@B@@A@@AA@@@A@@@@@AB@@@@AA@AA@@@@@@B@@@@@@A@@@A@@@@@@@AB@@@@@B@@@@AB@@@B@@@@@@@A@AA@@@@@AB@@@@A@@@@ABA@@@@@@A@@@@@AA@@@@A@@@A@AB@@AB@BA@@@AA@@A@@@A@@B@@B@@@AB@@@@@@@BA@@@@B@@@@@B@@@@@@A@@@A@@@@@@A@@@@@@@@AB@@@@@@@@A@@@@@@A@@A@@A@@@@A@@@@AA@@CBCBA@CACGACBCBC@CCKIIEUCGEEAG@@@@@IBGFCHGBA@CAA@CBEDC@ADG@AEQ@CM]EIGMCACACA@A@A@A@ABG@AAACEAE@@BA@A@@@A@@@A@A@@AA@@@C@Q@AAG@C@@@AAC@A@G@@BABADAD@B@D@DADCBCDCJGBE@E@C@GCGAC@C@E@AAA@EAAA@A@EBC@C@CAAA@@AA@CA@AACAAAAAAA@A@AAAACCAAAA@E@CAA@@@A@@@@@A@@@A@@@A@A@A@A@@BA@@@@@@@A@@BA@@@AAA@A@AAC@CAA@@@A@@@A@@@A@@@AB@@@BABAB@@@B@B@D@@@BA@@BAB@@@B@@@@@BA@A@@@@@A@AA@@AA@@AAA@@AA@@@@AAA@A@@@A@@@AA@@@@AA@@@AAAA@AA@@@A@@@A@A@@BAB@B@@@@AB@@@@C@@@A@@AAA@@AA@AAAAA@@@@@@AAA@A@AA@@@@AA@@AAAAAA@AA@AA@AA@@A@@A@@@@@ABA@AB@@A@@@@@ABA@@BAB@BA@@B@@@B@@@@B@@@@@@@@@@@@D@B@@@@@@@@A@@@A@@@AA@@A@@@@@AA@@E@@@AB@@A@@@@@A@@BA@A@@@A@AB@@ABADAB@@CB@BA@@B@@A@A@A@@@A@@@A@@BA@@@A@@@ABA@A@AB@@A@CBA@@BA@A@AB@@AB@@A@@@@@@@A@ACCC@@@AA@@@@@@@G@A@A@@@A@@@A@A@AAA@C@A@A@A@C@CBA@AA@@AA@A@@@A@A@A@@AA@@A@A@C@@@A@@@A@@@@AA@@A@@@A@@BA@@@A@@@A@@AA@@A@@@A@@@@A@@@AB@@@@@B@BAB@B@B@@@BA@@AA@AA@A@I@UFEBEFEBA@A@CACACAC@A@EBIFADAD@BC@CBC@CBA@A@C@C@ACCCACEEKMECAAC@WCA@CAA@CAC@AAA@@AEG@AAAGECAEEGEICKEICE@AACCACECGCEACA@A@CACCCACEAGAEAG@A@C@CCCAEEAA@AAC@AACCCE@C@MDEBE@CBC@CAGCECEEEICEECWIGCAAAEAEEIA@EAA@@A@A@E@G@CCCCAEACC@A@ABCHGHKHKBC@IAECGACCAEAEAG@EAECKGEAACCAMCKCECCCAC@A@C@GA@@AGCAAAACICC@C@A@CDCBCBAAAAAAEAC@E@AACCIEKCCEKCAIGECICICAAAACCACCACCGAOECCGK@A@A@CBCBCBA@AAAAABA@EDCBGBC@CVaDE@A@ACAAAAAAE@E@MAE@G@EBCAAACMKACCIGAE@MEICC@C@OFIBA@A@GIEGCGIEICGEMAGBCBGLEJIFGBGBGAICGIGECAEASJABBBBDPTBH@FORABC@E@EBGDGBEBGAIAC@CBAFENCDCDADAHBJ@HDFDHDBBJ@H@LAJCFCHAB@F@BDDHLBF@F@BAF@D@DBD@DDDFFBHFLDFBD@BAF@DBHDHFD@B@BA@CBCAIAMAG@EBADCJADA@A@EAC@G@C@EBAB@B@DBD@BABA@GBEDGFADCL@J@J@HCDCBKDEBK@SA[CSEAA@CBEDIBEAMAAKCKEOIEGAG@E@ABCFAF@BA@A@AECCE@E@CDELIBA@AACMKICEAIAA@A@BA@ABA@AHAB@@A@@ACAA@AAAABA@A@@AA@A@@@@@A@@B@@A@@@AA@@@@@@A@A@C@@@@@AB@@@@A@A@A@@@@@AB@@A@A@@@A@A@@@A@ABAAA@A@@@A@@B@@A@AAC@@B@@AB@BA@@@AC@@ABCBA@A@ABC@@@@@A@AAA@@B@@CB@@@@@B@B@@A@A@GAC@GBKHCB@D@HABE@E@AAEMIOGMAAOEAC@AROBC@CA@CAKCA@@C@ICIACA@C@CBEHABABC@A@A@CDEJAPADCBGBG@GACAACCCCAGCIGGEEACEAC@EAC@@C@ABGFKLEBEBCAAACCEAKCI@IACAGCGCC@OB@BAL@BCBG@OAQCC@CCEKIKCCECC@I@EPEHONEDGBGBCAG@K@GBEBGFAD@B@BBBBD@B@BABOLAD@D@L@D@DBBFDBD@B@BA@A@G@C@A@IDA@A@A@ABGF@@KACCA@A@CBGDABAASGMCAACBABAJABCBAASCGAE@ABAD@B@HFHDJ@FADA@ABKCGAS@G@GFOREJCBAB@D@DADEHABCBE@E@@@BDADCHE@KDKBA@A@CAAAABC@EB@@AAGKEACAC@E@I@A@A@@CCMEICCA@K@IACA@@@G@AA@A@GDOJADAD@HCLET@DAREVAHADBFAJ@H@DBBDBBDBH@DCJCD@DBBFDBDBDBDBDDBPFFBB@@BB\\BDBJBLADBDBBB@D@HAD@@@DDDHBDDD@BADABIBE@ABAD@B@BBBB@BB@DEL@B@HBDBBBDBBBBADCJ@B@FBD@BBHBDBBDDB@@B@BCF@B@DCDCBC@C@ECAAA@A@AFAD@@A@A@AAAAAAA@A@ABGDGBE@A@CA@CBGBE@EACAAE@C@A@@CDG@@CCKEGAA@A@AB@BERCHCFAJCHABG@G@EAAEACEKAE@ABA@ALG@A@A@CCCMEOCE@C@EBKHGBE@AAEAEEACCACACBA@CFEBABAAA@@A@MAAAAC@E@CBGBIHCBA@A@CGA@C@C@CBABAFAFAF@@CBKDIDCBCACACEEAEAE@CBWF_LEDCDEBC@A@EAQ@I@GBE@C@AAGCCAABEBE@EBEAGCC@C@CB@BAFADEHSRGJAD@DAFA@ABEBCDADAHAHCDSTCD@FADEFGJGJAL@DBF@D@DC@AAGKCCCAE@C@ABEDKJEDGDGBEDEFCBEBIBIBK@GAECGI@A@C@CCAIAG@E@GDGDG@E@A@KKAC@M@EEGCE@IAIACAAC@EBC@IEIGGIEC@E@@@@@AA@@A@@@@@@AAA@@@@AA@@@@@AA@@@AA@@@@A@AA@@A@@A@KDSBIAC@CCAKACECG@GBE@G@EAAAAAAAC@GBGBE@O@CAKGSMMICEEAE@EBGDGHEL@F@D@D@DEHAD@D@D@DA@CDIBEDEDCFAHBJBJ@HAFADEFADAF@FJPFFDFBF@J@HADCDGFQJQL@D@BDH@B@DGDGAMAKCIKEEGMGOEICCC@EAG@OGCACAA@ADCBABA@@BA@A@@@CACCAAA@A@A@@@ABCB@@A@@@GHGFEBCBEFAD@F@FBH@D@BEFEDAB@H@DDLDL@BADADBFBD@H@HCLADCBC@CBE@IDEBCFCBC@CBCBAD@DBF@NBLDHFJDDDDBD@B@DABC@C@CBEDGDIDE@E@C@C@CBKFCDCBAAEACAABA@EFCFCBA@CBABAD@HDNBFFFHJFLBBB@F@B@D@BBFHDHBBHFDFBDCHCHKJMFQDCDGFSREFADAFADABG@CBSJ@DBRALE\\EVBBB@HANCDABCBIBCD@B@HDHDTVJNBHAXCTBDPXJNLHBD@HCNCDAB@D@HADABCAMEAACBEDAFCBMLAHE^ADCDGFABCZBDDBHBHBDB@DANAFRH@A@C@A@AB@@A@@@ABA@A@@@@B@@@B@B@B@B@@@@BB@@@@BAB@@ABAB@@A@@B@B@@@@@@B@H@B@DB@B@F@DABABBdHBBD@DADEDCB@FCH@@ADKFKLAJ@FBLJTDBJFHDDBBB@DAHAFABC@CBE@AAA@CMACEAA@CBEFILADBF@@@BD@FBB@BFDFBD@DADADA@C@ABADA@C@C@A@ABCDAD@D@LAFADABC@EBSHAB@@AAA@AA@AAA@AAAAA@@A@A@A@A@A@@@A@AB@BAD@B@B@@A@@B@DA@@BA@A@A@A@EACCCA@AA@AB@@CBCDA@ABE@A@C@AACAA@CA@@ABC@@BCBA@AB@BA@@@AACA@A@ABABABABAB@@AB@AAAACAAAA@A@CB@BABABA@C@C@A@@AAAAEAAAAAAAACC@A@GACCC@CACACCCCAEAGEEC@A@A@E@C@A@E@E@C@A@AAAAACAEAC@A@EBCBABADCBCBCBCBA@A@A@CAC@@AA@@A@AAABA@ABABAB@D@FAD@DABABA@A@A@A@AA@A@A@ABA@C@G@C@A@CAAA@BA@@BABADABEAA@EDBA@E@A@A@ABCBC@ADAAAC@C@AAAAAAC@C@C@ABCBC@A@CAA@@C@AACAAECAAEA@AA@@EB@@ABABAB@B@@@B@DGBEBE@GBEECICEACBAF@FAH@FBHBJBHA@E@A@AAA@@@AAA@A@ABABABA@ABA@C@E@A@CCAAA@@AAAACCAKGGCA@A@QG[QGGEAEACACBCBCACCCEAACAGAUMeYGCC@E@CDEJKDIBI@C@CFAD@DAFIHCDUHA@GAMEG@G@EBEBGDGLKLGJABGBKBE@ABCD@D@DBDZPFD@@@B@DCFEDGDKFGBK@IBEBEDCFAF@H@HABADIBGHKFEHEDQHIDQP[REFGPAJADCBKBCDEDGDE@KCYMGCG@I@I@ECCAQO@A@E@CBC@CAEEU@E@C@CEEEAA@CDC@A@IAaCG@GJEXGNK@G@UCKEE@gVEH@DKNEFG@OBCBEDCBA@C@AAAAACGCEAGAWAKKKUDYBC@A@KGKUEMDILIPKFM@iBGBWBQCMMMKSCCJB\\CHKBSCSI_S]GaIUKQKGGIBACEIBECCECICG@IBKBEDGFKDABBH@DCL@FIASGEGEIEAKBG@GFGBG@EBIDAB@FADEBGBA@gAMDKJQNSDQJW@]DSBA@CBADABMFCDEAAACDMHCBC@A@CCAC@ADCBA@CACEGCGOM@@CBEDABEDC@CAGAEAE@C@@@C@GCEACEA@C@A@CBEDEFCBC@A@CAAAACAEAECACAGAE@C@ECOMECAC@E@CDEDCDC@A@@A@C@GBEBKHEBEBGDC@GDCB@@AB@BABADADABCBIDOFGBGBAE@AAC@CA@A@C@ABC@EBODC@A@IAEAA@AAAGAGGICC@@A@@@A@CAC@E@C@CAAAAAACCAACCAAC@AAC@CAC@A@A@E@C@CB@AA@@@@A@A@CBABABCF@@ABAB@@A@@@@@@AA@@@@@AA@@@@@@A@@@@@@@@@@@AB@@@@A@@@@@@@@@A@@@@@ABA@CDCBABC@ABC@AB@DA@@BCBCBA@@@ABAB@BA@@BABABABC@ABABA@CBA@A@@@AB@@@@ABA@@@ABA@A@A@A@A@@B@@@@@@@B@@@@A@@@@BA@@@@@A@@@@@A@@BABA@AB@@A@@@@@A@@@@@A@@@A@@@A@@@A@@@AB@@AB@B@BAB@BAB@BABABABC@IBABABCBA@CBA@EDABAFAB@B@D@B@@ABA@@@C@A@ABC@A@ABC@A@ABCBA@ABC@ABA@CBA@UC@@AAA@E@AAC@CAEAAAC@A@A@C@CA@B@@@B@B@@D@@@@@BB@B@B@@@@B@@@B@B@BB@@@BAB@BA@@@A@@B@@BB@B@@@BA@A@CAA@AB@B@@@BB@@@@D@F@BDB@@@B@@A@@@AA@A@@A@@@A@@@A@@B@@@B@BEBCB@@@@ACA@AAA@A@@BBB@@A@@@A@AAA@@@A@ABAB@@A@A@A@@@@@A@@@AAAAA@AA@@@@@@@A@@A@A@@@@A@@@@@AD@@@@CBA@@DADAB@@@B@DDB@@C@@B@BBB@B@BABA@@@A@AAAAA@A@A@@B@B@@A@@A@A@@AA@@A@@A@@@@BCA@BBDBD@@@@@@A@@@A@AAAA@@@A@AB@@CB@@@AAAAGA@@@@@A@A@AB@B@@@BBB@FBD@BB@B@@B@@@BABADA@@@@@AA@AA@AAAACAACAA@A@CBABKFABABCD@BABABABE@ABABADCF@FADABC@ACECE@MFKFGLKJGFC@@BC@G@C@A@CDCB@BBD@BBBBBBBB@BD@@@F@BCBA@A@A@C@E@CBABA@@BCBA@A@ABABAD@BBD@DBFBB@B@B@BBF@D@B@@ABABADADAD@D@DABA@CACACAC@ABGBCBAAGCA@C@AAA@CGCCAAAACAA@EAAAACC@GG@@AAGCC@CBA@A@@AA@@@ADA@@DADADABA@A@C@A@CAA@GA@B@@CB@@@@BB@@A@A@@@@@@B@@@BB@BBDB@@BB@B@@@B@@SFA@IBCB@@AB@J@DABA@ABAB@DAFAF@BAFGHAD@BAFABCB@BAB@FABA@CBAB@BCBCBM@SCMESIaEQAQFQLGRINCHOHWCa@KFMFSH[TIHQLQDSJSPOZQLSPOFQ@ULeLIDMCIGGKQEGLALDT@@CNMBMGQGOSMOMIOGKIKEIBMFMHKLQNQPKNCRAFCNDNQTIVCDKHKFEBABA@ONEBEBABCDAD@D@BEDCBEBAD@DD@DDBF@DADIACBAHEBA@C@AAG@GBIAGBC@CBABEFCBCBCBCD@BBDB@D@DADAB@@ABABAFCFEBBB@B@@BAB@BEDAB@@@B@B@B@BB@B@D@B@@AB@DEBAFCDAFCD@BA@BB@BD@DDBDFBDDBBB@B@B@B@B@DAB@D@FBDBBBBDBB@BBBD@B@BABABABEHAB@DABABA@CDABA@@AA@@A@A@C@CBA@@BC@AA@CCAAC@A@A@A@A@ABE@CA@@AC@@BE@@@AACCCA@CAG@C@A@A@@BA@A@@BA@A@A@A@ECA@ABA@ADABC@EDABAA@BAD@B@BABAH@B@D@@CDADA@ABA@@BAB@@DD@D@B@DABABCDAB@BADCF@@ABA@ETIPETINKDOHOFgFOBGDMFIJMFMFE@KFEDAFDXCNBH@JAHGJEDEDGAECEEEECGSOK@EHAHBJBFFLARENGRBNDNPXLFFBLHLRCNERIVIPWTMHCNFLAJEFIFQB]DuBK@MCSGOCIF@NFHNJJFNHRBHBVJBNEPKNMLAD@DADBD@BBDDFAFGDEDGDA@A@A@CDABA@C@A@MFUNQNAB@N@BAB@BA@AB@@@@@B@B@@@@BBBBBB@B@B@BICCAAAAAAFGDKBIFKPEJGFKDO@OCUKMMSSIAEHPTBBXXCTIPIDGFQFABCF@DCDEFA@A@ABA@C@ABABADCD@DAB@BADABABABC@A@A@@@ABCBEBA@CBABADU\\D@DAD@BABCDA@DB@BD@@ADCDEFABCB@DCDA@@BCD@B@@BBBBHBDBBBADABBB@BDBDBBBBDBD@B@B@B@BAF@F@B@BB@BDB@J@HDANE@IFCLFJFBXBVJHL@FCDCFEJ@LDLDJ@LAHEJKJIRAJ@RIRCFGTGNFHFDJB\\PHTDN@D@TADDXANALELCF@HCFEHIFOJAFBD@FBBAB@F@FHJBFBDBDAFAFIZCBKHADCDEDMJEDKNIJEBGBE@IACAABEFEFEHCBQDUFUFG@CBCFEDGBG@G@GAKBABCFKNGJGHEFABEBIDMDABGFADEHAF@FABCDGDABCDAH@B@DBDDFDDBB@B@B@BAD@DBBBBDDBB@DADCBEDIPCFCHAH@F@F@L@DADCBGBEDAFAFCFAFCHAFA@C@C@C@CBCBGF@D@BBF@DABABAF@DABEBE@C@E@ECE@IBMFA@@@AAAAC@A@EBE@EDIFMFADAD@HAFADEDCDELEJABCBC@IBI@A@EBC@GBC@A@IHADABEBEBA@CDCF@BC@E@GAECGECAEAC@E@CBEBABC@A@AAEAAA@@ABABABGBEBI@AB@@AB@D@DBJ@B@B@J@BABE@ODA@@@AHADADGFGDCD@B@B@BBDBD@BBH@BBBBBFBDBD@DBD@BDFBHBB@D@B@D@J@H@DBBB@B@BADCFCD@B@B@BFFBBB@F@DBBBHHDBHDNFF@JBN@HBDDHLDF@BCBADADAH@B@D@D@B@BA@EBSBIBC@ABAB@B@DBF@F@HAJ@HABCDINEFABAB@B@B@B@B@@@BCFAB@@@@A@ABA@A@ABABAB@@@DBB@@B@@@DB@@@@@B@BA@AB@B@@CDA@AB@DA@@BABCBA@A@A@CA@@A@AAAC@@@@DE@A@C@@CACAE@K@I@C@C@A@A@C@CAA@AB@B@BBDBB@D@FBB@D@D@B@@C@GDABA@BB@@@@B@B@D@DBB@AB@B@BA@@@B@@B@@@@@@B@@@B@@@@@@@AB@@@@@B@@@@B@@@@B@@A@@@A@A@@@A@@B@@A@@@BB@@@@B@@BB@B@@@@@@@B@@B@@@@@@@B@@@@@B@@@@@@@B@@@@@@@@@@A@@@A@@@@@@@@@@BA@@@B@@@@B@@@@@@@B@@@@@@@@@B@@@@@@B@B@@@@@BB@@@B@@BB@@@@@@@@@BB@@@@@@@@AB@@@@@@@@A@@@@@@@@@@@@@@BB@@@F@@@B@HCbCJAF@BBHFFFBPFNFDDDDBJDH@@D@DBBBFFBBBD@BABCDAB@B@@HDLJJLDJBJCDGLCBMDCBCDCFA@E@IAI@G@KFC@E@IAA@@B@FBDDF@D@BA@GBIBK@C@EAC@ABGDC@EAAB@@ADABCD@B@BBBAF@FCJCDC@EBCBCBG@G@GBIBCBCAGCEAE@CBKJABCDCBEDCDEDGBIBKBE@CDCBODKBK@EBIBABCD@BDJDBBD@BADGHEF@D@FADCDCDEBA@@DBDBL@DFFD@F@FAD@FBFBF@DBFDDFFHDFBBD@DBBB@DDDFJBD@B@DBDBBBAHAHCF@N@J@DBBD@BAD@DBDDJ@F@JAFAFCDOHCBCDAB@HAHAFEPCDCD@FAHABADAD@B@FBHBJBFABEBEBEACACCGEAACAA@IBMDYJMHULGDAD@D@B@BB@@B@B@@@@@@A@@@@@@BA@@@A@@@@@AB@@@@@@@@A@@B@@A@@BA@@@@@@@@BB@@@@@@@@B@@@@@@A@@@@B@@@@@@@@@@A@@@@@@@@@@B@@@@A@@@@@@@@@B@@@@@@@B@@@@@@@@@@B@@@@@@@@@@@@@@@@@BA@@@@@@@@@@@@@@@@@A@@@@@@B@@@@@@@@@@@@@@@@@@@@@B@@@@@@@@@B@@@@@@@B@@@@@@@@@B@@@@B@@@@@@B@@@@@@@@@@@B@@B@@@@@@@@@@@@B@@@@@@@@AB@@@@@@@@@@AB@@A@@@@@@B@@A@@@@@@@@@BB@@@@@@A@@@@B@@@@@@@@@@@@@B@@@@@@@@@@@@A@@B@@@@@@@@A@@@@@A@@@@@@@@@@@A@@@@@@@@B@@@@@@@@@@@@@@@B@@@@@@@@@@@@@B@@@@@@@@@@@@@@@B@@@@@@@@@@@BA@@@@BA@@@@@@B@@@@@@@@@@@@@B@@@@@@@@@B@B@@@@@@@@@B@@@@@@@@@B@@@B@@@@A@AB@@@@@@@@@@@@A@@@@@@@@@AB@@@@@@A@@@@@@B@@A@@@@@A@@B@@@@@@@@@BA@@@@B@@@@@@AB@B@@@@@@@@@@@B@@@@@@@@@@A@@@@@@@@@@@@B@@@@@@@@@@@@@BA@@@@@@@ABA@@@@@@@@@@@@@@@@BA@@@@B@@@@@@@@@@@@@@@@@B@@@@@@@@@@@@@B@@@@A@@@@@@@@@@@@B@@@@@@@@@@@@@@@@@@A@@B@@@@@@@@@@@@@@@@@B@@@@B@@@@@@@@@@@@@@@@B@@@@@@@@@@@B@@@@A@@@@@@@@@@@A@@@@@@@@@@@BB@@@@@@@@@@@@@@A@@@@@@@@@@@@@A@@B@@@@@@@@@@@B@@A@@@@@@@@@@B@@A@@@@@@@A@@@@@@@@@@@@@@@@B@@@@@@A@@@@@@@ABA@@@A@@B@@@@@@@@AB@@@@@@@@@@@B@@@@A@@B@@@@@@BB@@@@@BA@@@@@@BB@@@A@@@@@@B@@@@@@@@@@@@@BA@@@@@@@@B@@@@@@@@@@@B@@@@A@@@@@@BB@@@@@@@@@@@A@@B@@@@@@@B@@@@@@@@@@@@@@@B@@@@@@@@@@@B@@A@@@@B@@@B@@@@@@@@@B@@@@@@@@@@@B@@@@@@@@@B@@A@@B@@@@A@@@@@@B@B@@A@@@@B@@@@@@@@@B@@@@@@@@@@@@@B@@@@@@@@@@@@@B@@@@@@@@@@@BBB@@@B@B@FBBDJBDDDDBDB@B@DBB@BDDD@B@@@B@TLTHHBFB@D@D@HAB@@CAECGAO@UBKDGD@B@DHLHX@DBBHTjMPGRCRBJFPNTTLPLDNBPA^MZOVMTMVKPCNDVHfPdPbHHBJAzBL@EH@bAFBFFfnBDBBPLJLBJFDJDD@J@PCB@PED@PKJGDAFCPMNIR@HBB@JFDBJFTFL@NBP@F@HDRHNPRXJNRbJZ@`CTBFFHJBJ@L@VINKX[DCJ@JDVN`RBB^RZNJD^L`JfD\\D\\BN@HFDDDRFTNXNTLLNLJDH@HCDCJIFCDCF@D@L@HBH@JALAFABCFEDEDCFAJ@J@HDFDDFBHJTDHFHFDFBF@NERIJGJCFADBFBPJHDJDJDH@FBLFJHJHDBF@D@FADABCDEDCFAFAD@DAD@H@B@BAF@DAD@DAH@DAB@BAB@@@@BB@@@BAD@B@B@DBFBB@DBBBDFDBBBBBDBBBDBB@D@B@B@B@BABBJBFBB@BBBB@BBBFHBBB@DAF@F@FADAHCDCFEFCB@D@B@B@LAJ@HBFDD@F@F@F@FBD@BDHH@DBB@BD@BBB@B@D@BBDDJHBBDBDBF@FBD@LDF@H@LAFADA@A@CDCFADABAFBB@DDDDLFBBDD@B@B@@@BD@DDDHBLBF@F@DBBABBH@DDDBBJFFBBBDBB@FBFAFBBBBBBHBBDNBDAB@H@D@@@BDBB@DAB@BBDJBDBBDD@BDBDBFFBDBBDDDBLBB@BAJ@D@D@DBLHLFBBDBBBBBAD@BABAB@BCH@B@LADADADCDADCBA@ABCDAB@B@DBBBBDB@@B@HBP@D@B@B@B@B@BBFFDFDFD@H@D@D@B@DDBBB@@@DDDBD@DAB@@@NBHADBH@B@D@D@B@@BBB@B@D@B@B@@FFFDD@LBLAD@FAB@D@@BDBDBB@BDBBBB@B@D@D@BBBDBD@B@B@BALCD@B@B@B@DBD@B@DBJHBDBDBFBHBF@D@DAF@D@D@BAD@B@B@BBBDDFDFBLBH@VDH@FBTBJBB@@@DD@@B@@@HADAB@FAFCFAFAB@B@DBHFFFFDB@DBD@B@BARKFABAB@BBFBDFDDBDDFDBF@H@FAF@R@HAHAHAFCDCDCFGDABADAD@BBD@JBD@D@D@D@LCJCFB@@BBBBB@DBF@D@DABA@@@A@A@ABCBABCFCDAHCD@DEBCBEAAHBF@DCDAD@DBRXBHAF@J@HBH@FMVAHBJFPH^H`@B@BI@ABAD@BBBJJ@DBDADELUdKLINAH@HDFLHHBNBHHJHVJFD@FADAD@FBPAHMZCNEFOHGDA@@B@BBBDDBD@DPCRAJBJBDBF@HALCJCLAD@B@BA@@B@@@@@@A@@@@@AA@@@AA@@A@A@@@@@A@@@@@@@@A@@@@@A@@B@@@BA@@@@@AB@@@@A@@B@@@B@@@B@@@@A@@@@B@@@@@@@@B@@B@B@JDFBNFB@F@NCZENARARGRGTC\\@FAHMACCCAAACB@DALAXCLAFBHDXFbBJ@FDBBPPDBJ@DABACKUgCECEBEB@J@LDNDH@JAJAF@HDF@JCL@R@HBJBRAHBJFRPLNJFL@JALCL@LALCVETGNEDBFDDDH@HALEJCBABBFFBBBBB@JEHAFAVMD@DBDBRDRBB@F@HEJEPGDAHAF@D@BB@F@FBBFBDBJ@H@PBXBF@FCNAF@D@LDPFFBBBBBAFCNABABKBI@IDAD@DAJDFJFFFDFJDD@BABACK@C@CDI@AB@B@DNDJDBBBDAHABCDI@K@CBAB@@@B@D@B@@ABABAHAJEDET@BE@GXQFAR@BC@AIIAOLWBEF@FTJTLFHBJ@B@HCBADADAFAHAB@BB@@B@@@H@DAF@F@B@DDHDFHFHBHBDFBBBBDBB@D@@ABAD@D@D@@FDDBBBB@D@D@D@B@BB@@BB@@FDDF@@B@DBDB@BB@DD@@@B@BBDBD@@BB@@BBD@B@D@JALADA@@B@D@B@@@B@D@D@DADADAB@B@B@BB@BB@BA@@BC@A@C@AB@DADAD@BAB@D@BAB@J@H@J@D@@BBBBBB@JBDBB@B@B@DAFAD@FAD@FBFBJFFBDBB@@B@BB@BBDDDDDDBDBD@D@B@BB@@DBB@B@BABAB@BAB@@@HBDBBD@D@D@HBD@HDDBDBJDDBDBD@D@DADADCB@B@DAD@B@BAB@@@B@B@@@BB@@D@@BB@BDBDBB@D@B@D@FADADAD@BAB@B@@A@@AAB@@@@@@A@@@@B@@@@@@BB@B@B@D@B@B@B@B@H@J@J@DADBB@@BBHFFDBB@B@@ADABCJ@B@@BBFBBB@@@B@B@@BB@@@@BBB@BAB@B@B@@AB@BAB@BA@@@@BAB@@@B@@@B@@@@@B@B@HAFAB@B@FBB@DBBB@@B@D@B@BBB@B@DBD@BAJALCHCHABABAB@B@B@BBBBD@@@FEBAB@DADCFEFEFAHAHAD@@@BAB@B@D@BBFDDBFAB@DALEHC@ADA@@D@B@B@FBBBDBF@D@BBB@@BBB@D@BCHAB@B@B@@DBD@HBB@B@@@D@@@@B@@@BAF@B@B@B@B@BBB@B@B@B@@ABA@@@@B@BB@@BB@@B@B@B@@B@B@B@@@B@@AB@@@@@B@@B@@@B@@@B@@@@@BB@AB@@@B@B@@@B@@@@@BB@@@@BA@@@@B@@@@@B@@@@B@B@@@@@@@@A@A@@B@@@@@@AB@@@@A@@@@B@@BB@@B@@BB@@AB@@@@A@@@@B@@@@@B@@BB@@@@@@@BB@B@@@BB@@B@@BB@@@@@B@@@@@@A@@B@@@B@@@@@@@B@@@BB@@@@@@@BA@@@@@A@@B@@@@BB@@B@@@B@@BB@BB@B@@@B@@@@BB@@B@@@B@@@@@BB@B@@@B@@@@A@@@A@@@A@@@@BB@@@BB@@A@@B@@A@@A@@A@@AAA@A@@@AA@@@@BA@@@AB@@@@AB@BA@@@AB@@@@B@@@B@@@B@@B@@@@@@@BA@@@@@@BB@@@@B@@A@@@@B@@@@@@@@@@@@@B@@ABA@@@@BA@@@A@@@@@A@B@@BB@B@@B@@@@@B@@A@@B@@AB@@BB@@@B@@B@BABAB@@@@A@@@A@@@A@@@@BBB@BBBBBBB@@@B@BAB@BAB@B@@@@@BA@@B@@@@A@@BA@@@@@@@@B@@@@A@@@@BB@@BB@@BB@@@B@@@@@BA@@@@@@@A@@BB@@@BBB@@@@B@@A@@BC@A@@@@@AB@@@@@B@B@@@BBB@@@@@BA@@@@B@@@@@@@@B@@@@@@@@@B@FAB@@@BB@@@@ABCD@D@@DBBHALBJ@DC@ABB@BBR@H@LCHBLDHDPDHAD@DEB@D@B@B@DAFGFC@@BABABAD@JBB@B@BABA@@@C@ABADAB@D@HBJ@B@FAFANELEHAB@BBBB@B@BADCDEFCB@B@JDLHDFH@JFBFGFKF@LD@HCHYJMBO@@DBDXPJDNCJODCH@ZAL@BBB@@BB@@BBBBDB@@B@@BD@@BBB@BB@BB@H@B@BA@@D@B@B@DB@@BBB@@BBB@B@@B@@DB@@@BDB@BBBBBDFFBFFLBBBBFDB@DAD@BBD@B@B@B@B@FFJFDBDD@@B@BADABC@@B@B@B@DBD@@BB@@@BABABA@AB@BABA@@DAF@DBHBFBBBBBB@B@D@@@@@BABBBBB@B@BBDB@@J@FBDBD@@@DBB@TFLIF@X@DH@FSR@BDDFLFPCH@LDPNPTPNLFNF@D@DBDBBB@@@B@BAB@B@D@BBBB@@BBBBBBH@@BH@B@BB@DBD@F@BBB@BD@@@BAB@@@BAB@BADA@@B@B@F@B@DAD@BA@@DABA@@DABAB@DAB@B@@@B@BBB@B@BAB@BBB@@B@BBB@BBDBDBB@D@@AB@@A@ABA@C@@@ABA@A@@@ABA@ABAAA@AB@@ABAB@D@B@BBB@DBBA@@@I@ABA@A@@BA@A@@DC@@BAD@B@B@DAB@H@B@BAB@H@F@J@B@B@B@BBD@D@B@DAB@DAD@HBBB@@BDAD@B@D@B@B@L@D@H@@@B@B@@AD@B@@CBAB@BAB@@@D@DADDDFDAFORULUFA@@B@@@D@BB@DDDB@@DBBDBBBH@@AJINITGRANLVHJFV@JAFA@ABABADAF@B@D@B@BA@A@AA@@ECC@A@A@AB@BA@@B@D@@@BBBBBB@DBB@BBB@B@DBB@F@D@F@F@B@@FA@ABEBA@@@CBABCDA@C@A@@AC@A@A@@B@FFHADGBCD@HFHF@@@BAB@NAB@BAB@FBF@B@DBB@@BB@B@BBBBHDLDLAJKNCRHJHDLMZKLABEHETFTFPFVFVLRA\\ATCLANENBNODCHAF@NBLJHLBXCPCVGNBPLBFBHINIHIJ\\FHHGJKBS@QDSJBPNNNF@BB@D@DBB@JDDF@D@DCBA@CBADBBDD@@@HAJIN@F@F@F@DABABCDC@C@CF@B@@D@F@@DAL@@ABAFA@CACBAFABABABGDED@BBBDBB@H@JBD@@C@AFAB@BBBB@BD@@@@A@CBAB@NBD@FAB@JBDBB@DD@BB@BEB@FFH@BD@D@@C@C@@@CB@BA@AAA@@BBDADADAB@BFFBBADMBABADA@CBG@IACAAAA@ADADAD@BBB@BABG@A@@B[FGFADEFA@@B@BDBB@BAH@FAD@BB@@@B@B@BB@HADAB@DBdHHBDBBB@BAB@BIHKJAB@B@@FBBBDF@@BADCBBB@BDB@HADAB@@BCBAH@FCDCHA@CBGBEBI@CACACCCCAAA@CB@BBBBD@FBDDDJBB@DBHBFDFDHFFDBDBD@JABADAD@D@FDHBB@@B@D@D@BB@B@DB@B@FBD@@BBD@FADCF@DCF@D@F@HANCFAB@BBBFHDBFBL@DBBJLNJNCNKTBN@N@BBHBH@@B@B@@@B@@A@AA@@A@@AA@@AA@@@A@@BA@@B@B@D@@AB@@@BAB@@@BB@@B@B@@BB@@BA@AD@B@B@B@BBB@@B@BBD@B@BBD@B@D@BAB@@@BA@ABA@@@AB@BC@ABABAB@@@BAB@B@BAB@D@B@@@B@B@@@B@BBBD@@BBBB@@B@@@B@@@BABA@A@@@@AC@@AAAA@@AA@A@@@A@@B@@@B@BAB@BBF@D@B@B@@@BAB@BAB@D@B@B@@AB@BABA@ABA@CB@@A@@@C@@@AB@@@B@B@@BB@B@@@B@@@@@B@@@BA@ABABABA@@BA@@DAB@D@D@D@DBB@D@B@BBB@B@B@B@BBB@B@B@FAB@FAF@DAHADAD@B@B@BBB@@@@B@BCBABA@ABC@@@ABA@@@@B@@AB@BA@@BBB@@@BAB@B@B@DBBBBBBD@B@DBF@DBD@D@B@D@BBB@B@B@D@D@B@B@@@FB@@B@@AD@DAB@B@@ABABE@ABC@@BAB@@ABAD@BA@@@@HEJSFQ@EFANBNDLDDD@N@@BBBB@D@@@BA@@B@B@@@BB@HDB@D@B@FAFA@@B@@@B@D@BAB@D@@@BB@BBB@B@B@B@@B@@BBB@@@B@@@BC@CBC@C@A@A@A@A@A@@BA@AB@BAB@BBD@BBBBBD@BBBBB@@@B@@@D@B@@@B@BAFCDABABCBCBCBABC@A@@@A@CA@@A@@BA@@DCDA@@DCBABCBABC@ABA@A@EBCBA@ABAB@DAFAD@DAB@@BB@@B@B@BA@AB@BAB@BAB@DBDBDBBDBD@D@B@@@B@@BB@@B@B@BAB@@ABE@A@A@A@@BA@@B@B@B@BBD@@@B@@CBABA@A@A@AA@@@AAAA@A@@@C@A@A@A@@BAB@BADAD@DAD@B@DBB@@BBB@D@D@FAJEFADADCDABABABA@A@@BA@@DABAB@@@@@BA@@D@@@BBDB@@BB@BBDAD@D@@BBB@FB@BB@D@B@B@B@BADAB@BABABCBC@A@A@A@A@C@A@AACACCCAAAAAA@A@A@A@A@CB@@@B@@@@BB@@B@@F@J@DBD@@AD@BAB@B@BBDDDB@BB@D@D@BA@@BABA@CBC@E@AB@BA@@@@@@BA@@@@A@@A@@A@@@AA@AAA@@@@@@AA@@@@A@@@@B@@A@@@A@@@@@@@AA@@@@A@@A@@@@A@@@A@@@@AA@@@@@A@@A@@A@B@@A@@@@B@@@@AB@@A@@@AA@@@@A@@@@A@A@@@A@@@A@A@@@A@A@A@@@A@CA@@A@@@@@B@@A@@B@@@@A@@B@@@B@@@BB@@@@B@@@@A@@@@BA@@@A@@@@AA@@@A@@AA@@@@DA@A@@@@@A@@@@@BB@@AB@@@@@B@@BB@@@@A@@BABA@@@@HE@AB@@A@@DA@AB@@@@@@A@A@@@A@@@@@AB@@@@AB@@@A@@A@@@@@@B@@@@@@A@@@@@@@A@@@@@@@@@AB@@@@@@@NGHAB@@@D@B@B@B@B@B@@@BA@@B@AA@@@@BAB@@B@@B@@@B@B@@@@B@BBB@@@@B@@AB@B@@BB@@@@@@B@@@@@BBB@@A@@BB@@@@@B@@@@@@BBAD@B@@AB@@@@AD@B@@@B@B@B@D@@@BA@@B@B@@@@A@A@@@B@@@BB@B@B@DABBB@@@D@@@B@@@@BB@BABA@@@@B@@@B@@@@B@@@@B@B@@@@@@@AB@@@B@B@@BABAB@B@B@@@@@@BA@A@@@@B@@BA@@@B@@AB@@@B@@B@BA@@BB@@@@AB@@@@@@@BB@BA@@B@@@@@AD@@@@B@@@BA@CB@BA@@B@@@@@ABB@@@@@@@@@@@BB@@@A@@BB@@B@B@@A@@@BB@@A@@@@@AB@@@B@@A@AB@DAB@BA@@@A@@@@B@@@@@@@@A@@@A@@BB@@@BB@@AFA@@@@@@BA@@@@@A@@BA@@BB@@@@BAB@@@@@@@DAB@B@B@@@@@@@@A@A@@@@@@BDBFB@@A@@BB@@B@@@AC@A@@B@BBB@DAD@BADA@A@A@AAE@ACA@A@@A@@@@@@AA@@@@@B@@@@@@A@@@@B@@@@@AC@@BA@@AA@AB@@AAAAA@@@@A@@A@@@BA@@A@AAA@@B@@@@BB@@@@@@@AA@@B@@@B@@@@@@B@@@B@BB@B@@A@@A@@@@@@@BA@@@@@AB@@@@@@@B@B@BB@A@@AAD@@@@@@@BB@@@@B@@@@@B@B@@@@BBBBB@@@@@@@BB@@@@@@B@@B@B@@AB@@@B@D@D@B@@@B@BAB@B@@@@A@@B@BAB@@BB@B@@@@@@BB@@B@BBBBB@BBD@BA@@@@DAB@B@BDF@@@@B@@@DF@D@@ABDJ@@B@D@D@BCF@B@B@@@B@@@D@AABCBCJGDCFKBCDAD@B@DB@@DBFDFD@BBBBD@BBBDBB@DAD@HCFCDA@ABAHCTCNE@CBAF@JA@@BBB@D@H@F@@@@BA@@B@@@BB@@BB@BBB@B@BBFADAD@BABAB@H@@FBF@DL@TA@ED@@A@A@IB@BAFA@AD@@CB@@GB@@E@@@GFAHCBD@BHA@GB@NAB@DANANALDVBHMBMHI\\EXATBPCLEHIHKLKNIRETA\\@dGROFG@@DAFAAADA@@DABB@@@CB@@DH@LA@EH@@EHA@CF@@AF@@@JA@G@@@E@@@AB@@AF@@A@@@@B@@A@@@@@@@AC@@@A@@CA@A@CBAKAADAB@FCBBDBBABDJA@DB@@BF@@B@@BA@ADA@BB@@@B@@A@@BF@@@DDB@CBB@DH@@CJ@@EFABDHA@BF@@D@BLB@DB@@B@@@HFB@BB@@@N@@DLA@BB@@BR@\\A@CH@@DTABJBFJ@BFH@AEJ@JA@AD@AEPABB@FF@@FDB@BH@BB@@BBFJNA@CDA@@HAB@ACDA@AD@ACDACC@AD@AAB@AAJABA@ALAAEFAAKB@LABHL@BJH@@@J@@AH@ACJA@DL@@DB@@BBA@CFAAAF@B@@CB@@@J@JC@AJABDDA@FF@BFD@DABDFA@AB@B@@DH@@AB@@A@AH@@@@@@AP@BRC@BBA@BJB@@DF@B@F@ABF@BDNA@@B@BFBA@@B@@IF@BB@BNA@BBA@@B@BBB@@CB@@@@@@@A@AEJAHBL@@BJA@@DA@@C@AICK@@EQB@A@B@AEB@DC@AB@BEDEJEHCDGDK@GI]G]EO@A@AB@@@DABAD@@@B@DBB@D@F@D@BBBB@B@B@DBBBBB@DBB@BBBBBDBBD@B@D@B@B@B@BDBDBBB@B@D@B@HBB@BBB@B@BBB@@@BAB@BA@@BAB@DAD@B@B@B@FAH@F@B@BBB@DBDBDBHHDDDDJJFDBBLJJJHHHHDBFFDDDBFDB@@B@B@BBFABCJ@HBHHZ@F@FADAH@FBFRXFDFFFBH@ZEbIH@DBBDBTBNFRDHFFHDJD^AH@NCHCFG@CAC@CBAFCNAHAJDF@H@BDBABB@@B@D@@BB@BFD@@DFA@FD@@FB@@@@@@BB@@BC@@FB@BBFB@C@A@@@B@@@AB@@@LB@AK@@AFB@AE@@@@@@A@@@A@@@AB@ACB@@BDA@@JBFAJEJEPCVIPIV]FSBEDGNQHKFCJETCHAFCBE@IESCG@C@ELQJIJCLAJALFHBB@HCFAD@LFVJLHHHFLDXBJBDDBR@H@DBDFBFD@@@ADBB@@BDB@BDA@@BBBGFB@AB@@B@@@D@BH@@BDB@DJ@B@@D@@@A@@CA@@CDA@CB@@A@@@A@@ACFAA@CCAAAA@CDB@CB@@CF@@@DAFAJBFDLNDDFBJ@JAF@FBBD@F@RBLBBDBHBLABABWBCFGFCLAJA"]],"encodeOffsets":[[[113686,34275]],[[113699,33975]],[[118283,33248]],[[115440,33134]],[[118278,36761]],[[116499,33059]],[[118256,37017]]]}}],"UTF8Encoding":true}