{"type":"FeatureCollection","features":[{"type":"Feature","id":"500000","properties":{"name":"重庆市","cp":[106.504962,29.533155],"childNum":10},"geometry":{"type":"MultiPolygon","coordinates":[["@@@A@ABCDADEBAB@CIIHCDCFCF@BLB"],["@@@@@@@BA@@@@@ABAB@@@@@B@@@@@@@@B@@B@@B@@B@@@@@AB@@@@@@A@@@@@@B@@A@@@@@@@A@@@A@@@@@@AA@@"],["@@A@A@@BA@AH@B@@@BDFHK@A@A@@CC"],["@@@@AA@@@@AAB@@@@@@@B@@@@@B@@B@@@AB@@@BGABC@C@C@C@CBBF@DNA"],["@@A@@A@@@@@@@@@B@@A@@@@@@@@@@@@BB@@A@@@@B@@@@@"],["@@A@@@@@@@@@@@@@@B@@@@@@@@@@@@@@@@@@@@B@@@@@@A@@@@"],["@@B@@@@@A@@@@@@A@@A@@B@@@@@@@@@@@@@@@@B@@@@@@@@@@@@@@@@@@@@@"],["@@EE@@@@@@@@A@@@@FB@DABB"],["@@B@HDJBHDFDBB@B@B@DDDFFHH@B@BMJCDAB@DB@BBBB@BABCBA@@D@BDDJRBBD@V@B@DA@ABC@ADAD@BB@B@BADBDDD@@BBBBBBB@@BBBB@@B@@@B@B@@@B@BEBAD@FBFFBD@FADAFBNFHDDDBFBLBDFDHFBBBBBDDDDBBB@BDBBBDDDBBBB@DBBBBBBBDBDDDBDDBBDDBBBBBBBBBD@@BB@@BDBB@BBBBBBBBBDBBBB@@BB@@BDB@@BB@BB@@BBB@B@BB@@BB@BBB@BBBBB@BBBB@BDBBDBBBBBB@BBBDBDDBBBBB@BBBBBB@BBBBDBBBB@BBBBB@BB@BBBD@BBBBD@BBBDDDDB@B@@BBD@BBBDFBB@BB@@BBBBDBBBBBDBDBDBBBDBBBD@BBDBDBB@DBDBD@D@BBFBB@FBFBDBFBBBDBDBBBD@BBBBD@@@B@BBBBBBBB@@BB@@B@B@BBB@BBB@BBB@DBD@BBD@B@BBDBBBDBDBDBBDBBDBBBBBBBBBB@BBB@BBBBBBBDDB@BDB@BBBBDBBBDBBBB@@@DBBBDDBBDBBBBBBBBDDBBBBDBBBB@BBBBBBBBBBB@BBBBB@@BB@B@B@B@B@FDD@BBD@BBD@B@B@B@BAB@@@B@B@BAD@BBDB@BBBB@B@B@B@D@D@DBDDDBBBDBB@B@BBB@@@D@@@B@B@BBB@BB@@B@BBBBB@B@@BB@B@BBBBB@B@@BD@BBBBBDDBBBDBB@DBBBBBBBDB@DB@BBB@B@BBDB@@BFB@BB@@B@B@@BDBBB@BBBDDB@@DBBDBB@B@BBB@BBBBDDDBBBDBBBDDDBBBD@BBD@@DD@DDDDADABABAFABAD@BBDBBBDBDBDBBBD@BBBBBBBBBBBBBDB@DFBBABC@CBABCDEDCDCDCD@BBBDBF@DBBBBDFFFFFFFDDBBDBB@BFBD@B@DB@@BB@BAB@B@@BB@BB@BBD@@BB@BB@B@B@B@B@B@BBBB@@BB@B@BBB@@B@@BB@@BBB@B@B@BBBB@@BBDBBBBBBB@BBB@BBB@D@@@DBB@@BB@BBBBB@D@BBB@@@BBDBBBBBDBBBBBBBDBBFDBDBBDDBBBBBBDDBBBBBBBB@B@B@B@@@@@@@@@@@B@@@@@@@@@@@@@@AB@@CBA@ABA@A@ABA@@BABABABABABA@CBABCBA@EBC@AB@BC@A@A@A@A@C@C@ABA@C@@BA@AB@B@@ABABAB@B@B@D@BAB@@CBABABA@A@E@A@A@AB@@@@@@@@@@@@@@@B@@@@AB@@@@A@@@@@@@A@@B@@BBB@BBBDB@@F@B@@@@AD@@@@B@@@BBB@@B@@@@@BAAA@A@AAA@@@@@@@AB@BB@@B@@@B@@B@@B@@@BA@@@@@@@@D@@@B@B@@@B@@@@KDABADCBADCBABABABABEDABABAB@BAB@B@B@@ABABCB@BAD@B@B@B@BA@AB@@A@AB@@ADAB@B@BBD@B@@@BBB@@B@BAB@B@@@D@B@F@B@B@B@@B@B@BBBBB@@B@BBB@B@BB@@ABAB@@A@A@A@@BA@@B@@@B@D@BBB@@BB@@BBB@BB@BBBBD@B@B@BALBBB@@@@@@@@@@@@@@@@A@@@AB@@@@@BA@@@@B@@@@@@@@@@A@@@@@AB@@A@@@@B@@@@@BA@@@@@@@@@@B@@@@@@@@@B@@BB@@@@@B@@@B@@@@@B@@@@@@@BA@@@ABA@@@@B@@@@@@@BFB@B@BB@BAFABABAD@BCBABBB@@B@B@DAD@D@JB@@@B@D@B@BBBD@B@@B@B@DAFBBB@DBD@DBBBBBB@DBB@BAB@@ABBB@@DAD@BA@C@ABAAA@AB@@BBB@BBB@DAF@DAB@BB@@@B@BABGBABABB@@BDFBB@@A@A@E@A@@B@@ADBB@BBDB@@BB@@B@@@B@BAD@@ABA@A@A@@AA@@@A@ABCBCB@BAB@@B@B@@@B@@@DBNHFFDBB@B@@BB@D@DBB@D@B@BB@B@BBB@@BBB@@BB@B@@@B@@@B@@@BA@@B@@AB@BABABABABADG@@BA@@AA@ABA@@BAB@B@B@B@BB@B@D@B@@B@B@B@@@@D@@BBBB@@B@B@BAB@B@B@D@BAB@BB@BB@@@DAB@@@BBB@@A@@BA@@B@B@DB@@@BBBBBB@@@DABA@@B@BB@AB@@A@@@A@@@@B@@@BBBB@@@@BA@@@@B@@@B@B@@@@@BB@@B@@@B@B@BA@CBABCBABA@@B@B@@@@B@@@@@@@B@@BB@@@@BBB@BBD@D@B@D@D@B@DABAB@BAD@BAD@DAD@BAD@BABA@A@A@A@AAA@C@CBA@AB@DABCBABAB@DADABADAB@B@B@D@DBB@BBB@B@B@DBBBB@@BB@DD@@BB@BDDBFBB@BB@BB@BB@BB@BB@BBBBBBDFB@@DDBBDBBBBBDBBDDBBBBB@BBBDDDBBBBDDDDDDBBBDDDBB@@B@B@B@B@B@@@BA@@BAB@BAB@BABB@@BBB@@BBB@BBBBDBB@BBBBBBDBBBB@@BB@@B@B@@@D@BAD@D@BAD@B@D@D@DAD@B@BAB@BA@A@A@A@ABABA@@BA@@B@BAB@B@@@B@@AB@@A@A@A@@@C@A@A@ABC@BB@BB@@B@BABA@@BAB@@@BB@@BAB@@A@@@AA@AA@@AA@A@@@A@@@A@A@A@@A@AA@@A@ACAA@E@C@ABA@A@@B@@@@@B@@@DC@A@@@AA@AAA@@A@A@@B@BBB@BA@@@A@@A@A@@A@A@AB@B@@A@@A@@@@A@@A@AA@@@@@A@@BAB@@@D@@AB@BABA@ABA@@@@@@@A@@@@@@@A@@@A@@@@@A@@@@@@@@BA@@@A@@@@@@@@@@B@@@B@@@BA@@B@@A@@B@@@@@B@B@@@B@BB@@@@B@@@@@@AB@@@B@@@@@@@B@@@@@@@@@@@@@@@@@@@@@@@@BB@@@@@@@B@@B@@@@B@@@@@@@@@@@@@BB@@BBB@B@BBB@B@B@BAB@DABABAB@B@B@DAB@B@@ABAD@BCFCDEDABCDABCDABABAB@B@B@DABBD@D@BBD@B@B@BA@@B@BABA@@B@BAB@DAD@D@DAB@B@B@@BB@BBBBBBBBBB@BB@BDDBB@BBBBDDDBBDDBDBBBB@BBB@@BDBBBBBDBBBDBBDBBBBBDBB@DBDB@BBBDDBB@@BDBBBBBDBDBBBB@@BDBB@BBBBB@BBBBBBBBBBB@DDBBBBBBBBB@DDDBFDDBDBB@B@DBDBDBDDDBDBB@BBDBBBBB@B@BBBAD@B@D@B@BB@BBBBDBB@BBBBB@BBB@FDDBBBDBB@BBBBB@BBB@BBBB@BB@BBB@BBB@B@B@D@BBB@@@BB@@BB@B@B@B@B@@@@ABABA@A@A@A@ABA@CBCBC@A@AAA@C@A@A@A@@@AAA@A@CBA@ABABCBABADCBA@A@@@A@A@AAC@A@A@A@A@@@@BA@ADCD@BAB@D@@@BBB@BA@@@AB@@@B@B@@@B@B@@A@@@A@@@A@C@@@ABBB@@@DBB@B@B@B@BAD@B@D@BAB@BA@@B@BBB@B@B@@@B@B@B@B@B@D@F@B@BBB@BBDBB@BBB@B@B@BBB@B@D@D@B@B@B@BBB@@BB@AB@B@B@BAB@DAB@D@BAB@B@B@D@B@D@B@B@DA@@BAD@BAB@B@DABBB@B@D@B@B@BBB@BBBBBB@BBBBB@B@B@BB@@B@DB@@B@BBBFDBDBDBDBDABBB@B@DDDBDBD@@@B@@@BBD@BBB@BDALAB@B@DBBB@@@B@@B@DBB@BBBBB@@FB@B@@BB@B@B@FB@@DBB@BB@@BA@@B@DAB@F@BBDB@@BDB@DBD@DB@@@D@BDBDFDDBD@B@BABEBCBA@AFCBCBCBA@E@I@E@K@C@A@AB@B@@AB@B@@@@BBB@@@@B@@B@@@@@@B@@B@@B@@A@@@@D@D@HADBB@B@BA@@BAD@B@D@@@BCB@B@@@BABE@AB@@EDAB@DAFAF@BCBAB@B@BBBDFDD@@B@BCBAB@FBBBHDBBBBAD@B@BDDBDDDB@D@BB@@@@@B@BAD@BAB@BBB@BB@@@@@@@@@@@@@@@@@@@@@@@@@@@@@BB@B@@DDB@BB@@@@BB@@FDB@D@BABBB@DAB@@@B@BBB@@@B@BB@BAD@BCFABBB@BDDHHRNFD@@ABA@C@A@@B@BBBBFLJFH@@B@FABA@BDB@BDNDH@DBBAB@@B@AB@@@B@@@B@@@BA@@@@B@@@@AB@@A@@@@B@@@@AB@@@@@B@BA@@B@B@@@@AB@@AB@BABABGAG@C@A@@BAB@@@D@BB@HBD@BBDD@D@B@BA@AB@@EAEACAC@CACAEAAAA@AAA@@@EAEAEAC@AA@@A@CACAG@CAA@A@A@ABABAD@B@DBFBJDF@B@BABCFABA@A@E@C@ABAB@B@@@@DBJBDBB@FDHDFDD@JBD@H@F@F@D@BBB@BBBDBBBDDBD@B@F@B@FAD@D@JDJDDBDBBB@B@@AD@B@D@B@@BBB@D@DB@@@@BD@@FFFDJFB@F@B@BB@@BD@B@@JBPHNHLDFDBBDFDDB@DBHDD@@BBB@B@BBF@BBBB@BBF@D@NDDBB@@BBDHLBF@BABCDABCDCB@@@@@BDD@D@@AFABCDCBEBODGBABA@@BBB@B@B@@@@@@@@@BADABCBAB@BBBBDDDBBDBBBF@@@DC@@B@DBB@DBDDBB@BBF@B@BDFDBFBD@HBP@F@DBD@BBDBDDDHBDDFBD@@BBBB@J@D@R@BCDABCFAD@B@BBBDDNJHHBB@B@B@F@H@BAD@DABA@ABC@A@CBEBA@A@A@AA@AECAAA@CBABAB@BA@A@G@A@@@ABBD@L@@@BABCBADA@@D@D@H@BDD@@BBDAB@RBJ@HBDBLFDBBBFD@BAB@B@BB@F@JBD@B@JCLEBA@ABA@@D@B@D@DBBDDB@@H@D@LAL@B@B@@BBD@@@@DD@BB@B@HAB@FCDAF@H@FBLDD@D@B@DCDAFAB@D@DBFFDBHDB@DAB@B@DDBBDBBFBBBH@D@BAD@BC@ABCB@BABBF@DABAB@B@B@@DDB@DBD@@BBD@BB@B@BBBADAB@B@FBD@LATCH@D@DBFBBBBBBFDLBF@DAB@DA@ABA@CBCB@@@BA@@@@@@@CBCB@@AB@@@B@@DBDBB@BBB@B@@@JDFB@@@@ADABCDABAF@BBDBFDDFFFHDDFDDBFBF@HD@BB@@BB@B@@@BBBBDF@@@@@@@BAB@@@@BDBB@@BD@@FD@@BBDDDBDBBBDDD@@@DBB@@BB@@@D@F@HADADAB@BCBCBABEBADCBABABBDDBD@B@FAH@FBBBDBDDBB@DBB@FAD@JBF@BBBBBB@@BD@BBFBBDB@@D@B@DBB@@@AB@BDDBBD@@BB@HABAB@DBBB@BBD@D@DB@BBFBD@HAB@B@BB@BBBBBB@BAFCHCB@BADBB@@B@@@BCJCDABCBGBEBCBED@B@F@@AB@@C@A@CB@@@D@@ABEDCBAD@@@B@@BDHDB@F@BB@@BD@BADALAFEN@B@D@B@BABEDCBIBEDAB@B@@BBNJNLJFBBDDBBBBFBDB@BBBA@G@A@A@AB@@AB@BAB@@C@C@A@AB@@A@CAA@@@A@ABABABCBC@ABA@A@@B@@A@ABCBCBA@CBEBABABA@@@@@ACA@@B@@@BB@AB@BAB@DBB@BAAE@CAC@EAC@ABEDC@ABA@CAC@C@CBEBABADADAD@BBBLNHJ@BBD@D@BADCDA@CBC@C@GAIAEAAA@CA@@@M@KBEBABCFA@WJSJEDC@ABABCBABAD@F@@@D@HCFADED@B@@@B@@BB@BB@@B@@@@@@@@@B@@@@@B@@A@@@A@@@AB@@GBGAAACAA@A@CBA@OBKBEBIDEDADABCDADADCB@H@B@BABA@CBCBA@CD@@ABAFEHEHIJKPGHGB@@@BA@@@A@A@@@A@E@@@@@@@AB@@@@@@ACC@CDEDCFHdAHCJEJ@B@DABADABCDA@CBA@@@GFEFCBCBCB@@@BBBB@D@D@@BBBBB@B@BAF@BAF@BBD@BB@B@@@D@B@FCDCB@@A@@DAB@B@B@DB@@BB@BAD@D@@BDB@DBBBD@B@DAB@DABBBBJJB@DDBBB@B@JEBABABCFCHCDCFADAH@DAB@DADEDAJEBABABA@BB@DFHHDDHDDBBBFD@B@B@BABABCD@BABA@CB@DEBA@AB@@CBA@A@ABA@ABA@A@@BA@CBABA@ABABCBA@@BA@@B@@@@AB@BAB@BA@@DA@ABA@@@A@@@@@AB@@@@@B@@B@@BB@@@DBB@B@B@B@B@BBB@@BB@BB@BB@BB@BB@B@BBB@B@B@D@BBB@BBB@BBBBB@BBBBBBBB@@@BB@@B@D@B@B@@@D@B@@BDA@@B@BA@AB@BAB@BABA@A@ABABA@A@ABA@A@A@A@ABA@@BA@AB@@AB@B@@AB@BBB@B@B@B@@BBBBB@@BD@@@B@B@@A@@B@@@BAB@@@D@D@B@B@BBB@B@BBB@@BB@BBB@BBBB@BB@BBB@BBB@BAD@B@BA@@B@BADA@@B@BAB@BABABA@A@@BA@@BAB@B@BAB@@@BB@@BBB@@@B@B@B@B@B@@@B@B@BBB@@@B@B@@@B@@@@@@B@@B@@@B@B@@@@@B@@@BA@@@@BAB@@AB@@@@AB@@@@A@@@@BA@@B@@@B@@@BAB@BA@@B@@@B@@@B@@@@@@@BAD@DDD@FFFBFDDB@@@@@B@@@BB@B@B@@@B@@BB@@B@@BB@@@B@BBB@B@BBB@@@BA@@B@B@@@B@B@BBB@@@B@@@B@BAB@@A@@BC@C@A@ABA@C@ABCBABCBADABABCB@@AB@DCB@@@DA@@B@@@BA@@BA@ABAB@@@@@B@B@@@@@@@@@@@BB@@@@@@@AB@BEH@@CBGHCFBB@BAB@B@BAB@BA@ADABABABABCBADA@ABAB@@CBA@E@A@@ACB@BABB@@BCBE@E@GD@@@@@@@@@@@@@@@@@@@B@@@@@@@@@@@@@@@@@@B@@@@@@A@@@@@@@@@@B@@@@@@@@@@@@@@@@@@@@@@@B@@@@@@@@@@@@@@@@B@@@@@@@@@@@@@@@@@@@@@@B@@@@@@A@@@@@@@@@@@@@@@@@@@@@@@@@@B@@@@@@@@@@@@@@@@@@@@@@@@@@@@@@@B@@@@@@@@@@@@@@@@@@@@@@@@B@@@@@@@@@@@@@@@@@@@@@@@@B@@@@@@@@@@BB@@BB@@B@@@B@@@BA@ABA@@@ABABCB@@ABABABA@ABA@ABABA@@BABAB@@AB@B@@@B@@@BB@@@B@B@B@@@B@B@@@B@B@@BB@B@@BB@@BBB@BB@BBBBBBB@BBBB@BDBB@DBBBBB@@BBB@@BBBB@BBB@BBB@B@B@@BDA@@B@BAB@@AB@BAB@@@BAB@B@BA@@B@BAB@B@BAB@@AB@BAB@BB@@BB@@BB@BB@BBB@@@B@D@B@@@BAB@@@BAB@B@B@@@B@BAB@@@BABABAB@BAB@BAB@BAB@BAB@B@BAB@B@BB@@B@B@B@D@B@D@B@D@B@B@BAD@BBB@B@B@BBB@BBBBBB@BBBBB@BBBBBBBBBB@@BB@D@B@BBB@B@B@B@BBB@@@BBBBB@BBB@BBBBBA@@DAB@BAB@B@BA@@BAB@@AB@BABAB@BAB@BA@AB@DABADAB@@AB@BA@@B@@AB@@ABA@@BA@@BA@@BA@AB@BAB@D@B@BA@@B@BA@@D@B@B@B@B@@BB@B@D@@@B@B@@AB@BA@@B@BAB@B@B@@@D@DAD@@@D@@@D@@@D@BAB@D@B@@AB@BA@@BABA@ABA@@BA@ABA@A@@@ABA@@@AB@@AB@@@BAB@B@B@B@BA@@BAB@@AB@B@@@B@B@B@@@BAB@BA@AB@BAB@BAB@@@B@BA@AB@@@@AB@BA@AB@B@BAB@BA@@BABAB@BA@@BAB@@A@@BA@A@@BABA@@BAB@@@BAB@B@BAB@D@@AB@B@B@BABAB@@A@@BA@@@AB@BAB@BA@@@@BA@@@A@A@@@C@A@@BA@@BAB@B@@@BABAB@DAB@@@B@B@BA@@BAB@@ABA@A@@BA@ABA@@@@BAB@BAD@B@B@B@B@@@B@B@@@B@B@B@B@B@B@@@B@B@B@@@D@B@@@BBB@@@B@B@BBB@B@@@B@B@B@B@B@@@B@BAB@@@B@B@B@B@B@B@B@@@B@BB@@D@BBB@B@B@B@@@BBB@@@D@B@B@B@BABBB@BAB@B@@@DA@@BAB@BA@@B@BAB@BAB@@AB@BA@AB@BA@A@ABA@AAA@A@@@A@@@A@@@@BABA@A@@@A@A@C@@AC@A@A@A@A@A@A@AB@@AD@B@@AB@B@@AB@BABAB@@AB@BABAD@B@B@BABA@ABA@ABABA@AB@BABA@ADAB@B@@@B@BA@@BAB@B@@AB@BA@@BA@@BA@@B@@@D@B@BAB@B@B@B@D@B@B@B@D@B@B@B@B@D@B@@@BAD@B@BAB@BADA@@B@BAD@BAB@B@DAB@B@BAB@@@B@B@B@DAFCHEJGDC@A@A@@@A@ABA@@BA@ABA@@BABA@@BABA@AB@BAB@@ABA@ABA@@DABA@AB@@A@ABA@@BABA@@BAD@@AB@DAB@B@D@B@BA@@DABC@CDABAHCNEJCB@B@HDFBH@F@P@D@FBD@F@B@D@FCHENGBAD@D@DBFDDBF@B@LEHCB@B@DDB@F@B@DADAHEDAFCNCD@F@D@BADAFGDATGHAB@B@DD@@B@FCJIHGJIFEBAD@LADANGHCDCFCDCDCBCBAFEFCJGB@DCHADCFELMBCDEBABAFAD@F@B@JCFALEFC@@RGJCHCHI@@RMPKFC@A@AACBABEB@BC@@B@F@B@BC@A@AAEEKGK@A@A@A@ABA@A@A@@@ABADA@@P@N@B@D@DAHCTGFCD@DBD@BBB@F@BAFCJCHE@@B@BBB@FALAHAF@BABA@@@A@EAG@CBGFKBABAB@A@AAGAMCI@AA@@AAAE@AA@EAE@AA@@AABA@C@@@CBAB@BAD@NAH@D@@ABABA@EAAAA@@DCFAF@BADABA@C@CAGCM@G@CDKD@B@B@BABALCDCF@HAN@RAJAX@P@VAFBH@B@NATCH@FAJBB@D@DDD@J@N@HBD@BBBB@@BBAF@BDF@BDBB@BBBAB@DAB@FBHBD@F@DABBB@@BD@DBL@F@BAB@@AB@@C@@BCBA@AB@BAHBPA@@BBB@@B@FBB@@B@D@J@F@HBDAFALCBAB@DB@@BDB@F@BBH@LDHDB@B@B@DAB@B@DBHBLDLFB@@@FBB@B@BAHCFADAF@F@B@BBDBD@DBB@B@BADAD@@@FC@@D@DABADCB@BAFAB@BCHED@BADAF@FAD@D@D@FDHFFBHBH@BBDBDBJ@JCBAFAJAD@HBL@JDFB@@DAD@JABA@@BA@CBC@C@CBAH@HAD@BABABCBCB@FBB@BADAB@F@NBD@B@BAB@BC@A@CCCGG@@@A@@BA@@BABA@CBC@C@A@A@C@CBCFCDEFEBC@A@ABA@@AA@AAEAC@CBC@A@A@A@E@G@EEG@C@@@ABAHCDEBAHGBCDCBCDCDAJABAB@BC@AAA@@GAGAEAG@CAA@AA@A@@@A@E@E@EAE@@BA@ABABA@A@AAAE@OCKEECAEAGAA@@ACAA@@EE@@@A@ALGFEHCF@F@D@JB@@F@D@B@D@B@DBFAB@B@DBFBB@D@DAD@F@J@DBB@BBF@D@B@DA@@DGDEBAB@B@D@B@JFNHJFHFF@HBD@F@D@F@D@HCJADCJGB@BADCDCDMBCDAFCJ@B@FAFADABAHGDAJCH@H@H@LBD@JBB@@@H@JAD@DADABCBEBADCFABABA@AB@D@D@F@BBFBD@D@F@D@D@DBFBDDDBFBB@BAB@@AEAAAAAAACCAAKEICAAACAG@ACCEAE@CAECIGAC@A@A@A@@BCBABCBCBCD@DAB@D@D@HBHDHDDBB@H@D@JBF@F@D@FCDABABADABA@ADCBCBABEBG@CBABCBADAFCJEJCHAH@DAF@BABABA@A@A@A@@AAAA@A@@BADCHGFCBCB@DABAB@@ABCBCBABA@ADAD@H@HAD@B@D@D@F@HBBBB@FAFAD@F@DBFBDBB@BAD@DCB@BADBB@FFD@@BDADC@CAC@A@ABEDCFGB@FCF@FANCB@BAB@@@BCBE@@@A@CAECEAEAA@C@ABE@CDEDCFCB@@ABA@AAEACAABC@ADCBCBABADCDCBC@C@@BCACCAAA@@ACAAAE@@@A@A@ADAD@HAB@BA@@@CBA@A@A@@@E@A@ABA@CAA@E@G@ECACACE@@@AAC@E@EB@@A@EDG@EDE@@DE@@ACAAAABABC@ABAB@B@BBB@B@@AB@BAD@@@@@B@@A@CBABCBA@@AEAE@EAC@A@AA@AAACBCBAAA@A@CB@@CBAFE@@BCBEBK@AAAAE@A@ABCDO@GBIBA@CDGDABCLGJCBAB@BC@A@A@AAA@@EECE@@IEAAAC@C@E@E@@@ABABA@ICCCCCACCAAE@CAC@GACCCAEA@@A@ABEBABA@A@IAEAAABKACIAA@C@EAAACGACAECAA@G@AACG@A@@A@@AB@@@@A@@@@@@@@@AB@@@@A@@@@@@@@@@@@@A@@B@@@@@@@@@@AA@@@@AA@@A@@@@@A@@@A@@@@@A@@@A@A@@@@@@@A@@@@@@@@@@B@@@@A@AA@BA@@@@@@@@@@@A@@@@B@@@@A@@@@@@@AB@@@@@@@@@@AB@@@@@@@@@B@@@@@@@@AB@@@@@@@@@@@@@@@@A@@@@@@@@@@AA@@@@@@AAB@@AB@B@DBBBBABABA@C@AAAAAC@@CCAAAAEAC@@BC@E@C@AACA@CAA@@C@A@C@A@AFBF@FANAH@@A@A@@AAA@AC@CBADCBC@M@MGK@@@CBE@EAEAA@AB@F@B@FBLBHBD@FBDBD@B@@@@@@@@AB@@@@@BA@@@@@@BA@@@@B@B@@@B@@AB@@@B@@@BA@@@@@A@A@@@A@@@A@@@AB@@A@A@@@@@AA@@A@@A@@AAA@@A@@A@@AA@AA@@@A@@AA@A@A@@A@@A@@A@@@AA@@A@@@@@ABA@A@@BA@@@@@A@A@@@A@@@AA@@AA@@A@@AA@@AA@@@@A@@@AA@@@@A@AA@@A@@AA@@@AA@A@@@A@A@@@A@@@A@A@@AA@@AA@@@A@A@@@A@A@A@@@A@@@A@@AA@@@AAA@@AA@AAA@A@@@A@@AA@A@@@AA@@A@@@@@A@A@@@A@@@AB@@@@ABA@@@@@@BA@@@@BA@@BA@A@@@C@@B@@ABA@@@A@@AA@@@AAA@@@@@AAA@A@@AA@A@@AA@AAC@@AAAC@@AA@@AA@@@AA@@@@AA@@A@@A@@A@@A@@AAA@AA@@A@@@A@A@@A@@A@@@@AA@@@@@A@@AA@@@AA@@@@@@AA@@A@@A@@AAA@@@AA@@A@@A@@A@@@@AA@@@A@@@AA@@AAA@@@@@A@@A@@@@A@@@AA@@A@@@A@@@A@@@@@AAA@A@A@@@A@@A@@@@A@@A@@A@@@A@A@AA@@@AA@@@@@@A@@@@AA@@@@@@A@@@@A@@A@@@@@@AA@@@A@@@@@AB@@@@AB@@@@@@@AA@@A@@A@@A@AA@@@@@@AA@@@AAA@@A@@AA@@@@@A@AA@@@@@@AA@@@@AA@@@@@@A@@@@A@@@A@@A@@@@@@AA@@@@@A@@A@@A@@A@@A@@@@@@@A@@@@@@A@@@@@@A@@@@@@@@@AA@@@@@A@@@A@@A@@A@@@@BA@A@@@@@@@@B@@A@@@A@@AA@@@@A@@@@@@@A@@A@@@@@A@@A@@A@@@@@@@@A@@@@A@@@@A@@@@@AA@@@@@@@A@@@@@@@@@AA@@@@@@@BA@@@@@@@A@@@A@@@@@A@@A@@@@@AAA@@@@A@@@@@AA@@A@@@@AA@@@@@A@@AA@@@A@@@AACA@A@@@@@CBCDC@@@@@CAC@AAC@C@C@C@A@GAG@EBC@GHABAD@@@BBB@B@B@BCBCBAD@B@BBD@BA@C@E@C@@@CDC@@BADABEBEDAB@BBFAJBF@HAHAF@@@DAB@@A@@@AB@@@BA@@B@B@@AB@@@BA@A@@BABA@@BA@@@AB@B@@AB@BA@@B@@@B@@@B@D@BBB@B@@@BB@@FBB@@@B@BABABC@C@CACAA@AB@BADABA@KAKACBABE@A@AAGCGAECEECCE@C@EBI@A@AB@DAB@HCHA@CACAEAA@GHCBCBE@G@MFIHEBC@EAE@A@@@KGSMMEMCQGaSUK@@GACAEC@AMAQAMCQIOEk_OIWOSIA@CCAACCAAGCCEAEBE@E@A@AAA@@ACDGFCBA@CAAAAAAQEGGECA@AB@B@BBDBBBFBDADCB@@EAICCCACCGCECACAE@GCIAGACAC@C@EA@@CC@ABA@E@EBGBEBAACBA@E@CAA@@CGKQEGg]GCOCI@UCOGGA@EACAEAC@CCGCCAEAEDCDAD@BA@CAAAAAAAACACEC@@AC@@A@ABA@EAAECCAG@A@ABE@GCOCOEICIB@B@BFHJN@FAHEJ@B@@A@A@A@A@A@AAC@A@@@AAAAAAAAA@IECACAIIAAA@AAA@AAGECCGECCAACCACAECEACAAC@MCSCEAGCAACCAAGKCC@ACCCAEAEACAAAAACICECMCKCGCEEIEGMOKMW][YEGIOGKGGCEKIAAAAA@A@A@ABCDADABEBAB@@AB@BALAD@FBF@FADEH@B@B@@BFHLFHJLPNFJ@B@FCFGHGLEJMNGFKJOLGDGDAF@BDBHBFBDJDJBDADA@GACAEECCA@AACDCDCHGHCF@DBD@D@BC@CAEEOOSS]OMKKEGA@@QCIACACACCAA@A@C@@BADBFBDBB@BBH@DBD@DAB@@A@@ECCCIEEAMEGCAASMc[AACCAA@@ABA@ABA@@@A@A@AAC@@@C@@@A@A@A@A@A@@@ABCACBAAA@CCAGCCAAEECCEA@AECCAACAC@AAAEAA@CDAD@D@D@F@@@BABABC@AA@@CACA@@AAA@E@C@ABAB@BBD@BBB@BA@CFIHGFADGL@BADCFAD@BABDJB@B@B@@@ABA@CDADCDAD@@DB@A@@DADADA@@BA@@@B@@@B@B@B@B@BABC@@BAB@B@@@tD@JDDFFJ@HDDDDBD@BAFADCF@B@@A@A@@BCD@B@@@@A@@B@@ABA@A@A@A@A@A@@ACA@A@A@A@AA@@@AA@@@@A@A@@@AA@@A@A@@@A@ABADAB@BAB@B@@A@AB@@A@@@@@A@A@@BA@A@AA@@A@A@A@@A@@@@AACAA@@@A@@@A@@@@B@@@@@@A@AA@AAAC@@AA@A@@@AB@@@BA@@@@@A@@@A@@@A@@@A@@@A@A@@@@@A@@@ABA@@@A@@@A@AA@@@@A@@BA@@BA@@@A@@@AB@@A@@@@@A@@B@@A@@B@@@BA@AB@@@B@D@@AB@@@BABA@@@AB@AC@AC@CA@@ACAAAC@CAE@CACAAAAAA@@A@@AACAACAAAAAAA@@AAC@A@A@AA@AAAAA@@@A@A@@@AAABA@A@CFCD@@CACAOMCACDCDADEBC@GCIESQEEGGMMIEWKCAGCCASO]]A@@C@A@C@A@CAAGGOSKOGGCCCAGAGCGEAAAABC@A@ACEACKIECECAAWGSIKEGA@@ABA@CDAD@FADCHADEDEHCBC@@@A@QKMGA@A@C@GBCBC@EAA@CAA@AAAGAAAAEAAAC@@@EBKF@@IFEDEF@@@@AB@B@@@B@@@@@B@BB@@@@B@@B@BB@@@@@@@B@@@@@BA@@@@@@B@@A@@@ABA@@@@@AB@@A@@@A@@B@@A@@@@@A@@@AB@@@@A@@@@@A@AB@@@@A@@@@@@@@@AB@@@@@@@@@B@@A@@B@@@B@B@@@B@BB@@B@@BB@@B@B@@B@@B@AD@@@@@BA@AB@@@B@@@B@@AB@@A@@@A@A@A@A@@@ABA@@B@@@B@@CBA@AB@@ABABA@@BB@@B@@@@@B@B@@AB@@@B@B@B@B@B@B@BABA@@BBBBBB@@B@B@BAB@BA@@BA@@D@@ADAB@@@B@B@BA@@B@@@D@BA@@B@B@@BB@B@BA@@BA@@B@BAB@@CBA@A@C@A@OBM@E@E@A@GAGCECKEECAACC@A@@@@@A@@@@BA@@@@@@@C@@@ABA@@@A@A@A@AB@@A@@@A@@@A@@B@@A@@@@B@@A@@@@@A@AB@@@@@BA@@BABA@@BA@@@A@C@A@A@@AAAA@@BA@A@A@A@@BA@A@C@AA@@A@@@@A@CA@AAAAAAAEAIACAA@AACCACA@CBA@AACAAAAABADAD@@AA@@@@ACEMCGCC@A@C@A@@@@EBCB@@AD@D@B@@A@A@AKGGCAACAAACBC@CBCA@@@CBE@A@AA@E@E@AACA@EACAAAACBAACECAA@@EACAAAAC@A@ABAB@DBDADABADEDAB@@E@CB@BAB@@B@B@DBB@B@@@@BABA@C@GBE@ABA@@@@B@BC@A@G@CAA@@@BAB@BA@@BABA@@@AA@A@@@AB@@ABCBABABAB@@AA@@AC@AA@@@@@A@@B@@AB@BABGFCBEHCBABCBC@ABG@E@IAIACAAACEACEEAAECA@CAA@C@@@AAA@A@A@A@A@AB@@C@A@@@@@ABA@@@AB@@A@@BA@AAA@@AA@@@@@@B@@@D@B@BBB@@@BA@@@ABA@AA@@AAA@@AA@@@A@@@AAA@@A@@A@@@@@ABA@@@A@@@@AA@AA@@@A@A@A@A@AA@@@@@A@@DADAB@B@BA@@B@@A@A@AAA@AA@@A@ABA@A@@@AA@A@@BA@A@@@A@@A@A@AB@@@@A@@@A@@@@A@A@@@@AA@@A@AAA@AA@A@@@A@@@A@@@@AAA@@@@A@@@AA@@A@A@@BA@ABA@A@AA@@@@A@A@ABAB@B@D@@AB@@CCG@CBE@ADC@A@A@AAAA@AAA@CCCAACACAA@C@A@ADADEFAFCBAFIFIDC@A@@@AA@GAAAA@AA@@AABE@KBADA@A@A@AAAAACAEAI@M@EAC@AAAA@@@A@CDC@ABEAG@A@@@A@@BAB@@@BBB@B@DCJGDAFAHABADEHIBA@CB@DAD@NBL@FBD@BBDB@@FDB@B@BABC@AFG@@@A@@BA@@BABA@@BA@@@A@A@A@@@AB@DA@@@@@AB@BAB@@@BABAB@@@DAB@BAB@@A@@@@BA@@@A@@BA@@@AB@@@BADABA@@@@@@@@B@@A@@@ABABAB@@@B@@@@@@A@@@@@@@A@ABABCBA@@B@@@@@@@@A@@@@@@@@@A@@@@@@@@B@@@@@@@@@@@B@@@@A@@@@B@@@@@@@B@BA@@B@@@@@@@D@D@@@BAB@BBB@DBB@@@D@BABABABADABA@@@@@@@@@A@A@@BAB@BA@AA@A@@@@A@@@@@AA@@@@@BABAB@@A@@A@A@AA@A@@@AB@@A@@@@@AB@B@@@B@B@@BB@@A@@BA@@BAB@B@@A@@@A@A@@@A@@@A@AB@@A@A@@@A@@@@@A@@@AB@BA@A@@BA@@@@B@@@B@B@@@B@B@B@BABABA@A@C@AAA@@@A@@@AB@B@@ABAB@@A@@B@@@@@@@B@@@@A@@@AB@@@B@@@DAD@H@B@BCB@@CBC@ABAB@@ADBF@D@FBH@B@BECECKIOEAC@ACCE@CDCBA@@AC@AI[AMEOIiAEAM@A@@DADCFADCB@D@B@D@B@@A@AEGCICEGYCI@CQiU]EI@M@GECCAADCBCACE@@CEEC@AACACAEBEBAB@HDDDDDF@DADCBA@C@A@AEAEA@A@A@@BAD@B@DA@AA@@AAMAI@K@IAOBK@CBA@@BADBB@FADABADABE@@@C@GAEAAACAACA@@ACAG@E@EAC@ACCEGACGOISAIAEAK@C@@@CLUDGBCAA@C@AA@CA@ABEDG@C@AACAAEEAAA@@@AA@ABABA@A@E@CBC@A@E@CACACAA@B@@AB@@@BA@ABAB@@AB@BAB@@@@@@B@@B@@@B@@@@@DABA@@B@@A@@@EBA@G@C@AACCCGAA@CAAAAC@E@MAUEC@GBG@ABCBABAF@BOFWLK@EC@@@A@C@A@A@@@@@@@A@@@@@@@@AA@@@@@@@@@@@A@@@@A@@@A@@@@@A@@@@@@@@A@@@@@AA@@A@@@@@@A@@@@A@@@@A@@@@@@@@@AA@@@@@@AA@@@@@@A@@B@@@@A@@@A@@@@@@@@A@@@@@@@@@AA@@@@@@@A@@@@@@@@@@A@@A@@@@A@@@@@@@A@@@@A@A@@@@@@@@@@AA@@A@A@@@@@@@@@@A@@@A@@@AB@@@A@@@@@@@@@A@@@@@@A@@@@@@@@@@@@@@@@@@@AA@@CBABEBCD@BCDA@@@EACAAA@@BADEDABA@A@@AAECMIKEEAAA@@AC@@@@BA@@@A@@BA@AB@@AA@@@@AA@@@AA@@@A@@@AAC@A@@@AAA@@AA@@@A@@@A@@@A@@@@@AA@@@@A@@B@BAB@@@FAH@L@LAB@BA@@HB@@BD@B@D@FBD@F@BAD@BABAB@@BDB@D@F@B@DCB@@@@@@@@AB@@@@@@@@A@@@@@@@A@@@@@@@A@@@@@@@@@@@A@@@@@@@@@@@AA@@@@@@@B@@A@@@@@@@AB@@@@A@@@A@@@@@A@@@@@A@@@@B@@A@@BA@@@@@AB@@@B@@@B@@@B@@@@@BA@@BA@@B@BA@@B@@@@@D@@@B@@@B@@BB@@@@AB@@@B@@A@@BA@@@A@A@@BC@A@A@A@A@G@ACC@AA@C@@AAA@A@G@AACACAABEBIBABC@ABA@A@@BAD@B@JDPFDBB@D@@ABABABC@E@C@C@EAAACCEAAA@A@@@@A@EBA@C@@AGCI@A@@B@BAH@HAF@D@JBD@@BD@B@@A@A@ADEBCFEDCDAB@RCNA@@DAFELMBCHEB@D@LDBBBB@BBF@B@BADCFADCBABCBABA@@B@BB@B@@@B@BBD@BBB@@BBB@B@@BBB@DABCBC@ABAB@@@BBBB@BFDDBB@DAB@FBB@DBB@@B@B@BJBHDDFAHEHIFQDA@GBAB@@AB@BABABBD@@BJDDBDJNDLHLFJHLFHLPDDBBD@D@B@DA@@@BB@@DB@DDHDFDDBBDDB@B@@@B@@BD@B@BCF@B@@@B@BAB@BBD@@BBB@D@B@F@B@BB@D@@@F@BDF@@@@B@B@BBB@BBDBBBBBB@BD@@@@@@@B@@@B@@@@B@@@B@BAB@DABA@@@@B@@@BBBBB@@@B@D@B@B@B@B@@BB@B@@@@@B@@@BB@@@BBA@@B@B@B@@@@@B@BA@@B@@@B@BAB@@@B@@ABA@@@@@A@@AC@@@A@@@@@A@@@@@@@@@A@@@@@A@@@@@@B@@A@@B@@@B@D@FBD@FCB@BABAB@DBFBFBB@DAB@BA@@@AAC@@ECA@@ADCDC@@DAF@@@B@BC@A@A@C@AAAAAAA@A@ABABA@@B@B@B@@ABA@G@CACAAA@CAE@KB@@A@@ABA@ABADAFAFAB@BBD@B@FEFEBABCBA@A@AAG@G@OAM@ABEBCDC@@@CACCCCC@A@C@O@C@A@@B@FB@@@@DCBABABEBA@CCIAG@CACCEAABCFGDG@@LGBC@ECGGGCEDGH@HBJFJFLDB@F@@@FCBC@@@E@@AAGEEECEDELCBAB@@@B@FAD@FCBALAFCHGDG@G@CLGFABA@AH@@@@B@B@BB@B@@@BA@G@A@AB@@@B@@@@B@HDH@@A@CHAB@BFBH@HCFE@@DGD@F@D@DD@B@BABA@I@CBADADHT@DADGHGDEBEACCC@CBADAF@BAD@BA@B@@BB@B@@B@BJDT@N@JAJADE@ECICG@CFEH@FADGBG@G@@CEAAAC@CAC@@@A@A@AEDA@ABABA@AAAA@@AAA@CC@C@CBEBEHCNBLBHFDBF@BE@EFCFAH@DBAFADAD@JBHDFDDBDFJDR@D@BHAFABA@CCEIG@AAA@A@A@@@ADEHAFDJDFHD@DABGBKBCB@BC@E@ADEBAB@B@D@FDDDJFNCFC@@@CBA@@BAB@D@BABABA@A@CB@@ACMAA@AAACEGIGIAC@AA@EAAAAA@ABADCNEBAD@BAB@@ABABAB@B@DHBD@@BBB@BABAB@BBB@BBBB@D@BB@@FBBBDDGDCHI@@BAA@EEIGAC@@@ADEFCBAB@@@D@B@DABA@ABA@AAAA@CAECCACGAAUMGEKOEKBEHGB@BA@@BAB@@CBC@E@CAA@CAABABE@A@K@E@C@CAAAAAACCEAAAAC@@B@@A@AA@@AC@G@A@AAACAGCM@E@A@AB@DA@AFGBC@@@CA@A@@@@GBEBE@A@@BAD@B@@ABABEBAFABAD@F@L@DBB@B@BADAB@JCDAX@LCJEFKHM@GJI@@@AAAECEEEG@A@ABC@A@CAAA@@ABAB@@CAC@AEEAE@EBG@EAAEGAA@ABE@IBE@A@AA@C@@@A@@@AA@A@A@EAAAAACAAAECC@ADI@A@AB@LDD@B@D@DAB@H@B@LDLBH@F@LAL@H@B@B@BDBBH@HBB@BFBJCN@DBFDDL@B@@@@BBB@BBBDDBF@@D@HAJEL@JBD@H@H@BA@AB@BBB@@@@BAN@J@LBHDHFHLFBD@@B@FB@@BF@BBB@BBBB@D@FBBAFAB@DAJKBAREHGLQFADAFAB@FCBADEBCBA@AHEBABA@AAA@ABEBC@ACGAGAC@@@ADEBABCBA@A@AAAACEKAE@A@ABAD@DA@A@CAEESA@AEEI@ADG@@B@BAB@@@B@@@B@B@@@@@JANCLCJGJKDEGMIMAAAA@AAE@AAAACA@@@C@AA@@@C@@@C@@ACCEEGBI@AA@CCA@IO@AAAB@@ADABADE@A@A@A@@BCDCHEBADE@@@CAACA@AHGJMDGHGDE@@B@B@HDHBD@DABBB@@BBDBBDDDBDDB@B@FCHA@ABABCBAB@B@B@DAB@BCBCBAFCFCFADAFEDCFGBAHCJEHCB@@A@CB@DEBCJEFGDEBABGBE@@@AAC@AA@A@C@A@AC@@@A@@DA@ABGBGBADC@ADC@C@C@A@GB@@ABAF@J@D@LBH@BAD@BCB@HEBA@ABA@@D@B@BB@@FABAPGJEHADAB@HBB@BBB@BAFAB@B@D@BAB@BA@A@A@A@ADE@C@C@AB@BCB@BEBEBA@C@CCEECEECECICE@CAA@@EAEAAACAAAAA@A@ABC@ACEAE@A@M@@@A@@@A@A@@@A@@@@@A@@@A@A@@@@@A@@@A@AA@@AAA@A@@@AAA@A@AA@@A@A@@@A@@A@AA@A@AA@@AAAA@A@@@AA@@A@A@@@A@A@@BAAA@C@A@A@@AA@AA@AAAAA@AAC@@AA@AAA@A@@AC@@AA@@@A@AA@@A@AA@@A@A@@@A@A@A@@@AAA@A@@@A@@AA@A@@AA@A@@@AAC@A@A@A@@@A@AA@@A@AAA@@@A@A@A@@@ABA@@@A@ABA@A@A@A@@@A@@@A@@@A@A@@@A@A@A@A@A@@@A@AA@A@@@A@@@@@A@@@A@A@AA@@@A@@A@@AA@@A@C@@@A@AAA@@@A@@@AA@@AA@@AA@@AA@A@@@AAA@@@AA@AB@@A@A@@@@AA@@@@A@@@AACI@A@@@@@A@CAM@E@AB@BA@@@@B@@A@@@@AA@BA@@@A@@@AA@A@@B@@AB@B@@AB@@@BA@AB@@ABA@@BA@A@AB@@C@A@A@AAA@C@A@@@A@AAA@A@A@A@A@A@ABA@@BA@A@@@@@AA@AA@AAA@C@ABCBCBA@G@CFG@@@A@A@A@A@A@@@A@A@A@A@ABC@@ACAA@AAAAA@@AA@A@A@@@A@AAA@A@A@A@A@A@AAA@A@A@@@A@@@ABA@AB@@AB@BABAD@B@BAB@BB@@@BB@@@B@B@BBD@B@DAB@B@@@@A@@@AA@A@@@@A@@@@BA@@@@AA@A@@B@@A@@@A@@A@@@@@A@ABA@@@@@A@@A@@@@@ABAB@DA@@B@DA@@FAB@B@@ABB@@B@@AB@@AB@@@@@B@@@@BB@@@@@BA@@BAB@BA@@@@AA@@@@BA@@@@B@B@@@@@B@@@@@@@@@@A@@@A@@@A@@@@@@@AAA@@@@DAL@L@BA@@D@BAB@BABABC@E@CAESMAEDEHC@C@A@@A@A@@AACAAA@A@@AE@AA@@@AA@@AGC@AA@@A@@A@@A@@@A@@@@A@@@ABA@AAA@@@@AAA@A@@@ABAAA@AA@A@A@A@A@@@ABA@CAAAA@AAA@AAA@A@AAAA@AAA@@AA@A@A@@BA@@@@BA@@@A@@B@@AB@@AB@BA@@B@@@B@BAB@@@B@B@@AB@@@BABA@@@ABA@@BA@AB@BA@@@A@A@@@A@@AAA@@@AA@@AA@@AAA@@@A@AAA@A@@AA@CAA@@AC@AA@@AA@@A@AAA@A@AAA@AAA@AAA@A@AA@@AAA@A@AAA@CAA@@@AAA@A@AAA@A@A@AAA@AAA@@@A@@AA@CA@@AAA@A@AA@@A@AA@@A@@AA@A@@AA@@ACA@@IEAAA@EBC@CAAAACACAG@ACCMGAA@@@ABA@ABABAB@H@B@@A@@@@AACC@@@@@A@@DABAFCFALG@@BA@C@A@@@@B@@@BBFHFDFD@@BBD@D@@@B@@BB@@BB@BBBBB@@@BB@@B@BB@@BBB@@BBB@@@BB@@BB@BB@@B@B@@@B@B@@@B@@AB@B@@AB@DABABA@@BAB@@AB@@AB@@AB@@ABA@AB@BAB@@AB@B@B@B@B@B@B@B@@@BBB@BBBBB@BBB@BBBB@@B@B@FBFABBB@@@@BAB@BBBDF@BB@BBFHBB@@BBB@B@B@@@B@BA@@BAB@@@B@B@@BB@@@@@@A@@@@B@@@@@BB@@B@@@@@@@@A@@@@B@@@@@@@BA@@BA@@@@B@@@@@@@@@@@A@@A@@@@@@B@@@@@B@@@@@@@@A@@@@@@@@@@B@@@@A@@B@A@@@@A@@A@@@@A@@@@B@@@@AB@BA@ABA@A@@@@AA@@BC@@@A@A@A@@@@@@@@CA@@A@@@@@@A@@@@@AA@@@@A@@@A@@A@@@@@@A@@@@BA@@BA@@@@B@@@@@B@@A@@@@B@@@@AB@@@@A@@@@@A@@B@@A@@@A@@B@@A@@@@A@@A@@B@@A@@@@@@BA@@@@@@@@@A@@B@@@@@@@BA@@@@@@@A@@B@@A@@BB@@B@@@@@@@B@@@@@@@@A@@B@B@@@@@@A@@@@@A@@@@@@@@A@@@@@@A@@@@@A@@@@@AB@@@@A@@@@@A@@@@@@A@@@AB@BA@A@@@@@AA@@AA@@A@A@E@C@A@A@@@AACAA@@@AA@@A@@A@A@A@A@A@@A@CCA@@AAA@AAA@A@@@A@A@@@A@C@A@C@@@@AA@@@@A@@@@@AA@AAC@AAE@AAA@A@@A@EAAAA@AAAAC@AAEA@@AA@@@A@A@A@A@A@A@@@A@A@ABAACB@AAB@@A@@@@BA@@@@B@@A@AB@@@B@@AB@BA@@AA@AAAAACA@@A@A@CA@A@@@A@A@@@CBABC@C@A@@@@@AA@@@BC@@@A@CBC@@AAA@C@CAAA@@AAAAA@ECA@CACAEACCE@GCA@AAA@AAA@A@CAAAA@AA@AAA@@A@AAA@ABA@AB@BAB@BA@A@A@ABA@A@@@A@ABA@A@@@ABA@A@A@A@@AA@A@@A@@AAAAA@@@A@A@A@A@A@AAA@@A@@@@@CA@@A@@@@A@@@@@AAA@A@A@@@A@@@AA@@A@@@@A@A@A@A@A@A@A@A@A@@@@@AA@@@CC@@AA@@@A@CA@@@@A@@CA@A@@A@@@A@@@GAA@@@@@AA@@@@@@BA@@@AA@@AA@@A@AB@@A@@@ABA@AB@@AB@@A@@B@ACAEEG@@A@C@IBA@AA@@AA@@@AB@BG@@@GAC@ACG@@@@@@A@A@AB@@EBA@@BA@A@C@@@AA@A@@@AAA@A@@@A@@@A@AB@@A@@BA@@BA@@BA@@BA@A@@@A@A@@@A@@@@AA@@A@@@@@AA@@@A@@@A@@@A@C@A@AB@@A@@@A@@@@@A@A@@@AA@@A@@AA@@@E@@@AACAC@AACACCEAC@CACEEGCBA@@B@B@@AB@@@DCB@DAB@BA@@BAB@@ABA@@BA@AA@@A@A@AA@@@@AA@AA@@AA@@A@@AA@A@@@AAAAA@@AAAA@AA@@AA@A@@@A@A@@@AB@@A@A@@BA@A@AB@@A@@@A@@@A@A@@@A@A@@@A@@AAAA@AA@@AAAA@@AA@@A@AAA@@AA@AA@@AAA@A@@AA@AA@@A@AAAAC@A@AA@@AA@@AA@@AA@@AA@@AA@AAA@@AA@AAA@AAB@@ABA@@BA@A@@BA@AA@@A@AAA@AAA@AA@AAAAAAA@AAA@AAA@AA@@AA@@CAAAA@@AAC@@@AA@AAA@AAA@CA@@A@A@C@C@A@@A@A@A@A@@AAA@@AAA@A@A@@AA@@@AA@AA@@@A@AB@@@@A@@@A@@BABA@@@AB@@CB@@A@A@A@@@A@AAA@A@A@@@A@@BABA@ABABAB@BA@@@AB@@@BA@@BA@AB@@@BABA@ABA@@BA@A@ABA@@@ABA@C@@@A@AB@@A@A@A@A@A@A@@AA@A@@AA@A@@@AA@A@AAA@A@A@@@C@@@A@A@@@AA@@@A@AAA@A@@@A@A@@@AAA@@@AAA@@@A@@AA@@A@A@A@@@ABA@A@@BA@ABA@AB@BA@A@AB@@AB@@CB@BAB@@ABAB@@ABAB@@ABABA@A@AB@AA@A@A@C@A@A@ABA@@@ABA@ABA@A@C@A@@BA@AB@B@B@B@@@B@B@@@B@B@BA@@BA@@B@BAB@BA@@@AAA@@@A@AA@@CBA@AB@BA@@BA@ABA@@@A@@AA@@A@AB@@A@@@AAAA@@A@A@@AA@AACAAAAACA@@AAAAA@@@AA@@AAA@@AA@C@A@A@A@@@ABA@ABA@A@@@ABA@A@A@C@A@@AC@A@@@AAA@AAC@AAA@AAA@CAAA@@A@@AAAAAAA@A@AAA@A@C@A@A@A@A@A@A@A@AA@@A@A@A@A@@@ABCF@@@BA@@BAB@BA@@B@@AB@@@BABA@@@ABA@ABA@ABA@@AABA@A@A@@@ABA@A@@BA@A@@BA@AB@@ABA@@BA@A@@BA@A@AB@@C@ABA@A@A@ABA@A@AB@@A@ABA@A@A@CBA@A@A@ABA@A@@@ABA@AB@@AB@@@B@@AB@B@B@@@B@@@BBB@B@B@@@BBB@BB@@BB@@@BB@@BB@B@@@BAB@BAB@BA@AB@@ABA@ABABA@@BA@A@A@A@A@A@A@@@A@A@AA@@AAA@A@A@ABA@C@A@ABA@A@CBA@ABA@A@A@@@A@A@A@AA@@CA@ACACACAA@A@AAA@@@@@AAA@A@AAAAA@C@AAA@CACAA@A@AAA@AAA@AA@AA@AAAAA@AAA@A@A@A@A@@@A@ABA@@@A@ABA@AB@@AB@@@@ABA@A@@BA@ABABAB@@@BA@@BAB@B@B@B@B@B@B@BA@@BAB@@ABABABA@@BAB@@@DAB@BA@@B@B@BABBD@BABBF@BAB@BAB@BABAAA@@@A@AAA@A@A@@AABA@AAA@A@A@A@A@@@A@AA@@AA@AAA@A@AAA@@@A@AAA@A@A@AA@@C@AA@@AAA@AA@A@A@AAA@A@A@AAC@AAA@@AC@AAC@AAA@C@AAAA@@AAAA@@AA@A@@@A@AAC@A@A@@@AAA@A@@AA@CAAACA@@A@AAA@@@A@@AC@@AAA@A@@@AB@@ABAB@B@@AB@B@D@B@D@B@B@B@BBB@B@B@@@BBB@B@B@B@@@B@BAD@B@BAB@BAB@@AB@BA@@@@BA@@BA@ABA@A@ABA@A@@AA@AAA@@@A@A@A@@@A@@@A@@BA@@B@B@BAD@BBBAB@D@D@D@D@F@D@D@B@BAB@BA@@@AB@@A@A@@BA@A@@BA@@BAB@@AB@BA@@BBB@B@BAB@B@BAB@B@B@B@@@BAB@@@B@B@@@DBD@DBDBBDBHBBBBD@@@BDB@@FHBBB@BBB@BB@@BB@@B@@BB@BBB@B@DBB@@@B@BBB@BBB@BBB@@@DBB@@BBB@@BBBDBBBB@B@BBB@B@BA@@BA@@BA@@@ABA@A@ABA@AB@B@@@B@BB@@B@@BB@@@BB@@B@BBB@@B@@BB@@BB@@B@@BB@@BBBD@@BB@@B@BB@@B@BB@@@B@@BB@B@BBD@B@B@B@BBBAB@BBB@@@B@BAB@@@B@@@B@B@BAB@B@@@B@B@BB@@B@@@B@@B@@BBB@BB@@BB@BB@BB@@B@@@B@B@B@@@B@B@@AB@@ABC@A@A@A@CBA@A@@@A@ABA@A@ABC@@BA@A@ABA@@BCB@@@B@@@B@@@BB@@B@@@B@@B@@B@@@B@@@B@@@@@@@B@@B@@B@B@@B@@B@@@@B@@B@@@@BB@@@@@B@@B@@B@@@@BB@@@@@B@@BB@@@@@BB@@@@@@@BBA@@BBB@DBB@@BB@B@BBBDDBBB@@@BB@@@@@B@@@B@@BB@BB@@BB@@@BB@@@@@BA@CAA@@B@B@@AB@@@B@BA@@B@@ABAB@B@@AB@B@@ABA@A@A@@@ABA@A@AB@@ABA@ABA@ABA@@@ABA@ABA@CBABA@A@A@@BA@ABA@AB@@AB@@@B@@@BB@@BB@@BB@B@@D@D@DCDEBAD@BA@E@A@AB@@A@A@A@@BA@A@@@CBA@@@AB@@AB@@AB@BAB@@@BAB@B@@@B@BAB@B@B@B@BAB@@@B@B@@@B@@@B@@@B@@@BABA@@BA@ABA@@BA@ABA@@@@BAB@@AB@@A@ABABA@@AAA@@@AAA@AAA@AAC@AAA@CAA@AAC@AAA@@CAA@C@E@EBC@CACCCAEAE@EAECE@@@IDEBC@CAACAAA@AAAAAAA@@AA@AAC@AA@@AA@@@C@AAA@A@AACA@@A@A@@@A@AB@BAB@BA@@BAB@BA@@BAB@BAB@BAB@BAB@B@BAB@BA@@B@BAB@BAB@BAB@@ABA@A@IB@@A@@BA@@@A@@@A@@B@B@@@@@B@@AB@@AB@BABAB@B@B@B@F@@@@@@@BA@ABA@@BABAB@BA@ABC@C@ABA@A@@@A@A@ABC@@@@B@@AB@@@B@@AB@BA@A@A@A@A@A@AAA@@AAAA@A@@@@@AA@@@AAA@@@CAA@C@AAAAAA@@AA@@AAA@A@A@A@A@AB@@A@A@AA@@@AA@@A@@A@CAA@AA@@AAA@@A@A@A@A@C@A@@AAACAAA@AC@A@AA@@A@AAC@A@AAA@A@A@A@E@@@A@A@A@AB@@AB@@AB@BBB@B@BBB@B@BBB@B@DB@BD@B@B@@AB@@ABABA@A@A@@@A@A@A@AAA@AA@@AA@AAAA@AA@AA@AAAAA@AA@A@A@A@AAC@A@C@C@A@EAC@A@AAA@CAA@A@ABA@@@AB@@ABA@A@AAA@CAAAAA@@AAAAA@A@AAA@A@A@A@AAA@A@AAA@A@A@A@A@A@A@@@A@A@@BA@@B@@@B@B@B@BAB@@AD@BAB@@@BABAB@@AB@@ABA@@BC@A@ABA@@@A@C@A@A@A@C@ABA@A@A@@@A@C@A@A@@@ABAD@D@@@FAPAFAB@@@BBBDBB@@B@BAB@BABAB@L@@@B@B@B@@@BA@@B@DB@@B@@@B@B@@@B@BB@@B@BB@@BBB@B@BB@@@@BBB@BB@BB@B@BB@@BBB@@@BB@@BB@LBH@H@H@FBBB@BBF@FBF@H@BCBAB@B@DBDBD@F@DA@EBEDAB@BABAB@D@@AB@B@B@B@BAB@@@B@@@B@B@@@B@B@@AB@@AB@@ABA@ABA@A@@@ABA@@@AB@@@@A@@@@BABBB@B@B@B@B@@BB@B@B@BBB@B@BABAB@D@@EHABCD@BABADCDAD@D@@AB@BA@@BBB@BB@BB@@BB@BB@@BBB@BBBA@ABCB@BAF@F@D@B@F@@@BABAB@BAB@@ABBB@B@@@BB@@@BBB@B@@@@B@@ABLFFBHBF@F@H@JBH@F@@@BD@BBB@BA@AB@B@BA@@D@B@BAB@B@@AB@BB@AB@D@B@B@D@FAD@F@B@F@DAB@B@D@B@D@BAB@B@B@B@B@BA@BB@BBB@BBBB@@BBBB@BB@BB@BB@BBBB@@BBBBBBBBB@BB@BBB@BB@@BBBBBB@BB@@BBBB@DBB@@BBBB@@BBB@@B@@BBB@@AB@@@B@@AB@B@@@B@B@B@BB@@B@D@B@B@BAB@BA@@BABA@A@ABA@ABA@C@A@A@AAA@A@AACAAAA@AAAAC@AA@@AAA@A@A@C@@@A@A@@BA@ABAD@@AB@BABA@A@ABA@C@CAA@A@AAA@AB@B@@@B@B@BB@@BBB@B@B@BABA@@BABABABCB@BABAB@@ABABABCBA@A@ABA@A@A@@@AAA@@@@AAA@AAA@E@AAA@A@AAA@AA@A@@@A@A@A@A@A@AAA@A@C@A@A@@@@@A@AB@@A@AB@BA@@BA@A@A@@BA@A@@@AAA@AAAA@@AAA@@AA@@AA@A@A@C@A@@@A@@@AA@@@A@AAA@AAACAGACACAE@AAC@@A@A@A@CBAB@@AAA@@C@CAAAA@A@@@A@ABCBEBABE@IAGCE@E@E@CBEDIHEBE@CACAGAG@IDIDGDEDKFGDEBIBGBKDIBGBEBEDGFCDIFIFEBEBEDEFEDCBABC@AAECC@CBA@C@A@A@@@ABA@@@@BA@A@@@@@@B@@@B@BA@@@BB@BBBB@@BBB@BB@@BBBBB@BBB@BDF@BBB@BBB@B@BBB@B@B@BBB@DBB@B@BBB@B@@@DA@@B@B@B@@@D@@@B@@@B@BAB@@@B@B@B@@BBA@@B@B@@@BBB@@@B@B@B@@@D@@@B@@BBB@BB@@B@@@@@BBB@@@BB@@B@@B@BBD@DBBDD@@DB@@FD@BB@@@@B@@B@@B@@@@BB@@@BB@@BB@B@@@BB@@@BB@BB@B@@@@@@BB@B@B@@BB@@@B@@BB@@BDDBDBBA@BD@B@BBBD@FBDBJBD@H@FAF@FADAB@DA@ABAB@@@@ABA@@@A@@@@BA@A@A@@@EB@@A@@@CBA@@@A@A@AB@@A@@@A@@@A@@@@@AB@@A@@BA@@@@@ABA@A@A@A@A@@B@@A@@@A@@B@@@@AB@@@BBD@F@F@HBF@FAFEJELAFAJBHBDDFFFBBBDBF@FAJBJBHBD@BABCFABCJ@BCF@F@J@F@H@D@B@F@F@F@FADADADCBCDCDABEBEDEBE@EBEBADAD@BAD@B@@@DAD@B@B@D@B@BAD@B@B@B@BAB@@@B@B@@AB@B@@AB@B@@@B@B@BAB@B@B@B@B@BA@@B@B@B@BAB@@@BA@@@@BAB@BA@@B@B@@@@@B@B@B@B@B@D@D@B@DBB@B@BAD@DADAD@BAD@@ABABADADADAHADAD@B@DAD@BBFBHBFBBBDBHBD@@BB@B@@@BBB@B@DB@@B@BADGHKDSHQDM@CCCEBEBC@GGICCCG@AAA@A@M@I@CCIAGCAAAECCAECAC@@@CAAAAA@I@CAA@C@A@A@ABABA@C@A@@B@BAD@H@@@@DBB@B@BFDF@DABABABGDIDA@CDABC@C@A@E@A@A@ABABGN@BADAD@BABA@C@A@EAEAIA@A@CA@@ACBI@A@CAIESIAAAAAAA@EAS@GAC@ABABAJAH@@ADABCDCBGDMDA@ADCBCBEBC@EAC@@BABAB@@GBMBSFA@EBABA@A@A@CAA@@AA@@A@AA@@AA@AA@A@A@AAA@@AAAAA@@@AC@@AA@@AAAAA@AAAC@@A@@@@@A@@@CAAAAA@A@A@@AAA@AA@@@A@AAA@@A@A@@AAA@@@@AAA@@A@@@ABAA@@AAE@@@AA@A@CAA@@A@AAAA@@A@@CCCAA@A@@@CAG@ABCACACA@@IACBQCW@u@K@MBGBI@E@ECCA@AAACIACMSEEGGGAI@SDE@C@CAAA@@B@BEDCBABACE@A@C@C@AACAAAACACAE@C@CAAA@CAC@EAEACAG@E@GAC@BADABA@A@A@CBA@C@C@AAG@A@IDC@@H@@A@A@A@C@ABABABABC@ADABCBCBCBEBEBABEBABA@ABA@@@BB@B@BBD@@BD@@@B@@@@@@BBB@@@BBBB@B@DBB@B@BDFBDBB@B@@@BAB@@@BBD@B@D@B@D@D@B@D@B@BB@@B@D@D@B@D@BBBA@C@A@A@C@C@@@AD@@GFCBIDABGBM@EBA@ABA@@BABBDBH@F@H@DDH@FBJ@J@@@D@BHRHVBB@@@BDD@D@FBB@DBD@@@BFNJZBD@BADCD@@A@A@A@GBCBGBCDCDCFGJADCDA@ABG@C@@BA@ADCJAFABABA@EBC@ABA@AB@B@BBDBF@B@FABADABABABABCDCDA@A@AAEGGGCCECA@KEICA@AA@C@CB@DAB@@AAEM[AEAAA@E@KAA@A@ACCCAG@A@C@AA@@AA@A@C@ABKBODSBMBCBA@AB@@@B@B@B@B@DALA@@B@B@@ABA@AAUCE@A@A@@DABCBA@A@A@AAEBABC@C@C@G@AACAAAA@EBEDC@@@A@AAAAAACCAA@@@A@@BA@@@@B@B@@@@A@E@AAE@ACAA@C@@@@BA@A@A@C@ABC@A@@@CD@@ADAF@D@B@@DDBBDF@B@B@B@@A@A@@@@A@AC@@@ABCBABAD@BAD@H@LA@@@C@AB@@AHAD@R@H@BBB@DA@AB@BEFCD@@BDBB@BA@ABABCBG@G@CACAAAAAAAAC@@@C@AAAAEECAACAGC@@IIAACACAEBA@C@A@A@C@A@C@A@@AA@@AGEIIEAIEEEGCECA@A@A@A@A@C@A@A@AB@@CCCCA@A@AB@@AB@BGBGDA@@B@BDDBB@F@B@BADAB@@@BBDBB@B@BA@CBMDKHCBE@C@A@A@AA@AIIAAEECCAAA@C@A@CBABC@A@AAA@AAC@GAE@AAEEAMBC@CBCJIDADGBA@@AA@@@AA@@@@A@@@A@@@@BA@@@@@@@@AA@@@AAA@@@AAA@A@@A@@A@@@ABA@A@AAA@A@A@@@@@A@@@A@@BA@A@A@@B@@@DA@@BCB@@@B@B@FBB@B@B@BA@ABABCB@B@@ABA@A@@@A@AA@@A@AAAAC@@@AA@@@@A@A@AA@@A@A@AA@@AA@AC@@AABA@A@AAA@A@@@AA@A@@A@A@AAA@AA@@AAC@AA@@AA@@@@A@@@@@@@@@BA@@@@@A@@@A@@@A@@@@@AA@@@@A@A@@AA@@@@@A@@@A@@@A@AAA@@@A@AAA@A@A@A@AB@@ABA@@@@B@@@@ABC@@BA@A@ABC@IBC@AAC@ACAAAA@A@AHUFK@C@E@C@KBC@CDAB@BBD@@@B@DBD@D@@B@@BA@A@CBA@ABCBA@C@ABC@A@C@C@C@AACAAAACAAAA@@@MECAAAAA@A@ABC@A@A@@A@@@C@A@CAAACCACAAAACC@AAA@@BCFIBI@CDCD@BADBF@H@B@B@@@@@@@BB@@@@B@@@@@@@@@@@@@@@B@@@@@@@@@B@@@@@@@@@B@@@@@@@@@@@B@@@@@@@@@@@@@B@@@@@@@@@D@@@@@@@FABABADEB@@ADCDG@GBKBCFGDGBCDCDCDA@@FAF@F@H@HBH@BCBC@EBEACACCC@ACCAAAC@@EAEAA@ECACCA@CAC@AAA@CAA@@@@AACCACAC@@BA@A@A@A@A@@@CBCB@@AACAA@@@ADC@A@AB@A@@CAC@@A@G@ADC@CAAAEKEGAEAAAAAEACCC@CBABABC@CAACAACC@@AAC@@AA@A@@AA@AAAA@AA@BC@A@G@@@EAA@ECCAC@A@ADADCBA@CACAECEAEAC@EBEBCAEACCAABC@CFCDADAFADABC@C@CAAA@CAC@CAAAAAACACAACCAACCCAEAEAEAE@I@I@CAC@CACCCAEAC@E@CAG@GAECCAEACAEAEACCCCACACA@@@AAAC@A@A@CB@@C@ABA@A@C@A@AAA@AAA@AECAAC@C@ABEBEBEDEBCBGBGBEDCH@DABBBBDBD@D@DADCDABCD@BAF@DAFAB@F@NBFBD@DB@DFBF@BB@B@BBB@F@B@@B@B@B@B@BBBB@B@AB@@A@C@A@C@@AA@C@A@A@CBA@ABEBE@C@C@C@G@A@@@@BBD@DBD@DDHBFDHBFDHBBBB@B@BA@@BA@@B@@ABCB@@ABA@ABA@CBA@@BA@@BB@DBB@B@ADAD@BABAB@B@@@B@@AB@BA@@@A@AAAAAAA@AAAA@AAAAC@@AA@@AB@@@B@@BD@@@BBB@BA@@B@@AAAAAACAAAC@CAA@CAA@C@A@ABC@ABC@ABA@A@A@A@AA@AAA@A@AAA@@CAC@C@A@@@ADAB@B@B@B@D@B@B@BA@ABA@CAE@ABC@E@G@G@M@MBK@GBC@CAAA@CACAC@CAEACCCAAEAEAE@A@A@AACCAAA@CAE@EBEBAB@B@BFNFBB@F@FBBBBB@B@BB@BD@@@BA@A@A@A@@@ABADADABABAB@BA@AAA@@AA@ABAB@@G@ACEAAAAA@CAAAA@A@C@AAC@AAAAAAA@A@AB@@@BAB@@@DABAD@DABAD@BAC@E@C@A@AAA@AAA@A@AACAA@CAC@A@@BAB@B@B@B@BBD@DBD@B@DABADC@CBG@EBE@G@A@@@CA@AAA@A@@@@@CBC@@BC@ABC@A@CBE@E@A@AAAA@AACBA@C@A@C@@@E@@CA@@A@@A@@@@A@@@@@@@@A@@@@@@@@AA@@@@@@@C@@@A@@@A@@AA@A@@@@B@@@@A@@@@@A@@@A@@@A@@@A@@@@@A@A@@@A@@A@@A@@@A@@AA@@@A@@AA@B@@@@A@@@A@@@@@@@@@A@@@A@A@A@@@@BC@ABA@@AA@@@A@@@ABA@@BA@ABA@@@A@@@@@A@@B@@A@A@@@A@@@@@@@@@A@@@@AA@A@@A@@A@@A@@AA@@@@@@@@A@@@A@A@@@@@AA@@A@@@@@A@A@@@A@@@@AA@@AA@A@@A@@A@@@@@A@A@@@A@@@@@A@@@@@A@@BA@@@@@@@A@AA@@A@@B@@A@A@@BA@@@@@AB@@@@@AA@@@@AA@@@@@@@@B@@@B@@@@@B@@A@@@@@A@@@A@@@@@@BAB@@@@@@A@@@A@@@@@@BA@@B@@A@@@A@@@A@@BA@@@A@@@A@A@A@A@@AAAA@CBCACCACAA@A@A@CAC@A@@BEBCAABC@CAAAACEACACAE@E@AB@BADBB@D@HCBABCBC@CBADAD@BAD@BAFADCFCD@@@BADAB@@A@AFCBADCBA@CAAAAACCAAECCACCCCCACBCBCDCBC@ECCCCAECCCCCECCECEAEECCCEAC@C@@D@B@D@BC@A@C@A@CAC@A@CBE@C@CAAACC@CAE@GACA@ABCBABAAACCCCECE@ACA@C@@BEBEBCBC@GBEBCBCDADBB@BBB@BA@A@ABA@@DADAF@FADCDCPWBEBA@A@@C@A@C@A@CAA@ACAABC@CDEBCDADCDAFAB@DBB@BBDDD@D@F@DAF@FBBBBBB@@A@A@@@CA@AC@AAAC@CBACAC@A@C@CACCEAC@EACAEAECGCCCCAC@EFA@@@@@A@A@G@A@A@A@AAC@@@AAC@A@AAA@A@A@AB@@A@@@A@AAA@@A@@@CACAE@E@K@K@K@GBA@E@AAAA@A@C@CBADADC@AACACCCCA@C@C@CAAC@C@EAA@AACGCCAAA@A@E@@@CD@B@B@B@@ADABCDABAD@@ABEBA@ABADAB@DAF@B@@@BB@@DABABCFABCF@BA@A@A@AAAAA@AAACAA@A@E@CACAAA@CBC@CBC@C@EACCCC@C@CBE@CBC@C@C@CAC@CDCBADCBCFADCDAF@D@FADCBCBC@A@CCEAACAC@C@C@EACAAAACCACBC@CBEACAEACACCC@CBC@A@A@@AAACCACCACECCAE@EACAEAC@C@EBCBGBCBEDCDGBCBEBABADAFCBABCBEBE@EBC@E@EAE@CBC@C@@BA@C@A@@A@@@A@C@AAC@AAC@A@C@AAAAAA@@@@@CAAACCCC@C@CBEBC@CACAGGA@@@A@@@@@ABA@AB@B@BAB@@ABA@AAA@A@A@ABA@C@@BAB@B@BFDDF@D@D@B@BBD@D@DABADABCBCBCDA@A@AAAAGAEACBCBC@CDCBCD@B@BAFAB@@A@A@AAAA@AAE@CCACECAC@@AC@C@ABABCDCBE@C@C@ADABABA@@D@B@DAD@B@@BBBBB@BBBB@@@@A@AB@@@B@@AB@@A@ECAACBABA@A@C@CAAAEACAEAAB@BADADCBABEBCBCBADE@CAC@CAEA@C@ABADADABABA@C@CBC@C@ACCA@C@C@C@C@C@ECECC@A@EACBA@AD@@BDAB@BBD@D@@ADAB@B@DBDDBBBBB@BAB@@CBC@CBAD@B@BBDBBBBDBBD@B@@BBBBBBF@B@F@D@@BBAD@B@B@DA@@DBBBBB@D@D@BBBB@FBFDDBDBBF@D@@BBBBFDJDFBDB@D@H@F@BBD@D@BADAD@BAB@H@BAF@DADADADCDAD@D@D@BBDDH@DBD@DBDBBDBDAB@DADCDAFAB@DBDBDDDBBF@B@DAD@D@BBDBD@BADABAD@BAAABAAA@A@A@@B@@@B@@@B@B@B@@ABE@EBEBADAD@BBB@BBBDBD@B@H@FAJAF@F@DBD@FBDBBBBDAB@DABADADAFCDADC@ABAAAAACACCACAC@CBEBCBEDCDCF@B@H@BABABA@@BAB@D@BBBDDBBBDBB@@@DADA@C@A@CAAACACACCC@CDABADCDCBE@CAAACCA@AA@B@@@BBB@B@@AD@BABAB@DAB@@@@AB@B@@@BA@A@C@C@A@ABCB@B@BBB@B@B@@A@C@A@ABCDADCDABCDAD@D@DAD@D@FBDBFBD@@BF@FBD@DAD@FAFADCBCDCDGHCBADC@A@AAC@C@E@EBAB@B@BAB@@BBBB@B@BABA@ABA@ABC@AAC@@BA@A@@B@B@FA@@BA@@B@B@B@@BBB@@@ABA@@B@@@B@BA@A@@@A@AACBCBC@E@CFA@ABABCBABEBCBABABC@A@@BAB@BABADCFCDADCB@BABABABAB@BAB@D@BADADE@ABC@CACAA@AAAA@@@@@@BAF@DABA@AACCAWMAA@A@A@@BAB@@A@AAAAAAA@@BABAB@D@B@B@B@@AB@@A@AAA@A@AB@B@D@@A@AAAAACCCAC@C@A@AA@@@AB@@A@AA@@A@@@@@@BA@@@ABA@@@A@@@@@A@AB@@AAA@A@AB@@A@@@A@@@A@@@@@@@@@@@@@A@@B@@A@@BA@@@ABA@@@A@@B@@@@AB@@@@AB@@A@@@AB@@@@@@@@@@A@@@A@@@@@@@A@@@@@A@@@AB@@@@@@AB@@@@@@@@AB@B@BA@@@@BAB@BABA@@@@B@@A@@B@@AB@@@BA@@@@@@@@B@@@@@@AB@BA@AB@@@@@BAB@B@@A@@B@@@@@@@B@@A@@@@@@BA@@@@B@BB@@B@@A@@@@@@@A@@@@@AB@B@@@BA@@@@@@@@@AB@@@@@@@@@@@B@@B@@@@@@@@@@BA@@@@BA@A@@@@@A@@@@@@A@@@@@@@@A@@@@@@B@@@@@@@@A@@@A@@@@@@@@@A@A@@@AB@@A@@@@@@@A@@B@@A@@@@@AB@@@@@@@@AB@@@BB@@B@@@@@B@@@@@@AB@@@@@@@@A@@A@AA@@AA@@@AA@@@@@@@@@AA@@@@B@@@@@@@@@B@@A@@B@@@@@@A@@@AB@@A@@A@@@@A@@A@@@@@@@@@@A@@@@@@B@@@@@@@B@B@@@@@@@BAB@@@@@BAB@@@B@B@@B@@B@@@B@@@B@@@@@@@@A@@@@@AA@A@@A@@A@@@BA@@@@B@@@B@@@B@@@B@@A@@@@@A@@@@@@A@@@A@@@A@@A@@@@@@@@@@B@B@@@@@@A@@@@@@@A@A@@@@B@@A@@@@BA@@@@@@@AB@@@@A@A@@@@@@@@@@@AB@@@@@@A@@@A@@A@@A@@@AA@@@@@@A@@@A@@@@@@@@BA@@@@@A@@@A@@@@@ABA@@@ABA@@@@@@@@@AB@@@@@@@B@@@@A@@@@B@@@@@BA@@@@@AB@@@@@@@@A@@@@@@B@B@BADCDEBCBC@A@AA@C@A@AACA@A@CACAAACC@CAA@EBC@C@EBAA@@C@@A@@@@@@B@@A@C@AB@@A@@@@B@@A@@@@@@@@@@@A@@@@@@@@@A@@@@@@@@@A@@@@@@@A@@@A@@@@@@@@AA@@@@@@@@@A@@@@@@@@@@B@@A@@B@@@@@@@@@@A@@@@@@@@@@@A@@@@@@@A@@@@@@@@@A@@@@@@@@AA@@@@@@@@@A@@@@@@@@@@@A@@@@@@@@@@@AB@@@@A@@@@@@@A@@@@@@@@@@@A@@@@@@@@@@@A@@@@@A@@@@@@@@A@@@@A@@@@@@@@@@@AA@@@@@@AAA@@@AA@@@@@A@@A@@@@@@@@@A@A@@@@@@@A@AB@@A@@@A@@@A@@AA@@@@@A@A@@@@@A@@@@A@@@A@@@@BAA@@AAA@AA@@A@@A@@@A@AB@@@@@@A@@@@@@A@@A@@@@@A@AA@@A@@@A@@@@@@@@@A@@@@@A@A@@@@@@@A@A@@@@@ABA@@@@BADC@@@AB@@@@@BA@@@A@@@@BA@A@@BA@@@@BAB@@@@A@@@@@A@@B@@@@@@@@@BA@@@@BA@@@A@@@@@A@A@AB@@@BA@@@A@@BAB@@@BA@@B@@ABAB@B@@@DBB@D@@@@@D@B@B@B@@A@AAAAAAAA@A@ABA@A@AAAABA@C@A@C@@AAC@A@C@A@@@C@ABABAFCF@DAFCLADADADA@CBABAAA@C@ABC@ABCB@@CBABADA@ABABA@A@@@AAACAAACAAACAA@A@A@A@ABABCDABABABABADADC@@BA@ABEBABA@ADA@ABA@A@A@@BC@ADCFAFCFEBAB@BABABCDA@@@ABC@C@CAC@@AAA@AA@@A@ABC@AB@BA@CBAAAA@A@AAA@@A@C@A@@@AA@@AAAA@@A@A@C@E@C@CBCBABAB@BAB@B@FAB@@CBA@EBABC@AB@AA@AA@@A@ABA@@BBB@B@D@@@B@B@@A@CBA@CBABABABABABAB@@@@ABAAC@AACAA@A@ABA@ABA@CBA@ABABABA@A@AAA@ABC@C@C@A@ABABA@CB@DA@A@ABABABE@A@CAC@ACCAAAAAAAAAAAC@A@@@@A@@B@B@@@BA@@@A@ABCB@@@BABA@AA@CAA@@@@A@ABABAAAA@@AC@A@DCBCAAAAAAA@ABABABA@A@AA@AAAAAAA@@BA@@BAD@BA@A@A@AAAACAAACA@@BA@A@@@AAAAA@@AAB@@AB@BA@A@A@ADABABAB@BADED@BABABC@ABA@@@AA@@AACA@ACC@AA@AA@@A@AB@BADABAB@BBD@B@D@FAD@@ABA@CBABABB@ZR@@@@ABB@@B@B@@@@@BA@AA@@@B@@C@@@A@@@@@A@@BB@@BBBBBBBBBBB@BBB@B@F@B@D@B@B@D@BAB@BCBCDA@BB@B@B@D@BAB@BCBA@CDC@ABABABAB@DABCFAD@BAB@B@B@D@DBBAB@BBB@D@BBBBBBBBB@D@BABABA@ABCAA@C@C@C@CBCBA@ABCBABABAB@B@B@BADAB@BBBBBBDBBBB@DB@@BB@BBD@B@DBB@B@BBB@BB@BABABABCBA@ABCBCBCBA@ABAB@B@D@D@B@D@DBD@D@DAB@D@@ABAB@B@B@D@D@B@DBB@DABAD@BABABABA@ABAB@B@D@B@BADABAB@BA@ABA@CBABAB@@@B@D@@ADA@A@CBCBABADA@A@A@A@A@AB@B@DAD@D@DAD@F@D@B@D@D@D@F@DAD@BA@A@AB@D@B@BABBB@@@BBDA@@BCBABCBABC@ABCAABE@@@AD@D@B@DAB@B@BAB@BAB@B@D@B@D@DAD@B@@ADCB@B@D@@BB@DB@@@DAD@@AB@DBB@BB@BA@ABCBABCBA@@BAB@B@BBB@BB@BBD@@@F@@@B@BBBBDBBBBB@BBD@B@B@DBB@B@BBBBB@B@@ABABA@ABABABCD@BABAB@BAD@D@B@B@BABA@ABC@A@A@C@@@CBABCAA@A@A@@@@B@D@BAB@BABCBABABADCBABAD@BADBB@B@BAB@@CBC@C@A@ABA@A@A@A@ABABCDABAB@D@BAD@BABABA@C@CACFA@CBAAA@A@ABAB@BAB@@CBABA@ABCBCBEBCBCDA@@@@@@A@A@CAA@@AACAAACAAACAAAC@ABC@C@@AA@CAACACAA@@AAA@C@A@C@C@CBCDC@A@C@A@@@@AA@A@A@CAC@ABC@A@CAC@@ACAA@EAA@@@GAC@A@C@C@CBC@CBCBCBCB@B@@BD@B@BBB@B@D@BAB@@A@@A@A@A@AA@A@A@ABABC@ABCBC@@BABABABABA@A@C@C@AAA@A@CAACAA@A@CAA@@A@AAAACAAAC@A@A@A@CBCDAB@@AB@BAD@B@BAB@@@B@DBBBBBB@B@BAB@@C@A@@@@B@BB@BBD@B@BA@A@ABAB@@@B@BB@B@B@@ABA@AB@BABA@CBABA@AB@@@B@BBB@B@DB@BBD@D@BBBB@B@B@B@BA@@B@B@BADABABA@A@CB@@@@G@A@CAA@AAAACAAACAA@A@CBCBCBADABADABCDADCBADAD@BABABABADA@ABCBCBC@C@CBEBABA@C@A@AAA@CAAAA@AAAA@A@@@ABAB@BAB@D@BB@@BAD@B@DA@@BA@A@A@A@@@AAAA@A@A@AAA@AAA@AAAA@AA@@@A@AB@@AB@DAB@BABA@@BA@A@AAA@AACAA@AACCAC@AACAC@AAAA@@AAACAAACAAAAAAAAAACCAAA@@A@A@CAA@A@@AACA@@AA@A@AAA@C@C@C@@@A@A@AAA@@AAAAAAA@E@A@@CCEAGAACBELO@GCEGAGDIJKDKBABAB@@AD@BDN@LEHIDABC@C@KCOCCAEACAC@EB@@@@EDEBGLKHGFCAA@AAA@CAA@C@C@CBC@AAE@CAECCAAA@@@@@@@@A@@@@@A@@@@@@@AA@@EBCFCDAF@DBDBBDBFADAB@B@B@@@BD@BBBBB@BBBBD@@C@A@A@CBA@ABABADAB@DABCDCD@BABAD@BABADAB@@ABA@A@A@E@CBA@@BAB@@CB@BA@CBA@A@ADCBAB@BABC@CB@B@@BD@DB@BF@BABAB@B@DB@BBB@@D@B@B@@@@@B@@@B@B@@@BA@@BAB@@AB@@A@A@@@@@@@@B@BB@@@AB@@A@ABA@@BA@A@@B@@AB@@A@@@@@@B@B@@AB@@AB@@@@@B@@@@@BA@@@@@A@@@A@@@@@@@@@@BBB@@@@@@@B@@@@@B@@@@@@A@@@A@A@@@A@@@@@@@A@@B@@@@@@@@B@@@BB@@@@@B@@@@A@@@@@@@@@@@@@@@@@@BB@@@@@@@@B@@A@@@@@@@A@@@@@A@@@@@@@@@A@@B@@@@@@@@@@A@@A@@@@@@A@@@@B@@@@@@@@B@@@@B@@@B@@@@BB@BB@@@@@B@B@@@@@@@@@@@@B@@@@AB@@@@@@@@A@@@@@@B@@@@@@@@@@@@@BB@@@B@@@@B@@B@@@@@B@@@@BBB@@@@BB@@@@@@B@@@@@@BB@@@@@A@@B@@@@A@@@@@@@@BBB@@@B@@B@@B@@BB@@@B@BBB@B@@@@@@@@@B@@@@@BB@@@@@@@@@@@@@B@@B@@@@@B@@B@@@@@@@@@@@@FAFA@EBC@EBEDAFAFAHAFADEFGFEFAF@B@F@DDHBLFJJDPFJD@HCFEBEBCAKKG@CBABAB@D@D@DDL@@AB@@A@A@@B@@@BBD@@@B@B@@@@AB@B@@@@B@@B@@ABABCHEJAFADABABA@CB@AC@C@E@EBABAD@B@DB@BFB@@B@L@H@F@DCD@B@BBDDFDHFP@@ABA@A@A@ABA@AD@BBDBJBNKVGRIVAJALBJDHJBPBRBBDCFIDKDGAICKIGEEGACAEBA@@AC@@BA@@@AKAG@A@CBEBA@@BCC@A@EBCFEFEBCAGGIIAG@C@@BG@GBGDEFCFJT@FGFCDEBGBEEQKACAGCECIACEAC@@FBNBJ@FCBCBKAA@@@ABA@A@GCICGAC@C@A@ABCBABEDA@A@A@C@EBGBCDA@@AAAAC@@BA@@AACAA@A@ABE@CBE@EAC@ECA@EAC@KICAE@CBGDEH@D@DHLBBAB@BCBCBC@A@CAYKEAE@EBI@C@ABB@@@@@@B@@@B@@AB@BA@CBEDCBC@E@C@AB@@A@@BBBB@FBDBBBBBB@@B@B@@ABA@@B@D@B@@@BAB@B@BB@BBB@D@D@BBBB@B@B@BA@A@C@C@A@A@@B@B@@@BBD@D@B@BADABEDCDEDE@AA@C@EAC@AAAAAA@C@CBABC@E@E@KCEA@@@@@@CCCCACCA@@AD@B@B@D@B@@@F@DBDDF@BAFAFALEL@HBFDD^RDDDD@D@DKJAD@B@BBBB@@@BB@B@@B@BBB@@@@B@@BB@@BA@@B@@@@BB@DB@DEJ@DBBBB@B@BADCBMHABABCPADABABEBCBCBCBC@AAAA@EAAA@CB@B@@ABA@A@@@A@EBEBE@@@ABIAWAGA@@A@A@A@@BBB@@A@@@AB@@B@@@@@A@@BHD@BFBPFFB@B@BCH@BBBB@B@FCF@D@B@@B@@@@@BAB@@AB@@BB@@@BA@A@ABA@@@A@@BB@D@B@@BA@A@A@@@BB@BA@A@@@A@@B@@@B@@C@@B@@@@AB@BB@@@BBA@BB@@A@@@@@@@@B@@@@AA@@@@@B@@@@@@AA@@@@A@@@@@A@@@A@A@AA@@BAA@@@@@@@AD@@@BA@@@@@@AA@@@@@@B@@@@@@@@A@@@AB@@@@@B@@@@@@AA@@A@@@EBG@GAEAAC@O@CAAGACBCFADCBA@C@CAAE@AAAAAEAE@C@GBGFCF@BBBBBLDHDBD@BBFAFADEFCFKBIFAD@F@HHVABCVCJCFINEDAD@BA@@AA@@BA@@BCB@B@@DD@@@@A@@@C@@BA@E@GB@BEZAB@D@BAB@BB@@B@AD@@@@@@@@@@DB@@@B@@@BB@@@BABAB@B@B@@@BBBBB@B@BB@@B@@@H@@BBBBVJ@@D@FAB@B@BBBB@BAJEHCDAFBD@BHDDB@BD@@BBB@B@D@D@B@B@BB@B@@@BAFCFC@A@A@A@AA@CCCA@A@A@@B@B@B@FBB@B@@ABA@AAA@AB@BAB@BB@@@@AD@@@B@BBBDF@@DBBB@B@B@@ABCDA@@B@@@@BBB@FABB@@@@@DBHBDDHBBBBBBB@BB@@BBBBDBDBD@BBD@DA@@BABA@EBABABAD@B@DBB@D@BBBB@BBF@@@BAD@BABAD@LAD@@BBBBD@DBB@DBBBB@@@@@BBB@FDBB@@@BA@@@@D@@AB@F@BABAD@BEBAB@@ABBB@@@B@@@@CB@BB@@BB@D@B@@@@B@@AD@B@@DB@@@B@@@@B@FAPGJHFD@BDD@BHFJHB@B@B@D@BABABEBAB@HEDABADAF@F@HADAB@FBDBB@D@DAFAD@@@D@DBBBB@DAFABBB@BBBBBBDBADAHAB@BBB@F@D@BAB@@A@A@CBA@ABADAF@B@D@BBDDHDDBBDDDDDBB@HBD@B@@@BABADEBEBCB@BAB@HARELABABA@ABEBABCDCDA@ADBBBB@LBB@@B@DKHAD@BABAB@B@@DBJHD@B@DJLFDBBB@@@B@@CBGDA@A@@B@F@DBBBBFDDD@@B@DIDCDCDC@AD@B@DADA@@B@@@BB@BBD@BAB@@@BA@BB@BA@AB@BAB@B@@@BBBBB@@@@@@AB@@A@@@B@@B@@B@BBHBF@BBB@@BAD@HDLGFABAD@B@DDF@BDDVVDD@DABC@A@CBAD@@@DBHBFBF@DBH@J@B@BB@@B@BC@@D@@@@@BB@D@BB@@B@@B@B@BB@BCDAJCDA@@F@B@BA@@BBDBDD@@BB@B@DA@CDAB@@@BDB@@BAB@B@B@@B@BCF@@@FB@@BB@B@@B@BBBBBBBBBBFB@@@B@DA@A@A@ABAFAJAFAJAD@BABBBDBBF@DBB@D@BBFDD@BABCB@BA@@FFBBB@B@B@B@@BB@@DADBB@BD@DBDBBBB@B@@@@@B@@@BAB@B@BA@@@@B@B@B@F@B@@@@A@@@A@@BA@A@A@@@A@@BAB@BABA@@@@B@B@B@@ABB@@B@BBB@B@B@@@@A@AFA@AB@BBD@@@@B@B@@@BB@B@@@BDBBB@DBB@BB@B@@@B@@@BAB@D@B@B@@B@BBB@@BB@B@D@BBB@DBB@B@B@@@D@B@BBBB@@@BA@ABCB@@@@AD@BBB@BBB@@@@@B@B@@AB@D@DBB@BA@@B@@BB@@@BB@@@AB@BCDA@@@B@BB@@B@B@@A@@@BB@@@@B@@BBB@@B@@CBEDA@CAC@I@G@@@@BA@@@A@A@ABAB@BAB@@ABCBAB@BBB@BB@D@BBBBAB@D@D@BA@A@@@A@@BBB@@ABEFEFEFAB@@@BBBDBDD@@BAB@DBD@BBBBAF@@@BD@D@BB@B@B@B@BC@@@@BBB@@AB@BB@DDBD@@AB@B@@@BB@F@B@@BDDDD@@BBB@@BCR@@ABAB@FADA@AB@@AB@BBJ@B@B@B@BD@BBBB@BBD@@@B@B@@@D@@B@@@@@B@B@@@@@@D@@@@@@AA@@@B@@@@BD@B@@B@BBB@BAB@@B@BB@@@@B@@B@BA@@@@B@@DBB@@@@B@@@BABBB@@@AA@@B@@@B@B@@@@B@@@BBD@@@@@DA@@BCB@B@@B@B@F@@@@@@@@BB@@@@B@B@B@@@B@@@BDB@@@BA@ABA@@B@@BBABC@CDCBAB@B@@DBBBBB@B@BADCAE@CACAEGCAA@E@A@AD@D@BAD@DADCDADABA@A@CACCAACA@AE@EAA@CBCD@BAD@B@BA@AAACCAA@CBCBCAAAAA@B@D@DADADAFAD@BA@EBA@CD@D@B@@BB@D@FAB@DABADABC@CAGECAEAA@CBCBABAB@DAB@BA@EBGACAABC@@BAD@J@JAD@DAD@BBBDBDF@BBBABA@EBCAE@CBCB@@BBCB@BA@A@A@AACAA@A@A@CBCDABEBC@A@ABA@CAE@G@ABCBGHINCB@@ABAH@@B@@@@BA@@BAB@@A@@@@@@AMBBBABA@CBAB@BBBDBH@D@DBBBBDBBDBJBFBDHBJ@BBD@D@@A@@@C@A@@BCB@BA@A@CAA@@@@BABA@@@A@A@A@@@A@CE@@@@A@@@A@AD@@@@G@A@@@AACC@AA@@@CA@@AA@@ACA@@@A@AAA@@@AA@@@@@A@CACAC@@A@A@GDE@AB@BDDBB@B@DAB@@AC@AAAA@@@@@ABA@@@A@AA@AA@ABA@CB@@A@@@@BBB@B@@ABB@BB@DAD@B@B@B@DDBBDFDBDBDBDBDBDB@@A@AD@B@B@FDFBFDB@DAF@DABA@@DA@EBCDAJAFBFDJLJDFADCFCF@DA@@DBB@DBBBBBBBBBBB@BD@H@FAHAF@RDDD@DBF@D@@AF@F@D@DBBBBBBBBF@B@D@FABAD@BDDDAB@BABADCD@BCB@DC@A@EACA@@KAEBA@CBMLAFCDCDC@CBA@@B@@A@@B@@@@@B@@@@BBA@@@@@@B@@@@@BB@@@BB@@BB@@@@@@@@@@AB@@@@@@@@AB@@@@BD@D@BAD@BABC@G@CB@B@DBBRJ@@BB@HABBD@DBDBBDB@@B@F@BABABA@AFBD@F@D@D@D@B@BAFEBAB@@@D@B@B@B@BABABA@AD@B@BBB@BBB@@ABA@A@A@@@CBA@C@ABA@ABADADBD@D@D@BADBB@DBDB@@@@B@@@@@@@@@@@B@@@@@B@@@@@@@@@@BB@@@@@@@B@@B@@@@B@@@@@@@@@B@@@@@B@@@@@B@@@@@B@@@@@B@@@@@B@@B@@B@@AB@@AB@@@@@B@@@@B@@@@@@B@@@@@@@@@B@@A@@@@B@@@@@@@B@@@@@B@@@@@@@@@@@@@BA@@@@@@@@@@BB@@@@@@BB@@@@@@@@BA@@@@B@B@@A@@@@@@@@@@@A@@AA@@@@@A@@@@B@@@@@B@@@@@B@B@@@@@B@@@B@@@@B@A@@@@@@@@@ADBBBBB@DABAFAB@B@BBBBBD@DCFEDAF@@B@BABCBADABBBHLBD@B@BA@ABAAC@ABA@A@@@@@AAA@CAA@A@@@A@AB@@@@AB@BA@@B@B@B@@@BA@@@AA@AA@@@A@A@A@@B@@AB@@@BB@@BB@@@B@@B@@@@AB@@@@@BAB@BAF@D@BB@DB@B@BABC@CBCB@BBBDBDAD@D@B@@@@@BJ@@ABCBCDCD@DBDDJBBD@B@BAD@@@DAB@@AB@BA@@@A@@@AB@DA@@B@BDBBB@@BB@B@B@DABAD@B@@B@B@@@@ABADCDEJAB@BADBBBBFBFBF@DBD@D@FDDB@@BBBD@DABADAFADADBFBDFBFDBDDBBBBDB@BDDBBBBB@B@B@BABABCBGDABA@@B@@@B@@A@@@B@@@@@@@@BB@B@BBB@BB@@B@@@@@@@A@@@@@@@@@A@@@A@@@@@@@@@@@@B@@@@@@@@@@@B@@@@@@B@@@@BB@@@@B@@@B@@B@@@@@@@@B@@@@@@@B@@@@@@@@@@@BA@@@@B@@@@@@B@BB@@@@@B@@@@B@@B@@@B@@B@@B@@B@@B@@@@@@B@@@@@B@B@B@D@F@DAD@FDFDFHBDDFBF@DADABABABBDBBDBBBDADAD@DBDBFDDBBBFDFBDBFAFADCBCBADC@C@AB@BAAC@ABA@A@A@ADAB@@ABA@@FCD@DCD@@A@AA@CAACCC@CAC@A@EDABABADABAD@D@BBDB@BAB@D@DDBDDHDBBDB@@@DABBB@@B@BCBABADBD@DBB@B@AAACAACA@AAA@@D@D@B@B@@A@AAAAAAA@C@CBC@ABADCB@BADBB@BBBDBBB@BBB@BB@BABABIBABCA@BA@@DBB@BDBD@B@BA@CBABAB@B@@@BD@B@B@D@@@BBBB@@@DAB@F@DBD@BA@ABA@A@AB@B@@B@D@DBBB@BC@ABCAC@CAAA@A@A@E@AA@AAA@A@ABCBABCBA@@DBBBBDB@DBD@FBBDBBDBB@@ABABAB@DABA@A@C@ABA@AD@DABAFAD@DAB@DABAB@@ACAAA@ABCBA@@BADBD@FBDBF@F@DBFDD@DBB@BBB@B@BAB@AC@A@A@CB@D@D@DBB@D@DDD@BADABADCBAB@DADBD@BBBB@@BJ@@B@@@B@@@B@B@BA@@B@FADAFADAD@D@D@DB@@BBBBD@D@B@BA@C@A@AB@@CBE@A@CBABAFAB@B@@@BABA@C@A@CBCB@BBDBB@DADCDCBA@@@BB@@A@@@@BA@@@@@A@@BB@@@@@AB@@@@AB@@AB@@@@A@@@@@A@@A@@A@@@@@@@@@AB@B@B@@@@@B@@B@@AB@@@@@BB@@@@@B@B@@@B@@@@ABB@@BB@@@@B@@@@@BA@@@@@@AA@@@@A@@A@@@@AA@@@A@@B@@@B@@@@A@@B@@@@@BA@A@@@@@@BA@@BBBB@@B@@@@@@B@@B@@BBD@BBF@BB@BBH@FB@@B@BA@A@C@A@ADG@A@A@AACAC@C@C@@A@A@@@A@@@@ABA@@B@@ABB@@B@B@@@BA@@@@B@@@@BB@@B@ADA@@B@@@@BB@@@@@@A@@@A@@BA@@@@B@B@B@@@B@@@BA@@@AA@@A@@A@@@A@@@@@@B@@A@@@A@@@@A@@@A@@@@B@BA@@B@@@@A@@@@BA@@@@@@@@@@@@@@@@@BB@@@@@@@@@@@@@@@@@BA@A@AB@@A@@@@@AB@@@@BB@B@@BA@@@@B@@BB@@B@B@B@B@@AB@@B@@@@ABA@@@@B@@@@@BB@@@B@B@B@@@@AB@@A@@B@@@B@B@@AB@@@@@B@@B@AB@BA@A@A@AAC@A@@@AB@B@D@B@@@@ACA@A@@BA@@B@B@B@B@B@@@B@BDBF@DA@@BABA@AB@BABADA@ABABA@@@@BBB@B@@@B@@@BA@@BA@@BB@@@B@@@DA@@B@@@B@@@B@B@@@B@@@@@B@@A@A@A@A@@BA@@@@@AAAB@@@@AB@@A@@@@A@AAAA@@@@@@B@@AB@B@B@@@@B@@@@@B@B@@@BB@@@@@@@BA@@BA@@B@@@B@@@BAB@@@@AB@@@@BBB@@BB@@B@@@BAB@@@BA@A@@@AAA@@BA@@@@B@@@BB@@DD@B@@B@@BB@B@@@BAFCB@@@@A@@@@@@CA@@A@@@@AB@@@D@B@@@@@BA@A@@@@AAAA@@@@@AB@@@@BB@@BBB@@@@B@B@@@BC@@B@@@B@@@@BBB@@B@@@@@@A@@AAAC@AAC@AA@@A@@@@@A@@B@@@@A@@@@@A@@@@BB@@B@BB@@B@@BB@@@B@B@@A@@@@@@AAAA@@@@@@BA@ABA@A@A@@@AAA@@@@A@@@C@@@@A@@AAB@@@@A@@B@B@@@B@@@@@B@@@@@B@B@@@@A@@@@@AA@CC@@@@@AB@B@B@@@BAD@@@@A@@@@AAA@AAA@@AA@@C@@@A@A@@B@B@@@@@B@BB@BB@@@B@@A@@@@@A@@A@@@@A@@@ABA@A@A@AA@@@AA@A@@@@@A@@B@@A@CAAAAECECCA@CBADAJ@B@@C@@@A@A@A@C@A@@@A@@B@@@B@B@@@B@@@@@@A@A@@A@@AAC@@AA@AB@@@D@F@B@DAF@DAFBDBB@B@BACA@@@A@@@@BA@@@A@@@AA@ACAAAC@AAA@@AACC@AA@@@BABA@@D@BCBBF@B@DC@C@CBCDAFAFAFBB@DBHFBBDBDDDBBBB@BADC@@DCDEBEBA@ABAAA@A@C@@A@@@A@BA@@@A@@AACAA@A@AA@@AA@A@A@ABABAD@D@D@B@@@@ABC@I@@BADBDD@B@BADABBBBDDBB@@B@BABABADAB@@@DDBD@@@@AB@@@BB@@BB@@B@B@@@@AB@@@@@BABADBB@@@B@BADA@A@A@@AC@@@@@A@A@EDAFADBB@@D@@ABCDA@AD@@BBDBB@@B@@@B@D@B@B@BBBBB@BAFCBCB@@EB@@@BCB@D@@@BD@D@B@D@BAB@@CA@BAB@B@DBB@DADA@C@CAA@G@E@C@AB@@@D@DBBB@@@H@B@BD@D@B@@BB@@AB@@@@AB@B@@B@@@BD@BB@B@@GNAH@FBBHBPHDB@@@BCFAB@@ABA@AB@B@@BBABADB@@BD@DADB@AB@B@B@@@BA@@BA@@B@BAB@@A@@D@BC@ABABAB@DBD@B@BAB@DCB@B@DAB@B@B@@B@B@BDF@BAB@B@B@B@BDBB@BA@@DAD@@B@@B@@B@DBBBBDD@BBAB@DA@@BA@@B@DA@@BBB@@A@@B@BA@@B@DBB@B@@@@@@B@@AB@BBBD@DBBBBBB@BAD@B@DADAB@B@BDB@@@B@@A@A@ABABAD@BB@@@BEHABABC@@DADB@BBD@D@B@DABABABABAB@BABABABCBC@AB@BA@@B@DBFBD@D@@B@@BB@DBBBDAB@BDB@@J@F@F@B@@DBJB@ADA@A@E@A@A@CD@@@B@DBBAB@BA@A@A@AAC@@@ABAB@BA@ABA@@@AB@BAB@@B@@@B@B@BAB@@@B@@@@@BB@@@@BBB@@BBBB@B@@@B@@A@@@@@@D@DBHAD@DAF@BB@DADADCFABCD@BABBB@BDBBBD@D@BCBADABABAB@BBBB@D@DABAB@BA@@BA@ABABA@AB@BA@@@BDBBBBBB@@BBB@@@DAD@D@@@B@B@B@B@@@@@@@@A@@@@B@@@@@BAB@B@@@B@@@@@@@@AA@@@AA@@E@@@A@@@A@AGAABABAD@B@B@B@DH@BB@B@D@BAJCD@D@B@BBBBBJB@BB@@@@@@@A@@BA@@@@@AB@@@@@@@@@BABA@@@ADEDCB@DAFDDBD@FCB@BABA@A@@@AAA@ABCB@@@@@@@@@BB@@@@BB@@@@B@@@B@@@B@@@@A@@B@@@@@@@BB@@B@@AB@@@@@@@B@@@@@B@@@@@@@@@@B@@@@@@@B@@@@@@@@@@@@@@@@@@@B@@@@@@@@@@B@@@@@@@@@@@BB@@@@@@BB@@@@B@@@B@@@B@@@@@@@BB@@@@B@@@@@@@@@B@B@BA@@@@B@@@@@@@@B@@A@@@@B@@@B@@AB@@@B@@@@@B@@@@B@@@@@BB@@B@@@BB@@B@@@@@@@B@@@@A@A@@@A@@@@@@@@BA@@@BD@@@B@D@@@B@B@@@BB@@B@@@@@@@B@@A@@B@@AB@@@@@B@BAD@@A@@@@B@@LBJDFDFJDFBFAXQFCH@LAD@@@@@BA@@@AB@@A@@@A@@BA@@@@@@B@@@@@@@@@@@AA@@@@@A@@@@BA@@@A@@@@BA@@@@B@@AB@@@B@@@B@B@B@@@BA@@B@@BB@@@B@@@@@@@BA@@@@@@@@B@@@@BB@@@@@@@D@B@B@@@B@@@B@@@B@@@@@B@@@@@@@@A@@@@@A@@B@@@@@B@@@@@@@@@@@@@@AA@@@@@@@@@B@@@@@B@@@@@@A@@@@@@@A@@@@@@@@@@@@B@@@B@@@@@@@@@@@@@@@@@@AB@@@@@@@BA@@@@@@B@@@@@A@@AB@@@@@@A@@@AB@BAB@B@@A@A@A@AAC@@@A@A@AB@@@B@@@DB@@B@B@@AB@@A@A@A@@AA@@A@@A@A@ADA@B@@FBB@BAB@BIBEBCBABCFG@A@A@AA@C@E@C@A@A@AAA@@@AA@@AA@A@@@AA@A@AA@@A@A@A@@AA@@A@AA@@A@@@@@@@@AA@@A@A@@@@@@@A@@@A@@@@@@@A@@@@@@@@@A@@@@@@@A@@@@@@@@@@@@@A@@@@A@@@@@B@@@@A@@A@B@@@@@@@@@@@@@@@@@@@@A@@@@@@@A@@A@@@@@@@@@A@@@@A@@AA@@@@@@@AA@@@ABA@@BA@@B@@B@@BB@AB@@AA@@AB@@@B@BBB@B@B@DB@@BA@@AA@A@A@@@AB@@@B@B@@@B@@B@B@BB@BA@@@A@@@AA@BA@@BAB@AA@A@@AAA@@A@@B@B@@@BA@AB@@@BBB@@@@B@@B@@A@@@@B@@AB@@@@@@@@A@@C@AA@@AAACAAA@A@@@AA@A@A@@@@B@@AB@@@BAA@@@A@AA@@AA@@DEBCBABA@@B@B@@@@DBB@@B@B@BA@@BC@CBAAA@@A@AAA@@@AAAE@ABAD@BBBBNFD@B@D@B@@A@@@AIMEE@@@A@ADAB@B@J@D@BAB@BA@ABE@A@@@A@@@A@@A@GA@@AA@ABA@@D@B@BBFD@@BBB@BBB@B@@BB@B@BABA@AAC@AACBABABCB@D@BBDDB@D@DA@AB@@A@A@AA@@@EEAA@CDCBC@CACAE@@@C@CBC@CAA@C@A@CAA@A@@@A@A@@B@B@@@BADBB@D@DBD@D@BBB@B@@A@@@AAA@A@A@AB@BAB@B@B@D@D@B@B@D@B@B@B@@@@@@@@AAA@@@AAAAA@@@A@A@C@A@A@A@A@AAC@AAC@@@C@ABA@C@CBC@C@AAC@C@C@A@AAC@@@ABA@@BABABADAFCLCJGLIDA@CBAAECK@CBCBC@C@A@A@A@ABADABAB@@CBA@A@@H@LAJCLEDADAD@B@B@BDDDBDD@@BB@BABAAIBC@AD@D@FDDDD@B@B@BADABA@@B@BBBBBBBBB@BBB@BBB@B@B@BB@@BB@B@B@B@BB@@B@B@@@@B@@@B@B@@@B@B@@@B@@A@@BA@@BBB@@@@@B@@A@@B@@@B@@@BB@@@BBB@@@BBAB@BA@@BAB@@@B@@@BB@@B@B@@@B@B@B@B@ABB@BB@BB@@@@@B@@@B@@@@B@@@@@@@BA@@@@@@B@@@B@@@@BBDDD@@@BB@@B@@@AB@B@@@B@@B@@B@@@@@B@B@@BB@B@@@@@B@@B@FAB@@ABA@@@ABABABAF@@A@@BABCDCDADAF@BAB@@A@@@@CG@@BA@@@AB@DBD@FBDBBBN@DBHDD@BA@CB@BAD@DBB@D@F@DAD@HGDCF@B@BBBL@DDBHBLBJDFBJFD@B@B@@C@CBAB@DBDD@BBB@HDFBD@B@@B@B@B@BB@B@H@B@D@@@BA@GBA@A@@BBBHBBBBBBBBB@BDDBBJLDDFBFBD@HDD@@@DAB@BCBABABCBA@ABCFEBCDK@ABA@ABCBA@@BCBABABAB@BAF@H@DABABCFQBABCFAFAJAJ@HBD@BB@DABEHCF@DBDHLD@D@FABABA@ABK@@BABA@E@@@@@@@@AA@@@@B@@@@@@@@@B@@@@B@@@@FF"],["@@A@@@A@AA@AAA@A@AB@CAAB@@A@@@AAB@KAAB@FADAHEHCDABAFBHBDHDHFHBJ@HB@s"]],"encodeOffsets":[[[111718,31314]],[[108811,30929]],[[108093,30911]],[[108115,30853]],[[109545,30811]],[[109549,30810]],[[109546,30810]],[[109628,30765]],[[109628,30765]],[[111725,31320]]]}}],"UTF8Encoding":true}