{"type":"FeatureCollection","features":[{"type":"Feature","id":"230000","properties":{"name":"黑龙江省","cp":[126.642464,45.756967],"childNum":2},"geometry":{"type":"MultiPolygon","coordinates":[["@@RAhIXCTCTAnAtDRBNATCN@LALALEPIFEDIBCDCF@H@PFNBJBH@JEH@HBNFHFJFLBZDT@dBN@LCHADEBEAEAKESAI@I@IDMAE@EDGFGFGDE@EAECEEE@E@GBCMASAEAECAC@CFGDEBKDGHKFIDEBC@EEKCGBCDEJKDEBE@ECCGCECCCECG@KAGAECCE@ECCCAEAKCK@K@GBMBI@GACCEE@GAG@EGEEEAC@ECAC@ACBGBMBGDEFAJARAP@BA@CCEMEKCOGGGCEBIBGLIFIDEFCFCDCDEAAGAICICCEAEBG@QACECEGCG@GFIHGHEFEDE@EECGGQGCAAAECGGGCEAE@IDGBI@GDGDIBGBIBEDEFEJANBJCDEH@FBHFDDFBHG@IAI@IAO@U@W@KAQGWGSGK@EBGJCFBFDFADEDOFIAEACAAGAEECE@IBGBKBEBAHEFKDKBQAW@EAAE@EDCFC@C@GEGEEIAKAICKGKIIEGAGFCFCDI@KBGDO@I@CBGJAFIDI@EACCEGCCKAK@MAIAECIGKKIKIGICK@WDIBGJINAHGFEHKBOBG@GCECEAEBCFBHCFGBKHGFCH@JDLFLDHBFALAFDHDH@HELELEDI@IBIBKFEDGJ@JAFG@O@G@GBCFAPADIBGBEBCFBF@FCFEH@DE@IAI@CD@DDLJTBJBJBD@DEBCCEECAC@GBEDEF@HJTJJHJHH@PDHHN@F@F@FEFGDC@@FDFPLFFFHHFHBH@HALCHCHCDGDMFEHEDC@KAG@GBEDEHAJAR@HAD@HCPCDADA@ECEDCJCFADA@EAEBAFALCLAJALELGFFHFDDBH@HBFFFLFJDJBH@JAL@L@HBLJRNJLDHDHJHFF@DMFEFCBHHDDDDABGFCD@DFD@HBHDDAH@DFDBFAFAJBFAFIDIBEDAFAFCDCFBDFBLBRBP@JBJBHFDH@F@PAHFDh@PB`@d@DDBFADCFIJGFCF@H@D@@PFV@^BhC\\C"],["@@@@@ACA@@AAA@@@AA@AA@@A@@AA@A@@@@@@@@@@@ADA@@FEB@FE@@@@@@@E@E@@@A@@@A@@@@C@MAA@G@A@@@@@@@A@@AA@AA@@@@@@@@@@@@@AB@B@DAB@@@B@@AB@@A@@A@@A@AA@@AA@A@C@C@AAA@A@@@A@A@A@C@AB@@A@C@C@AAC@A@C@ABA@@@A@A@ABCB@@A@@@A@@@AB@@@@@@A@@B@@ABAB@@@B@@A@@@@@A@A@A@A@@@ABA@A@A@@BA@A@@@@@AAA@A@CAC@A@A@@@A@@A@@@@@@@A@@@A@@@A@@AA@@@@@@@@@@@A@@@@BCB@@ABA@@@@@A@@@@@@AAAA@AA@AA@AA@AA@AA@AAA@A@A@C@@@A@@@C@@@A@@@A@@@CA@@A@AA@@A@A@E@@@A@A@AAA@A@A@@@@@@@@@A@@A@@@@@@@A@@@@@ABA@@@AAA@CAA@@AA@@@@@A@AAA@@@@@@A@@@@@@@A@@@@@A@@@@@A@@@A@@@@@@@A@@A@@@@@@@@A@@@@@@@AA@@@@@@@@A@@A@@@@@@A@@B@@@@AB@@ABABA@ABA@CBCB@@@@A@C@A@AAA@@@@@AA@@@@@@AA@AA@@A@@@@AA@@A@AAAAA@AA@A@@CAAAAAA@AA@@AA@@A@@@@@@A@@A@@@@@@@A@A@@@@@A@@@@@@@@@@@AA@@@@@A@@A@@@@@@@@@A@@@@@@@ABA@CBA@@@@@@@A@@@@@@@AAA@AA@@@@@@@A@@@A@@A@@@@@@@@@A@A@A@A@@@@B@@@@A@@@ABA@@@@@A@@@@@@@ABIFCBABAD@B@BBD@DAB@@CB@BAB@B@BA@ABEBEBA@A@G@@@A@CBEBKF@@CB@BC@ABEDEDKLCDEDAD@BCDCFAFA@CBABC@CBC@AB@@MFGDADEFEDCD@BC@ABA@OLA@@@A@@@A@C@C@A@@@@@CA@@A@ABC@A@CAC@@@A@CBC@CA@@A@AA@AA@@@BA@@@@@@@@@C@@A@@@@@@@AACAAAA@AAA@AAAAA@AAAA@@AAA@CAA@CAC@AAA@A@A@AA@@A@@AA@@@AAA@A@@@AAA@A@A@A@A@A@AA@@A@@@AA@AAA@@AA@@@@@A@@@@@A@@@@@@AA@@@A@@@A@@@A@@@@A@@BA@@BA@A@A@A@@@A@@@AAC@@@@@A@@@@A@@@@A@@@@A@@@A@@A@@@@@@@@@A@@@@@@@AA@@@@A@@@@@@A@@@@A@@A@@@@@@@AA@@@@@@@@@@A@@@@@@A@@A@@@@@@A@@A@@A@@@AA@@@@A@@A@@A@@@@@AA@@@@A@@@@A@@A@@@@@@AA@@A@@@@@@@A@@@@@A@@@@@@@@@@@A@@@@A@@@@@@AA@@@@@@@AA@@@@@@A@@@@@A@@@A@@@@@@AA@@@@@@@@@@@@A@@@@@@@@AA@@@@@@@@@A@@AA@@@@@@@@@@AA@@@@@@@@AA@@@@@@@@@AA@@@@@@@@@@@@AA@@@@@@@@@@A@@@@A@@@@A@@A@@A@@A@@@@@@A@@@@@@AA@@@@@@@A@@@A@@A@@A@@@@@@@A@@@@@@AA@@@A@@AA@@@@@@@@@A@@@@A@@A@@@@ABC@AB@@C@CAA@CAA@C@C@@@E@A@EBC@E@ABYBABC@C@@@A@@BA@@@@@AB@@ABAB@BA@@BAB@BA@@BABAB@@AB@@A@@BCBAB@@C@ABA@CB@@A@@B@@@@BB@@@B@B@B@B@BAB@B@@@BAB@BA@@@@B@@A@@B@B@BAB@DAB@@CDABAB@@AB@B@@@B@BAB@B@BAB@@@B@BA@@BABCD@@AB@@B@@B@@@@@B@@@B@B@B@B@BAD@B@@@@AB@@@@A@@@A@A@@@C@@@A@@@@@ABA@@@CB@@@@A@@@A@C@@@A@@@A@ABA@@@ABA@AB@@ABA@ABAB@BA@@@@BAB@@@@@@@BA@@B@@@@@B@@BB@@@@A@@B@@@@AB@@A@@BA@@B@@@BA@@B@@@@@@@B@BB@@@@@@B@@@@@B@@@@@@@@@@A@A@@@A@A@@@AAC@C@CACAA@AA@@A@ACAA@@@@@@@@@B@@@@@B@B@@@@AB@B@BAB@@@@ABA@@BA@@@CB@@@@A@@B@@@@BB@@@@@@AB@@@@A@@@A@@@A@ABA@@@@@A@@@AB@B@@@BA@@B@@@@@B@@@D@B@@@@@@@@A@@@@@C@C@A@C@C@A@A@@@ABA@A@CBABA@@@C@A@A@@AA@@@@B@@@B@@AB@@AB@BAB@B@@@B@B@B@@ABABADAB@@AB@@@@A@EBC@C@A@C@@@E@C@A@C@@@A@CAA@A@A@@@A@@@@@A@AB@@@B@@@@BDBD@@@BA@@@@@@@A@@@@BA@@@A@A@C@C@ABA@A@AB@@A@@@AAA@A@A@A@A@C@@@@@@AA@@A@AA@@@A@@@A@@@A@@@A@A@CAA@@@@@@@@@@@@B@@BB@@@B@BAD@BAD@D@B@B@B@@A@@BA@@B@@AB@@@B@B@@@@A@@@A@@@CA@AA@@@AA@@A@A@A@A@A@@@AB@@@@A@@@@BA@A@@BA@@@A@@B@@ABAB@@@B@@@@@@@@A@@AA@AA@@AA@@A@@@@@@@A@AB@@A@@@A@A@AAA@A@@@A@AAA@A@A@@@A@@@@@ABA@@BA@@@A@A@@@@@@@@B@@@B@@AB@@AB@@@B@@@@BB@@@@BB@@@B@@BD@B@B@@@BB@BB@@@BBB@B@@@B@@@@@B@B@@@@BBB@@B@@@@@BA@@@@BBD@@@@@BB@@B@@B@@@@@B@@@B@@@@B@@@B@@A@@@CB@@@B@@@@@@@BA@@@AB@@@@@B@@@B@@@@@B@@BBA@@@A@@AA@AA@@ABAA@@@B@BB@@@@@@@@BA@AB@@A@@AAA@@@@@@@B@@@@@@@@A@@@ABC@A@@@@A@@@@@A@@@@A@@@@@@@A@A@CA@@@@A@C@@@@@@AA@@@A@A@@@@@@@@@@@@@@@AB@@@@@A@@@@@@A@@BA@@@A@@@@@@B@@@@@@A@@@C@CAA@@@A@@A@AAC@@A@@A@@@@@@@@AA@@@@@@@@@@@@A@@@@@@@A@@C@@A@AA@@@@@BAB@@AA@BA@AA@@@@@B@@B@@BCB@@@@@@A@A@@@@@@@@@@@@@@@@@@@@B@B@BA@A@@BA@@@@@A@@@@@@@@@@@A@A@A@@@@@@@@@A@@@@@@@@BA@@@@@@@BB@@@@CB@@@@@@@B@@@@@@@B@@ABA@@@A@@ACBAAA@@BA@@BAB@@A@@@@@@@ABA@@@@@A@@@@BA@@@A@@@@@@@@A@@@@A@@@@@@A@@A@@@@@@@A@@@@@EC@@@@@A@A@A@@@@AB@@@@A@B@@@@@A@@@@B@@A@@AAAA@A@A@A@@B@@A@@@@@AB@@@@@@@B@@@@A@@@@@@B@@@B@@A@A@CBA@@@@@@B@@C@ABA@A@CBA@AA@@ABAB@@A@@A@A@@@BC@@@@@@@@@@BA@@@A@@AA@@B@@@B@@CB@@A@A@B@@B@@A@A@A@@@A@@@@@A@@@@@A@@@@@A@@@@@A@@@@@@B@@@@@@@@A@@@C@@AA@@@AB@@CAA@@@@B@@BDB@@B@@@BA@@@AB@@A@A@@BABA@@@@@@B@@A@@BA@@@@BAB@@@@@D@@@@@@A@ABA@@@AB@B@@@@@D@@@@@@ABA@A@@@A@AA@@@@A@@B@@A@@@@@A@@@@@A@@@@@A@@@@@A@@@@@A@@@A@@@@B@@A@@@@@@@A@@@A@@BA@@@A@@AA@@@A@A@A@@@A@@AA@@AA@@A@@@@@@@@A@@@A@AAA@AAAAA@@@@@A@@@AA@@@@AC@@A@AA@@A@A@@@A@A@@@A@@@@@A@@@@@A@@BAB@B@@@B@@A@A@@BA@@@@B@@AA@@@@@@AC@A@A@@@@A@AAA@AA@@@@A@@@@BA@@B@BA@@@@@@@@@A@@@A@AA@@A@@@@@A@A@AB@@@@AB@BA@@@@@A@@@A@@@@@@@A@@@@@A@@@@@A@@A@@A@A@ABA@@@A@@B@@A@A@@@A@@@@@AB@@@B@BAB@B@BAB@@@BA@@@A@@@@B@@@B@B@B@B@@@@@@@@@@@@BB@@@@@B@BBB@@@@@B@@@@@@A@@@@BA@@@A@AB@@A@A@AB@@AB@@A@@@@@A@@@AB@@@@@@AD@B@B@@@B@@A@@@@B@@@@@BB@@B@B@@@B@@AB@@@@@@@B@@@@@B@B@@@@@B@@@@@BA@@@AB@@@B@B@@@B@B@BBB@@A@@B@@AB@@@B@@@@AB@B@@@B@@@BBBBB@BBBBBBB@@@@BB@@@@B@@@@BB@@B@@B@@@BB@@@@@@@B@@@@@@B@@BB@@@@@BB@@@@B@@B@@B@@@@BB@@@@B@@@@@@@B@@@@@B@@AB@@@@@@BB@@@@@BBB@@B@@BB@@@@@B@@B@@@@@@@B@@@@BB@@AB@@@@@@@B@@@@@@@@@@@B@@@B@@B@@@@BB@@@@B@@@B@@@B@@B@@@@@@@B@B@B@@@@@BB@@@@B@@@@@@@B@@B@B@@BB@@@BA@@@@@@B@@B@@@@@@B@@@B@@@@ABABABA@@B@@ADABAB@B@@A@@@ABAB@BA@ABA@A@A@A@@BA@ABA@@BA@@@@@AB@@@@A@@@A@@BA@AB@@A@@BA@@@@BA@@@A@@@ABA@@@AB@@@@@BA@@B@@@BA@@@AB@@AB@@AB@@@B@@AB@@A@ABA@@B@@A@@B@@@B@@A@@BAB@@AB@@BB@B@@@BB@@BBB@@BDB@@@@@@BA@@@@BAB@@AB@@@@BB@@@B@@@B@@@@@B@@AB@@@@@@BB@@@@@B@@@B@@@B@@A@@@@B@D@B@B@B@@AB@@B@@B@@@B@@AB@@BB@@@B@@@B@@@B@@@@BB@@@@@@@@@B@@AB@@ABA@AB@@@@@@@B@B@@@B@B@B@@@@BB@@@@@@@@@@ABA@@BA@ABA@@@A@@@@@@@@@@@@BA@@@@B@BAB@@A@@@A@A@@@@@A@@B@@@@@B@@@BA@@@@BA@@B@B@@@B@@A@@BABAB@@@B@@@@@@@B@BB@@@@B@@B@@B@@B@BB@@BB@@B@@@B@@@B@@@BB@@BB@@BB@@@@@@@@@@B@BAB@@@@@B@@@B@@B@@BB@@@BB@@@@@B@@@@@B@@@D@B@@@@@B@@@@@@@@B@B@B@BA@@B@@@BAB@BA@@@AB@@A@@@@@@BAB@@@@A@@BEBABA@ABABA@@B@@@@@@@B@@@@@@BB@@@B@@@B@@@B@B@BA@@@@B@B@@@BA@@@@BABCB@B@@@@A@@B@B@@@@@B@@@B@@A@@B@@@B@BB@@BBB@@@@BB@@@@BBB@@@BBB@B@@BB@@@@B@@@B@B@B@@@B@@@@@@@@BBDBD@DBB@@BB@@@@@@@@@@B@@@@AB@@@@@@@B@@AB@@@B@@A@@BA@A@@B@@A@C@EBCBA@@@A@@@@B@@@@@B@B@@@BBB@@@@@B@B@@@@ABADA@ADAB@@ABA@@@@B@@@@@@@@@B@@@@@B@@AB@@CB@BA@@@@BA@@B@@@@@@A@@@@@A@@B@@@@@@@@@B@@@B@@@B@B@@@@@@A@@B@@A@@@ABA@A@@@A@@@@@A@@@@A@@A@@@@@@@@BCBABABA@@@A@C@A@AB@@@@A@@@@@@B@@@@@@BB@@@@@BA@@@@@@@BBBBBB@B@@@@@@@@@BA@@@@@@@@@@@@B@@@@@@@@AB@@@@@@@@@B@@@@@@@BA@A@@@@B@@@@@@@@B@@@BB@@@@@B@@@@@B@B@@@@@B@@@@@@@@B@B@B@B@BAB@B@@@@@@@@B@@@B@@@@@@@@@@BB@@B@@@@@@@@@@B@@@@@B@@@@@@@@@@@B@B@@B@@@@@@BB@@@@B@@@@@BB@@@@@@@@@AB@@@B@@B@@B@@@@@@BB@@@@BB@@B@BB@@@@B@@@@@B@@@@@@B@@@@@B@@@B@@@@@@@BB@@BBB@@@@@@@B@@@@A@@BC@A@@@@@A@B@@@@@@@@@B@B@D@B@@BB@@@@@@@BB@@@@@B@@@@@@B@@BB@@@@@@@B@@B@B@@@@@B@@AB@BABA@@B@@A@@B@@@B@@@@@@@@B@@@@@B@@@@@@B@@@B@@@B@B@@B@@B@@@@@B@@@B@@@@@@@@B@@BB@B@@B@@B@@@A@@B@B@@@B@@@@@@@BBBBB@@@@@@@@AB@@@@A@@@@@A@@@@BA@AB@@AB@@@BA@@B@@@@@B@B@@@@@B@@@@@@A@ABA@@@@@BB@@@B@@BB@@@@@BBB@B@@@@@BB@@@@@BBBB@@B@@@B@@B@@@@A@@B@BAB@B@@@B@B@@@@BBBB@@BB@@@@AB@@@@@@@BC@ABC@A@@B@@A@@@@@@@@@@@@B@@A@@@@B@@@@@@A@@@A@@@@@@@ABAB@@@@A@@@A@@@@BA@@@@@A@@@A@@@A@A@@@@@A@@@@@A@@@@@@@@@@@@@@@@@@A@@@@@@@@@A@@@@@@@AA@@@@A@@@@@@@AA@@@@@@@A@@@C@@@A@@@@@@@@@@@A@@A@@AA@@@@A@@A@@@@@@@@@A@@A@@@@@@@A@AB@@@@@@A@@@@AA@@@@@A@@@@@@@A@@@@@@A@@@@AA@@AA@@@@A@@@A@@@CBA@A@@@A@@@A@@A@@@@A@@@@@@A@@AA@@@A@AA@@@@A@@@@@@@A@@A@@A@@@AAAA@@A@@@@@@@@AA@A@@AA@@AA@@A@@@@@@A@@A@@A@@@@AA@@@A@@@@@A@@@A@@@@@ABA@@@ABA@@@@@@@@@@@A@@@@AA@@AA@@@AA@@A@A@@@A@A@A@A@@@@@A@A@A@@@@@@@@BAG@EACA@@AAA@AAAAAAACA@AC@@A@AA@@@@AAA@@AC@ACA@CAAA@@@@@A@AA@@@@@@@@@@@@@A@@@A@A@AA@@A@CA@@@@@@AA@@@@@C@@BA@@@A@@@@B@@AB@@@@@@A@@@@@A@@@@A@@A@@@@@@@@@@@A@@@@@@B@@A@@@@@@@A@@@A@@@@@@@@@AB@A@@@@@@@@@AAA@A@@@@@@@AA@@@@@@@A@@AA@@@@@A@@@@@AA@@@@@@@A@@@AAAA@@A@@@@@@@@@A@@@@@@A@@@@@@@@@AA@@@A@AA@@A@@A@@@A@A@ABA@@BA@@@@@A@@@@@A@@@@@@@@AAA@AAA@@@@@A@@@@@@@A@@@A@@@@@@@A@AAA@@@A@@A@@A@@AA@@@A@A@@@@@A@A@@@@@AA@@@@@@@A@@@@@@@A@@A@@@@@A@@@@@AA@@A@@@A@@@A@@@@@@@@@A@@@A@@B@@@@A@@@@B@@@B@@@@@@@B@@@@AB@@AB@@@@AB@@@@A@A@@B@@A@@@A@A@@@@@A@@@A@@@A@@AA@A@@@AA@@@@@@@@AA@@@@@@@AA@@@A@@@AA@@@@AB@@A@A@@@CB@@@@A@ABABA@@@A@@BA@@@A@@@AA@@@@A@@A@@@A@@@A@@@@@@@A@@@@B@@@AA@@@@@B@@@@A@@@@@@@@@A@@A@@A@@@A@A@@@@@A@A@A@@@A@@AA@A@A@A@AAA@@@@@@@AA@@@@@@@A@@@@@@@A@@@@@A@@@@@@@ABA@@@@@AA@A@@AA@@@@@@A@@A@@AA@@@@@A@@@@@@@A@@@@@A@@@A@@@ABA@A@@@A@@@@@A@@A@@@@@A@@@@A@@AA@@A@@A@@@A@@@A@@@A@@A@@@@@@@@@@@A@@@@AA@@@A@@@@A@@@@AA@@AA@A@@A@@@@@A@@@A@@A@@A@@@@@@@@@@@@AB@@@@A@@@@@@AA@@@A@@@A@@@AA@@A@@@A@@@@@A@@AA@@AA@@@@@@@@AA@@A@@@@@A@@@A@@@@@A@@@@@A@@@@@@@AB@@AA@@@@@@A@@@@AA@A@@@@@A@@@@B@@@@@@A@@@@@@@A@@@@@@@A@@@@@AB@@A@AA@@@@@BA@@@@@@@A@@@@@A@@@@@A@@@@B@@@@A@@@@@A@@@@@@AA@@A@@@@@A@@@AA@@@@@@AA@@@@A@@@@A@@A@@@A@@@AA@@A@@@@A@@@@@@@AB@@A@@@@@A@@@A@@@A@@@@@@@@A@@A@@AA@@@AA@@@A@@@A@@@A@@@A@@@@@A@@@ABA@@@@@A@A@@@AA@@A@A@CAE@@ACBA@AB@@C@E@A@@@@A@ABAA@@A@ACCGA@@AA@@@@BCBA@@CC@AAAB@@@@A@@@ABA@AAAA@AAA@@@BA@A@@DABA@AAAAACAGAAA@@AA@CA@C@CAAA@@ABA@@AA@A@A@AAA@A@A@ABA@@A@AA@A@@@AA@AA@AA@@@A@@@@@A@@@@@@@@@@AA@BA@A@@BA@@@@@@BC@@@C@C@AA@@@@@A@@A@@@@@A@@@@A@@@@@@A@@@@@BB@@@@A@@B@@@B@@ABA@ABA@AAA@C@A@ABA@@BABCBA@@B@@@B@@@@A@AFAB@D@B@@CBABE@A@C@CBCB@@CAAAC@A@CA@@A@@B@B@B@@AB@D@@AB@@CBABABADCDAB@B@@BD@@@B@B@@A@CBABAB@B@DABBB@B@@@@ADA@@B@D@B@@CD@B@@@@@@B@B@HDB@@B@@CAA@E@@B@@AB@@BD@B@BB@DD@@@@@B@BB@@@D@B@B@BBB@B@@@@BE@CB@BCB@BBBB@@@@BAB@@DFBB@@@BB@@@FB@@BBB@@B@@@@A@@@@B@@@B@@@@@@@B@@@B@@@@@@AB@@@@@B@@@@@B@@@@@BB@@@@@@BB@@@@@@@@@AB@@@@@@@@@@@B@@@@@@@B@@@@@@@@@@AB@@@@@@@@@B@@@B@@@@@@@BA@A@AB@@A@@@@B@@@@A@@@BB@@@@@@@@BB@@@@@@@@@@@@@B@@@@@@@@@BB@@@@@@@@@B@@BB@@@@@@B@@@@@@@@@B@@@@@@@@@@B@@@@@@@@@B@@@@@@@@@@@@@@@B@@B@@@@@@B@@B@@@@A@@@@B@@@@@@@@A@@B@@A@@@@@AB@@@@@@@@@BB@@@@@@@@@@B@@A@@@@@@@AB@@@@@@@@@BA@@@@@@@@BA@A@@B@@@@@@@@@@@@@B@@@@A@@BA@@@AB@@A@@B@@A@@@@@@@@@B@@@@@@@@@BB@@@@B@@@@@@@B@@B@@@@BB@@@B@@@@@B@@@@@@@@@@@@@@A@@BA@@@@@@@A@@@@@A@@A@@A@@@@@@@@@@@A@@BA@@@@@@@@B@@@@@@@B@@@@A@@@@@A@A@@@@@@@A@@@@@AA@@@@@@@@A@@@@@@@AB@@A@@@@@@@@@@@@@@@@B@@@@B@@B@@@@@@@B@@B@@B@@@@@B@@B@@@@@@B@@@@A@@@AB@@A@@B@@A@@@A@@@AB@@@@A@A@@B@@@@@@@@@@@@@@BB@@@@@@@@@B@@@@@@A@@@@@A@@B@@@@@@A@@@@@@@@B@@@@@@A@@@@@@@@@A@@@A@@@@@@@A@@@@@@A@@@@@@@@A@@@@B@@@@@B@@A@@@@@@@@@@B@@@B@@@@@@A@@@@B@@A@@@@@@@@B@@@@@@@@@@@BB@@@@@@@@@B@@@@@@BB@@@@@@@@@B@@A@@B@@@@@@@B@@@@@@@@@@@@B@@B@@B@@@@@@@@@@B@@@@@BBB@B@@@B@@@B@@@@B@@@@@@@@@@@@B@@BB@@@@@@@@@@@@@AB@@@@A@@@A@@BA@@@@@@@A@@B@@@@A@@@@B@@@@@@AB@@@@@@@@@@A@@@@@@@B@@@@@BBB@@@@@@@@B@@B@@@@@@@@B@@@@@@@@@B@@B@@B@@@@@@@@@@AB@@@@@@@BA@@@@@A@AB@@@@A@@@@@@@@@@@A@@@@@@@A@@@@@@@@@A@@@A@@@@@@@A@@@@@@@@@@@@@A@@@@@@@AA@@@@@@@@@@@A@@@@@@@@@A@@@@@@@@@@@@A@@@@@@@A@A@@@@@@@@@A@@@@@@BB@@@@@@@@@@@@B@@@@@@@@@@AB@@@@@@@@@@@B@@@B@@@@B@@B@@@@AB@@@BA@@B@@@@@@AB@@@@@@A@@@A@@@AB@@@B@@@@BB@@@@@B@@@B@@@B@@@@AB@@A@ABA@@@A@@@@@ABA@ABA@A@ABA@EB@@A@@@A@A@@@A@@@A@A@@@@@AB@@@BA@@B@@AB@@A@AB@@@BA@AB@@A@@@A@@@A@A@@@A@A@A@A@A@A@@@A@@@AB@@A@@@A@@@A@A@A@A@@@AA@@AA@@AA@@A@@AA@@@AA@@@A@@A@@A@@@@AA@@@@@@@A@@@A@@@@A@@AA@@@AA@@A@@A@@@@@@A@@BA@ABCBABAB@@@@@@@B@@BB@@@B@@@@A@@BA@A@@@A@AB@@A@A@AAA@@@A@@@A@@@@@@@@A@A@@@A@@@@@@AAA@A@@@@A@@@@@A@@A@@A@@A@@@@A@@A@@A@@@A@@B@@AA@@A@@@@AA@@@BA@AB@@A@A@@@@@A@A@@AA@A@@@A@@@@@AACA@@@A@@AA@A@@@@A@@@A@@A@@A@@@@A@@@@@@AAA@@@AA@@@@@A@@@AA@@A@@@@A@@@@@@@@@@@A@@@@@@@A@@@A@A@A@@@AB@@A@C@A@AB@@@@@@@B@@@@BB@@@@@@A@@@@B@@@@@@A@@@BB@@@@@@@@@B@@@@@B@@@@@@@B@@@BB@@B@@@@@@A@@B@@@@@@@@@@A@@@@@@@A@@@A@@@@AA@@@AA@@AA@@AA@@A@@A@@@@AA@@@A@@@@@@@@@A@@@@@@A@@A@@@@A@@@A@@@A@@@A@A@A@@@@@@@@@@@@A@@@@@@@A@@@@@A@@@@@AA@@@@A@A@@@@@@@@A@@@AA@@A@@@A@@@@@A@@@@@A@@@A@A@A@@@@@@@@@@@@@A@@A@@@@ABA@@@@@A@@@@@@@@@@A@@@@@A@@A@@@@A@@@@@A@@A@@AA@AA@@AAA@@@AA@@A@@@@@A@@@@@@A@A@@@@@@@@BA@@@@@@@@A@@A@@A@A@CA@@A@A@CA@@@@A@@A@A@@@A@@@@@AA@@@AA@@@A@@AA@@@@@@@@@@AA@@A@@A@@@@@@AAA@AAA@AAAAA@A@@A@@@@@@@@@@BA@@@@@A@@@@@@A@A@@@A@@AA@@@A@@@@@A@@@@@A@@@@@@A@@A@@@@@@@@@@@A@A@@@C@CB@@A@@@@@@@A@@@@AAA@@@@@A@@@A@@@@A@@@@@A@@@A@@@A@@@@B@@@@A@@@@@@@@@A@@@@BA@@@A@@@A@@@A@@@A@@AA@AA@A@@@AA@@A@@B@@@@A@@BA@@@@AA@@@A@@@@@@@A@@@A@@B@@A@@@@B@@@@A@@@@@A@@@@B@BA@@@@@@@@@@@A@@@@@@@@B@@AB@B@B@B@@@@A@@@@@@@@@A@@B@@A@@@@@@AA@@@@@@BA@@B@@AB@@@@AB@@@@A@@@@AA@@AAAA@A@@@@@@@A@@@@@A@@AA@@@@@@@@@@@@@@A@@BA@A@@@A@AB@@@@AAA@A@@@AAA@AAAA@A@@AA@@@A@A@@@A@ABA@@BA@@@AB@@@@@@A@@@@@@B@@AB@@@B@@@BA@@B@@@@@BA@@@A@@@@@@@@@A@@A@@AA@A@@AA@@A@@@@@@@@@A@@B@@@@AB@B@@AB@@@@A@@@@@A@@@A@@@A@@@@@@@A@@@A@@@@@@@@A@@A@@@@@@@@@ABA@@@@@@A@@@@AA@A@@@A@AA@@@@@A@@AA@A@@@A@@@A@@@A@A@@A@@@@@@@@@@@A@ABA@A@A@A@A@A@A@A@@@A@@@CA@@AA@@@@@@AB@@A@@@AB@@@@A@@@A@@@A@A@AB@@@@@@@@A@@@@BA@@@A@@@@@A@@@ABA@@@A@C@@@AAA@A@A@A@@@A@A@A@@@@@A@@@@@A@@@@@@A@@A@@A@A@A@@@A@A@A@@@A@A@@@A@A@@@ABA@A@A@@@AB@@A@ABABA@@@@@@@@@@A@@@@@A@@BA@@@ABA@@@ABA@A@@@A@@@A@A@@@A@@@A@@@AAA@@@A@A@@@A@@@A@@@@@A@@@A@@@A@@@ABA@A@A@@@A@@@@@ABA@A@@BA@@@A@@@A@@@@@@@A@@@A@@@A@A@@@ABA@A@A@AB@@A@A@@@A@@@@@@@A@@@@@@A@@A@@AA@@@@@AA@@A@@@A@@A@@A@@@A@@@@@A@@@A@@@AA@@A@@@@@A@AA@@A@@@@@A@@@A@@@A@A@@@A@A@@@@@A@@@@@A@@@A@@@A@AA@@A@@@A@@@A@@@A@@@@@A@@@@@A@@@@@@@@@AA@@A@@@@A@@A@A@@AC@@AA@A@@@AAA@@@A@A@A@@@A@@@AB@@A@A@@@@BA@@@@B@@@@@BA@@@@B@@@B@@@@@@@B@@@@BB@@@@@B@@@@@@@@@@@@@@A@@@A@@@@@AA@@@@A@@@A@@A@@A@A@@@A@A@@@A@A@@@C@@@A@A@A@A@@@@@A@A@@@A@@@A@@@A@@B@@A@@@A@@@A@@@A@@@A@@@@@A@@@A@@@A@@@A@A@@@A@A@@BA@@@A@@@@@@@ABA@@@@@@@A@@@@@A@@B@@A@@@A@@@@@A@@A@@A@@A@@A@@@A@@@@@A@A@@@A@@@A@AA@@@@A@A@@AA@@@AA@@@@@@@A@@@@@A@@A@@A@@@@@@A@@@@@A@@@A@AA@@A@@@@@A@@@C@A@C@EAA@A@@@A@@@A@@@@@A@@@@@A@@@@@A@@@A@@@A@@@AAA@A@A@@@A@@A@@A@@@ABA@A@A@@@A@@@A@A@@@A@@@A@@@@BA@@@A@@@@@A@@@@@A@@B@@A@@@A@@@@BA@@@A@A@A@@@A@@@A@@@AA@@A@@@@@A@@@A@A@@@A@@@@@@@A@@@A@@@A@@AA@@@A@@@A@@@AAA@@@@@A@AA@@A@A@@@A@C@@@A@@@@@AB@@A@@@A@@B@@A@A@@@A@A@@@A@A@ABA@A@A@@@A@@@A@@@@@AB@@A@@@@B@@A@@BABA@@BA@CBCBC@@@@@A@AAAAAA@@AA@AA@@@AAC@GAA@C@E@@@E@CBA@A@A@A@A@A@@@A@@C@K@@@AA@@@CACAECAAAAAACAGKAAA@EAAAA@E@A@KCECAAEAC@A@C@G@A@A@@@@AA@@C@@AAEE@@CA@AA@ACAA@E@@@A@@@@@@@A@@@@@@@@AE@A@@@@@A@@@@@A@@@@@A@@@@@@@@@@@AA@E@@@A@@@A@@@A@@@A@A@C@@@A@A@@@A@@@@@@@@@A@@@A@@@@AA@A@@@@@@@A@@@@A@@@@@@@@@@@@@A@ABA@@@@@@@A@@@@@@@@AA@A@@@@@@@@@@@AA@@@@@@@@@@AA@@@@@@@A@@@AA@@@@A@@@A@A@@@@@A@A@A@A@A@@@@@@@@@A@@@@@@@@@A@@A@@@@@@@@A@@@@@@@@AA@@@@@@@@A@@B@@@@@@@@A@@@@@@@@@@@@@@@@@A@@@@A@@@@@@A@@A@@@@@@@@AA@@@@@@@A@A@@@@@AAA@A@A@@@@@C@@@@@C@A@@A@@@@@@A@@@A@@@@A@@A@@@@@@@@@A@@B@@A@@@@@A@A@@@A@A@@@@@AA@@@@@@A@@@A@@@@@A@@@@@@@@@ABA@@@A@ABA@@@@@@@@@@@@@@@@B@@@@@@@@@@@@A@@B@@@@A@AB@@@@A@@@@B@@A@@@@@@@@@A@@@@@@AA@@@@B@@A@@@@@A@@@@@@@@@@@@BA@@@@@@@@@@@@@@B@@@@@B@@@@@@A@@@A@A@C@@@A@@@@@@@@@A@@@@@@@A@@B@@@@A@@@@BA@@@@@@BA@@@@@@B@@@@A@@@@@@@@@@@@@A@@@@@A@@@@@A@A@@@A@@@@@@@A@@@A@A@@BA@A@A@@@@@@@A@@@@@@@@@@@@@@@@@@@@@@A@@@@@@@@BA@@@@@A@@@@@@@A@@@@@A@@@A@@@A@@@@@A@@@@@@@@@@@AB@@A@@@@@@@@@A@@@@@@@@@@@@AA@@AAAA@@A@@A@@@@@@@@A@@@@@@@A@A@@@@@@@AA@@A@@@@@@@@@@@A@@@@@A@@@@@A@@@@@@@A@@@@@AB@@A@@@@@@@A@A@@@@@@@A@@@A@A@@@@@@@A@@@@@@@@@@@@@@@A@@@@B@@A@@@@@@B@@@@A@@@A@@@@@@B@@@@@@@@@BA@@@@@@B@@@@@@@@@@@@@@@BA@@@@@@B@@@@AB@@@@@@@B@BAB@@@B@@@@@@@@@@@BA@@@@BA@@BA@@@@@@BA@@@@@@@@B@@@@@@A@@@@@@@@@@@@@A@@@@@@@A@@@A@@@@@A@C@A@@@@@@@CB@@A@@@@@@@@@A@@@@@A@ABAB@@A@ABC@@BA@@@@@A@@BA@A@@@@@A@@@@@AAA@@@AAA@@@@@@@AA@AA@AAA@@@AA@@A@@@AA@@@@A@@A@@AA@@@A@@AC@@@AA@@@@AA@@@AAA@@@A@AAA@AA@@A@@@AAA@@AA@@AA@@AA@AAA@@@A@@AAA@@A@@A@@@AA@@@@A@@@@@@CAAACA@A@@A@@@@AAA@A@@@@@@A@@@@AA@A@@A@@@@@@A@@A@@@A@@@A@@@A@A@@@A@@@A@@BA@@@@BC@@@@@@@A@A@A@AA@@A@@B@@A@@@A@@BABA@A@@@@@C@@BABC@A@@@A@@BA@@@@@@@A@@@@@A@A@@@@@@@A@@BA@@@@@@AA@@@@@@@@@@@@A@CAAAA@@@A@@A@@@@A@@@@@@A@@@@@@@@@@@@BA@@B@@AB@B@B@BAB@BABA@@B@@@@@@A@@@@AA@A@@@A@AAA@A@@@@@A@@A@@A@@@@@A@@@A@@@@AA@A@@A@@A@@@@@CB@@@AA@A@A@@@@@A@@B@B@B@@@@@B@@@@@@A@@B@@A@@@@@ABA@@@@@@@@@@@@BA@@@@B@F@@@@@@@BA@@@@BAB@@@@AB@@@@A@@@@AC@@@@B@@@@ABA@@@A@@@@@@@A@@@@@@A@A@AAA@@@@@@@@@AA@@@@@@@A@A@A@@@AA@@@@@@AA@@@A@AA@@A@@AA@@@A@@@CA@@A@@@A@@@@AA@@@@A@@A@@@@A@@@@@A@@BABA@A@@BA@@@@@CB@@A@@@@@A@A@@@@@A@@@@BA@@@AB@@@@@@A@@@@A@@@@@A@@@A@@A@@@@@@@@@AA@@A@@@@@@BA@@@@@@BA@@@@@A@@@@@@AA@CA@@A@@@ACC@@@@@@@@@@AA@A@A@@BA@@@A@@@A@@@AB@@A@@@@BA@A@@@A@@BA@@@A@@@A@@@A@@@A@@BA@@@A@@@AA@@@@A@@@@@A@@@@@@@@B@@@@ABBB@@@B@B@@@B@B@@@@@B@@A@@B@@AB@@AB@@A@@@AB@@A@@@A@@@@@A@@@@A@@A@@@@B@@@@A@@@A@@@@BA@@B@@AB@@@@@@A@@@A@A@@@@@A@@@A@@@A@A@@@@@A@@@A@@@A@@@@@AB@@A@@@@AA@@@A@@@@@A@A@@@@@AB@@@@@@A@@@@@@AA@@@@A@@@@@@A@@@@B@@@@A@@@@@@@A@@@@AA@@@@@A@@@@@@@@@AB@@@@@BA@@@@@@@@@A@@@@@A@A@@@@A@@A@@A@@@@A@@@@@A@@@@@@@A@@@A@@@A@@@AA@@@@@@A@@@@@A@@@A@A@@@A@A@A@@@A@@@@AA@@@@@AA@@@@@AA@@@AAA@@A@@AA@@@AA@@A@A@@AA@A@C@A@@@A@@@A@A@@@A@A@@AA@A@@AA@@@AA@AA@@A@@@A@@@@AA@@@@@A@@@A@@@A@@@A@@@@@@A@@@C@@@AAA@A@A@A@@@@@A@@@@@ABA@@@AB@@A@@@@@@@@@@@A@@@AAA@@A@@A@@@@A@@@@@@AA@@A@@AA@@@@A@@@AA@@@@@@@A@@AA@@@A@@@A@AA@@A@@A@@A@@AA@A@@AA@@@A@AA@@@@A@@@@@A@@@A@@A@@A@@@@A@@@@@@@@@@@B@@@B@B@@AB@B@B@BAB@B@@@@@B@@@@@@A@@@A@A@A@A@@@A@A@A@@@A@A@A@@@A@@@A@@@A@@@A@@@@@A@@@A@@@A@A@@@A@A@@@@AA@@@A@@@@@@@A@@@@A@@@@AA@A@@@@AA@@@@@AA@@@@@@AA@@@A@@@A@@@AAA@@@A@@AA@@@@@@AA@@AA@@@AA@@A@A@@@@@@@A@@@@@@@AAA@@@A@@@@AA@@@@@AA@@A@@@AAA@@@A@@@A@@@CBA@@@AB@@A@@@@@A@@@@BA@@@AB@@A@@@AB@@AAA@@@@@A@@@@@@@AA@@AAA@@@AA@@@@A@@@@@A@A@@@A@@@@@@@@AA@@A@@@@AA@@@A@@@AB@@AA@@@@@@A@@AA@@@@A@@A@@A@@@@@A@@@AB@@A@@@A@A@A@@@A@@@A@A@A@A@@@AAA@@@A@@@A@A@A@@@A@A@A@@@A@@@@@@@@@@@AA@@@@@AA@@@A@@@A@@@AAA@A@A@@@A@AB@@A@@@A@A@@@@@A@A@@@A@@@A@@@AA@@A@@@A@A@A@AA@@A@@@AA@@@@A@A@@@A@A@A@@@@@AAA@@@A@@@AA@@@@A@@@@@A@@AA@@@@AA@@@@@@@@AA@@A@@A@@@A@@AA@@@@@A@AA@@@@@@@@A@@A@@A@@@@A@@AA@@@@@AA@A@@@AA@@@@A@@AA@@@A@@AA@@@AA@@A@@A@@A@@@@AA@@@@AA@@@@@AA@@A@@@A@C@A@@BA@A@AB@BAB@@ABA@ABCBABABA@A@A@CBC@CBA@@@A@ABA@AB@BA@A@@@A@A@C@EBA@A@A@A@@@A@A@@@A@@BC@C@A@A@@@@BA@@BA@@BA@ABA@AB@@A@@@@B@B@@AB@BCDA@@BCFAB@@@@A@CBCB@@A@@@A@A@A@A@E@A@A@@@A@EACAE@@AA@@@AA@@AAAAAA@AAA@@@@AAA@A@AAAAA@AAA@A@C@A@C@E@@@AA@@C@@@A@CAA@AAA@@@A@GB@@@@A@A@C@@@C@A@@@A@@@AAA@A@AA@@@B@@A@@@@B@@AD@@AB@BCD@B@@AB@@AB@BABAB@B@@AB@DA@@@AB@@@@A@A@A@AAA@A@A@A@C@A@A@@@A@@B@@@BA@@B@BA@@BAB@B@B@B@@@BA@@B@@B@@B@B@@@D@@@B@B@B@B@@@@@BA@@@CBEBA@CBABABA@ABCF@BABA@@B@B@@@B@D@B@@@BA@@D@@AB@@@B@@AB@@@@@B@B@@@@AB@BA@@@@@@B@B@B@@@@@BAB@@@@@@@@@B@@@@@B@@@B@@@BAB@B@BA@B@@B@@@B@@AB@@@@AB@@@BA@@B@@@@@B@D@B@D@@@BABAD@@@@@B@@@@@@@B@@@B@@@@@@@B@@AB@BA@@B@@@@@@@@@@A@A@A@@@@@@@A@AB@@A@@@@@AB@@A@@@@@@@@@@B@B@@@BB@@@@BB@@B@B@@@@@BAB@BAB@@@@@@@@@@@BA@@@@@@B@@@@@@@@AB@@@@@@A@@BA@@@AB@@@B@@@BBB@BB@@B@B@@@@A@@@@B@@@@@@@B@@A@@@@@@B@@A@@@@@@@A@@B@@@@@@@B@@@B@BB@@@@@A@@BABAB@@@@@@@@@BA@@@@@@BA@@@@@@B@@@@A@@B@@@@@@@BA@@@@@@B@@A@@@@BA@@@@B@@A@@B@@@@@@@BA@@@@B@@A@@@@@@@AB@@@@A@@@@B@@@@@B@@A@@@@@@@AB@@@@A@@@@@@B@@@@A@@@@@AB@@A@@B@@@@@@@@@@@@@B@@@B@@@@@B@@@@@B@@@@@B@@@@@BB@@B@@@BB@@@@@@B@@@BA@@B@@@@@BA@@BA@@@@B@@@@@BA@@@@@@@A@@B@@A@@@@B@@@B@@@B@@@@@@BB@@@@@@AB@@@@@B@@@B@@@B@@@@@B@@B@@@@BB@@B@@@@@@@BAB@@AB@@@@A@@@A@A@@@AB@@A@@@@@AB@@@@A@@@A@@@A@@B@@A@@@@@A@@@A@@B@@@@@@@@@@@B@@@@BB@B@@@@BB@@@@A@@B@@@@@@@@@@AB@@@@@B@@@@@@@@@B@@@@B@@BA@@@@@@@@BA@@BCB@@A@@@@B@@@A@@A@@@A@@@@AA@@@@@@@A@@@@@A@@@A@@@@@A@@@@@A@@@@@AA@@@@AA@@AA@@A@A@@A@@@BA@@@A@@@@@A@@@ABA@ABA@@BC@AB@@A@@@AB@@A@AB@@@B@@BB@@BB@@B@@B@@@B@@@@ABA@A@AAA@A@A@@@A@A@C@A@@AA@@AA@@@A@@@A@@B@@@BA@@B@@@B@@@@@B@@@@@BB@@B@B@@@B@@@BB@@BB@B@@BBB@@BBBBB@@BB@BBB@B@B@DB@@B@B@B@@B@@BB@@@@HBJAJAD@FBDDABI@A@@B@@AB@@@@@@@@AD@BAB@BADAF@@ADAF@BAB@BAD@B@BA@@@@B@@@@@BA@@@@@@@A@@B@@@@AB@@@BA@@B@@@B@BA@@BABA@AB@@@B@D@@@DA@BB@BA@@@BB@@@@@@@BA@@A@@@@@B@@@@@@@@@@@@@@@BA@@@@@@B@@@B@@A@@@@B@@@@AB@@A@A@@@@@A@@BB@@@A@@@@@@@A@@@@@@@@@AB@@AB@@@@@B@@A@@@@B@@@@AAA@@@@BA@@@A@@@A@A@@@A@@@AB@@AB@@A@@BABA@@BABA@BB@B@@BB@@@@@BA@@BBB@@@@BB@@@@BB@@@@@BB@@@BB@BB@@B@@B@@B@@@B@@BBBBB@B@@BB@@BB@@BB@BBBB@@B@@@@B@@@@@@@@@@@B@@B@@@@@@@@B@B@@B@@@@@B@@@@B@@@@B@@@@B@B@@B@@@B@@@@@@@BB@@BBB@@BB@@@BB@B@@B@B@@BB@B@@@@@@@@B@@B@B@@@@BB@@@@BB@@@B@@@@@@@@@@@@@@B@@B@@@@@@@@@@@@@B@@B@@@@B@@@@B@@@@B@@A@B@@@@@@@@BB@@@@B@@@@@@@AB@B@@@@AB@B@@@@@@AB@@A@@B@@@@@B@@@@A@@@@@@@AB@@AB@@A@A@A@@BA@AB@@A@@B@@A@@@A@@B@@AB@@AB@@AB@@@@@BABA@@@ABAB@@@@AB@BA@@B@@AB@B@@A@ADCD@@AB@@AB@@AB@BA@@BA@ABA@@BA@ABAB@@A@ABA@A@@@A@A@A@A@@@A@A@A@A@@@ABA@A@AB@@A@ABA@@BA@@@AB@@A@A@ABCBA@@@@@A@@@@AAA@A@@@A@@@A@A@@@@@AA@@@@AA@A@A@A@AAA@A@@@A@@A@@@@@@@@@@@BA@@@@@A@@@@@A@@AA@@@@@@@AA@@A@@@A@@@@@ABA@A@@@AB@@A@A@@@A@@@@@@@@BA@@@@BA@@BA@@@@@@@@@@@@@AA@@AA@@@AA@CA@@@AA@@@AAAA@@A@@@A@@@@@A@A@A@AB@@C@@@@@A@@@@@@@@B@@@@@B@@@@@@@@CBA@CB@@A@@@@AA@@@A@@AA@@@@AA@@@A@A@@@A@A@AA@@@@A@@@A@@@@@@@@B@BA@@D@B@@@@B@@B@@@B@@@@@@AB@@@@@@@@@BA@@B@@@@@B@@@BB@@B@@@@B@BBBB@@BB@@B@@@B@@B@@A@@@@@@@ABA@A@@@ABA@@@@@AB@@@@@@AB@@@B@B@@@@@B@@@BB@@@@@@B@@AB@@@@@@AB@@@@A@@B@@@@@@AB@@@@@B@@@@A@@@@@@@BB@B@B@@@BB@BBBB@@B@BBBBBB@@BDB@@BB@BBB@@@B@B@@@@BB@@@@B@@@@@@ABA@@BA@AB@@AB@@@@BB@@@@BB@@@@@@AB@@@B@@@B@BAB@B@@@@ABA@@@C@A@@@@@E@A@A@@@ABC@A@AB@@A@@@@@A@AB@BA@A@ABA@@@ABAB@@EFCBABCDA@@@@BABEFABADAB@B@@ADAB@BABC@CB@@@@@@@BB@@B@B@@@BA@@@@@ABA@@@ABABCB@@CDAB@@@B@@@@@@AB@@@@@BB@@B@@@B@@AB@B@@@B@D@DBB@B@@A@@B@@@BAB@@@@AD@@@@@@@@@@@B@@AB@B@@@@@B@@@@@@@@AB@@@@@@@@@@@@A@@@AB@@@@@@@@@@AB@@@B@@@B@@@B@@@@@@@@@@@B@@@B@@@@@@@B@@@@@@@@@@@@@@@@@BA@@@@@@@@@@@@@@B@@@B@@@@@@@@@@@B@@B@@@@@@B@@@@@@@@@@@@@@AB@@@@@@@@@@AB@@@B@B@@@B@@A@@B@@@@@B@@@@@@@@B@@@@B@@@@@@@@BB@@B@@@@B@@@@@@@@@@@@@@@@A@@B@@@@@@@@@B@@@@@@A@@B@@@@@B@@@@@B@@@@@B@@@@@@@@@@@B@@@@@@@@@@@B@B@BAD@@@@@@@B@@@@@@@@@@@@@@@@AB@@A@@@A@@@A@@@A@@@@@@@A@@BA@@@@@A@@B@@@@@@@@A@@@@@@B@@@@@@@@@@BD@B@@@@@@@@@@@B@@@@@@A@@@@@@BA@A@@B@@A@@@AB@@@@A@@@@@@@@@@B@@@@A@@@@@@B@@@@@@@@@B@@@@@BA@@@@@@@@B@@@@@@@@BD@@@@@B@@@@@B@@@@@BA@@@@B@@@@A@@BAB@@@@@@ABA@@@@@@B@@ABA@@B@@@@AB@@AB@@@@@@@@A@@B@BA@@@@B@@AB@@AB@@@B@@@@@@@@@@@B@@@@A@@@@@@@AB@@A@@@@@@@@B@@A@@B@@@@@@AB@@@@@@@B@@A@@@@BA@@BA@@@AB@@@@@@@@@@@@A@@@A@@@@@A@@@@@@@@B@@@@@@@@A@@@@@@@@@@B@@@@@@@BB@@@@@@@@B@@@@BB@@@@@BB@@B@@@@@@@@@B@@@@@@@B@@@@@@@@@@@@@@@@@@A@ABA@A@@@AB@@@@A@@@@@@@@@@@@B@@@@AB@@@@@B@B@D@B@@A@@B@@@@@@@B@@AB@@@@@@@B@@@@A@@@A@@@@BA@@@@@A@A@@@@@@@A@@@@@@@@BA@AB@B@@@@@@AD@@@@@B@@A@@@@@@@@@AB@@@@@@@@A@@@@@@@AB@@@@@@C@@@A@@@@@@@@@@@@@A@@@@@@@@BA@@@@@A@@@AB@@@@@@A@@@AB@@A@@@AAA@A@@@A@@@@@A@@@@B@@@@@BB@@B@@B@@BA@@@@B@@@BA@@B@@@BA@@@@B@@@@AB@@ABABA@@@AB@@A@@@A@@@A@@@@B@@ABA@@DAB@@AB@@@BA@@B@@@BAB@@AB@@@B@@@@A@@B@BA@@@@BA@@B@@ABA@AB@@ABA@@B@@A@A@@@A@AB@@A@@@A@@B@@@@@B@@@@@B@B@@@@@B@@@BA@@@@B@B@@AB@@@B@@@BA@@BAB@@@@@D@BBB@B@@A@@B@@ABAB@@@B@@@@@BAB@BA@@@@BAB@B@DA@@B@B@DBB@B@B@@@B@@BB@@BB@@@@@@@B@@@@@@@BA@@@@BABAB@@AB@@@@ABC@@@A@C@ABA@A@@@A@A@@@@@A@@@BB@@@BB@@BBB@@@BB@BBBBB@@BB@BB@@BB@@@B@B@B@@@B@@@DB@@B@@@BAB@BABAB@@@B@@@@@@BBB@F@@BB@B@@BB@BB@B@@BB@B@@@@BB@@@BB@@BB@@@B@@@@@@B@@@@@BA@AB@@@@@BB@@@@BBB@@A@@B@@@@@BBB@@@B@B@@BB@@@@@@AB@@@BAB@@A@@B@@@@@@A@AB@@AB@BA@@@C@A@A@C@A@ABA@@@AB@@@@@BA@@@@@AB@@@@@BBB@B@B@@BB@DBB@B@@@B@@BBB@@B@@BB@@@B@BB@@BB@@B@BB@@B@@@@@@@BBB@@@B@@@B@@B@@B@@@@BB@@@B@@BB@B@@BBB@@@@BB@BB@B@@@@@@@B@@@@@B@@@B@@@@A@@BA@@@@B@@@@@D@B@@@B@@@BB@@BB@@@@B@@@B@@@BB@@B@@BB@@BB@BB@@DBB@@@B@@@B@@@B@@@B@@AB@B@BAB@B@@AB@@@@ABABA@@@ABA@ABAB@@ABA@@BA@@@@BA@@@@@AB@@A@A@ABA@@@AB@@@@@BAB@B@B@B@BA@@@AB@@A@@@AB@@A@ABC@@@@@@B@@B@@BB@B@BB@@B@BBB@B@B@@@B@@@B@B@B@@@BAB@B@@@@@B@@BB@B@@@B@B@B@B@@@B@@BB@@@B@BBB@@@BB@@@@BB@B@@@B@B@@@B@@@B@B@@@B@@@BA@@B@@BBA@@B@B@B@@@B@@@BB@@B@@@B@@@@@B@@@@@BBB@@@@@B@@B@@B@@@@@B@@B@@B@@@B@@@@@B@@B@@B@@B@@B@BB@@@@@@BA@@@@@@BA@@@@B@@@@@BA@@B@@@BA@@@@B@@@@AB@@@B@@AB@@@@ABAB@@A@@B@@@@@@@B@@@B@@AB@@ABA@@BA@@@A@@@A@A@@B@@A@@B@@AB@@@@A@@B@@@@@BA@@@AB@B@@@@@B@@@B@BA@@@@B@@@BA@@B@@@BAB@@AB@@@@@B@@@B@@A@BB@@@@@BBB@@@B@@@@AB@@@BA@@B@B@@@B@B@@BB@@@BB@@B@@@B@@BB@@@@@BB@@@BB@@BB@@@@@B@B@@BB@B@@AB@B@@@@ABA@@@ABA@@BA@A@A@ABA@@@@@@@@B@BA@@B@@@@A@@@@BA@AB@@A@@B@@@BA@@BA@@B@@A@A@A@A@@@A@@B@@A@@BAB@@@BA@@@ABA@@B@@@@@B@@@B@@@B@@BB@@@B@@@@@BB@@B@@A@@@@@A@@BA@@@A@@B@@A@@B@@AB@@@@@BA@@B@BA@@B@@@BA@@B@@@B@@AB@@@BAB@@ABA@A@C@A@A@@@ABA@@@ABAB@@ABA@ABA@ABA@@BA@A@ABA@@@A@ABA@C@A@C@@@ABA@A@ABA@@@ABA@@@AB@@ABA@AB@BA@@@@B@B@B@BAB@B@@ABABA@@B@@A@@B@B@@@B@@@B@@@BA@@B@@@@AB@@@@A@AB@@A@@BA@@@@@@BA@@BAB@@A@@B@@@@@BAB@@@@@B@@@@@@A@@@@@@@@@@@@@@@@@A@@@AAA@@@A@@@A@A@@@@@A@AA@@CA@@A@@@@@@@A@A@@@A@@@A@@@@@@@C@@@A@@@AA@@A@@@A@@AA@@@@@A@A@A@A@@@@@A@@@@@AAA@AA@@A@AA@@A@A@@AA@@@A@@AA@@A@@@@@@A@@A@@@@@@AC@@AA@AA@AA@AA@AAAAC@AAAAA@A@A@AAA@A@A@AAA@@@AA@@AAA@AAA@A@A@A@AA@@A@AAA@AA@@A@AAA@AAC@@@AA@@AA@@@A@@AA@AAA@@@A@A@A@@AA@AAA@AB@@@@A@@BA@@A@@A@@C@AAA@CAA@A@@@AAA@A@@AA@A@AAA@CAA@A@A@@AA@@@A@A@AAA@A@A@C@C@A@A@@@@A@@AACA@A@@@@AA@@@@@A@@@@@A@@@A@AA@@A@A@A@@@@AA@@@@@@A@@@@@A@@@A@C@C@A@@@A@A@@AA@C@A@@AA@@@A@@@A@A@@@A@A@A@CBC@@@A@A@@@AA@@A@AAA@A@@A@@A@@AA@AA@AA@@A@@@A@AA@@A@@AAEA@AA@@@A@@@@A@@A@@@@A@@@@@C@@@@@@@@A@@A@@@A@A@@@A@A@@@AA@@A@A@@AA@@@@@@@@@AA@@@@AA@@A@@A@@@@A@AA@@AAA@CA@@A@@@A@A@@@AA@@@@@@A@@@@@A@@@AA@@A@@AA@@@CA@@CAA@A@@@A@@@A@@@@@@BA@@@@@A@@@A@@@@AA@@@@@@@AA@@A@@@@@AA@@@@A@@@@@AA@@A@AAC@@@A@@A@@A@@@A@A@@AA@@@A@@AA@@@@A@@A@@AAB@@A@@@A@@@@@A@@@AB@@A@@@AA@@@@A@@@A@@A@@A@@AA@@@AA@ACAAA@@AA@@@AAAA@@AA@@@AA@@@@@@A@@A@@A@@@@AA@@@AA@AA@@@AA@@@AA@@AAAA@@A@AAAA@@A@@@A@@AA@@@A@@BA@AB@@ABAB@BAB@@@BABABAB@@@B@@A@@B@@A@@BA@@@A@A@A@@@@@A@ABA@A@ABE@A@C@A@A@A@@AA@AA@AA@AAA@@AA@@@AAA@AA@@A@@AA@@AA@A@@@A@@@A@@@@@@B@B@BA@@@ABA@A@@BA@@BA@ABA@@@@BA@@@A@A@A@A@C@CAA@@@A@A@@@A@@@A@@AA@@@@@A@AA@@A@@@ABA@A@@@@@AB@@AB@@A@@BABA@ABABA@@BCB@@AB@BAB@B@@@@AB@@@@@@A@@@A@A@ABA@@@@@A@@@@@AB@@@@@B@@@@@D@B@@@@@BA@@@@@@@@@A@A@@@@@@@@@A@@@AAAAAA@@A@@A@@@@@A@A@@@@@A@@@@B@@@@@@A@@@@@A@@@@@@AAACAAA@@A@@@A@@AC@A@@@A@@A@@@@@@@A@@AA@A@A@@@A@@@@@@@A@@A@@EC@@A@AA@@A@@@@A@@@@@A@A@@BA@@DCBABAB@@@BAB@@@B@@@B@B@@@B@BAB@@@@@@@@@AA@AA@@A@@AA@@@AA@AC@@AA@AA@@AAA@@@A@@@AB@@@BA@@BABA@@B@BA@@BA@@@@@A@AB@@A@@@@@A@@@A@@@A@@@ABC@@@AB@@A@@BA@@@A@@@A@@AA@@AA@@@@@A@@@@B@B@D@D@D@B@F@D@B@B@@@@@@@@A@@@A@A@@@@@A@AB@BCBABA@A@ABAB@BA@AB@B@BAB@@@B@@@@BB@@BB@BBB@B@B@@@@@B@B@BA@@@@BA@A@A@@AA@A@AA@@AAAAA@AA@@@@@AA@@A@@AA@@@CC@@AC@A@@@AA@@@AA@AA@AAA@A@AA@@A@AAC@AAC@A@@AA@A@A@AAAACAAAAAAAAAA@@AA@@A@@@A@A@A@@@A@C@@@A@A@CB@@A@@BABAD@BAB@@@D@BAD@D@B@@AB@BBD@DBD@DBB@B@B@B@@A@@@@@A@@@@@A@@@ABA@ABA@@@@@A@@@@@@A@@BA@@@A@A@AAA@A@@@@@@A@@@@BA@@DABCB@@@BA@@B@@AB@@@B@@@B@@@B@@AB@@@@ABA@@B@@@BA@@B@B@@@@@@@@A@A@E@@@A@A@A@AB@@A@A@A@A@@@A@A@AAA@@@@@@A@@@@@@@A@A@A@A@A@@@@@ABA@ABA@A@A@@@A@@@A@@A@@@@@ABA@A@@BA@AAA@@@A@A@A@A@@@A@@@A@A@A@@@A@@@AB@BABA@@B@A@@@@@@@AA@@AAA@@A@A@ABE@A@C@A@A@A@A@@@A@@A@A@@@A@AAA@A@A@C@A@ABA@A@A@A@A@@@A@@@A@A@@@A@@@A@AB@@@A@@@@@A@A@@@@@AA@@AA@AAA@@@AAA@A@@AA@A@@@@AAA@AAA@A@@@@@@@A@@B@BAB@BAD@DA@@BA@@B@@@@CBAB@@ABAB@BA@@@@B@@@B@@BB@BBB@B@B@B@D@B@@@B@@@BA@@@A@@@@@CAC@A@A@A@@@@A@@A@@@A@C@@@A@@BCBC@@BA@@BABAB@@AB@BAFAD@DAB@B@@@@@@@@@A@@AEAE@CAC@AACACCAAA@AAA@AAEAAA@@A@@A@@AA@@AAAAA@@AA@A@@@AA@@A@AACAAAAA@@AA@@@@AA@AAA@@@A@@A@C@A@@@A@@@@AA@AAAAA@@@A@A@A@A@@@@@@AAA@@A@@@AAA@@@A@@@@@A@@@A@CB@@ABA@CBCBA@@@A@C@ABAA@@A@A@@@A@AAA@AAA@AA@@AAAAAAAAAA@AA@@A@@EC@@AAA@CA@@@@A@A@A@@@@@AA@@A@@@@BA@@@A@@@@@AA@@A@A@A@A@@@A@A@@@@@A@@@@@@@A@@@@AA@@@AA@@A@A@@@A@A@@@A@@@AAA@A@@@@@A@C@A@A@A@A@@@A@A@A@A@A@@@A@CB@@A@@@@AA@@@@AA@@AA@AA@@A@A@@@A@A@@@A@@@A@A@A@C@CBA@@@@@AACA@AA@A@@AA@@@A@AA@@@@AA@@AAA@@AA@@@AA@@@@AA@@A@@@AA@@AA@@@A@@@@@A@@@@AB@@A@@@A@@@AAA@A@@AA@AA@@A@@@AAA@A@A@AAA@@AA@@@@A@@AA@A@@A@@AA@AAA@@@A@A@@@A@@@@@A@A@@@A@A@@@A@ABA@CBA@A@A@@@A@@BA@@@A@@@A@@BA@A@@@AB@@A@A@@@@@A@@AA@AAA@AA@@AAC@C@@AA@@@A@A@A@A@@@A@@@CA@@CAA@EAA@@@@@@@ABA@A@@BA@@@ABAB@@@@A@@B@@@@AB@@@@ABA@@@@BA@@@@@@BAB@@@B@@@@A@@@A@AB@@@@A@@@A@@B@@@@AB@BAB@B@@@@@B@B@B@@@BA@@@A@@@A@@@A@@B@@A@@@@@@@A@@@A@@AA@A@AAA@@@@@A@A@A@@@A@@@@@A@@@@@A@A@A@@@A@AB@@A@@@AA@@@@A@@@@@@AA@@@@B@@A@@@@@ABA@@@A@@@A@@@@@AB@@A@@@@BA@@@A@@@AB@@@@@B@@A@@@A@A@@@A@@@@@@A@@@A@@A@@@AA@@A@@A@@@AA@@AEAAAA@@@@@AA@AA@@@CAAAA@CAA@CAEAA@A@@@@@A@@BA@ABAB@@A@@B@@A@@@A@AB@@A@ABA@@@ABA@@BA@A@@BA@@B@@A@@B@@C@@@A@@BA@@@@@A@A@@@A@@@A@@@A@A@@@@@A@@@@B@@@@@@@@ABABA@ABA@C@@@CBAB@@ABA@A@A@A@ABCBABA@@@@@AB@@B@@B@BA@@@ABA@A@@@A@@B@@A@ABA@@@@@@BB@@BB@@BBB@@BB@B@B@@BB@@@B@B@@BB@@AB@B@B@@BBB@@@@B@@@BAB@@@B@@BBAB@@@BAB@DAB@@@B@@@BBB@B@BB@@B@@AB@BA@A@@BA@BB@B@B@@@BAB@BA@CB@B@@AB@B@@BB@BBB@@@B@@@@@@AB@@A@ABA@@B@BA@@@@BA@@@AB@B@@@BAB@B@B@B@B@@@BAD@@BB@BB@@B@@@@AB@D@@@@BB@@@@@B@@@@@B@@@@@B@B@@@B@@@B@@@B@@@@@B@B@@@B@@BB@@@@@B@@@B@@@B@@@BB@@@@B@@@B@@@@@B@B@B@@@@@B@@@@@B@@@@BB@@@B@@@@@B@@AB@@@B@@@B@@@@ABAB@@A@@B@@AB@B@@@BA@@@@@@@@AA@AA@@A@@@A@@@A@@AA@@@@@AA@@AA@@AAAA@@@@@A@@@@AA@@@@A@@AA@@@@A@@A@@A@@@@@A@@@@@AA@@@@@A@@A@@@A@@@@@A@@@AA@BA@A@@@@@A@@@@AA@@@A@@A@@A@@A@@AA@@A@@@@@AA@@AA@@@@@A@@@AA@@AAA@A@@@A@AAA@AAC@AAAA@@A@@@@AA@@AA@@@AA@@@@@@CBA@A@ABA@A@@@@B@@A@@@ABA@ABA@AB@@@@@@@B@@@B@B@@@BA@@B@@AB@@A@A@A@ABA@@@A@AB@BA@ABABABA@@BA@@BA@AB@@A@@@AB@@@@A@CBA@@B@@@@AB@@ABA@@@AB@@@BA@@@@@@AAA@A@@AC@@@AA@@AA@A@AAA@@@@BA@A@A@A@@@A@@@@BC@A@@@AB@@ADCB@BAB@BAB@BA@@BA@@@@B@@A@A@ABABC@@BABAB@BAB@@@BA@@@A@@BABAB@BA@@BB@@@@B@@ABCB@BA@@BAB@BAB@B@@@B@@@BA@@BA@@B@@ABA@A@AB@@ABA@ABA@@@@@@@B@@B@@B@B@@@@BB@BB@@@@BD@@BB@B@@B@@@@B@@BB@@BB@@@@B@B@@@@@@BB@@BBB@B@@@B@@@@BB@@@@AB@@@BB@@@BB@@DDB@@BB@@BB@DB@B@@B@@B@@@B@@@@BBB@B@@@B@B@BA@@B@B@@@B@BB@@@@@B@@@B@BAB@@AB@@@@@BA@@B@BA@@@A@@@@D@@@BA@@BABAB@BA@@@@B@@B@@B@@B@BBB@@BB@@@BB@@B@@B@@@@BB@@BB@@@@@@@@AB@B@@AB@@@BB@AB@@@@A@AB@@AB@@@@ABA@A@AB@@AB@@AB@@@B@B@BA@@BA@@@A@@B@BA@ABA@A@A@ABA@@@ABA@@@A@@@A@@@ABA@ABA@ABAB@@@@@@@BB@@@AB@BAB@@AB@@@@A@A@@@A@ABA@@AA@@@@@ABA@@BA@@B@@A@AB@@A@@B@@@B@B@@@@@BA@@@A@AB@@@B@BAB@@@B@BA@@@ABA@AB@B@@@@BB@@@B@@@BAB@B@BA@@@ABA@A@A@A@A@AB@BA@@BABA@ABAB@@AB@BAB@B@@@BA@AB@@ABA@A@@@AB@@@@ABA@AB@@AB@@A@@@A@@B@@AB@@@@@@BBA@@@@@@@A@A@@@A@@@AB@@ABABA@AD@@@@AB@B@@@BAB@B@@@BA@ABA@ABA@AB@@@@CAA@A@CA@@@@A@@@@@@@@@@@@@@B@@@B@D@@BB@B@BAB@B@BB@@BBBA@@B@B@@@BA@@BAB@@@B@B@BA@@B@@A@CDABAB@@CB@@AB@@AB@BA@A@A@@B@BA@@B@@@B@@A@A@A@AB@@@@ABA@AB@@A@A@@@@@@@@@@@@@@@AB@@A@A@@@A@@@@@A@@@A@@BC@C@@@A@@@@@@@@@A@@@ABA@@BAB@@@B@@@@@@@@BB@@@@@B@@@@@@@B@DBB@B@@@@@@@BB@BB@BB@@BBBB@@BB@B@B@@B@@B@@B@@@B@@B@@@BB@@BBB@@BB@BB@@BB@@BB@@BB@@@BAB@D@B@B@@@@@BB@@BBB@@BB@B@@B@@@@B@@B@@@@@@@@@BB@@@B@@@B@@A@@B@BABABAB@@AB@BABAD@BA@@B@@A@ABC@AB@@A@ABA@A@ABA@C@AB@@A@@BA@C@A@A@ABA@@B@@@B@@@B@BBB@@@BA@@@A@A@A@@B@@ABABABAB@@@B@BA@ADA@@B@@@B@@BBA@@B@@@BB@@B@@@@A@@@A@A@@@A@@BA@@BA@@B@B@@AB@B@BB@@B@BBBB@@BDB@BBB@@BBBBBB@@BBBBBB@B@@@BAB@BAB@@AB@@@B@@A@@@@BA@@@A@@@AB@@@B@@@B@BA@@@@B@B@BA@@@@B@@@B@@@B@@@@AB@@@@B@@BB@@@B@@@B@@@B@@@B@B@@@B@@@B@@@BB@@@@B@@BB@@@@@@@@B@@B@@B@@@@@BA@@B@@@@@@@@BB@@@@@BB@@@@BB@@@B@@@@@B@@@BB@@@@@BB@@@BBB@@@B@B@@@B@B@@@@@B@@AB@BA@@B@B@@@@@B@BB@@B@@@B@@@B@@BB@@@@@BAB@@@B@B@@@BB@@B@BB@@B@@@@@@@@@@@@B@@B@@A@@@@@A@@@ABABA@@@@BAB@@ABA@@B@@@B@B@D@D@B@@@B@@@B@B@B@B@B@DAB@B@B@B@B@B@B@@BB@@B@BB@@B@@B@B@@@@@B@@@@@B@@@@@B@@B@@AB@@B@@B@@@BBB@@@B@@B@@B@@@@@@B@B@@@@B@@@@@B@@@B@B@BA@@B@@B@B@@@B@@BB@@@BB@@B@BB@@B@@BB@B@@@BB@@@@@BB@@BB@B@@@B@@@B@@@@BB@@BB@@BB@@@BBB@B@@BB@B@@@@@@@@@@D@BAB@B@@@@A@@B@@A@@@@B@BB@@B@B@@@@A@@@@B@B@BC@CBAB@BADABCH@@AD@BA@A@@@AA@@A@CBA@AB@@@B@@@B@@@@C@@@@@@A@@@AA@@BA@A@A@AAE@A@ABA@@BA@CB@@@@@B@BABA@A@AAA@@AA@@AA@C@ABABA@CACBA@A@CBA@ABCBCDAD@B@B@BB@@B@@CDABA@CBCBE@AB@@@BBBA@A@A@A@ABCBA@A@@@ABAAAAA@C@C@A@@B@DABA@ABA@@BADA@A@CAA@A@C@A@@@E@ABABA@A@A@@B@BA@ABEDA@A@A@A@@@ABC@A@AA@@AAA@A@C@C@A@C@ABABB@@BABA@CBA@@@ABC@ABC@C@C@A@ABABC@A@A@A@ABA@ABA@@BABABA@ABBBB@@BABADA@ABA@@@C@A@A@@@A@@A@@A@@@A@@AA@@@A@C@A@C@E@E@CBG@A@G@C@C@E@EBC@E@C@E@C@I@CBC@A@G@C@A@A@A@A@A@A@@@A@A@@@@@A@A@@@A@AB@@@@AB@@@@@BA@A@A@A@@@C@@@A@ABA@@@A@A@A@A@A@A@E@A@EBC@C@A@A@A@C@C@E@A@EBC@C@CA@@A@@A@@@A@@@@@AA@@@AA@@AA@@@@@A@@@@@@@A@@@@@A@AAA@@@A@A@@BA@@@@@@AA@@@AAA@AAC@@AA@AACA@@A@@@@@A@@A@@@@A@@A@AA@@@A@@@@A@@@CBA@CB@@A@ABA@@@@@@@AB@@A@@@@@@@@@@B@@A@@@@AA@@A@B@@A@@B@@A@@@A@A@@@@@AB@@@BA@A@A@A@@@A@CAA@A@@@@@CBABCBAB@B@@A@A@@AA@@@A@A@A@AAA@@@A@ABC@A@ABA@ABA@@B@@@@@B@@BB@@@@@B@B@B@@B@@BB@B@B@@@@B@B@@@B@@@B@@@@@@B@@@B@@@B@B@B@@@B@BBB@@B@@BBBBB@BB@@@B@@AB@@A@@BA@C@@BA@AAC@A@@@AAA@@@@BA@ABA@@BA@ABAB@@AB@@A@A@A@A@@@A@A@A@@@CA@@AAA@@A@@A@A@A@C@C@A@A@A@@@CAA@C@@@@@@@AB@@@@@@GA@@@@@@AA@@@@@@@@@@GEA@GFC@@@A@@@A@CA@@@A@ABAD@BAD@@A@A@AACGGA@A@A@ABA@A@AA@A@A@C@A@@@AA@@@A@CCAA@BAEEAA@@AD@AAA@ABAAA@C@CA@@A@@AB@BAA@@AA@C@CA@@@AB@B@B@ACA@A@A@A@@@A@@BA@@@@@A@@@@AA@@@AB@@A@A@A@ABA@A@@@ABA@ABA@ABA@ABA@@B@@AB@@A@A@@@A@A@A@A@@@@@AB@@A@@@A@AA@@A@@@A@A@@@A@@@A@@@A@A@A@@@C@A@A@A@@@A@@@@@@AA@@A@AAA@AAA@@AA@AA@@AAA@@@A@A@@B@@A@@BA@@@@AA@@@A@@@A@A@A@@@@@A@@@A@A@@@AA@@@AAA@C@AA@@AAAAA@CAAA@@@@AAAACC@@AA@@CAAA@@@@AA@@@@AAA@AA@@AAAC@@AA@AA@AAAA@@CACACA@AA@@@E@@@A@@@@BABABADA@@@BBAD@B@D@@AB@BAB@B@B@@@B@@@D@B@@@@AB@@AB@@@@@B@B@B@@@@A@A@@@A@@@IF@@@@@B@@@B@@@@@@@@@@@BA@CAA@@@@BA@AD@D@BB@D@D@B@@B@@@B@@@@@B@BA@@B@@@@BB@@@@@BFBBBB@@@B@@@BB@@@@B@@@BB@@@@@BA@@@@D@F@D@B@D@BB@@@@BB@@D@@@@AB@@@@@B@@AB@B@@@B@B@@@BABBB@B@@@@AB@@@B@B@@BB@@BB@@BB@B@@@B@BBB@B@B@@@@@B@@@B@@@@@B@B@@AB@B@@A@@BCDA@@BCBA@@@@B@@@BBB@B@@A@@@A@A@@@AB@B@@@B@BBB@@@@@B@@@@@@@@@@@BA@A@@BA@AB@B@B@@@@@DFFBD@D@D@BBB@DBBADB@@B@DAB@B@B@BBB@B@@@B@@@B@@@@@BB@DLBBBD@@@@AD@@@@@B@@@BAB@B@@AB@@AD@@ABABCBABA@@BC@@B@@@B@@AB@BABCDCDCD@@@BA@@@@B@@A@@@A@@B@@@B@@@@@BB@AB@@@@AB@@ABCBCDADAB@BA@@B@@ABAB@@AB@@@@A@@BA@@@@B@@AB@B@B@@A@@B@@@@@@ABAB@@A@@@A@ABA@@B@@AD@B@B@D@DBB@@@BA@@B@@AB@@@B@@@BA@@B@@A@@BBB@B@@@B@@@BAD@@@B@@@BAB@D@@A@BBA@@@@B@@AB@@@@@B@@@@@B@@AB@B@@@@@B@B@B@@@BAB@B@@AB@B@DA@@B@B@B@B@B@B@F@B@@AB@@@B@B@B@BA@@B@@AB@@BB@@BB@@@BBB@DBB@@BDB@B@BBBB@@B@@B@@@@@B@@@@@B@@@B@B@@@B@B@B@@@BBB@@@B@DB@@B@@@BB@BB@@BB@@B@BBB@B@@BBB@@@@@@@@AB@@@B@B@@@B@@@B@B@@@B@@@B@@@@@B@@@@@B@B@@@B@@A@@B@@@B@@@B@@@@AB@@@BA@@@@B@@@@@@@B@@@@BB@@@@DD@@@@@@@@B@@@@B@@@@@@@B@@@@BB@@@@@@@B@@B@@@@B@@@@@BB@@@@@@B@@@@@B@@@@@@@@@@@@@@@@@@@@@@@@@@@@@@@@@@@@@@@@@@@B@@B@@@@@@@@@@@@@@@@@@@@@@@@@@@@@@@@@@B@@B@@B@@BBB@@BBB@BB@DBBBB@@@BB@@DBB@@@@@B@@@@@@B@D@@@@BB@@@@B@B@B@@@D@B@B@B@BBB@@@BBB@BBB@@BB@@B@@DBFBB@BBB@B@@@B@DBB@@@DAB@B@F@N@@A@@FBD@H@@@B@@@@@BBAD@B@BBB@B@DBB@BAB@BB@D@BABABCD@BABBB@BD@FBB@BBBBB@BBF@DAFEN@DABBBBBF@DABBB@@B@BGH@@AB@BAB@D@B@BABA@@@@@C@CAAAC@C@AB@B@BFFBB@@@BABABCBE@CB@@AB@B@BBD@@@BB@ABABADABCB@BADCDGBCB@BBB@DABCBA@CACBCBCDA@AAAEC@C@C@ADBD@BDBDDFDDBHD@BABAB@@A@IBCAA@C@AD@F@D@BABEFWHEBGF@D@DBD@DABGDAB@D@D@BCBC@CBCBADAD@FADABEDCBAFEFABEDCBA@EACBC@GDEHDBADAD@@AF@DFF@@@DBDABBBDHADAHCDADADBFDF@BABABC@C@C@A@@BEBCB@B@BBDBD@BDBBBDD@@BB@BABEFCBC@O@@@A@GBECAAACAAEAAACAC@CB@B@BAFAFAB@BCBABE@I@QCEAE@C@ODC@A@C@C@IECACACBA@GDA@A@GBEBADCD@@CAA@AACEAEEAGECAAAE@CBCF@L@FABCBGBCACAAAEKAAEAAAA@CBCBEBE@ECECC@C@ADAB@DADADAB@BBJAF@D@DABADGBSHCFINGDE@CBE@IAIAGAGBEBAB@B@BBD@D@DABCBCBKAA@C@A@E@ABCAEAGAE@EBA@ABEAA@A@A@ABA@CAABA@ABCDABAD@@ABABA@ABC@GAC@ABCBCBABADAFCDCBE@ABCBA@ADC@A@ABGBA@@@AB@B@DDBHDBBBBADCBC@IAE@CBCBA@@BADAB@@CBA@AB@D@BABA@A@C@ABE@C@A@CBA@C@A@CBEJCBA@EBA@GBCBEBABA@A@A@C@CBCBCBC@E@C@C@CAC@C@E@@AAA@@ACECCGCCCAGACBEDEBGFKFEBEACACC@CACAAE@E@CBEBE@C@CAACGAI@CAEAIACAE@C@A@CDC@C@CAEIACACAACAC@A@E@C@I@EBCFAB@BAB@B@DABC@CBEAEACACGCCSEGCGCACCAGCECMIEC@AAEAAAAGAMAAAACACAGCCGCEAG@C@CD@BADADABC@C@CCEEAAKCAAAA@CACC@C@CBCBCBEAGEE@CBAD@DBF@DCDEDEBCAECAC@EFCDE@CECG@C@EAAA@CBAFADAJCBAACCAIAE@GBA@CBGDABIBGCEE@GBCDADABA@A@@CCE@CAEBGBAAAA@@@A@ABADA@A@A@@AAAAC@C@CBC@AACCEAA@C@AB@BBB@FADCFCDEBC@CAACCEAACAGBCBAFCDCBCAEACEE@A@AB@B@BBBABABABCAEECGCEAAEBIBC@CA@CDEBCACCCA@CAGBEFCDCDADEBE@ABEDCBC@AAE@ABC@C@AAACCACBC@CDCFABC@A@ACACBCAAAACAA@ABA@@BCBABC@C@CBC@E@ABABA@F@BB@BABCBCBE@@BAD@FADABCBE@EBEBEBG@E@EAE@C@ABEFEBE@EBAAA@CAAAGBG@A@A@@@AA@A@@@A@@BA@@@AA@AACAC@AACBA@E@ABCDA@A@A@C@AACACAC@A@CAABC@@B@@@B@@BB@@@BABCDAD@B@B@B@@BBD@B@B@DD@@@B@@ABC@A@C@A@ACC@CAC@A@CDCBA@CAAAAACAA@C@AB@BBBBBDBDB@@B@F@D@D@@B@@ABCBABBB@BD@@CD@B@@B@@@B@BBBDAB@DBBB@BADCBCBEBCAECEAG@E@E@CB@B@B@BA@CBC@CDCFA@C@A@CACCA@A@@@G@I@KAOAKAGBGBEFABADAFADCBABE@GBEBCD@H@DCBE@GAI@IBCD@DADADGBG@EACDAF@FCBEBG@K@KAK@G@EBEDEFAFCF@F@F@F@DBDDBBD@BADCBE@IBSJOHAB@DBBBDBBADABA@C@CBIBCDCBAACAAACAC@C@ABABA@@@A@@AAAB@@ABABA@CAAAA@@A@A@EDGFAD@D@DBFDD@@@BABABC@AB@@@DBB@DA@@BA@E@CBEDIL@FGFCBE@GAEBCBADBBHDDDDHBBABEBKBI@IDGHKHAD@B@FB@@@@@@@BBL@@B@B@DCBCBED@B@B@@@@FJDD@FDHDDHHFHFPBH@D@J@N@J@DEBGBCBGR@JDDDD@FABABG@EBCD@F@BJDH@F@DBDF@D@DCBC@C@ACC@E@CD@DBD@D@DDBHBHBDD@BA@@HADEFE@E@EAGBCBAB@DBBFD@DFBDBDBBDABGJONCBWGQCOAKBMFGFKLQDKAKEQO][UIYEgCUE[IQG[GKCG@IDEFCHAJEHGBSBSASEG@I@MBK@CACC@GFGLGFGBG@IEEGGSWeokaOIOCO@KDMJKPOTKHCBEBGCGCEC@CBCBI@EEEGAKDKFKJOJUBS@M@QC]GaOgII@GBGBSLSHODMAICYSWSOIOCCAG@KBGBIBAAE@A@C@CFCH@L@DDDHBHBPHJHFH@FEFGFK@M@OAODKHGPETO\\CR@L@FCF@F@FAHCFEBM@QAS@U@M@QBYDMDKFEDCDADAF@ZAJAFEHEFEDIDEBEAE@EAGGCEAGBG@E@EEEEEEKACCAKGMICMBUFSHW@OGKGEKCSFKFWNQJMBIAMGMGSMICOCK@IDEDCH@JBJDNAHEFOBOAOIWWKIIEOAMDUHODKDOAQEKGKIKCUEM@M@MD]POHSHGBG@G@GACCAC@C@EDEJIDG@CCECEQGICKGIEK@I@WHaJQHMNGHGJMVILGBEBK@UAUCYEMCIEECEIECEAKBKDMFOJGFIHCD@B@BAFETCLEHGDIFEFAF@D@DDDFDJFFFFHBFBJAPETEJGHIDIBSCSCQAWAMAMAGAGBGDKHOLIHGHAF@DBJFJLLFJ@FCDEFGBIBI@GCIAM@GDGFGFCH@F@FFHBDLJDF@FAFGFIDK@QEMGMIMGICIAO@MBKBMFOHMJCDGJIDAD@FDDLDNDFD@DAFADBBDDDD@DCDC@I@KAKBE@EBAB@DBBDBJDLHDDBFBFADEHGDKDMDM@KDGDEDAD@D@N@F@F@FADEBIDEFCFCHCBGDMFKFGDEFEBO@O@KAIAIAEAEBCBCHGNINCHADBFBDDDHDFBR@TBHBDDHFJFHDJDH@J@DBBB@DCDGFQHGFIFILELAJADDFDDDBJBH@N@LAH@FBFDBF@L@HCL@@@H@HCHGJ@BAFAJEFGFIBMBG@OFQDMDMBMFIDGHGJKLMLIJCJCHALAP@LDLFJHFFDLDPBZDRBHDFDBF@FCHEFEB]NIDEBAFBFDDFDFBHBH@HALCHARAJBF@FBDD@D@FALENENCJKFIDKDIBEDCFAD@FBDDDJFJFDHAHEHEDGFIDGBGFAD@FDFHFXJDBFF@FAFGFGDIFGFGFEDAF@DDDDBJDNHDBBFBD@DCDGDEBQAGAGAG@ODCD@FBFFH@FAHGJIDIHGL@BA@@B@@@B@@@B@B@@@BB@@BJHFDPF@@B@B@@BB@@@B@BBB@@@B@@BB@@B@@BB@@BB@@@B@B@@@B@@@BA@@B@@ABA@@BA@A@CDKFABCDABEDABABC@A@ABABAB@B@@@B@@@B@B@@@BA@@B@@AB@@@B@@@B@@AB@@@B@@@B@B@@@@@B@@@B@B@@@BB@@B@@BBDB@BDBHFBBBB@@BDBD@DAHCDGLABCBC@C@AAECEAE@I@C@AAEEEE@GAOAGECGEAAAAAACBA@A@@@A@A@A@A@A@@@ABA@EBCBEFABAD@DDDFDFBDDBD@D@BABAD@B@DABAB@BAD@BBBBBB@DBBB@BADCDGFK@IAG@OAA@A@A@AAA@A@A@A@AAA@A@C@C@A@C@@BA@C@E@EBEBAAA@AAA@AA@@AAA@CAAACAAACAECA@@A@@@@A@AB@BA@@@@@A@@A@@@@@@@@@A@@@AB@@@@A@@@@@A@@A@@@@AA@@AA@@@A@@@AAA@A@@@AA@@A@@@@@A@@@@A@@@@A@@@A@@@A@A@@@A@AB@@A@@@@@A@@@@@A@@@A@@@A@A@@@@@A@A@@@@A@E@A@A@A@@AA@@A@A@A@A@@@@A@@AA@@C@AA@@A@ABA@@@AAA@@@AAA@AA@@@@@@@A@@@@@AA@@A@@@@@@@AA@@@@@A@@@A@@AA@@@A@@AA@@@@@A@@AA@@@A@@@A@@@A@@AA@@@A@@@A@@@A@A@@@A@@A@@A@@@@@A@@@A@A@@@A@A@@AA@A@A@@@A@@@A@A@AA@@@@@@A@@@A@@@@@@@@@A@@@@BA@A@@@AB@@A@@@A@@@@@@@@B@@@@@@A@@BA@A@A@A@@@A@@@A@@AA@@@AAA@@@AA@@A@@AA@@@A@AA@@A@AA@@A@A@@@AAA@@@A@@AA@@@A@A@@AA@@@@@A@ABA@A@@@A@@@A@A@@@@@A@A@@@ABA@A@@@A@A@A@A@@@A@@@@@A@@BC@@@A@@@A@@AA@@@A@@AA@@@A@@@A@@@AA@@@@@A@@A@@@A@A@@@A@A@A@@@A@@@A@@@A@@@@@A@@@AA@@A@@@A@A@@@A@@@@@A@@@A@A@@@A@@@@BA@@@@@@BA@@B@@@BA@@@@@AB@@A@@@A@@@A@@@A@A@A@A@A@@@@@A@A@@@A@AAA@@@A@@@AAA@@@AB@@A@@AA@A@@@A@A@A@@@A@@@A@@AA@@@A@@@A@A@@@@@A@A@@@A@A@@AA@@@A@@@A@A@A@@@A@AA@@A@@@A@A@A@@@A@A@@@AAA@A@A@A@@@A@A@@@A@@@A@@@A@A@@A@B@@A@@@@@A@A@@@A@A@@@A@@@A@@@@@A@@@A@A@@@@@A@@@A@A@@@AAA@@@@@@@@@@@@@@A@@@@@A@@B@@@@@A@@@@@@A@@A@@@@@@@@A@@@@@@@@A@@@@@AA@@@@@@@AA@@@A@@@A@@@@A@A@@AA@@AC@A@@@@B@@@@@@@BA@@@@@A@@@@@A@@@AC@@@A@@@@@@@@A@@@@BA@@A@@@A@@@A@@@A@AAA@@@A@@@@@@@A@@@@@@@AA@@A@@@A@A@@@@@@@A@@@A@@@A@@@A@A@@@A@@@@@AA@@@@A@@@@@A@@@A@@AA@@@@@A@@@@@@@@A@@A@@@@@@@A@@@@A@@A@@@@A@@@@A@@@@@@A@@@@@@@A@@@@@@@A@@@@@@@@@@@@@A@@@@@@AB@@@@A@@@@B@@@@A@@@@@@B@@@@@@A@@@@B@@A@@B@@@@AB@@@@@BA@@@@@@B@@@@@B@@@@AB@@@@@@@BB@@B@@@@@B@@A@@B@@A@@A@@A@@@A@@@A@@@A@@@A@@@A@@@A@@@@@@A@@@@A@@@@@A@@@@@A@@@@@A@@@@@A@A@@@A@@@@@A@@B@@@AA@@@A@@@@@AB@@@@@@@@AB@@@@A@@BA@@@@@@@@@A@@@@@A@@@@@@@@@A@@@@B@@A@@@@@@@AB@@@@@@@@A@@@@@@BA@@@A@@B@@A@@@@@@BA@@@@@@BA@@@@BA@@@@BA@@@@B@@@@AB@@@@@B@@@BA@@@@@A@@@A@@A@BA@@@A@@@@@AB@@A@@@@@A@@@@@A@@B@@A@@@@@@B@@A@@@@@@B@@@@A@@@@B@@A@@@A@@@AB@@A@@@@@A@@@A@@@@@@@AB@@@@A@@@@@ABA@A@@@AB@@@@A@@@A@@BA@@@A@@@@@@@A@@@@@AAA@AA@@@@A@@AA@@@CAA@AAA@@@@@A@@A@@A@@@@@@A@@A@@@@A@@@@AA@@@AA@@@A@@@A@@@A@@@A@@@A@@B@@@AA@@@@@@@@@BA@@BA@@BA@@@@@@A@A@@@A@@@@@@@@@@AB@@@@@@A@@@@@@@@@@AA@@@@A@@@@A@@@@@AA@@@A@@@AA@@A@@@A@@@@@ADA@@AA@@AA@AA@@A@@@@AAB@@@@@@A@@@A@@AA@AA@@@@AA@@B@@@@@@AA@@@@@AAA@@AA@@@@@A@@@@@@@A@@@@@AA@@A@@@@@@@A@@@@B@@@BA@@@@B@@AB@@@@A@@@A@@BA@@BA@@BA@@@@@@@A@@@@@@@@B@@A@@@@AA@@@@@A@@A@@@@A@@@@BA@@@AB@@@@A@@B@@A@@BA@@@@@A@@@A@@BA@@@A@@@A@@@@@A@@@@@@@A@@@@A@@A@@AA@@A@@A@@@A@@@@@A@A@@@A@@@A@@@A@@@ABA@@@@@@@@@AA@@@@@@@@A@@@A@@@@BA@@@@BA@@@A@@B@@A@@@@@@@ABA@@@A@@A@@@@@A@@@A@@@@AA@@@A@@@@A@A@@@A@@@@@A@@B@@A@@B@@A@@@AB@@A@@@@@@@A@@A@@@@@@A@@@@BA@@@@BA@@@@B@@A@@@@@A@@@A@@A@@@@@@@A@@@@@@@A@@A@@@A@@@A@@@A@@@@@@AA@@A@@@@@AB@@@@@BA@@@@B@@A@@@@A@@@A@@AA@@@A@@@@@A@@@@@@A@@@@@A@@@@@@@@B@@A@@B@@@B@@@B@A@@A@@@@@A@@@@@A@@@@AA@@A@@@@@@A@@@@@@A@@@@@@@A@@@@@AB@@@@A@@@@@@@@@@@AA@@@@@@@A@@@A@@@@AA@@@@A@@AA@@@A@@@A@A@@AA@@@A@A@@@@@@@A@@B@@A@@@A@@@ABA@A@@@A@A@AB@@A@A@@@A@@BE@@BA@@@C@@BB@@@@@B@@B@@B@B@@B@@A@@@@@@@@@AB@@B@@@@@A@@@@@A@@@@@@@@@A@@@@@A@@@@B@@B@@@B@@B@@@@@@@@@B@@A@@BA@@B@@A@@B@@A@@BA@@@@B@@@@AB@@@@@BA@@@@@@B@@@@@@@@@@@B@@A@BB@@A@@@@BA@@@@@A@@@A@@@AAA@AAA@@@A@@@@BA@@@@@@BA@@@@@A@@@@AA@@@@@A@@@@@A@@@@@@@@B@@A@@B@@@@@BAB@@A@A@@@C@@@@BA@@@@@@BA@@@@@@BA@@@@@@@A@@@@@A@@@@@A@@B@@A@@@@BA@@@@@@@AB@@@@@@@@A@@@A@@A@@@@B@@@@@@@@AB@@@@@@@@A@@A@@@@@A@@@@@AA@@A@@@A@@@A@@@A@@@A@@@@@A@@@A@@@@AA@@@A@@@@@A@@A@@A@@@A@@@A@@@A@A@@@A@@@@@@@A@@@@B@@A@@@@@A@@BA@A@@@@@A@@@@BA@@@@@@@A@@BA@@@@@A@@@AA@@@@A@@@AA@@A@@@@@@@A@@@A@@@@@@@@@A@@@@@AB@@@@@@@@@@AB@@@@A@@@@@AB@@@@A@@@@BA@@@@@@@@B@@B@@@@@B@@@A@@B@@A@@@A@@@@BA@@@@@@@@@@B@@@@@BB@@@@B@@@@@@@B@@@@@B@@B@@BA@@@@@@@A@@@@@AA@@@AA@@@@@@@ABA@A@@@AB@@A@A@@@ABA@@@A@@@@@AA@@A@@@@@A@@@@@A@@@@@@B@@@@@B@@@B@@@@@B@@@@A@A@@@A@@AA@@@A@@@@@A@@@@@@@A@@@AA@@@@A@@@A@@@@@@@@B@@@@@B@@@@@@@@@BA@@@A@@@ABAB@B@@AB@@@B@@A@@@@@@@A@A@@@A@@@A@@@A@AAA@@@A@A@A@A@A@A@@AA@A@@@@@A@@@A@@@A@@@A@@@@@A@A@@@A@@@A@A@@@A@@AA@A@@@A@@@AA@@@@A@@A@@A@@@@A@@A@@A@@A@@AA@@@@AA@@@@AA@@@@@AA@@@@A@@AA@@@A@@AA@@@A@@AA@@@A@AAA@@@AAA@@@AAA@@@A@@@AA@@A@@AA@@@A@AA@@A@AA@@@@A@@@AAA@@@AAA@@@@@MCA@CFCFCDMV_jOVCDQR[ZEFKJGHEDGHEFEFCF]`WZKNABwQRSV@@@@AB@@@BADADABAF@@AB@B@@BB@@DB@B@B@DBD@B@@@@CJ@B@@@BB@B@B@@B@\\@t@@@B@\\@N@BCX@DAF@BGb@FABBB@D@B@@@@AP@@BBD@DBF@RBB@B@J@D@XDX@DBAL@@@DADAJB@CN@@AJAB@HCL@@D@BB@BD@JBB@F@B@B@DBJ@D@D@HBB@B@@@DU@A@EBA@AHQ@ABG@@@@BAB@^DGTTBtHP@^FD@JBF@\\D@@D@@@DCDAFEDC@AVOJKDBDEB@DBB@DC@@B@BBB@@BA@DBFBHCBABAD@@BBBB@DBDB@@JDB@B@@@B@B@@BA@@B@@@B@@BB@BCJD@FBFBLD@@BBJDJBDBFBNFBB@FAF@DAL@B@DAJ@D@DB@BB@BEDAB@D@@A@A@A@AB@@@B@@BBBBBB@B@B@B@@@BB@BB@@BB@BB@F@@@ZDH@RAX@DBTHFBL@DBD@BBPB@@BBFDVDBDFfDB@F@FJ@B@@@@BB@@@B@B@FC@@B@@@B@@@B@@@@BABB@@@t@d@RBB@F@^@jB\\@V@J@D@@BB@BHHPL\\DFBD@BBBB@BBD@BBFBDDB@BD@@@D@BAF@BADAHAB@@A@@B@BBBALAFAR@BB@L@CN@HCRAD@FBBB@@@@@AD@JAN@@AB@B@B@BB@@@B@BBBBB@@@@B@B@DABC@K@S@U@G@CBE@ABC@CBADCBCDADAD@D@@@BDBNDD@LBF@FBHBB@FBDBJDLJDF@D@BCBEDIDCBMDABGDADCD@B@D@DBDBBDDDD@BDFBFBD@HADCBEBE@E@EAE@G@ABEBA@CBAAAAAAAA@ABG@MAA@E@A@@@A@AA@@ACACAACAAAA@A@A@CBCBCBABCDE@ABE@C@AACACCI@AAECCECCAAAE@C@C@E@MBMBO@Q@KAEAGBG@CBABGDGFCDA@CDCBABCFCFAB@BBBAJBF@BDHBDFFHHDDBDBDBRDJHJBBDD@@BDBHDJ@BDD@BBBNPBDBBBD@D@F@FFLBF@F@B@@@BAB@@BHBDAJ@@A@@BA@AAA@AA@AACA@@@C@A@A@@@AA@@BC@@A@CBA@A@A@@@@B@@BD@@@B@@A@A@A@@@@A@AA@@AA@@@ABA@@@A@@@@A@@B@B@@A@@@AA@@@E@A@E@@@@@AB@@@@BD@@@@A@@@A@A@A@@@@@@B@@@BA@A@A@@@AA@@BA@A@@@@A@E@A@A@@@@B@@@@DB@BAB@@@@BB@B@@@BA@A@A@@@@A@@BA@@@AA@@@A@@@@@AB@BA@@@A@@@@AAA@@BA@@BA@BD@@@@A@@@@@@AAAA@@A@A@@@AAA@@@@@ADAB@BA@@A@@@@@C@@@A@A@@AACBAAE@@@A@A@@@AAAC@@A@@AI@C@AACGC@ICEAAAA@C@A@EAAAC@A@A@AAA@CAA@E@A@EBABCAABEBEBC@C@YF@@AF@FADAFABADEDCBCDGBADCBGFGFIFIFCDABABE@CDIHABABEBCB@@EBEBGBA@@@EAIBABKDCD@@OFBC@AAAEGBEDOFaPBNBHBF@B@JBVBTBLBF@FCFCDCDCFCDCFAHEB@DABCB@BCBGBA@E@CBE\\EB_BYOg@ACE_M]E@AB@@AAA@C@@@C@ECA@A@C@C@@@A@@@@A@@CA@AA@AA@@A@ABA@@@A@AAA@@@ACA@AA@AAA@@A@@@GDA@@B@@@B@B@@@@BBB@@@@@@BEBABA@@BB@BB@BBB@@@@AB@@A@AACAA@@@AB@@@@@B@@BBD@BBB@@D@@A@AB@@A@@@@AA@@AA@A@ABA@E@A@@@A@@@@BD@@@@B@@@B@@B@D@@@@@B@@B@BA@AB@B@@AB@BA@@B@@CAA@@AA@A@@BA@AB@@@@BBB@@@BB@B@@@B@@C@@@@@AC@@@AA@@@A@@BB@@B@@C@@@@DA@@BA@@AA@@AA@@@@@A@BB@@@B@B@BAB@@A@CC@@A@A@AB@BA@ABABEB@@AAA@CAC@AAAA@@@@BA@A@@@AC@ACA@@@A@A@@B@@BBAB@@A@@@C@C@A@EBCBA@A@@@AA@A@A@@A@A@A@@BCBCB@@@@A@A@@A@@@ABA@@@@A@@@A@AB@@A@CCCAAA@AA@A@@@@@@BBB@@@@@BA@@@AAA@A@C@ABEBC@A@CAA@A@@@@B@@@B@@BB@@@B@B@@A@AB@A@@@@@A@@@@@@@AA@C@AA@@@A@@EA@@CC@@@@@A@@B@@A@@@A@@AA@@@BA@@BA@@@@AA@@AA@A@A@AB@@A@A@@A@@@A@@@A@@DBB@@@BAB@@@@@AAAA@@@A@@@@@A@AA@@A@@BA@@CC@@@@BA@A@@A@A@@@@AB@B@@@@AA@ABAA@@@@BAB@@AA@A@@@@@DABC@@AC@ABAB@BAB@@@@A@A@@AA@@BA@@B@@@@A@A@@CCECAAA@A@ABA@@@CAA@@@@AB@HG@@@AA@@@A@AB@BA@@@AAA@AEA@AAC@@AA@@AB@@@B@B@@@B@@AA@AACC@@A@ABABAAA@@A@@@@@@@A@@@@@A@@@@@AA@A@AAAA@ABAA@AACAAACEEEAC@CAABC@CBA@AAAAAA@A@@@AA@C@@BA@C@AAACAAAA@A@AAAA@A@A@@@A@@B@@@DA@@@@@AAABABC@@AAA@A@AA@A@AAAAC@AACC@CC@@CAA@AAA@@B@@C@A@A@CAE@CBA@A@@@@@CB@@ED@@@@A@C@AA@@AAAAAAA@@@@@ABA@@@A@@AA@@A@AA@C@AAC@AAA@EBEBA@C@A@A@@@A@AAA@@@C@AAA@EAA@A@CBA@CBC@A@A@@@@B@B@BABABA@A@A@CAA@AA@B@B@BA@@@CAA@ABADA@A@@@A@AAA@@AA@AAA@A@A@@BA@A@A@AA@@@@BA@@@@@@AA@@@@BA@@@A@@@AA@A@ABCBA@A@ACACA@IAC@AAAAAAAAA@A@AAC@A@A@@@@@A@GAE@A@AA@@@AB@BA@ABA@@AACACCA@A@C@ADE@A@E@A@@@ABCDCDA@@D@@ABE@A@@BAB@@@H@DAB@BCFCDCBEDAB@B@@@BB@BBB@BB@@@B@BCFABA@@B@BB@BB@@BBA@ABA@ABABAB@B@BA@ABA@CAC@M@KBA@AB@B@B@BB@@B@BABA@E@CBA@CFC@EBABCBABG@C@ABCB@BAB@BABA@A@A@AACCAAEAA@AACB@D@B@B@B@@@@BB@BAH@DABAB@@C@CB@@@B@BAB@B@@ABA@C@KDEB@BBD@FBH@BAB@DEBA@@@ABCDCD@B@B@D@H@@@@@BA@@D@@DB@B@@BB@B@B@@@BA@@B@@DF@B@BAD@@@BA@CD@@@BFBANKPGHABADA@ADADA@@FGR@@D@BBVBAB@D@B@@DLDL@@DN@@BB@JABA@CBAB@B@FBB@DBB@BDFBD@D@BAB@BAD@@@DBD@D@@@B@@CDAD@@A@A@BBB@ADOECBCAI@HGAAAA@@KLCC@A@A@@CAECKEA@@@@BAAECB@CCAB@ACACCAAA@A@CAA@ICA@QD@@IAG@EAE@ABC@A@E@I@CA@@@BA@@D@@A@@@A@@@AAAAA@@@@BAB@BA@BBG@BPFFDDBF@@YHDBGD@@@@@D@@EDCDCDCD@DBF@TNBA@AFAHAJ@@@BA@d\\FD@BB@B@@@@DB@B@@B@@@@BBRNhTFBHFBBD@HDB@@B@@@B@D@D@@@BB@@@FDHDBBB@@B@B@DAFADAB@F@BA@@BAAAAAAA@A@AAC@@@A@A@A@IA@@A@@AC@C@A@C@GBA@A@@@@CA@@@@@ABC@CBA@CB@@@@@@@B@@@B@@@@ABA@CAA@@@A@BBA@@B@@ABA@@B@@ABA@@@AA@@AAA@A@ABCB@@CBAB@AC@A@@@CBA@@@A@@@@A@AA@@@CBA@G@A@EBCBC@EAGA@@A@A@A@@@ABEDA@@@A@A@C@A@A@AAA@C@@@ABBB@@@BA@E@A@GB@@B@@@@@@B@@BB@@@@@@@B@B@BA@@@AB@@EB@@AAA@AB@A@@A@CB@@C@ABA@AB@@CB@@A@A@A@AB@@@@@B@@AA@@@A@@C@@@@@@@A@@@@@@A@@A@@AE@@B@@@BB@B@@B@@@@@@A@@@@@@@@B@@A@@@@A@@A@@AA@@@A@@B@@@@B@B@@@AB@@AB@@A@@@A@@@@@@@@B@@A@@@@AA@@A@@A@@B@@B@@BB@@@@BC@@A@@@@A@@@@B@@@@AB@@A@A@@@@@@@A@AA@@@@@A@@@@A@A@EBA@@@@@@AB@B@@A@@@@A@A@@B@@A@AA@@@@@@@@@AAB@@E@C@A@EA@@A@A@@BABAD@@@@A@AA@@A@@BA@@BE@CBADAB@@A@@@@@@BAB@@BB@@A@@@A@A@ABA@@@A@B@@A@@@@A@AAA@@@ABA@ABA@A@@BA@@@@@@B@@@@B@@@A@@@BB@@@@@@@@B@@BA@@BA@@A@@@A@@@@A@@@ABB@@@BB@B@@A@@@AAA@AB@@@@@ABA@@@@A@A@@@@@@BA@@@ABA@@@AAB@@@@AB@@@@AA@ABABA@@@@@@@@@@B@@@B@B@@A@A@@@A@AB@@A@AB@@A@@B@@@@B@@@@@@BBB@@@BA@@B@@@@AB@@A@@@BAA@@@@@A@@@A@C@@B@@@B@@B@@@@@@BC@AAA@D@@A@@@@@@A@@@AA@@A@@B@@A@@A@@A@@@A@@@@@@BB@@@A@A@@BBB@@@BA@@@@A@@@@C@@@A@B@BB@@@@@@@BA@@@AAA@AAA@@@A@@B@@@@@BB@B@@B@@@@A@ABA@@@@B@@C@@@@BB@@@@@A@@B@@@@B@@B@@@@@BA@@@@B@@@B@@D@AB@@B@@@B@@@@B@@C@@@@@@B@BA@@@A@A@@BA@@B@@A@@@@@B@BB@@A@A@@@A@@@A@A@AA@@A@@@BB@@@@A@@B@@A@A@@A@B@@A@@B@@B@@@D@@@B@A@AB@@B@B@@@@B@@@@A@@@@B@@@@A@@B@@@@@BAAA@@@@@@@AA@@@B@@@B@@B@@@@BA@@@@@@@@BB@@@@@@BB@@@@@@@@BA@A@A@@@B@@@@@ABA@@BB@@B@@@@A@@AAB@A@@A@A@@@B@@ACA@@A@@BABA@EBA@@B@@@B@@A@A@A@A@@@@B@@B@@@@@@@@@@B@@@@AB@@@AA@@@A@A@@@@@A@@@@B@@@B@@A@@B@@@@@@B@@@B@@B@@CB@@@AA@@@ABA@@@@@B@@@@B@BC@A@@@AA@@A@A@@@@B@B@@@@@@@@BB@@@@A@@B@@AA@BA@@A@@@@@A@@@@A@@@A@@@AB@BB@@B@BA@A@@@@B@@AB@@AA@@AB@@@@A@@AA@@AA@@BA@@@BB@B@@@@@BA@@BCAA@@@@@AB@DA@@B@@C@@B@@@@@BB@@@@@@@AB@@C@AB@@@@@@BB@@B@@BA@@@A@@@@B@@A@@@A@A@@@@BA@@@AB@B@@A@@B@@B@@@@@BB@@A@@@@BA@@@B@@@A@@BA@@@AA@@@@AB@@A@@@ABB@A@A@@B@@@@B@B@@BA@ABA@@BA@@@@B@@AA@@@@@@@@A@@@BB@@@@BB@@@@@@B@@BDB@@@BA@@@@BAA@@ABA@@A@@@@A@@@@B@BDB@@@@AB@@B@@BA@@BA@@@@@ABA@@@A@AB@B@BA@@@@BB@@@B@@@B@BB@@@BA@A@@@AB@@A@A@@@@@@B@@B@@@@B@@@@@BAA@@@@@@@B@@A@@@@@A@@@@BB@BB@@@AB@@@@@B@@@@B@@@@ABA@@@@BA@@AA@C@@@ABAB@@B@@BB@@A@@@B@@@B@@@@AB@A@@@@A@@@@@@@@BA@@B@@B@@B@@BB@@@B@@A@@@A@A@@@@@AA@@A@AB@@@B@@A@@B@@@@B@@@@@@@BB@@A@ABAAA@@@@AAB@@@@@@@B@@AB@@B@@@@@B@@@B@@@@@@B@BA@@AA@@@@B@@A@@@A@@B@B@@@BB@B@@@@B@B@@ABC@@@@B@@@BA@@BA@AD@@A@@@A@A@@@@B@BBBA@@@A@@@AB@@A@@BA@@BB@@B@@A@A@@B@@A@A@A@A@A@CB@BA@CDC@EDC@@BA@CD@@@@@D@@@BA@GD@@@@A@ADABAB@B@@@@@BC@GF@@@B@@AB@F@@@BBB@B@@CDAB@BA@ABB@B@@@B@@@@B@B@A@@AB@@@@@B@@A@@B@@@@@@B@@@@B@@B@@@B@@BA@@@@@A@@@BB@@@@@@A@@@@@@B@@@@C@@@BA@@@@A@A@@@@B@@B@@@A@@B@@BB@@A@A@@B@@@@@@B@@@@B@@@@@B@@A@@A@@A@@BA@@@A@A@@@A@A@@A@B@@@B@@AA@@@B@@@AA@@B@@B@@@@BAB@A@@C@@@AA@@ABB@B@@@@BAAA@@B@@@B@BAA@B@@@BAA@B@@@@@@A@@@A@B@@B@@@@@@@B@@B@AB@@A@@A@@@@A@@@BB@B@@A@@@@A@@@AA@@@@@ABA@A@B@@@B@@@AB@BA@A@@B@@B@@@@@@@BBB@@@A@A@A@A@@B@@B@B@B@@@@BA@BB@@@@@BA@@@C@@@@@BB@@A@@@@B@B@@@@AA@B@@@@B@@@@@@B@@@BA@@@@@@@@@A@A@@B@@@B@@AA@@@@AB@@@@BBB@@@@@A@@B@@A@@AA@@@@BB@B@@@@B@@C@@@@@@@C@@@BA@@@@C@A@A@@@BB@@@@@@A@@@A@A@A@@@@@BB@B@@@BADAB@B@Z@@FDBBB@BB@@DD@@FDDBDBFDB@@BB@@@BBB@BDD@DDB@@BDB@@FB@@@@BBDBB@BBBB@@DBB@BBDB@@BBB@BB@@B@BBBB@@B@BB@@@@@@B@FDB@BBDBB@DBBBDBBBDBB@BBD@@BB@BBB@BBD@BB@@@@@@B@@BD@BBB@@BDBB@@BB@@@@@@BB@@@@B@@@@BB@@BB@BBB@@BB@B@@BB@@@B@@@B@@@BB@@B@BBB@@@@@@@BB@@B@@@@@B@@@@@@@@@B@B@@@B@D@BBB@B@BBB@B@B@B@@@@BB@B@B@@@B@BBB@@@B@@@B@@@B@BBB@@@B@B@@@@@BBB@@@@BBBB@@@@@@@B@@@@@BB@@@BBBBBD@BBBB@@BBB@BBBBB@BB@@B@@BB@@@@BBBD@BB@@B@BB@@B@B@B@B@B@B@B@DBB@B@B@B@B@@@BBB@B@B@BBB@BBB@BBB@B@@@@@@BB@@@@@@@B@@BB@BB@BB@@@BBBB@@B@@BB@@FFBBBB@BBBBDB@@BB@@BB@@BBDBBBB@BDFBDJLBB@BB@DFBBB@BBLHB@@@BBRLB@B@BBTHDBD@JDFBVHBBDBDBD@BBHDB@HDB@DBDBFBFBDBFBFBFBB@@@@@BBD@DBHBB@FBFBLDHDTHBBVHXJVJFBDBLFTHB@@@B@BBD@BBB@BBB@@BBBBBBBB@@@B@BBBB@@@@@@B@@@DBDDB@@@BBBDBBBBBB@@BBB@HFDBBBDBDDDBB@@BBBB@BBBBBBBBB@@BFBBBBBBBB@BBBBBBB@DB@BBBDBBBB@@@BB@@BBB@BBBBB@@@DBDBBB@@BBFDBBB@@@BBB@@@@B@@DBDBFD@@BBDBB@DBB@BB@@@@B@TD\\J^HZHFB^HVHTF`LTHRFRH^LFDFBBBBBDBBBBBD@BBDBB@DBBBDBB@BBDBB@DBBBD@@BB@DBBBD@DBB@DBD@D@B@D@DBBBB@B@BBDBB@DBDBB@DBB@DBBBD@BBD@DBB@DBD@BBD@DBD@BBD@D@BBD@DBB@D@DBB@DBD@BBDBD@BBD@BBD@DBB@DBD@B@DBD@BBD@DBB@DBD@BBD@DBB@DBD@B@DBD@BBD@DBB@DBBBD@BBDBBBBBBBD@BBBBBBBBBBBBBBBBBBBBBBBBBBB@BBBBBBBBBBBB@BBBBBBBBBBBDBBBBBBBBBBBBBDBBBBBBBBBBB@BBBBB@@DB@BBBBBBBBBBBBBBBBBBDBBBB@BBBBBBBBBBBBB@@BB@BBBBBBBBDBB@BBBBBBBBB@BBBBBBB@DBBBBBBBB@BBBBB@BBDBB@BBBBB@BBB@DBBBB@BBB@B@DBB@BBBHPBDDFFHFHDHHPDHBD@FDJBBJLFF@@FDLDHDDBH@BBBBBBDBB@DAD@D@B@D@DBD@D@B@DBD@D@BBD@D@DBB@DBD@BBD@DBB@DBB@DBDBB@DBBBD@BBDBB@DBD@BBD@DBB@DBD@BBD@DBB@DB@@D@BBD@BBD@DBB@DBD@BBD@DBBBD@BBD@B@BBB@DBD@D@BBD@DBB@DBD@B@DBD@BBD@DBD@B@DBD@BBD@BBDBD@BBB@DBFBD@BBB@TDDBDBPDLBNDNDDBTFNDTJHD@BhVNHBBB@@BB@BBLJDDHFNLLHLJJJDBTRBDBBZXFDRTDBZVB@ZVFDDBDDDDBBDBDB@BB@@BFBBDB@FDLRDFDDFHBBDDHFDBBDBBFD@@FFHJBBFJHF@@JFB@DBBBDBB@PJBBB@FDHDTLDBTNLJB@FDHHHF@@VP@@B@@@B@B@@B@@B@@B@@B@BBBBB@DDDBDDB@@@BB@@B@@@BBDBBBDBBBDBDBBB@@DB@@BBB@@@FDFD@@BBDDLJB@BBBDBBBBB@@@@BDB@@BB@@DDDB@BDB@BBBB@DDB@BBBB@BB@FHB@FBD@@@BBHBJHRNBBDDDBBBBBHF@@FD@@DDHDBBFFB@@@DDJJFDBB@@DD@@FDB@DDDDFDBBBBB@DD@@JHBBHFJHLHDDNHJH@BFBBBBB@@BB@@@@BBB@@BB@@@DDFDFDBBB@BBB@@BFBDBBBDBDDFB@BDB@@BBDBDBDDDBBBBBHFB@BBBBB@DDBBDDDB@BB@DDBBBBB@@BB@DDDBBBB@@BB@B@BBDBDBDBB@B@DBDBD@DB@@DB@@DBB@BBB@BBDB@@DBDBDBBBD@B@BBB@@BB@DBBB@@DBFBDDB@DBB@@B@@B@@@B@BBBBB@BBFDDBDBJFDBFDDBBBDBB@BBDBDBDDFDFBBBB@BBBBFBJF@@B@BBB@BBB@@@FDDBBBDB@@FB@BB@B@LFHDHFBBB@NFFFDBD@BBDBFD@@@@@@B@BBBBHFBBJH@BB@DDBB@@@@BB@@@@@@@@@@@@@@@@@@@@@@B@@@@@@@@@@@B@@@@@@@@@B@@@@@B@@@B@@@@@DAD@FCLGHGDAJAFA@@HAHAD@FEBCBC@CDCDCDADCBC@AACAAACAA@CECEC@C@ADCJ@FABCBCACAAAACAG@EAA@AA@CBE@E@@BA@A@AAA@@@@@CAA@@BEDAHAF@B@BA@A@A@A@ABE@A@A@A@ADALCJEDADE@AACAACCAEBABE@CAAA@CBCBEBC@C@CAACACAAAA@A@ABADADABA@@BE@AEAAACAEAC@@AAABABADCDAB@D@BBD@B@D@B@BADE@ABA@@BA@@@A@A@AAA@@A@A@A@@@AAA@@@B@@A@@B@B@B@@BB@B@BADAB@B@BAB@@AA@AAAA@BCB@@A@A@CACAAACA@A@A@A@AA@@@A@@@ABA@@@A@@A@AD@BA@A@@AAA@BABADCBCDABAD@BA@A@A@AAAEAEAAA@A@A@ABABAFADABA@A@A@A@ABABABADADABCD@@ADBB@B@@@D@@BB@B@B@@AB@@ABA@AAC@@@A@@AAA@A@AAA@AAAA@@BC@ABAFCFAF@D@D@B@DA@A@AAAACAAAC@CBCBCBADADADAD@@C@ACACAC@@@@AACAA@C@@BAB@B@B@B@BBBB@B@BB@BBBBB@BABA@AACAAAABABAD@FADADCBA@@DAFAFABADAB@@@B@B@B@@@B@@@@CB@@@B@B@B@@@DADCB@@A@AB@B@BAB@@AAAAAA@C@@AAA@ABAB@BAB@@A@A@@@A@AA@@ABABABAB@D@BBD@BAB@@A@ACCAA@ABAB@B@B@BBBDBBBBB@B@B@BABA@AAA@ABA@A@AA@CC@@@A@AB@B@BBB@B@D@@AB@@A@@AA@A@ABAB@@@@A@@AAC@A@AA@@@AB@BAD@BA@@@A@AAAA@A@E@E@CBAAC@AA@AAABABADABADA@@@A@A@AA@CAA@AA@@AA@@BA@@@AB@@@@AB@@@AA@A@@@A@@BAB@BAB@B@@A@@@A@@@AA@@@AACBA@A@CA@@@@A@@A@@BA@@@A@@@@AAA@A@@A@@@@@ABAB@B@BAB@BB@@BB@@@B@@@BB@@@B@@@B@@@BAA@@@@@A@@@AA@@@AB@@ADA@@BAAA@@AAAA@ABABA@@D@DBB@B@BA@ABA@@BAB@@@BBB@B@B@B@@AB@@AB@BAB@BABBB@B@BDBD@@B@BBD@@@B@B@BAB@@AAAAA@A@ABAB@BAB@B@B@@BB@@@DBB@B@@B@@BBA@AB@@@@BBA@@@@@@BD@BB@AB@BAB@B@B@@@AA@@@A@@@AAAA@@A@@@@BAB@B@BBBBB@B@BADAB@@CBABA@C@A@AAAAACAAAE@C@CACAACAA@CBABC@EBCBADADABAD@BA@A@C@A@AACAAAAA@AAC@GAKAIAEAAAC@C@G@C@C@C@CAAAA@AA@A@C@ABADAFEDAB@@A@AAAAA@ACAA@CAA@G@CAA@AAAC@@@C@C@CACACACACCCF@F@D@HCFAF@DBDBBD@BADADBBBBDBF@FBHBD@FAD@FAD@DBD@BBDB@D@B@DBB@B@BBBB@DBDBB@DBBD@BADABAD@B@BBDDBDBDBD@F@DAJCD@DAD@DBDDBBBDAD@DBDBBFDHDDDHFDBDBF@DBBB@B@BA@AB@BADBBBBB@@D@BAB@@ABCBI@A@CBEBGBABAB@@@BBBDBBBDBN@FBBBBB@B@BAB@DC@CDABAB@B@BBDBBNHRJJDHDBD@BAFBB@BFBDBDDDBBB@BADCDABBDBDBBB@HBDBHDBDBDAFEDCD@D@DBDFDPFB@DDDB@F@D@DCDCDEDGBABC@I@E@CBCD@DBD@DB@BBH@FBB@@D@BCFAD@D@BBBFDBBB@LBFBDDBD@FADGDCDGDEBAFENCDCBEDIBGDCBCFCFAD@DBDDDDDDF@H@D@HADCDABCDGFUFGBEFAF@HDDDDDBBDBD@FCDCFAF@FBHBHDJBFAD@FAFCDABEDCBABCDCFEFAF@B@B@DDBD@DDF@F@FBHDJFHDNFRDDBBBBD@BADCBCDKFCDCJAF@JABADAB@F@DAFAHAJ@FBFDFDDFBFDBB@@DDDF@@@DADADEDA@IFIDMBGDEDAF@DDDJFRHHD@BJJFJDDFDD@HAJCFCB@DBBBBB@DABADCBAD@D@DDDFBHDJDDB@BBF@BADCDDJBJBDBDDBDBDFHFHDJFBFBNAV@JBBBDNJFFBB@B@D@B@@@DBD@B@B@BBBBB@@@BB@@@BL@B@J@DBBFB@D@BADCHAHALBFAFCFALAHCF@BAF@JBHPJJHJFLJPHB@PJBB@BBD@FADCDEJABCJET@NDJHNDJDFHDD@LDD@FBBBB@DBDBD@D@DA@@JCF@HBFDBD@FCFAHDFFDFDFDHHDJDL@@BDBB@@@BBBAB@D@BAB@@OHEBCBCBAB@B@BBBFBH@JDDBBB@F@F@BADABCBCDAB@DDDDB@@F@HAH@^@P@JFBBDDDH@HKN@LBHFHDHBHBJHHJT\\^LFJBFHJHFFJNFHBJDNDHJLHDDDCHIL@HBFFFJFHFALCLGHQ\\GJCF@FBHHFJBP@PBNHNJNbJ\\DNFDLFNFNDLDXHLDLANCTIRGPGLEHAL@NBF@JCNAJBHFHDFDDBHBFBH@N@L@FDLDF@HADE@ECGIGAEBEJITENCFEFCPCNCJAPAPGJCJCLADAF@FBDFFHJJFDFBHBH@J@LBHBDB@HAD@D@LDFDDJHHBHFFHDJHHFDDBH@HAJAFALBF@JFDD@JAFAHCF@DBDHFFDBFBJBH@H@LAFBDABGBC@CBE@CDCF@DDBBBFDB@L@HBD@F@DB@B@D@@ABC@C@I@CBCB@B@DBBDBDDBBADAB@BA@CBE@E@ABAB@FBDFBHDHBDFHJFFDDDFFDLLJFB@HDDDBFBHEBEBEDCD@D@BDBPHDBBDAD@BCH@BBBDBDBABADCBEBCBADBDDBFBJ@HAF@B@BB@BADCD@BA@@@@BA@@B@B@@@@@B@@@@@BB@@BB@@@BB@@B@BB@@BB@B@@@BBB@@AB@@@B@BAB@B@@@@AB@BA@@B@@A@@BA@A@AB@@CBA@ABA@A@A@@BA@@@A@CB@@A@AB@@A@@BAB@@@BBB@B@BBB@BBB@@BB@@@B@@@B@D@D@B@@@B@@AB@B@@@B@@@@@@@B@@@@@@@B@@@@@@@BBB@D@B@BBB@B@B@@AB@B@@@BAB@@@@@@AD@@@B@@@DAB@B@BB@@B@@B@@@BB@@BBDBFDBBDBBBBB@B@B@@BB@B@B@B@B@BA@@BCDEF@@ABABA@@BA@@@@@A@@BABA@@BEDIFIJMJMHGD@F@BDDFBJ@F@DDDFCDCFCBK@E@EBCBAF@D@JAFAHIJEHEL@DBDD@D@FALIH@JBBDB@@DAD@BAD@BBB@B@DAFAJCHCBG@E@GDCB@DBBDBH@BBHDJDDDAFEBCD@DDDBDDDBDCDEBGBEAEAECC@G@CBGBEDAFEJEDGDKHEFEDEHEF@F@D@D@@E@E@CCAICGECEAG@CBGDEDEDEF@DAHAFEDEFAJAJCJ@RDJFHJDH@F@TCVERILINEFIBCAGEGAG@GHCDAD@FDFFBF@D@FCFDFJJPPLJDDBF@HAFAJ@NAPAN@JBFBDDDHLBDABCDEBKDKBEDC@@D@BDFDFDFHFLHDD@FBD@DDDBF@HBDDB@D@D@BCBADCDAD@BFDBDBFAFEHOJMHSHIDEBE@MJCDAF@F@DB@LDNBNBTBTBL@NFHDDDFD@F@B@DCBMJIDCDAD@FBBBBDBH@RAD@DBBDBFAFCDEHCFCHEHGHEDKFKHAFADBDBDHFNJBB@D@@EBC@C@EBEBEHEBA@CBE@CDAD@FAFABGDGDGHABADBDDDHBLBP@DBH@L@LAPCFADFPRDDAH@HAJ@HDDHDJDLBP@L@LDLDLHJHDFBJ@HAJCJ@BGFGFEBGBE@C@EAE@E@GBEBEBEFCD@BBBFBH@H@D@DFJFFFHBHDFBB@FAFCFGBCHCLCJAD@F@NFVJHFBBAFCFEDGBYBO@IBG@EBG@ABI@E@IDGFGF@D@BBBDBHDLFHDBB@B@BABEDKBGBABC@CAE@C@CBC@CDCB@B@BB@DBJBNBF@DBDDDDDBBBADCDCFAD@F@DBBDBFBPDFDHHHDFBHBFABABEBEAIBEDEFCFAFAB@BBBD@HBB@BADAD@D@DDBJBD@L@FAD@DAD@FBD@FBN@H@J@D@DDBB@@AFADABEBI@E@G@CBCBCBEDA@ABCBABIDGDC@CFAD@BBBFBH@JALAFAFBDBFBHDDD@BBD@BBDD@B@BABCDAF@D@BBDBDD@D@FABCBCB@B@BAFBD@DBDDFFDD@B@DAJAH@FADA@@B@BAFBD@F@DBBBHFDBD@HBLDDBHBDDDDBD@D@DABEDGDCDCBA@AD@HBBBBD@DBHAFAFABAFCF@F@FBBB@BADEDEDKFCBABABBB@BBD@BBBBF@B@BABEBEDABABADBBBDFBBDFBDBD@B@DAFADADBDBBB@D@FCFAJAFBF@H@DAD@BBBDBD@D@FAF@D@DBBDFHFFDDDBDDHBFBF@FAFADAD@D@HBFBB@@DABABE@C@C@C@ABC@E@ABABAB@BBBBDDBD@DBF@B@BAF@D@F@FDFBDB@D@@CDEBCBABABCDCDAD@DBDBDBDFBD@F@J@F@HDFDFDBD@DABEDIBC@C@C@C@EBE@ABCDADBB@BFBFDJBJDB@@BADAFCHCFGJABAF@DCDCBGBEBC@@@@D@BD@FBF@DBFDBD@D@DDBD@F@F@JENILENGLEFAJAFBB@FDBDBD@DCDIHGFADADADADGFADAHAFBDBDD@F@D@FAD@DAD@HCFADBBB@@@BADABE@C@CACBABABBFFDLDHBLAJ@NALAD@BC@CBABAD@B@B@J@J@FBFDLFFDBFBLFHDJBDBBFDHBFFBBD@DADAD@F@DBFDFBHBHAF@D@BBDD@BADEBCAEAE@C@EBCD@FBDFDLBH@H@FBDBFDLJHHHJDDHDHDDDJBF@HAJCFABC@CACCAA@E@GBCAACDAJ@DAB@DAB@@@B@B@B@D@@BB@LHBBCD@BBDDBD@F@DBBB@DADA@C@EB@B@DBDBBD@LAL@FAHBDBFBDDDDBD@DBBDBDBH@BBBDDDD@F@H@D@BD@B@DCD@DBDHBFD@B@FADAFADAFCFCFEFCF@H@F@BGFEDABAFBDDBBHBF@FBF@BBDADADCBCBC@ABCBABCBADABEDAFADABAB@DBB@F@BBBDBDBBBDBBBBBBB@B@D@B@BABCBA@ABADAB@@CBCBCBABABADAB@B@BB@BBD@DBDBB@FBD@DBF@DBD@DBDBD@DDBBBBBDBB@D@B@BBDBBB@@BBB@BABABADCBABCBC@E@CBC@CBA@ABAB@B@B@BABABC@E@A@CAABC@CBCDGBABA@AD@B@BDBDDDBB@FBD@DB@BBB@D@BABCDCBABEBEBCBCBC@C@A@C@A@AACAAAA@C@CBC@CB@@AB@BBDDFBBDBDBDB@BDDDDBBDBBDDBDBB@D@JFFBFBD@BBD@D@B@B@DAB@BCBADADADAB@D@BAD@DAB@DADCBA@@BA@@@A@@@A@AB@@AF@D@DAD@B@DB@BBBBB@BBD@BBD@@BB@BBB@@@B@B@@ABCDCBCDABAB@@ABC@@@ADAD@B@B@B@BB@B@BBBB@B@BA@@B@BBBB@DBB@B@HAFAB@BAB@HAD@D@D@FBHDB@DBBBBBDBDBBBDBD@DBB@DBBBDDB@BB@BA@@BCBCDC@ABCBCBAB@B@BBBB@BDBBDBBBF@B@D@HBD@B@B@D@D@B@D@DBFBF@DDDBDBBDDDBD@B@B@B@B@BBBBB@B@BABA@CB@@CBAB@B@@AB@BA@EBABA@ABC@CBCBC@C@C@C@C@A@@@@B@@BBD@B@@BB@B@D@B@D@D@B@D@BAD@DCFAD@DAF@D@F@D@D@D@B@D@B@B@D@DBD@BB@BD@DDDBBB@B@@BB@BB@@BBBA@@BA@A@GBCBA@ABEBA@@@@B@BBBFBDBBBBB@B@B@BBB@B@BBBBD@B@BBB@B@D@BBB@BBBBBBBB@@B@B@@BBB@D@B@D@B@DADAD@DCBA@A@A@A@A@A@CA@@AAA@A@C@A@C@ABCB@BABABAB@@ADA@ABA@@D@F@B@B@B@B@B@B@B@B@B@B@@@BB@B@BAB@B@@@B@B@@BB@@B@DB@@BB@BABAB@BCBABA@AB@B@BBB@BAD@B@B@@BBB@B@B@BAB@B@BBB@BB@BABA@A@ABABA@A@@@A@@@A@@@@B@@ABBB@B@BB@D@D@BADAB@D@DBBBBBBBBBDBBAB@BCBCDEBAD@D@HBBB@D@DABKHCDAB@D@D@B@B@@AFBDBB@BFBDDFBDBBBB@BBD@B@BABAB@AC@AAC@A@A@@BAD@B@B@BBBD@LBD@BAF@BBB@DBDHFBB@DBD@B@@B@BBHAB@B@BB@B@BABAB@@@BB@D@@@BBDBBBF@D@F@BBB@@BABA@E@A@ABAB@@BBBDBB@D@BB@@BBD@B@BA@@BC@E@AACAAA@@@A@@BAA@@ACAA@A@A@AB@B@B@BA@E@A@@@@B@@@BA@A@C@A@CBA@CBA@@B@BBBDBFBBB@B@@@BABCD@B@B@@D@F@BBB@BB@BAB@@A@A@CAC@CBIDC@@B@BAHABCD@B@@BB@@DBDDB@FBFDBB@B@@ADCDEDAD@B@B@BB@B@BCBCB@BAB@DBBB@@BD@@BB@@@B@@CDA@@@C@C@A@CBABAB@B@BBBD@F@B@BA@@BABABAB@DAD@DBDBBDBDADADCDGBEBC@EACAA@A@CBEDEBEBCB@B@@@BB@FBBB@B@@ABC@EAC@ABCBE@M@GAA@AB@@BBB@B@@@BBBBBBB@FBFFDB@D@@ABA@A@A@CAA@AAC@EBC@GBABEFIFKFGDGDGBA@@B@@BBB@D@BAB@DAF@D@DB@BABA@@BA@CAC@@@C@CBCBAB@B@@@BB@D@B@B@BB@@@BAB@@@B@@BBF@F@B@BBB@@B@@CBABAB@DBBDBB@@B@BA@ABABBB@BDBBBB@@B@F@BABA@A@A@AA@CAA@AAAC@ABAB@D@BBB@BADABEBEBC@CAAACAGEAAAASIAACACCCAC@EBA@@AA@C@C@A@@@@BD@B@BBBB@@ABG@ABCBA@ABA@@BB@@@B@@@BA@@B@B@BBB@@@@BC@A@A@@@@B@@@B@@@B@@BB@B@@@BA@@@A@AAA@A@A@CB@B@@@@@BB@DA@BB@@@AB@@@BB@@BD@B@@@@B@@C@ABABC@ABA@A@AACC@@A@@@@B@B@@@@@BC@AB@@@@@BB@BAB@@@BBB@@BABA@EBA@AB@@ABA@EBA@@@AAA@AA@@A@@AAAA@@@A@@B@B@@AB@@ABA@A@@A@@B@BAB@AA@@@@A@@@AB@@A@CAAA@@A@A@AAAAA@CB@@@B@@BBD@@B@B@@ABE@C@C@CA@@ABA@CAA@@B@B@@@BCBAAEAA@A@@B@BB@B@@@@B@BA@CBA@AB@B@@BBB@BAB@B@@B@@CDAB@B@BB@BA@@@AB@@AB@@BBBB@FAB@B@@B@BABABA@A@AB@DABB@@BD@DAB@BB@BAB@BA@C@CB@@ADCB@@@BB@BBB@@@@BA@A@CAA@ABABA@ABAB@@BBBBDD@BBBABEDCB@@ABBBBB@B@@ABCBA@AB@B@B@@BD@B@B@B@BABCDCBAB@B@B@@B@DB@@BB@BABA@E@ABA@@B@BBBBB@@@BA@A@A@C@AAAAA@AB@@ABA@@B@BB@BB@@@@@@AB@@@@@BA@@B@@@BA@A@A@@@C@@@AB@@ABABA@A@A@@@ABA@A@AA@AA@A@A@@B@@B@BB@@@@@BA@EBABC@A@@@AAB@@@@A@@A@@@A@@@A@A@ABA@E@AA@@A@A@A@@@AAA@@@AA@@A@@@ABA@A@AAA@@@@B@@@BA@@BAB@@@@AA@@A@ABABA@AA@@@@@AB@BA@@@@@@CAA@A@@B@@@@@@ABA@A@C@AA@@AB@B@@@@AA@@A@AA@@A@@@@BA@A@A@A@@@@A@@@A@@A@@AA@@B@@@B@@@@@BA@A@A@A@ABCAA@AB@@BB@@@B@@A@@@AA@@@AAB@@@@A@@AA@ABB@@B@@A@@@ABA@@@AB@B@@@@@@@@@@@@@B@@@@A@@@@@@@A@@B@@@@@@BB@@B@BBB@BBB@@@BB@@B@@@@@B@@BB@@B@@@@@@@@@B@@@@@@@@@@B@@@B@@@@@@@@B@@@@A@@@@BB@@B@@@@B@@@B@@@@@@@@B@@@BB@@@@B@@@@@@@@@@@@@@A@A@@@@@@@@@A@@@@@B@B@@B@@@@@@@@@@A@@@A@@@@@AB@@@@@@@B@@B@@@@B@@@@@B@@@@@@@@@B@@A@@@A@B@@@@B@@@@@@@@@B@@@@AB@@@@@@@@@@BB@@@@B@@@BB@@@@@@@@@BA@@@@BB@@B@@@@@@@B@@@@@@@@A@A@A@@@@@@@@@@B@@@@@@@@@@A@@A@@@@AB@@@@@@@@@@@@@@@@B@@B@@@@@@@@@@A@@@@@AB@@@@A@@A@@A@@@A@@BA@@@BBA@A@A@@@ABC@@@@BBB@@@B@@A@AAA@A@@BADAB@@@@B@B@@@@@@@@@BB@@ABA@@@@AB@@@C@@@A@@BB@@@@@A@AB@@A@@BB@@@B@@@@@A@ABAA@@@@AB@@@B@@@@B@@B@@C@@@@@BB@@@@@BA@@@@@CA@@A@A@A@@@A@@BAB@@@BBB@B@@@@B@@@B@@@@@@@@B@@A@C@@@A@@B@@@@B@B@@@AB@BC@A@A@ABA@@B@@@B@B@@C@@@A@@BC@@B@@@@@@@B@@@@ABA@@@@@@@@BD@@@@@A@CBA@@@@@@BB@B@@@@@AB@@@@BBB@BB@@A@@@A@@@@@@@@@A@@@A@@AABA@@BA@AAA@A@AB@@@@@BB@@@@@@@A@@B@@A@A@A@@BB@BB@@@@B@@@D@B@B@@@BB@B@@BB@@A@@@@@A@@A@@A@@BB@@@AB@@A@A@@@AB@@@BA@@B@@@BBA@B@@@@A@AB@@@@B@@@B@AB@@@B@BCACB@@@@AA@@A@ABB@@@@@@@A@@@@B@@B@@@AB@@@D@@B@@A@@@B@@@@@@BBB@@@@@@@C@@@@@@BA@@B@@@@AAA@@B@@ABBB@@B@@@@@AB@@AA@@@@AB@@B@@@@BAB@@B@B@@@AB@@@@@@@@A@@AABC@A@@@@BB@@@A@@@@@@BA@@B@@@@B@B@B@@B@@A@C@@@@@@BB@@@B@@@AB@@@@B@@@ABAB@@A@@@A@A@A@@@@BB@B@@@A@A@A@@@@@AAA@BA@@A@@@A@@BAA@@@@@@A@@A@@@@@B@@A@C@AB@@@@@B@@A@@@A@@@@@A@@@A@@B@@@@@BA@@AA@@@A@@B@@@@A@@@AB@@A@@A@@AB@@B@@@@B@@@B@@@@A@@@@@@@B@B@A@@BA@@@@@@@@@ABAA@@@BB@@@@@A@AB@@B@@@ABB@BA@@AB@B@@@@C@B@@B@@A@@AA@@BA@@@@@A@@@@@@@@A@@ABA@C@AB@@@@@B@@@@ABA@@@@@B@BBB@B@@@B@@@@B@@BB@@@@@B@@A@A@A@C@AA@@@B@@C@@@@@@@A@@B@@@@AAA@@B@@@@A@A@ABA@@@BB@@@@A@@@A@@B@@@@B@B@@@@@CB@@@@@B@AA@A@AB@@BB@@CB@B@@@BBB@@@@@B@@B@B@@@AB@@@@@@A@@@@@ABAA@@A@@BB@@@@@A@@@@B@@@@@@@@A@@@@@@@@B@@A@@@A@@A@@AB@@@@A@@@@@A@ABA@@@@@@@@B@@@@@@@@B@@BA@@@@@@@@@@@@@@@B@@B@@@@A@@@@@A@@@A@@@@@@@@@A@@@@@@@A@@@A@@@@@@B@@@@@@@@@@@@A@@@@B@@A@@@@@@@@@@@BB@@@@@@@@@@@@@@A@@@@@@@A@@B@@@@B@@@@@@@@@@@@B@@@@@@@@@@@@B@@@@@@@@@@@@B@@@@@@@@@@@@@@@@@@@@@BA@@@@@@@@B@@@@@@A@@A@@B@@@@@A@@@@@@@@@@@@@@@@B@@@@@@A@@@@@@@@B@@@@@@@@@@@@@@@@@@A@@@@@@@@B@@@@B@@@@@@@@@B@@@@@@@@@@@@@@@@@A@@@@@@@@B@@B@@@@@@@@@@B@@@@@@@@@@A@@@@@@@@@@@A@@@@@A@@@A@@@AB@@A@@B@@@@@@@@@@@@@@B@@@@@BB@@@@@@@@@@@@B@@@@@@@@@B@@@@@@B@@@@@@@@A@@@A@@@@@@@@@@@@@BB@@@@@@B@@@@@@@@@@@@@@@AB@@@@@B@@@@@@@@@@@@@@@@@@BB@@@@@@@@B@@@@@B@@@@@@@@B@@A@@@@@A@@@@@@@@@@@@@B@AB@@@@@@@@B@@@@@@@@@@@@B@@A@@@@@@@@@@@AA@@@@@@@@@@A@@@@@@B@@@@A@@@@@A@@@@@A@@@@A@@AB@@@@@@@@@@@@@@@@@@@@A@@@@@@@@@@@@@@@@B@@@@@@A@@@@@AA@@@@@@@B@@@@@@@B@@A@@@@@@@@@A@@@@@@@@B@@@@@@@@@@@@@@@@@@@B@@@@@@@@@@@@A@@@@@@@@@@@AA@@@@@@@@A@@@@@@@@@@@@A@@A@@A@@@@A@@@@@@@@B@@@@@B@@@@@@@@@B@@@@@@@@@@@B@@B@@@@@@@@@@BA@@B@@@@@@@@@@@@@@A@@@@@@@@@@@@B@@@@@B@@A@@@@@@@@@A@@@@@@@@AA@@@@@@@@@@B@@@@@@@@@@@@@@A@@@@@@@@B@@@@@@@@@@@B@@A@@@@@@@A@@@@@B@@@@@@@@@@@@@A@@@@@@@@@@@@B@@@@B@@@@@@B@@@@@@B@@@@@@@@@@@@@@B@@A@@@A@@@@@@@@@@@B@@@@@@@@@@@@@@BA@@@@@@@@@@@@@@@@@@@@@@@@@A@@@@@@B@@@@@@A@@@@@@@@@@A@@@@@@@@@@@@@@@@A@@@@@@@@@@@@@A@@@@@@@A@@@@@@B@@@@@@@B@@@@@@@@@@@@@@@BB@@@@@@@@@@@@@@@@@@@@B@@@@@@@@A@A@AB@@@BC@@@@@AB@@@@A@@B@@@@@B@@@B@@@@@@@B@@CA@B@BB@A@A@A@@B@@ABA@@@@@BB@@A@@@A@@AA@@@@@@B@@@@@@A@@@@@@@A@@@@A@@@@C@A@@@@BB@@@A@A@@BAA@@@BA@AB@@@@@@@BB@@@@@B@@B@@A@@@@B@@A@A@@@@@@@@@A@@@@@@B@@@@ABAB@@B@@@@BA@@@@BB@@@A@@@B@BBB@@@@@@@@@B@@B@@A@@@@@F@@@@@AB@@B@@@A@@@B@B@@B@@@@A@@@@BB@BAB@@@DD@@@B@@@@@BAA@@@@A@@@@@@B@@@@AB@@B@BB@@AB@@B@@BA@A@AB@@A@@BA@A@AA@@A@@@B@@BA@@@A@@@@@@AABAA@@@BAB@@A@@@@@BB@@A@@B@@B@B@A@@B@@@@@B@@A@@@@@@@A@@@@@@@AB@@@@@@AAABC@A@AB@@@@@BD@@@@@@@A@@BA@@@B@@@@BCBA@A@AAAA@@A@@@@B@@ABA@@@ABA@A@ABA@@@@D@@@@BBA@ABBBA@@BAB@@@BA@B@@@@BA@ABA@@@@B@@@B@@@@A@@@@BA@@@A@A@AB@BAB@@ABA@A@@@@B@@A@A@AB@@@@@@AB@@B@AB@@@@BB@@@@@@@B@@@@ABC@@@@@@@@@@B@@@@A@@@@@A@@BB@@@ABA@A@AB@@A@ABA@C@@@@BA@@BA@B@@@@@ABAB@@AB@AA@@B@@A@A@@B@BA@@@@@A@@@@B@@A@@B@@CB@@AB@@@@@B@@B@@@@B@@A@@@A@@@A@@@@@@@A@@@@@A@@@@@AB@@@@@B@@@@@B@@@@@@A@@@A@@B@@@@@@@BA@@@A@@@@@A@@@@@A@@@@@AB@@@@A@@@@@@@@BB@@@@@@@A@@@ABA@A@@B@@AB@@@B@@@@A@@@@@@A@@@@@@@@AB@@@@@@A@@@@@@@A@@B@@@@@@B@@@@B@@@@@@@@@@@@@@@@A@@@@@@@@B@@@@@@AB@@@@@@A@@@@A@BA@@@@@@@@@@@@@@BB@@@@BA@@@@@@B@@@@@@@@@@@BA@@@@@@B@@@@@@A@@B@@@@A@@@@B@@A@A@A@@@@@@@@B@@@@@@A@@@@@@@A@A@@@@@@@A@ABA@@@@@A@A@ABC@ABA@@BA@@BA@@BA@@B@@@@@@@B@@@@@@@@@@B@@@@@@@@@@@@@@@@BA@@@@@@B@@@@@@A@@@@@@@@@A@@@@@@@A@@BA@@@A@AB@@@@@@@@@@@B@@@@@@@@@@ABA@AB@@AB@@@@@@@@@BA@@@@@A@@@A@@B@@A@@B@@AB@BA@AB@@@@A@@@@@@@A@A@@@@@@@A@@BA@@@@@@@A@@@@@A@@B@@@@@@@@@@@B@@@@A@@@A@@@AB@@@@@@@@@B@@@@@@@@@BA@@@@@@@@B@@@@@@A@@@@BA@AB@@@@A@@@AB@@A@@@@@@@@B@@@@@@@B@@@@@@@BA@@@@@@@@@ABC@A@A@@BA@@@@@@@AB@@@B@@@@@@A@@@A@@@A@@@@@@B@@@@@@@@A@@@@@@B@@A@@@@@@@@B@@@@@@A@ABA@A@@@@@@B@@@@A@@@@@@@A@@@@@@@AB@@@@@@@B@@@@A@@@A@@@@BA@@@@@@@@@@@A@@@@@@@A@@BA@@@A@@@@@AB@@@@@@A@@@@@@@@@@B@@@@@@@@@@A@@@@@A@@@@@@@A@@@A@@BA@@@AB@@A@@@@@A@@@@B@@A@@@@@@@@B@@@@@@@@A@ABA@@@ABA@@BA@A@@BA@AB@@@B@DAB@@@B@@AB@@@B@@@B@B@B@D@@@BB@@B@@@B@B@@@@@BA@@@A@@B@@A@@@AD@BA@@@@BAB@@@BABCFQHQLYC[GKIGEQJchMFUAGIOAmRQBKCIMEEVQ@IC]EcBAD@X@HALODWBSEMWIMIGGEIECK@QIGGKCKAEReDODIBGAQ[]GGOISA[CgFCAMKGMEIIEQAkCA@oMCCCI@MIEICDKNCREHIFMFSEKIGOGQAQEGCIIWUGIAMBU@CQIWGUBQDYFeHSBWBQBWCOECAAEKgEKAASIWKOEIEG@gOG@iBiAKAIGEAQBCBYVIHCDIHIPONYNODUF_C[BUJ[DC@UAM]IGOA[@YEMGKOAEGWDKDc@I@COMAEMWOOM@SFkHEB_OC@EBEHAJCNBHABA@EAIAOCU@KNKBEB[NWFADCRGLGDmdMFMFM@MASIQIKAWDOFIFIAGCWCEBEFODWCQAQAQCEEIWGGMCQ@g@gD{@QA_G]C_EOIKOQL]NYNCBghCHSXKJQNOBM@QGMCQCQ@SHMFYH]PCDQJMLKJQDMACEGGKKIGGEKI@I@UGKMEQCII@CD]AMWBM@wMS@SAMEMC@I@OECWCSCS@OAYAYBgFOB[CUEIKEMICUAMBUDOJ_CMC_OM@SFMD[BYEWISKUICAK@QBMBYFSFQHOHEJFJIFKBU@UAWFSFUHKNOF]CUAE@YTUDUBYJQJUBYC[EQESGWDCDOLSRIFSVCHGRCN@LFNDPBJGNOJOLUFWFO@IBOHINAJDJDNCLOH]FMHAREHMHILBDRHDDNLJJ@BDN@NCBUJQPDHHHHBXHHFBDBDAFADKPIH]RYJ[N@BBLBDLJTNLJGJMRGF]NKFENBPENkvIJKLILGLCT@NENINEJCBUH@B@DBBTXPPFLBNGJCLAJGNMNEJEJKLQNABAN@BFL@RELGRCROJKFKHDRJRXNJJBH@HALITBLBNBPBJCHAN[BgEQEMLKJ@FAHKNAL@ZCNKPGLAlSHYDC@AD@BbBD@DBF@D_fAD@DBDB@\\DZ@DHH\\DfHVHDJJLr`DBDJBVAR@JERKRDJlNFLENKFGDSJIJC@gMWCUAQA]JBRcNy@IEKCeC[A]EO@sbWDMDWBWBkHeHIJBFJVCHELBDDFLTBD@HCFQLUTIPCRENKNM@UYUKCAIBGDGPINABC@aFEDIVIJ_COBADG^OLAL@JG\\QTMLUF[AeKuACBOBoEaNKPKHADQpEDO@[CIEAABCDW@AIGAAO]ACWKEQIK_QWGJMLKSMkIgEFQHQWcSKOG{cQEEGO_UECGAGAICMIMiYYEKAOAHQA]AKBIFoTUHOFYFMDoJuFIDAHDP@\\MTGFKHKPWTUNWLHRbjCDULYLELEHODiCaAYBIFOPYNSB_EYGODQ\\MLEBAD@FABADC@E@ICOBKAEBGFEDGDG@GAEBCBCDCBMDMDIBK@E@AB@B@B@DCDAF@J@NABABABE@WBGBE@AD@DABCBEBEAI@KAC@CBIDGBA@AB@B@FADCBCBABEHEDCBGAE@CDAB@DBB@BCHANCJCBC@G@OBGBGBGFOFSHGBA@KGICCBMAK@KCYCM@IBIDKHCBEBK@GBCBCBCDMJ@D@BFDPHRHPDTFZFJDFFBFBDJJJDLFJBPBFDLHRLHBBB@F@F@FBDNDH@FDBBAHBFDDHBNDL@Z@JDHBJ@N@N@NBRHHHDHBFNBLDFDFDNJJHFFHHHFLFJDRFHDBFDJLNBLDFDHDBHDDBBLBDDBFBLBT@LBPFLJ\\TBDLLTDFDJFRHHBTH\\PT`JJLDJDHD@DITUNAFHLHH@BEPDB`DXRNFTDPJRVJRBR@NFFJJNNHNLRLLBLFJHFPFbFxPDDDBFBDBFBF@HDDDBDBBBFAD@B@D@BDBDDDBDD@D@BBBBDBDDHFBDBDBD@DBBDDFDF@D@DADCBCBCBGBE@EBGDEDEBABAFEDOHEDAD@DDBBDBBDDFFBD@BABA@CF@BADAF@FEBEFEDCDABAD@BADADAD@DADEDIJABEDC@C@EAGAEAEAC@E@EBG@E@ABEBADCBCDCDCDCBE@CBEBEBEBCBEBIBEBEBEBMFCDCBCDCDAD@DBF@B@D@DADBDBBBBHDH@DBH@FBFB@BAB@DADADADAD@D@D@D@D@DBDDBDDBB@D@B@F@BBD@B@DADABEBEBCDEBEDCBIFCBCDABCDCDCBC@CBC@C@C@EAIAGAGAG@EBGB@BADABCDABCDGDABCDCBCDCBABCDABEDABCBADCDCBCBE@GBE@EBEBCDCBCBADCDCDEDEDEDEDC@EBE@CBGBGBC@EBGBKJEJ@DEPjD\\D´TLB^hL\\FPFJFFDDDJDFDDBDBNDNAjGVAT@RDZJhPHDPFJDJDPFPDNBXB`FNFXF`ChAJ~BX@vAjG~CX@RB\\HxhplPHjAjKLAFAFAF@D@J@NBJ@pNNFfLNHf\\lRN@H@XMNKFO@EBCBEBCBCDCbO`MtWx@rTTHxG\\AXBXFJDHBHBH@JBJ@HBbDGF@NAL@NAN@z@VB^DBNAN@HARAH@VCP@LAP@f@¤LJBHBNDJDLDTJ\\PĞpRBN@t@SDALBHBjNTHJLFFDDDBFDFBFDBDDBDDDDFDHFFDLHFBHDFDFDHBRHxNLB|EPEJCHAPEJCJAJAHAQR@JAt@lAD@DADADABCBEDE@EBCBGBCBEDEZSJCJ@J@HDNL@HkbDbNNhR\\A`KZUAQIGGEEEQMKOJOPCRBbNV^DHJpRHb@PAtQ\\GRGFKFEFCDCNQX[JED@JAJAJ@HBHBLDLDF@JBOJALAFAL@HAH@N@F@ZBZBhAzQzetUPGFAHEFADAFALCJCJEJCFCJG`mFGDAFAVATBHFHBBBDBJ@JAD@FADADAHCFEFCDEBEDSJKRGJEHSPGFCJAD@`BDBt^rRbFXDdBXETUdWPI`OTC`MDCJQX[BG@EACBEBEJENKFCDCDCBCBKBGDGHGSJA^UDCDG@GDCFCPCJAJAH@HAH@DAH@D@D@H@J@FAJGJKpGCTFNDJBLBR@J@JBL@J@F@AtCJ@HAJCdOVGLICQY_NO`ONCzGR@RAJLCJEHMJQDMDKHGHELGFCJAfFPJHLDLGNGJELEHAHCDADAHEJAF@B@F@D°hzT`FJH@HBV@P@xD¶@\\CFAJ@ZCJA\\@fI[^Mp_FCnUZB^AZKbKnCHAFCFCDCFCBAFAJ@HAFCJCJGVCNCTARClGVKDMEOAQ@GBEDGPMJEHCLBHBHDLFJFHDJFNHxZNDPBV@LCJE^[BEDW@IBGBCDCHEDEJCPGLK\\WQNAJCHAFAFADADCFEDCAAGGACAAGCGECAAACC@A@EBCBIDGBIBC@EAAEECCECGCAAEA_EeCSGICMQCGAKAIBIBADOBIAIBKHG@CFAJCHBJBHBF@FBDBDBBBFBDBBBDDBDDDBBHBFBDBP@ZBL@F@FBBBFFBDNJLJB@JBD@DARCDAR@D@B@F@FBH@HBNBFBH@J@FADADAFAFAFADCBCCKAO@IFG^]LI\\ObURKFCFCDCDABC@EDEDIDGBEBCBEFITEFADADA@ABCBEBCBCDCFEBEDABCDAF@D@ZABBJDTRX^DNJH`HXBJ@DADAD@DCJCFCFAHAFCFCFCFC^KHAFCFCFCFC@C@EBCACAAGAEAyC{MECECAA@A@CBCLYBEDCDEFCFEHGFEFMBOASCGGEGAs@DQ@GCIE[[CECWAWJOLSTSmRGNANBLDHFBBLRBJFLDDV@bIPGmpYPKzeDCFKDECEEICECCEIQ_CIAOBINIPETDdLLBLBh@FAD@DABAFCDEHGFIDGZUVSdUXWFIHKNSDE@C@EBEBEAEAEAE@CEKAGMKUEECGACCCCAC@EAE@CAEBG@EFILO`KF@^@@VA^EHAFAD@DCDEBEBA@E@EAECEAAG@I@WJOBOEqUeIcSMGIEECCACEECCCC@GBE@C@ADCHG[vI^AH@J@HAJ@FAFCHCFCFCFAFADA~OzE\\C[TIPENEHCDEBC@GBEAE@CAGIKGMACCIMaACCEEECAAAGCECGEAEEIJOCECEECG@iFKBO@eKUOGO@G@GBET[VY@IKa@YRUTMfCHCNILUHMTQ\\UXUPYHMXwDEJGFEZS`qLKfQTGPEHEFEC[DKPIXE`BXBXIT]EWMQAOBGFGLWFIFIDK@KW]ICKASGWIYOCEEEAEBEBE`]FCFApO¤ULAPCvOhQHCFADCDE@OSYk_QY@KAMAEEC]_AGPW`SnOLAhALACTCLMT[Lc@UMUgOHcDU@KAKIWUEIGO@IPJO`[lU^EPAL@Z@JDZZ@NENSV}bEJAHDNDDRH~PnFrBNAPEFEDOAOCUIQeeQQmcCGCKKSIOO[GIBIDODEBOXDWBmDmBiJKpKkvkLQZcLKJGVOhOxU^MVShcTYPUXgV]­PSJOLKHEjSVEfIPMDQ@KAKKIKMESAMBO@YJ_JKHGZ]TQVITa^[HELUAKAIAIEQCKCGCCIGaMQGKIM]K]O]KKCIAKFIRKRGRCZA^ARGLIDK@K@[FQCIGKMKU[KMAEEMEOAG@IJQHGNOTS\\[nWTENAjK^GTA^ETEPCMQhGVALCFEFM@WAcAO@[OgEOQ[omkaI_AJUbaf[PSHO@McÃAS@UFeFGHKLMLIJIRKfMEGLAPEJGDGBG@FDGDEFKNO\\WLGTGdMrQZKNKPSLKLSROHE\\IZBzOzGVBZD\\RJDLFHBR@bKNELBLBJDFBfUXKLG_^IPAN@NB^DfCfOxGNB\\BZJZTLJLDjFXBV@JCNGx]NCJ@LBTJNJNRHHBN@JBDBDHFZHrD^@fAl@bB^DPDVDZJLBXBJ@XGjGnCVCvWTGhIpEXIJ@PBHDDFDPJXDDHDFBnCbGhMFEFIHaCOECUKWQmcQSCO@EFKLOfOZA\\FlPjJ^FRBbCPCnY\\ObM\\A\\@X@V@^ERQJMHKNSTcRuLOTO\\MdGhAdBHDVPRPdZ`PfJdD`AdGJEvgHEhWJC^CdBZHLHFFBJ@JAJENEP@LBZJRVTFBPFlJVB`COSlaNWFqN@SN_VWVIXERAfH¨\\nDdC`Of_\\_@USgCO@GFMZWRMTKPC^C|DVANEPKFS@GEMMeBQHKNIGVARIPMLeEGWWCCBKDGPKPISSLCJGdqTWXMhOnOqqbMPMVcPOPCpAVB¨^XXJ^CXC`YVmHIfM^ArFxVnTpFVDV@\\CZELIJMFKAMEMs{mm©­CO@QDMHGXGGjKTeDCgL]FCnQVFjLdfH^@nMX[BEAKCK}EKEcNih{de_VUNULQDKBIAGGISMS]GIQG[COESQQaESAMDgAKoYgyIQCQ@KDKJKZ[BKBWDOHKLGRGlIPCFAHGVa^[xWZO¾h_bslFMBIEFBMHM\\Y^OU¦I@¨PbJp\\NLfA|C^ApGF\\JvPfBZExGCTERKNIH[FqDInkjAXAfJnb^`XVLFdDzI´kxOTAV@°TNARG~OZAJAL@NDHFRRTvBBrFVCpOxCpB BZDxNVBbA^GH@|PV\\LTjfJl@NCgªg°SpBVBZFlTLLDHBPAPA`@T@VDNHNRXHLHJVRjVTLVXNRFHFHBFAFCJalIPEVDXTVhPdB^AXILEZQbOXEZAT@^DRJNHVX\\bLLNPFLFFHHBD@@B@^LbJZF\\HjLTFRFXHVJLJPRDRHVJXNRPPXP\\NRHPFhLhJPBXBXBfAVAXC\\C^CbETGPENETCP@FCPITIH@VDTH~RNBjHXBXBXENGTEPAPA\\FTDZ@nEX@RDLBTHNLNTFRDPFN@HBNHVNLLFXHp@lK\\GXCtHRLRNNXJRDPBX@HFHZNjHZ@dFZLZPNDhF^@dF\\HjJjPVF`@\\AtDNDB@PJfd^NZFXB`ElETB`DhVVT^\\XN`L\\BnARGNANDbHfBhE`Ed@hJdN`JVVD\\D`FRD^HTBV@XCRCdKdGX@PBbBvD`CTCdB\\@PCZOx_ZMNI`@rDbHZN^XPZPVNP`ZRJ^JRDRD^AT@dKxIdAV@VDVJRRNHNBTGRKNQBE@SCU@KAIAEQOSIWGQGWEQE]MOIUEWEQCWAMCMCKGGCWA_@WGA@SqQGACAgSIIY_QEa@_KCCGCKAG@ICGCEEIGKAA@A@Q@WB_UC_AMDKCqNYKQ@C@@GOACLOBC@C@EEGECKEOGGEGGIIU_EKAUQO[MOQocCMCMACeIGIDS@CBGDE@CBEBAAEAEAAAAAAAA@AAC@AAC@A@@@CBCBCBCBCJIDADADCBADABABALCDCJGTOPKFIJKDK@UCURGCPCD@BADABAJGNMHECSEICK@OFMBGBE@EBCAOACBIFInUNGFAPGFCFC`arQRMFIRe@KIcEEKIEEECIICCACAAACEACEIGCACAA@AA@A@@@AAAAAAACAAACACACAACIKIKMIECCCCCCAEAAACC@AGCCAAAIICSBEBGBYM]ME[KY_QMQUMGCCEAGEEAECCACAiMIKBk@AIUCGAAAC@AA@AACAEAA@C@C@C@C@Q@CAA@CAC@MEEAIAqeCACAAAA@C@GAEBM@MDI@U@MAIAMCMAKCA@GAEAG@QAI@G@e@]@]@MBIAMAYIOGa]__QMAECcAE_WMEICwEICmcEE@C@G@MGQIiGMESIQ@CBQDENMRKdOd]VYR_DQAUAKCK@EFKDMAGSuEGCAUEKAC@GBM@Y@eBQCAAGCCCWcIEGCCG@E@C@ABC@C@C@CBA@G@CAAAE@AAAAAACCCCCCCEEAAAACC@EBCAQ@A@A@AAAUKSK_WCCCMBCRQBCBEBKDYAECCMOQWCS@M@AACAAAACAAACACACACA@KDOE]BMAGEEMGIGIO@E@SFKXKFI\\iAEEKIGOGGGOu@QJYBEE]UCQ@MCGCCUK[MUIGCWEyWKEKIS]AQAIACKKAC@CBOAAKQAECIAKIEUKECACAGASACYYIKCE@SBKDSDAFAJAP@PDPBL@XGHCbYPMN[BETMBC@GCKMOSIYKeIY@UEEECIAICK@GBCRIZENEHBNDPHF@FABA@@@CEGMSKQCI@GBEDEFINOBE@KCMGKGIIEQCI@oBG@CAACBCBAZKHE@A@AACECQCGGEE@ICIEGKGGAI@IFCD@JCTEFOJKBGAKGIMAQEYCGIKMIWKMG£QQAKEMGCECKCGBIDKHIVeHGbUhgBI@KKaQUicYMW]IWAMBY@EDCBE@ACCCCGE@C@IACAAECC@EBSJIDE@OAcEOAC@GGIGCEAGBCBCDCFALKDC@GBGACAEECMCMIECEG@ABGDI@CCCEEIAG@MDMJIHILAHIHEDKDOBIAWIKEECCOAG@GBI@ACAMDGDG@CCIS@C@CLMDGACAACCE@E@IBK@E@EEAEBEJO@GCECM@GBIDEFED@h@JCFEBEAKAEEAGAC@WPC@EAOG@ABCBE@E@CGIAC@C@CBAdMBCBC@EACCAGAKBC@MCQGEACCIMEEACAEAGIKIGCC@A@CBCD@J@DBHPDDD@J@FCHMFEF@HATBHADA@CAO@CDCJEBEAQEGEAKAK@MBKAICGECEAE@CDEDCVIPGJIBCAG@AEAEAG@CBGDKLKFEBUACAACACAQACC@A@EBEFEBE@AAAABAJG@A@ECCEG@G@EFENO@A@EAE@AAAAACAEAC@CA@AACA@@@A@@@@B@@@BBD@@@BA@C@C@A@C@EAA@@BA@@@DD@B@@@BIDABA@EAA@@A@@@C@AA@@AA@A@AB@@@@@@@A@AA@CA@@A@A@@F@@A@C@ABA@ABA@@@A@@@@ADA@@@A@AAA@@DC@@@AA@IAA@@@CBA@@@A@AAAAACCA@@A@AB@B@BA@ABC@C@A@@A@@@AJC@@@A@@@@A@C@A@A@AA@@BABC@@@@AAA@ABA@@@A@AEECAAAAA@AB@@BB@B@@@BCBA@ABAD@BA@A@A@@@@A@C@@@AA@C@A@@A@@@C@A@ACCA@A@A@@@@BAD@@@@A@A@@@@A@A@C@A@@AAA@A@@@@B@@BF@@@@A@A@A@@ACA@@EAAA@@BABE@A@AA@A@A@@@A@@@@BB@@B@@@BA@@@AAA@CBC@@@A@@@DCB@AA@@A@ABCAA@GDA@A@@A@@BABC@A@AAA@@AAA@CBADADA@A@GACA@A@@DCBA@@@ACA@A@A@E@@A@A@@@AB@D@BABABA@C@AA@AA@CAC@AAAA@AC@A@A@MG@A@ABC@A@@AAC@C@AACA@B@@@BDH@@ABA@AAAEAA@AA@C@@B@@BD@BA@GBABCACAAC@ABEBAAA@@A@C@CBG@CBA@A@A@ECAAA@@BADA@ABG@E@AAAA@@BABCBAB@B@HBB@@AB@@A@AAAA@CBC@@@A@@A@A@A@AAAGA@@AE@@A@C@C@C@A@@AACAABA@@B@HB@@B@B@@AA@@AC@IAEAAA@@B@BABA@@@C@A@AHE@@@AAAC@CAA@CBC@A@@@@ADI@A@A@@A@A@ABCBA@A@GECA@A@C@AA@@A@@@AB@D@H@D@@@@A@A@@C@K@C@AA@@@A@AB@B@D@F@B@@@@A@AAAC@A@C@A@@A@@BCDEB@@A@@AAAAC@A@ABAB@BABA@A@AAAEAC@AB@DAF@H@BAB@AA@@ECECACA@@@CBA@A@CAC@C@C@EB@AA@BABAFAJEBA@AA@@ACAC@CBEBEBABAACA@AAAB@BABAB@AE@CGE@A@@@@BAF@BA@@@C@ADE@@@AAAE@C@AAAA@A@A@@BAD@B@DFB@@@B@@ABC@CDC@@@AA@@@C@AAAA@A@A@ABC@A@A@CBA@AA@@AI@A@A@@A@AFAJABA@A@@CCACAABC@C@ACAEAA@A@A@@BB@D@B@@B@B@BCDEDA@ABAAA@@CBO@AC@K@A@@A@@@AHC@A@@A@CAEAECAA@A@C@AB@@@D@BAB@@@@ACC@@@A@@B@@@HBB@@@B@@A@A@C@A@ABA@A@@@AMCECAA@@@ABAB@@A@A@@A@AA@@EBC@@@@A@@@ABA@A@@A@EAEAA@@AB@@@H@BAB@@A@@A@AAC@CA@@AA@A@A@ABAB@B@B@BBBB@@B@HAD@@A@A@@@AAAAAA@G@G@CACA@A@@B@@AJDB@@@@A@@@@ECA@@@B@FA@@@@@AEA@A@A@AA@@AA@CAKCA@AA@@@@BA@@B@NB@@BA@ABAA@@@@A@@ABC@@@A@C@CEACAC@@@ABAB@B@FBB@B@D@DABA@@@@AAICICAA@A@@@ABA@AB@BB@@@B@B@@BD@@B@@@BAA@@A@AB@@@@@B@DDB@@@B@@@@C@ABABC@A@@AA@@IBC@C@E@A@@A@@DA@ABAA@@AA@EAAA@A@E@A@@B@B@B@@AAG@@BA@@B@BBBBDDHBDB@A@@@ACAA@@AA@BABABC@A@@@@A@@AGDA@G@AAA@@AB@@CBADAB@B@D@FBF@BA@@@@@AA@E@AAA@B@@A@@BAHBF@@A@@@@AAC@C@AA@@@ADE@@B@B@BB@BBB@@D@@@@C@G@C@AB@@@B@@@@F@@@@B@DA@A@@@CAA@A@@B@BBB@@@BAD@@A@@@@CAAAA@BA@@@@FBB@B@@@BA@@A@@AGAAAA@@A@@B@@@DBB@B@B@@A@A@A@@FA@A@@@@CC@AACB@BCB@@@@AACCCAAB@@@@AB@BBDF@@F@@AB@ACAC@A@AB@B@FAB@@@@A@@AACAA@@A@@@AB@@A@A@A@@BEBA@A@@BC@A@@A@@@E@A@C@EE@@@AB@JD@@BA@@@AA@EAA@AA@AAA@ABADC@@@@@ACE@A@@B@@@B@DF@@B@B@B@B@BABA@A@@@AAAECGCA@@A@@BAJBD@BA@AB@@AA@A@ABAAA@AAAA@A@A@A@@EEAAACAC@A@A@A@@@AB@BBBB@HB@FFB@DBDA@@B@B@@AB@AA@AA@AAE@A@@@@A@ABA@AB@D@BA@@@AAAAA@@@A@@BC@A@@@A@@GCC@C@A@@@@B@@@BB@@BBB@BA@@BA@@@A@ACACA@A@AAC@@@CDA@@@EA@@@A@AAA@A@@A@A@EBCBAAA@CK@@@ADAB@@AAA@@A@A@A@EAAA@A@@BCDE@@@A@AA@@@A@ADA@@@C@C@AA@@@@@ABABAB@@@AA@@GBCBAAA@AA@@@A@@BADAB@@A@@A@AAEAA@A@@B@@@B@B@@ABA@C@@@A@@A@A@@AAA@A@C@C@C@CACA@@@ABA@@@A@@AAECAA@@B@@AF@D@BA@@@@AA@@O@A@@A@@@@@@FA@@@@@AA@@@A@A@AB@AA@@A@@@A@@A@@AABA@CBC@A@CAAA@A@@@@B@F@B@@A@@@@@AECCA@AAA@@AA@BA@A@AB@@C@AAAA@A@@BAB@BBD@B@B@@A@E@A@@AA@@C@CAAAA@@A@@@AB@HA@@@A@@@@EAC@AAAAAA@@ABABA@@@C@AAAC@@A@@@A@A@ABAAA@AAAA@A@@AAE@K@AAA@@@@ADA@A@A@@CACAABAF@B@AA@@AAEA@@AA@A@ABCB@@BD@BA@CDA@@@C@AA@@@@@A@@DCB@AAA@@@G@A@@@@A@@@ABA@A@@AAA@AAE@C@@A@@@A@@@@BA@@B@JDB@@@@@AEAC@@AA@@A@A@EBEB@@A@A@A@@A@@@A@@BADC@A@@@ACA@AA@@@@@@B@D@@AB@A@@AE@@A@@@A@@@@BAB@F@@@B@@A@A@CAAAA@E@A@A@CCCAA@@A@@@A@@@AD@D@BA@@@A@@AAAAA@C@A@A@AF@@A@@@EAA@@@ABABAB@B@@@B@@B@B@BCBAB@D@BB@B@@@B@BA@ABM@A@A@@B@@@@BBD@B@@@@B@BAB@@A@A@CAA@@@@@@@AB@@@@@@EAG@C@A@A@@B@@@BBD@@@B@@@@A@IEA@EAA@A@A@@@A@BB@BDB@B@@@B@@AB@@AAECA@A@@@@@@B@@@BFB@@@B@B@@A@@@C@A@AAAAA@@@A@@DA@@BA@A@GAA@@@@@@B@@@B@@@@@@GBE@A@@BA@B@@BBB@B@@@@ABI@GBA@@@@B@@@@@BH@B@B@@@@B@@A@IB@@@@AB@B@@A@E@@@AB@B@@@BEDA@AD@BA@A@GAA@A@SDófǝƗXơůWFCBA@CBA@EAA@A@A@MH@@AB@B@@BD@@@B@BCDCHA@ABKBABABEDCBA@A@IBC@A@EBCBA@A@C@KAC@C@C@C@QHABABCD@B@@@BBD@B@@@BEFAB@B@H@D@B@BCFAB@B@F@D@BCHAB@B@H@B@@ADAB@@@D@@@BADEF@B@BA@ABC@C@@@AB@@A@C@ABA@A@A@AA@@AA@@AAEBA@A@A@EBA@@@C@CBCAC@A@A@AAC@ECCCDA@AB@CAA@AACACCEAAAAACAA@CAAC@@CAACA@G@C@CAA@CACAEA@A@@CAACC@C@A@A@BCBABA@A@@BCDCCC@@AABEBA@A@@@CEAC@GAA@@AACAAAAAAA@AEAAAACAA@AC@@AA@AAC@A@A@AAACCECCAAACCAAAEAAA@AC@CAAAA@ACCCAACAE@CAA@AAA@@@@AA@A@C@@@C@A@ABA@A@AB@@ABABCBADCB@BCAAAA@ABABC@AC@E@C@C@A@A@A@A@CB@@A@C@A@A@CBABC@E@C@G@AA@BCBABABABCB@BA@CBA@CBABA@A@ABA@ABCBCBA@ABCBA@@BC@ABA@CDA@ABC@ABCACAA@AAA@AA@AAA@AA@@ACAA@BCCACAAA@CAAAA@AC@C@C@A@A@A@@@A@@@A@C@A@C@A@@@A@A@@@CA@@AA@@@AAA@A@AA@@AA@AA@A@AAA@@AA@AAA@AA@@A@A@A@@@A@A@@AA@A@@@AAAAA@@A@AA@@@AA@AA@A@A@AA@@A@A@@@A@@@AB@@A@@BA@@AACA@AA@AAA@@@AA@@A@A@A@@ABA@A@@AE@@@A@@@@@AA@AA@AAAAA@@@@@AB@@AA@AA@@C@@A@@@@@ABAB@BA@@@A@@@AB@@@B@BAD@B@@@BAB@@@B@@AB@B@DA@@BAB@B@B@B@BAB@D@@BB@D@B@B@B@@@B@BBD@D@@@BA@@@A@@@A@@@A@A@@@A@@@AA@@A@A@@@@BA@@@C@@@A@@@ABABA@@BA@@B@BAB@B@@AB@@AAAAA@@@A@A@A@@CCCCAAAAACACAA@@CAAACAAAC@ACAAECCAAAAAAAA@@A@@AA@A@@@AA@AAA@AAAAA@AA@AA@A@A@@AA@A@@@A@AA@@A@AAA@CAA@AAA@AAA@A@A@@AA@A@C@AA@@AA@A@AAA@@@A@A@A@AB@A@@A@@@A@@@@@@@A@@AA@@A@A@AAA@@AA@@AA@A@@AA@@@A@@A@AA@A@A@A@@@A@A@@@CA@@CA@A@@@AA@AACAA@@AA@AAA@@AA@@AA@A@A@A@AAA@CA@@AAA@@@C@@@AAA@AA@@C@AAA@CA@@@AA@@AA@AA@AA@AA@AA@AAAAA@A@ABA@C@A@ABA@AA@@AA@AAA@A@A@A@A@@@AA@BA@A@@C@@@AAA@A@A@A@A@BA@A@@@A@@@@@A@AC@A@@@A@@AAAA@@AAAAAA@@@A@@@A@A@AB@C@@@AAA@@@A@@@AA@AAA@@@CAA@AAA@A@A@AAA@@AAAAAAA@@A@A@@@A@A@ABA@@@ABA@@@@@AB@@AA@@@A@@AA@@A@@AA@@AA@@@A@A@A@@@AA@@@A@@@@AA@@A@AA@@A@A@@@@@AAA@@@A@CAAA@@A@AAA@CA@@@@@A@@AA@@A@AA@@A@AA@@A@A@AAA@A@A@@AA@@@@@@AA@BA@A@A@@@@@AB@BA@@@@@A@A@A@@@AB@B@@@B@@@@A@@@A@@@@BA@@@@BBB@@@B@@@BAD@B@@@B@@AB@@@BA@@@@BA@@@A@@@A@@@AAA@@@A@A@@A@@AAA@A@@AAA@AA@@CA@@A@@@A@A@A@A@A@@@AAA@AAA@A@A@A@A@A@A@A@A@A@AAA@@@AAA@AA@@A@@@A@A@A@A@A@@B@@AB@BA@@BA@@BA@ABA@@@A@@@ABA@A@AAA@@@A@A@@@A@A@A@ABA@@@CB@@A@A@A@A@AAA@@@A@AAA@A@@BA@@B@B@B@@@@AB@BA@@BAB@B@@@B@@GBA@ABA@A@C@A@A@ABA@A@@B@BA@@@ABA@A@AB@@C@A@A@A@@@C@@AA@A@C@ABCAA@A@A@A@@@C@AAA@AAAAA@A@@@AAA@@@A@ACA@@A@@C@ABA@ABA@A@AB@BA@A@@BABA@ABA@@@ABA@A@@@ABA@@B@@@@AB@@@@AB@@A@@B@@@@A@@@@@AA@@A@A@B@@AAA@A@@@A@AA@@A@AA@@@AA@@A@@@A@@@A@ABCAAA@@AA@AA@@AA@AA@@AA@@AA@A@@@A@@A@AAA@AACA@@C@@@C@AAA@AAA@AAAAA@@@A@A@A@C@C@A@A@@A@C@AAA@A@C@A@@BA@@@A@@@@@A@@@C@A@@@AAA@@@@@AAA@A@@@@AAA@@@AAAAACA@@AAAAA@@A@AAA@@@A@A@@AAAA@@A@CAA@AA@@AA@@A@@@AA@@@@@A@CAA@@@AAC@AAA@AAA@AAA@AACAAAA@AAABABAB@@ABABA@ABA@@B@@ABA@@@ABA@@B@BC@A@A@C@A@A@A@A@@AA@@@@AAA@@AC@@@A@AA@@A@@AAA@@@A@AA@@C@@@AAA@A@A@A@A@A@@@A@A@@@A@A@A@CBA@AA@@A@@AAA@@A@@AA@A@@@C@@@C@@@A@A@A@@@AB@@@BA@BBAA@@A@A@@@@@@A@@@AAAAAA@@AA@A@@BA@@B@B@BAB@@@BBB@B@B@@@@AB@@A@ABA@@B@@@BB@BB@B@@@@@@AB@@AB@@@@BB@@@B@@@BA@@BA@@@A@@BA@@@A@@@A@@BA@@@A@A@@@A@@@AAA@@@A@@@@B@@@B@@AB@@A@@B@BA@@BA@@@AB@AA@@A@AA@@AA@@AA@@@@A@@@@A@A@@@A@ABA@@AA@A@A@A@A@@@AB@@@B@@@@A@@@A@@@@@A@@@@BAB@BA@@BABAAA@AB@B@BA@@B@B@@AB@@AB@AA@@@CA@@A@A@@@A@AB@@A@A@@AA@CAAA@@A@CAABA@@AA@CAA@A@A@@A@AA@AA@AAAAAAC@AA@AAA@AAA@@BA@A@A@@BAB@@@BA@ABA@A@A@A@A@A@EAA@@BA@A@@BA@@@AAAAA@AA@@A@@AA@@@@A@@@A@@A@@@AA@@A@AA@@@AA@@@@BA@@AA@@@@AA@@@@A@@AA@@@@A@AA@@@@A@A@BA@A@@@A@AAA@@@@@AA@@AB@@@@A@@B@@@B@@@BAB@@@@AB@@A@@@AB@@A@AB@@A@@BA@A@@@A@A@@@AA@B@B@@@@AB@@@@AB@@@@A@A@A@@B@@A@@BA@@@A@@@AA@@A@@@@AA@@AA@@AA@A@@@AA@A@ABA@A@A@A@A@A@@AA@A@@@A@@@A@A@A@@@@AAA@@AA@@@A@@@AAA@A@@@AAA@@@@AAA@@@A@AA@@A@A@A@A@A@C@A@A@AA@AAAAAAAAA@@AA@@ABA@@@ABAAA@A@A@@A@@AA@@@AA@A@A@A@A@A@A@A@A@A@AB@@A@@B@@@B@@ABAB@@@BAB@@@BA@A@A@A@A@A@A@@BA@C@@@@@@A@@@AA@@A@A@A@A@@@A@A@@A@AAAA@@A@AAA@A@@@A@AAA@CAA@ABA@A@A@AA@@A@A@AAA@AA@@C@@@@@@BABA@@BA@@@A@A@ABA@@@A@A@AAA@@AA@A@A@E@@@AC@AA@AAAAAA@@@AAAAAAA@AA@A@AA@@A@ABA@A@@@A@@@@@AA@@@AA@@@A@@@@@AA@@@A@AA@@A@@A@@@@A@@@A@@@@@A@@@A@@@@BA@AA@@@@A@@@A@@@A@@@A@@BA@@B@@AB@B@@A@@@@BABA@@B@@AA@@@AA@A@@@@@AA@@@@AA@A@@A@@@A@@AA@@@A@A@@BA@@@A@@@AB@@@BA@@B@@AB@@@@AB@@@@AB@@@B@@@BB@@B@@@B@B@@@@@B@@BB@B@BBB@B@@@D@@@B@B@@BB@B@@@@B@@B@@B@@B@@@B@@@B@@@@@BA@@B@@AB@@AB@@@B@@BBA@@B@@@B@B@BA@AB@B@@AB@B@@AB@@A@@@@@A@@BA@@@@@@@@B@@@B@@@B@@AB@B@@@B@@@@@B@@A@@@A@@@A@A@@@C@@@AA@@@@A@@AABA@@@AB@@@BAB@@@BAB@@AB@@@@AB@B@@@@AB@@AA@@@@A@@@@@A@@AA@@AAA@@AAA@@A@AA@A@@AABA@@BA@AB@@AB@@AB@@@BA@@B@B@@@BA@@B@B@@@BAB@B@B@B@BB@@B@B@B@B@@@BB@@B@@@BA@@B@@A@@B@@@B@BA@@B@@@B@@AB@B@@@BBB@@BD@@BD@@BB@@B@@BB@@B@@BB@@@B@B@B@@@B@B@B@B@@@B@@@@@@AB@@A@@A@@A@@@@@@@A@@@@BA@@BA@@@@@A@@@@@A@@@A@@@A@@@@@@B@@@@@BA@@BA@@@AB@@A@@@A@@AA@@@A@A@@@AAA@A@A@@@A@@@ABA@@@A@@@A@A@@@@@@B@@@@AB@@@B@@@BA@@@@@@@A@@B@@@@@@AB@A@@A@@@@@A@@@@B@@AB@@@B@@AB@@@B@BA@@B@@@BA@@B@@@B@B@B@@@B@@@BA@@B@BAB@@A@@B@@@BA@@@A@@@@@A@@@C@@@@@A@@BA@@@@@AA@@@AAA@@@@@BA@@@A@@@A@@@A@@@AA@A@@AA@@@@A@@BAAA@@@@@@BA@@B@@A@ABA@@@@@A@AA@@A@A@A@@AA@AB@@A@@BA@@BA@@B@@ABA@@BA@A@@B@@AB@BA@@BA@@B@@@@A@@@@@AB@BAB@BBBBBBB@@BB@BB@@B@@@B@@A@A@ABA@@@A@A@@BA@A@A@@@@BA@@@A@@@A@@@AB@@A@ABC@A@ABA@@@A@ABA@@@A@@@A@AB@@A@A@ABA@@@A@A@@@@BC@ABA@C@AB@@C@A@@@ABEBCDMBE@ABGBEDIBGDI@CBGDKBGDG@CBCBE@CBEBEBCBE@ABC@CBA@CBC@ABE@@BEBE@ABEBC@CDIBE@EBCBE@CBA@ABEBC@CBABE@ABEBE@CBEBCBGBGBEBCBE@CBC@@@CBEBCBEBE@CBA@EBCBC@ABA@EBA@A@CBABE@A@@BC@A@CBABCBG@CBE@ABCBEBC@A@ABE@ABC@ABC@A@@@ABABE@CBGBEBC@ABABG@CBEBC@ABCBE@CBC@CBCBC@CBA@C@ABEBABEBGBEBE@A@CBABE@CBEBEBGBA@CBEBG@@@ABA@CBCBC@A@CBEBA@ABC@ABC@CBC@CBA@A@ABA@A@ABE@@@ABA@ABE@ABC@ABC@ABC@ABE@A@ABC@ABC@ABA@C@ABC@CBC@ABCBE@A@@BC@ABCBEBIBC@CBA@C@ABA@CBA@CBEBC@CBA@ABC@@@ABE@ABCBE@CBC@ABC@A@ABA@A@ABA@CBCBC@A@CBA@ABE@@@CBA@ABC@EBA@EBC@A@ABA@A@@@ABA@@@A@ABA@A@A@@BA@A@A@@@AB@@A@A@A@ABA@ABA@A@A@ABABE@A@A@ABA@A@AB@@A@A@ABC@@@ABA@A@CB@@A@CBA@C@AB@@A@A@@BA@CBC@A@CBA@A@ABA@A@ABA@A@@@A@AB@@A@ABA@A@@@A@AB@@A@@@A@@@A@@@ABA@A@ABA@@@A@A@@BA@A@@@A@@@A@@BA@@@A@A@AB@@A@@@A@@@AB@@A@@@A@ABA@@@A@@@AB@@A@@@A@@@A@@BA@@@A@@@A@@BA@@@A@@@A@@@AB@@A@@@A@@@ABA@@@A@A@ABA@@@A@ABAA@@@CAA@A@A@ABA@A@ABA@CAA@A@@AA@AA@@AAAAA@A@AAA@@A@@@A@ACA@@A@ECA@AA@AAAC@C@C@A@A@@@ABA@@@ABC@A@AAA@AA@A@@@A@@@A@A@AACAAAAAA@A@@@A@C@@AA@AA@A@C@A@AAA@@AAABADCBABA@A@CBA@E@A@C@@@A@A@@@CBA@A@@@AA@ACAAA@@AA@A@@BABA@A@AAAAAAA@AA@@@AB@B@BA@@@@@AA@@AA@@@@AB@BABADA@AB@@A@AAA@@A@@AA@AA@A@@A@CAAA@@AA@A@A@@BA@@DABABA@AB@@@@A@AAA@AAA@A@A@AB@BAB@@@BA@@B@@@B@BB@@DA@@BABCBAB@B@BAB@@BB@@@B@@ABA@CBCBAB@@A@A@@BA@@A@@AA@@AA@AAAA@A@@@ABA@A@@AA@@@A@A@@@A@A@@BA@@@@@AA@@@ABA@@A@@@A@AB@@A@A@@AAAA@ABA@@@@B@@@@A@@AAA@A@AA@@A@@A@@@AB@B@@@@A@A@@@AA@AA@@A@@A@@@ABAB@@A@A@@@AA@A@A@@AAAB@@@B@@A@@@A@@A@@AAA@@@A@@@AAAA@A@A@AAAA@A@@@@CA@@CACAAAA@@AB@@A@AAA@AA@A@A@AA@AAA@@@AB@@A@@@AA@@ACC@A@@BA@ABAA@@AACA@@A@ABAB@B@B@BA@A@@@AAAA@@@@AAC@A@AAAAA@A@A@A@@AAA@A@A@AAA@AA@@@A@A@AAAA@ACCAAAA@AAA@@A@CAAAC@A@CA@AAA@@AAA@A@@BAB@D@FBD@@@B@@A@AA@@A@A@ABA@A@A@@@A@AB@BA@A@CBC@A@C@ACAAAAAA@C@A@AAA@A@@@@A@A@ABABAD@BABABA@A@A@AAAA@CAEAC@@AA@BABC@CB@D@B@DAB@DA@@B@AA@@A@CAA@@ACA@A@ABA@@D@D@DAD@BA@ABA@A@A@@AAA@GAA@AAA@AA@@@A@AB@BAD@B@BBB@DBBBD@B@B@BA@@AA@AAA@@A@EAA@A@@@@A@@@A@@B@@@F@@@B@@@BA@AAC@ABA@CBA@ABA@ABA@@@A@A@@AA@@A@A@A@CACCCCA@A@AAA@A@@@AC@AAA@C@ABA@AB@BABAB@FADADABA@A@A@AAAAAAAA@A@ABA@CAC@@@AA@AB@BCD@BADAB@BA@@@A@AAAA@A@AAA@@@CAAAAA@A@@@ADA@@@ABA@A@@AA@A@A@AB@BA@@BAAA@@AA@@@A@ABABCBAFAD@BAB@DAB@BAB@BABADEBC@A@@@@@@@A@@@A@AAA@AC@@@A@A@A@@A@@AA@@BE@A@EBA@ABAB@@@@AAA@@AAAAAA@A@A@@@A@A@@BA@@B@@AA@AA@@@A@@@ABAB@@A@@@AA@AAA@A@C@AACAC@A@A@A@@A@A@A@AAA@@AA@ABA@ABA@AB@@A@CAA@AA@ACAAAA@ABABAB@B@DA@@DABAD@HAB@B@DAD@F@BAF@BAB@BA@@AA@AA@A@AAC@AAAACA@@@A@GAAAC@AA@B@@ABABA@@@A@@AAA@A@AB@@ABAB@BEFEBABCBC@E@A@AA@@@A@ABA@@BA@@BAB@BAB@BA@@@AAAAAA@AAA@EBABC@ABA@A@A@A@AAA@@A@ABABAFABABA@A@I@A@EBA@CAA@@ACA@A@A@CBABA@C@EBCAA@A@AA@@@A@@BAFADCHABABABABA@A@CAA@A@@@A@A@@@A@@AA@@A@@AA@BA@AA@@A@A@@ACACAA@A@@@@@A@@B@B@DBB@B@B@BAB@@@@AA@AA@@A@@@A@@A@@BA@@B@B@@BDBB@@@B@B@@@B@@@@A@@@@AA@A@A@@@AB@@AB@B@B@B@@@B@B@@@BA@A@@B@@@AA@@@@BABAB@@AB@B@@A@@B@B@@ALBB@B@BABAB@@A@@@A@@@AB@DA@@B@@@B@DBB@@@B@@AB@B@@A@@B@BAB@@@DE@A@A@@B@B@BAB@BAB@B@@AB@@@@B@@B@@@B@BA@@BAB@@A@ABABAB@@@B@@@@AB@@@B@@@B@@@B@B@B@BBD@DBB@B@BBB@DBB@DBDBF@DBD@B@BBB@@@B@BA"]],"encodeOffsets":[[[127123,51780]],[[134456,44547]]]}}],"UTF8Encoding":true}