{"type":"FeatureCollection","features":[{"type":"Feature","id":"450000","properties":{"name":"广西壮族自治区","cp":[108.320004,22.82402],"childNum":10},"geometry":{"type":"MultiPolygon","coordinates":[["@@@@AA@@@@@@A@@@@A@@@@AA@@@@AA@@@@A@@A@@A@@@@@@@@AA@@@@@@@@@@@@@A@@@@AA@@@@@@@@@@@A@@@@@@AA@@@@@@@@@@@@A@@@@@@A@@A@@@@AA@@@@@@AA@@@@@AA@GFfT@@"],["@@A@@@@@@BB@@@@B@@@@@@@B@@B@@@@@@BB@@@@B@@@@@B@@@@@@@@@A@@@A@@@@@A@@A@@@@AAA@A@@@@@@@@@@"],["@@@@@B@@@@B@@@@@AA@@@@"],["@@@@@@@@@@@@@B@@B@@@@@B@@@@B@@BB@@B@@@@A@@AA@@@@@@@@A@@@@A@@A@@@A@@@"],["@@@@@@@@@@@@@@A@@@@B@@@@@@@@@@@@@@@@@@@@@@B@@@@@@@@@@@@@@A@@@@@@B@@@@@@@@@@@@@@@@@@@@@@@A@@@@@"],["@@@@@@@@@@@@A@@B@@@@B@@@@@@@BB@@@@@@@@@@@@@A@@@@@@@@@@@@@@@@@@@@@@@A@@@@@@@@A@@@@@@@@@@@@@@@@@@@@@"],["@@@HBJDDHD@@@@BGCGAEAEEA@@@@AD@@"],["@@@N@REZ@HHHFL^PXJTDHCNELQ@EBMCMGQEIEQGECCEBEDIBCFGHGBEAECCGDGHG@G@@CC@@G@IFMN"],["@@AH@DBHDBDBNGFEDEBE@CCCEEE@IDGL"],["@@HFDDHHFDDBBBD@B@BBBBBDDBB@BAD@BBB@BD@BBD@BBBBBBB@B@BBFBDDBBBB@BBDAB@BBD@B@B@D@FCBADABCB@B@D@@BFFHHBDFFDJBD@BFDBDB@BB@BBBF@FDFDJFDBDBF@F@D@FBF@D@B@DA@ABABAAA@CAA@A@@@A@E@ABAD@LAD@HBD@B@BABABCBC@A@AAEAA@A@CBAB@D@BADAD@D@FDDBBBB@B@B@BALCBC@@DEBE@AAAECA@ACAC@G@EHKDEDEDAH@J@H@B@DAB@D@JAJCL@PAF@F@J@N@LBDBBDDFDDFDDBFBHDDBH@D@FDHDH@DAD@JAHBHAH@D@@ABABADAF@F@NCFABBJEF@PCFEFADAFED@DCFEBGDG@A@A@@@@@CBA@CBE@EBCBE@CBCBCBIBC@E@@AC@A@CDABCHCDCBA@A@AAA@@@ABCHIDAFAFAFAFCDADEDCDEBEBEBE@IAOBABCBEDEFAFARCFAFAJCLAJBLAFADAL@D@H@HAL@F@H@HBFFDDHDJDLBFABAHAHAFG@EBE@C@ABC@@@A@@BA@ABADCBCBAB@B@BAJEFAJARAPCL@NBFBLBJBB@JADANCTCHCFANKHCFEFAFGBAFEFCFEHCJAFAFCFADAB@B@BCHKDI@CBADAHCHCHCFCNEJEHADAB@DAB@F@D@J@J@JBB@D@LFLJPDDBBBFBFDDDDFBB@FDDBDD@H@H@BBD@B@@@D@@@BAD@@AB@BCB@@@@AB@BC@@@@DAF@LBNBF@L@JARBHBD@DBHAFA@AAEBCDCBABE@GBKDEFKBG@EDCLKBEHC@@BAB@@@B@@@BABABAF@HEHIB@BADADEDG@AAA@CBCD@DAFCJELGNIFAFAD@B@BBDDBH@DBBBBFFBFDDDFFDBFDJDLDH@HAD@DDFNJBDF@PLFDF@NHLFB@H@FBB@D@DAHDNHFBFDFJDLDBDBD@D@FDHBFDBDBDBB@F@JDFBH@D@BBDFHHF@@B@@@B@B@BADABAHCFAF@HBDDBDBDBDBHDHBFBDDFDDDD@@BDBD@B@BCHAD@D@DBBFBHBBF@DDDDDBHBL@DBF@F@FAFBF@FDDDBBFBFAD@HCJAB@DCDADCDABAF@DDF@NCHCHABADEDEBCDCD@DADEFEFIPEFAHAFAFCDEHMFEDEHCF@D@@FFJJD@B@@@B@B@@@@@B@@@@@B@B@@AB@HAJAJCJGFAJ@HDBDDHDHFFFFJFDHBDDDFDL@NCHCLGHCHAFAJBDBFFFDFBN@PBD@HCHAJAHAJ@F@FBHFFFBDJDNDJDHAPBFBD@J@HDJDHDBDBBB@FBLDJDHBDBD@R@F@F@HJDDB@B@D@B@BDB@F@NDPDB@DAFDFFDJ@DBDDFD@DBHFHDDBD@NBNBD@JFFBF@B@HDH@HBHBHBHBB@FD@BBB@B@@BBBD@BBDBDFFFJB@@@@@@BB@@@@@B@@BB@B@BB@@DB@@@@@@B@@BB@@@B@@BB@D@FBB@BBBBBB@@B@@BB@@@B@@@@@B@BB@A@@B@@BB@B@B@B@B@@@B@BAB@@@B@@@B@B@@@B@B@@@@@B@@@B@B@@@B@F@B@B@@@B@BBB@@@B@B@BB@@F@FDFHDF@HDNFFDADBFBFDBFHFHBHFH@FBBDBD@BDBDDFBBDBFBF@HANCJBHFHFFFDLDJ@FBLBHDFBNHHBD@HBJAJ@JCJGLMLGF@D@B@D@DBLJJHH@D@BBLLDBFDJDD@BABBDABAJGBCHALGH@N@LBPFLBDBD@@@DBBBB@BB@@B@B@@BBA@@B@@@@@D@H@FDD@HBHFFBBBD@HAB@FBFAF@FCPCJ@D@D@DBBBDBBBB@BBBDDDBD@DBD@B@D@D@FAB@DBB@DADBD@D@HBH@DBDBD@DDDBDBBDDBDDDDDB@FDFDFBF@HBD@H@JAHAFAH@FANGRIDC@@BABA@AB@@@BBDBBBDBB@BBB@DBD@BBB@B@B@D@@@B@@@B@BBBB@@@B@@@B@@@@ABADCB@@CDABABABAB@BA@@B@D@BBDBBBBBBBBDBB@DDD@BBBB@@DBB@B@B@B@DBBBBBB@@BBB@@B@@DAD@H@BADADAD@B@D@BBBDB@@@B@B@BA@A@ABAB@B@FAFA@@B@D@DBF@B@BDHBD@D@D@DAD@BBF@B@DBB@BBDBD@D@DAFAB@DAB@BCBC@CBA@@@A@C@A@C@C@C@@@C@A@@BC@A@@BA@ABAD@B@DABAB@BAB@BAD@@CB@DA@@D@B@B@DBB@B@D@B@B@B@BAB@BAB@B@B@@AD@D@B@B@D@B@B@DABABA@A@EBA@AB@BAB@B@BB@@B@D@B@@@BBB@D@B@D@B@DAB@BAB@@@BABABAB@@@B@@@BA@@B@BBB@BBBD@@BBBB@BB@@DBDADBB@B@BDBBB@@BB@@@D@B@BAD@@@@AB@BADAD@@AB@B@B@BBBFBBAB@B@B@@@BBD@B@B@DDBBBBFBB@B@@@B@DBB@DBD@@@B@@@D@DBB@B@@BBDBDB@B@@BBBB@BBB@B@B@B@BAB@BA@@B@@BBBBDBB@@@BB@@B@B@DBF@B@BBBBDBF@B@BBB@B@DBD@BAB@FBD@B@B@B@B@D@BBFBBBDBD@BBFBFFDBBFDF@D@F@DA@AB@@ABBB@@@B@@EBC@A@A@@@AB@BB@DB@B@@@BCDCF@D@BBB@BBBBB@BAD@BB@@DAB@D@BAB@B@@RFNHLFNBVCTER@XDXDL@BBB@BB@@BBDAB@B@BABBDBDD@BD@B@D@DBDAD@B@DBJDBBB@@D@B@B@DBB@B@D@D@BHFJHHLLHLBRAREFGHO@OEQCMAIDQLIRGTEPANIJEPM@@BCBCDABABCB@@A@@BABB@@B@@@B@D@B@BA@A@A@@@A@A@@BAB@@AB@BABC@@CG@ABABABA@ABAD@B@BBDDB@DDB@BAB@BAB@@@BA@@BC@ABAB@B@DBB@BA@@BA@ABCA@C@@A@@C@A@C@AA@ABCBA@A@AAAAA@ABABAB@DAB@@ABA@A@C@@B@B@B@@@B@DABB@ACACA@@CC@AB@@@@ABA@A@C@ABAB@FAB@@AAAAAA@@AA@@@CA@A@C@ABE@ADAAA@A@@ACCAC@A@AA@@@C@A@A@C@A@A@AAAAA@@C@A@A@A@A@ACA@A@A@@@EFA@@@C@@@AA@@@A@@AA@@A@@A@@A@@@@AA@@@@A@A@@@@@AB@B@@AB@BA@@@@@C@A@@BA@A@C@@@AB@@A@A@AA@BC@A@@BABAB@B@BC@ABA@A@@DAB@B@BB@@BBBBB@D@D@BAD@@@@AB@@@B@B@B@@@B@B@@@BB@@B@@@B@@@B@@@BA@@B@@@B@B@@BB@@@FCB@BABABAB@BA@ABC@@B@BA@@B@B@@AB@@BB@@@BB@@@@B@@@B@D@@@@B@@@B@@BBBBB@@B@@@BB@BA@@B@@B@@@@ABA@@@A@@@@B@@B@@@AB@@@@BDD@DFFFJDLEHIHGHIJEHCJ@JBH@HEAKIKKKCKCMAOBIJOLQHOLS@GBGBMBIBGHEDATDTNJFPHJ@LAFMHQBOEQISGOK[CI@ABADCDC@C@@@@@A@@A@@AA@AB@@AA@A@ABAAAB@A@AABCB@@A@A@@DBBAB@BA@@B@BAN@LBFCHAF@FB@H@FBD@@B@D@B@@@DA@@BABA@AACBCACB@@CBAD@BBB@@B@@@B@D@B@DB@BBB@DA@@BBADAD@D@BBB@@BBBB@BB@BBDE@@BABAB@B@B@BAD@BBDBDB@DA@CB@B@@DDBB@DBBBBBBD@BDFDH@BB@@@BB@@BBB@BBBBBBBBBJBDBB@@@DBB@BD@BBB@@DBBB@@FAFABBDADAFG@@@ADAB@B@D@DBBB@@CDADABAB@DADABBBBBB@BAB@FADCDCBABA@@DDBBB@AB@BAB@BBD@B@BB@BBF@BB@B@BAD@BBD@D@@DFDHJRDJFLHNPHFBL@L@JBJAHCBEAEEGGKEGAQBIBMBKBOHMJOJKNKHCJEFGDG@I@MAGAEBGFCFCLFHNNPRVNNLJFLLDL@JIHOBIAKEMCKAKBGFMJILMLELGHMDIBGCMEKGGCEAACAC@@AABAA@@@@@@@AA@C@A@@A@AAAAAAAA@AA@AA@BA@AB@@ABA@CBAB@D@@BDBDDBBB@DDB@B@B@BA@A@A@AB@@AB@@@B@BAB@B@DAB@B@D@BABABBF@DBDBB@DBBB@BBF@BB@B@D@@BBBFBBBD@B@B@BA@AD@DA@@BABAD@HABADA@CBABADCB@D@BFDBD@DDD@JDHBJFFDDDBFBF@DBDFFDCD@D@@@L@D@BBDDD@FABB@B@B@DDBB@B@B@DDBBD@B@FBB@DB@BBBDBB@D@F@DAFA@@BBBDBBB@HDBDBBDDBDB@DD@@BBFBBBDB@@PDNBHBLFNFNFPHFFDFF@NC^DB@@@DBD@DBFBF@BCJBN@DBFAJ@JAHCD@D@FADAD@LDXJTLBFB@DBF@BB@BHTDRJBFBHDBDADBL@J@JBJDFFDFH@DCFGJENANFNFFJFLLDP@NELKHIDCJ@DFBLD@B@BDDJHBHBHBHBF@DABA@AD@FDDABAFCBGB@BGL@@FDPDHADALCFDFBFABAFAF@B@BDBH@AD@B@B@B@BD@BDFBHADEBED@FBDFDBBCBCBEBAFEHIBCDEBCACECAABCDCHCJ@DD@BDDDD@HDHFHDHDF@FBDFDBFBLIDADCF@FAB@BB@BB@D@DCD@DBDC@@HQBG@CAE@EBCD@FBJBF@JED@HBDDBBADBB@JADABGBEFIFABA@AB@@@@@@BB@@@@@@@@@@@B@@@@@@@@@@@B@@@@@@@@@@@B@@@@B@@@@@@@BB@@@@@@@@@@@B@@B@@@@B@@@@@@@@@@@B@@B@@@@B@@@@@B@@@B@@@@@B@@@@BBD@B@HJNHLFLBJ@LFFDHLJJJHJNHTDJED@@BD@BBBHHB@B@@@DB@ADADCB@BHABAB@DBBDBB@@@DBB@D@F@D@DDBD@@JCF@DBDBHAHGBCAC@GBGFEHIJCBADCHEHAFCFCDCDCD@@BDBDBBAHGFCBADEHMBGBGFABE@CBEFG@CAEBCDMDGDGNEFAD@DF@DBDBFBDDBFBJDLBJBJBHBDFF@FAFAJBH@DABEDEJAHCFEDEBE@IBADAFCDC@AAAAC@CACAA@EBCB@D@HDD@DBDBF@BEDADAB@B@FEHADADA@A@A@CBCFADABEBCFAB@B@BGDEHEBE@CACCCBABCFCJAFAHAH@FCBE@GFGDA@CDCBA@CCCAA@E@CAAAA@CDABA@@ACBAB@BADBBCDEFEDCFCD@BBBGDGBCFCFADAB@DBBB@J@LAF@FBDBDBBBB@DBBBDCFCR@BDDADAAG@AB@@@DABCD@@ABAFAD@D@BFDFDCB@DFFBDADAFAF@BBB@DBBC@EBEB@BDDDBBBC@CBCF@D@D@B@DA@C@A@C@C@C@O@A@ADA@C@@BAHABADAHBBDBB@DD@DBFBBJB@BDHEFADBF@J@@ADBFHJBFBJHLBHBDBBTWFEJCF@BBAFAF@DCDAHC@GAC@CBB@BB@@AB@@@@AF@BA@@BA@ABA@CB@@AAA@@@A@@B@@ADAB@B@@@B@@FBJAHBD@@DABAFDFBBFBHHDBABAB@D@DDFDDDBHDDDDBDBFAFAB@B@BB@D@DBBFADAFCDBDHBBB@BADCBADADCLGJCH@@DAD@NAHCDGBGDONABEBCDK@AB@DBFDFFDBDEH@DCDAHDDDBD@FB@@ABE@ABABCHDBBDDDF@HBFAFCLAB@BBBB@DA@@DBB@@AB@BB@@BF@B@@DABABABBBBB@B@@ABA@A@C@C@AB@BBBBBAD@BDDBB@BBBBHBFHARFD@DCHADBF@HFDDFFBDABDBRBT@FBDBF@FAH@D@DBDABADABC@AE@@ABA@@DBLALAHABCA@CA@@@A@AB@B@BABA@@B@@@@AA@@A@A@A@@A@AAA@A@@BABA@@@A@A@@A@A@@@A@ABA@AB@@@DBB@@A@A@A@A@A@AB@BA@@@A@@A@A@A@@@A@@@AE@AB@DADAFADABAHEDCAA@ADCDCCAAC@ABABCBA@ABAAAEAEBA@A@AAA@CAAC@C@EAEAC@CACEC@ABAF@FADB@@@@BA@A@@B@BA@A@@BA@@@@@AB@AA@AB@@@@@B@@AB@@@BB@@B@@@@@@@@AB@@@@@AA@@@@B@@@@@@AB@AAB@@A@@@A@A@A@AB@DCBAFABCDEDCBABBB@DHDL@FBBB@DBBFBB@FBBBBBABADCF@B@DB@@J@RB@@B@B@BBB@@@BA@@@@B@@@@@@F@@@@A@@@A@@@@B@@C@A@@@@@@B@B@@BBB@B@B@D@@@BAD@@@BB@@BBB@B@BBB@B@BB@@@@@ADCBADAF@B@FBFBF@HBB@B@@ABAAKCG@AFCHAD@JBFDFBHAFBFDD@LHBDFFDBB@BCHAFBFDJBHADCFEHCDAHADEBADA@E@IBEB@JDJ@F@F@HFFCBGHGHAFGFENCHGFAFDBDHFDBBBHFHF@@BB@@@@BAB@@@A@AA@@@@D@BABA@@@@@@@@AAA@@@@@BA@@B@DBJFFHRRHAFAH@B@BDBF@B@FDB@@@@B@B@B@@@BBBBBB@B@@@@A@C@ABGBIBEDEHCFC@EDEDOBCDEFAF@DATARCF@HBD@DAB@DD@DBDFAFAFBBA@EAE@AD@BDDCBEDGBCD@FBDDDFDF@DBAD@B@H@DDFBD@HBBJFBF@FDBBBBBBD@FDLJFFJDDFBDBDBDB@DADAFCPBFDFHLB@OLGBIDGBEBABA@B@@B@@@@@@@@@@A@@@@@@@AB@@@@@@@@B@@@@@@@@@B@@@@@B@@@@B@@@@@@@@A@@@@@@@AB@@@@@@@@B@@@@@@@@BA@@@@@@@@@@BB@@@@@B@EBO@C@AA@GAGCCACCCEAE@E@EF@H@BCA@CAAKHIDGDEBABEACABC@A@ABEBC@CCAEAS@ECAC@CAIAGCCCCEEECEEGCGACCAGA@@BA@@@A@AA@@@@@@BA@@@@AA@@@@@@BA@@@@@@@A@@CA@@AA@@@@A@@@@@CC@A@A@@@AA@@BCAA@CB@@A@@D@@A@ABA@@@@AA@@BAB@@A@@@AB@@A@A@A@A@@@A@@BABA@CACAAA@AA@AACAGAEBKDMDCFABDJADAFAFAJ@JBLDDB@B@@BF@HEFDFDAD@JBBJFFDHDL@DDDBB@BDDDD@LCFCAC@C@@BAB@H@J@JDBB@DGFABBDDDDBD@DCJ@FBHD@@AJDDLNFHD@D@B@DCDAB@B@AD@B@@B@@@ADEHEHCHCD@@HDHHD@DAFCDABBDBBADC@@BDBD@FBDDDDBFALDB@BBB@B@JE@@DAF@FBD@@@B@B@B@FCDCDADANCDABADADAB@FADAB@@@BBAD@F@DBBBFJLBB@@B@PAD@BB@DCDAF@FDFD@DCDAH@HBFBFDB@D@H@F@DAD@JEBCFGDCFC@E@GACDEAABCAGGGEGECCG@ABEBEDABCHIDCDCFED@D@HFDLBBBBALBBF@B@FBDDDBBABCFAD@DBDBDDBDFFFJBD@BE@GBEBED@DBFDDBB@BCBIDGBGDAD@BHFBDDDDBD@FAFAJAJCDAFGFCFCFEBEACCIBEACACEC@A@CBCDAFABAACBCBABAAC@EBC@CCKAABAD@FCFAB@B@D@VBFAB@JEJEHEF@HBBEBKBAF@D@FAFAF@F@HEF@H@FFF@DCHAHBHFFDH@FDEJ@JHBL@J@D@J@PABB@DAH@DBH@D@DCHAFABGDKF@D@FDDFDDD@FABCDED@FBDFDHFBDBH@FBF@B@DAFAH@JADBPDD@BBBAH@BBBHDJBJ@JCJBHFBDHNBHDFFFJLJLHP@JAPBJFFDBHBLDNFNLJJLTFLBPCLGLEHODMBIFAFFFFDPJLDRJXLRJPHLJJLDJBRDLDDFDHAHCLGDGFIFCJEBCBEAEFEJCLAJ@LDHBDDFNDNLJRDL@TAN@L@TFLHJJHJNLNFRDJCLGDG@M@I@KBEFEJAH@B@F@D@FBDBD@D@DADCBADCD@D@D@DA@A@CAI@C@@D@FADBD@DBBBBBBDAB@B@D@BBDDBDDD@D@BADEBCBCDAD@HABABA@C@C@ADCFE@CACIK@CBCACAAEECAAECEACAACA@K@AAACBC@CBG@CDCDC@A@AC@EBC@GEEAA@E@C@CAAAAE@EC@A@A@CACAGAA@CFCBCBEBAFCFADABABA@AAA@AAA@GB@AA@AA@CDEBC@CCCEAABALIDAAAC@AABGAA@AH@D@HDB@H@D@LFFDD@NEFANDHBBBL@HBHBD@H@F@LBD@DBB@B@@AAA@CAC@GAG@ABADAD@JGJI@@RDVHNFJFDDBHDPJTDFFPBJCNENEJGHINAJCH@LADBJ@FAFIHKFIBKJCF@F@LFJFJFTNXHLHFFDLBJALGPGNEPAPCPDJFDFHPFRFNDR@J@JDHBHFJFDHFD@DDBF@LAJDRDPBJBJDTJJFJJDLFLDPLJJNLFJHHFHFDFFHAFIHIHEHCH@L@DBB@DDJDBBL@FAFABCDCDCBCJKBEBAHCFAFAD@DDHFHDN@JAL@L@JBDDD@F@JAH@DAD@@ACEACAGAC@G@G@EBCBEDE@CBCBA@ABA@@B@@B@A@@@A@AAC@A@@@@AB@BA@A@@@CC@@@A@@@A@AAA@@CC@A@A@A@AAAAA@A@@CCAA@A@A@AAAACAA@ACACEAA@A@AB@B@@A@AA@CA@@@A@@@AACCCAC@CAA@GAQCMIMCMBEDGJENAHAJEHKDIBEFEFBHHHNHHF@HATILIJGHADA@@B@@B@@@@@A@@B@@@@@B@@@B@B@@@@@B@@@@@@@@@@@BB@@@@@@B@@@@@@@@AB@@@@@@@@@B@@@@@@@@@@@@@@@HFLFFJFTDNHPJNHHJHL@HCHGDGBKDKFELGNEJCHCNGJMDKDIDO@MEKAOCO@MFEJEHAH@NBLBPDLDBAHAD@B@B@B@BB@@@BABBB@@@B@@B@@@BA@AB@@@@@B@BD@@@B@@@B@@@BBA@@BA@@AA@A@@@A@@BAB@B@B@BDBBF@PFJFHJHLDLDNFRHJDLFNFJDLFFBF@HEFCJFJHFFDFHFFBFHJ@H@NHJJLLJJJNNNHPJRPHJHLNTHFHBHFNHLHDFHHFFFDH@HGDKFEHCHBLFNNJJJLFJHHFLHPDDHJLJFPBJBLAR@RFN@JDJBJBJDFJBJBJBFDFDFBLFBHDJHJHPLJJJNJJ@FADEDMBMJEJERCNDRFPJLAPCREPEJIDIFIHEF@NFHLJNFJHBJBHGHQBOEGIKIIKK@GJGLIJGJGFCLANBPFNHLBR@P@T@RCJ@L@D@JBJFHFLJRBXBZDJDLBVBH@D@@ABGDEJIBAACCEAA@AHAD@D@BB@DADBJDJFNDJDHBD@FABEF@BABDD@FAD@FCDCBAHCFCFCB@BBBD@TDDBFBBDFZBJAN@DBBBBBB@D@DALCHCDBFBBDFLDHDLBH@BBFBD@D@BADEBAFABA@C@E@CDCFEFEJCXEKSAG@C@ABCLED@H@HBJ@FADABADCBADAHBFBD@BAAGCG@A@A@AB@B@DBB@B@DADABAB@B@B@BBBDBBDBDBB@BA@@@C@CBABAB@FBB@@ABCBAB@B@BBBBBBB@DABAFCJIDCDAFAD@D@BADAD@D@B@B@@DBBBBB@F@BBD@B@D@DADBD@B@D@HADADAD@F@FB\\@DBNDD@B@D@DADAFAD@D@J@FAFBN@FBD@DAB@BABC@CAG@C@ABCAECGEKACDCHGHGHCB@D@DFBBB@B@BC@EBC@CDAB@FBHHDBB@D@HCFCD@BBBF@BBBPDF@FDD@D@HAH@D@DA@CBEDEDCFIFE@A@CAKBCDABA@E@EAEAC@CBCAC@CCAEAOCEAE@E@CAACACBC@EDE@C@CAAEAACAEBA@CFCBCBAD@BCB@ACA@CCACAEBE@CACCCKM@CACACAC@EBEDKBE@AFEFCBC@E@IDCAEAA@A@C@C@A@A@CECIECCAC@@@A@AB@FDDBD@@@B@AA@CCCKEMIEGGI@@BCBAHEBEBALGDAFADABABABAAA@AA@C@G@C@ABG@A@AEAAAAGCE@C@CAC@ACCA@CAA@GAEACECEGAAAECACAEACA@AAA@ADE@A@CCCCCAA@ABABA@A@CACCGAEAEAA@A@E@A@CCGCCCAECACAG@I@CEGCEA@@ADALBJDB@BCBEAIBGBAJCL@DADA@AACEEAABEHGNIFADIAAC@G@CAACA@BCBEFEDCPKLGDEDE@A@KBGBEBCDCRGJ@JAR@B@HEHCDAB@B@FLDPBNBFDDJHTLFFJDFBB@@FBDBDFBTHF@B@B@LSBCDEDADAD@BBBB@BBHBDBDDDHDHBB@B@BA@ABAAE@E@C@AHEDC@ABAAAACAA@A@@B@D@LBXDHBDAJKDED@DDLLHDFBJCH@N@HBFDD@FABCACGGAC@IDCF@HDHDHBXGPCBAAEIMMCEAGBG@EAECKKOA_ACCCECKCQ@EDCLEDEBCBMBQBIBIBIBK@KCCECGAI@GDOAKKKSIOCAME]ECCCACAE@CBE@_IIAG@IDEDE@IAGCGMGCCAACACBQB_DEFK@IAKE]AIBODILQJILGLGJKFIBE@CEGGEEQGWGQAEAO@MBGDIBEBK@GAI@@BCGYAA@@@A@A@@@AA@@@@A@@A@@@@A@@@@@AB@@@@A@@AC@@A@@A@@@@@AB@@@@@AA@@@@A@@@A@@@@@A@@@@@@A@@@@A@@A@@@@@A@@BA@@@@@AA@@@@@@A@@A@@@@A@@@@@A@@@@A@@@@BA@@@CGIICECGCEAG@IDG@CAIACGIGOGGCAG@CAACAIAAA@IFE@E@CAAA@IIOAE@K@I@AKCGCKGCGEKCAMCSKKICAA@GBSBUDC@AAEGACIGCECE@C@C@AAAIEAEM]OSSWGEWKCCACA@A@EBA@CAQK@GN]BG@GAG@CNUBC@G@EEECG@EBEAEGGKCOCEACCGCECGACAACGGECAEACA@AAOBE@GACEAGAACAA@IBI@ECcOWGGG@ABGDE@CACCCE@ACCEMUAEACAA@C@CBA@AAEGIAA@EBCHCBC@AGKYYKK@ABAFAB@@CCEGIGKEKAKAG@CHSDMACAE@EDKBCBKBC\\WBCBCAICEGEAABCDEDANAHAD@FEFE@A@EEKCO@GBIB@@A@AB@@@H@B@BAAAEK@@K@A@A@@@EGCG@A@@@AB@D@B@DDJFBFDBBBBB@@FD@@B@@@BAHIL@HBBBFJBDJBPBFAJCNAJ@JFNFTFL@HDJDDBHAJ@FJ@LAR@LAHAJBDBDFFJrBFIjALDDFBPDPDd@RFHJ^VxXF@FD@DLRHDJFHFDH@JBHHHJLRLJFFFDBR@HFDD@HBDEFBDFBRLDBFCFCDCFADEBI@IFKFINEPEPKFIRAPCRAP@LDNLBJBJDLDFDBXDPCJGBG@ODIJIJCJ@PBHBJAFGCIACYmEEAM@IAMDKJKHCFCFCLCPCLAP@JADCBEBKAQACMSCAEAQEQGIGCO@I@OHOJMLKLAD@HEDEFAHAD@DAAG@G@EGQAAIAGACCEKEEAEBEFGJAHEDIAIGMGGEI@KFMFGZaFEFKFMBGBM@EAICKCGGKAI@GAGAECCACEGAEBA@A@ABC@CBA@CBA@ECEACCA@@CACEACAE@CAAGECEAEEGKKACEKCC@CBCFEFAF@DBDBD@D@BCBEBM@E@CBAD@RBF@DBBDBHBD@@LAR@JCBAB@HCFADAFCBEHEBABADABABCBGFEACBC@@B@D@DCDABAFCH@B@DB@DBD@B@DJD@BBBB@DBD@D@FEFCDEDCVLBDDRNfFPDJHHHDJBHCTIHCHAbEFBFFBFBRAJCLCF@DAF@HBLFJTV^jJHLJHJFBFBFDH@DCDAD@DBDBBDBFHCBCDAHAJ@LALAHCJ@LB^HHDDFFFHBJ@HADCJKHGLAPCLANBJFNDFBF@L@HAJCFCF@F@F@H@BGAI@EBCFAFAXHFBH@JDJ@J@LCTGJAJ@HBJBDDHLDHHBN@DAFGHCNCJ@H@LCLAVM@ADCFCDEFCFAFCECGGECICGDKBOCGCECG@O@OEGEGSCSCGAAGGIEGEAABG@ADCBABC@CACEAAC@ABAH@D@@AB@BAAA@C@C@ABCBCBCDCBCBC@AA@GCECEAK@E@EKEGAEFIDEFMDCBE@I@MAA@@@A@@BABABAB@B@B@B@@BB@B@B@@A@@BAB@@BBBA@@B@B@@BB@@B@@@BA@A@A@A@A@A@ABABA@ABAB@@AB@B@DAB@@ABABABAB@D@BAB@B@B@@@B@@@BA@A@A@A@A@@BA@@BBB@@@BA@@@A@A@@@ABA@AB@BA@C@A@AAA@A@A@@BA@AB@B@D@B@@ABA@@@ABADABABC@AB@@@@BBB@@B@B@HAFEDGFIDI@A@AAEACBA@CBA@CAE@GAE@EBCBCBABCBAAAA@A@ECACAAC@C@CACAACCCCEAEACAA@CBA@CBA@A@CCAACAABCBCDABAD@DCFABCBCBC@A@A@ADCD@FAH@HAHCFCDABCBAAEBCBAFABABA@CBCBABADEDEBCB@@CBCBABAAC@CAC@C@C@A@EBCDCFEFAHABAB@D@B@@CBCBGBG@GBGAEAGBA@C@C@AAE@CAA@C@C@CBCACCCCCEACCCCAEAC@AAC@CGEGCCACCEEAG@CBE@CAACCCAC@C@EAE@GEECAA@CEECCEACACBA@C@A@A@AAAC@CBE@G@GAECECCAAC@GAE@CBADCFCFG@EBCAA@AACC@AAA@AAC@CCECECAAAGAE@ACBA@CBABE@CACAAAAA@C@ADCBCDC@CBA@A@AAAACAC@@CAE@CAAACCAEAE@G@E@IBIBEDGDA@ABA@ABE@CA@C@C@C@CAEAE@G@GAO@ABC@C@C@CACACACAM@C@ABADADEDCFADADADCBC@C@E@CCICIAEAE@C@CAAACAEAEBC@EAI@G@EBCBGBGBCBEB@BADADA@CBA@C@CAAACACBAFGFCDCBCBEACBADGFIBEBEBEDADADADBDADABADCBC@E@E@KBK@CAG@CBCDCDCLOBA@A@@@C@ABAFCFEBC@A@ECCA@EAEEAEA@@AAA@AAACCA@ABAC@C@A@ACGBA@AAA@AC@AAAAG@@@C@C@@CB@@AB@@A@@@@@ABAAEC@CBEACFC@@@A@C@IAKCEEIE@CEDC@CBAAED@DEJAAC@KFEA@G@ACCAE@GBADABA@ADE@CBECCDCACCEEEA@AACGCAEDCDCA@HE@CAE@E@ABCBEAACAG@ADAAGEGA@EGCIBE@CBCAAFGD@FCDC@EAGCA@ABCBA@CEE@GDCF@DD@ECCACBABACC@ABC@ICCGCG@BACGACCIDG@GCCGFGHAAAAGHA@GGAA@CC@CCEBABCBCBGCAACB@BCBCAABBDC@ADCAA@@@@CEBADECG@AD@BEBABABADC@CAEB@@ACCDE@ACADA@@DE@CBA@AAEFA@DBCDCD@@@DC@@@AJCBEAA@A@A@@@A@ABE@CAA@AAAA@A@A@ACC@@@CBG@AA@AA@E@EEA@B@@@@@B@@@@@@A@@@@@@@@@A@@@@@@@@@@BB@@@@@@@@@A@@@@@@@A@@@@@@@A@@@@@@B@@@@@@@@A@@@@@@@@@@@@@@@@@@@@@@@@@@@@B@@@@A@@@@@@@@@@@@@@@B@@@@@@@@@@B@@@@A@@@@@@@@@A@@@@@@B@@@@A@@@@@@@@@@@@@@@@@@@A@@A@@@B@@@@@@@@A@@@@@@@@@@@@@@@A@@@@@@A@@@@@@@@@@@@A@@B@@@@@@@@A@@@A@@@@@@@@@@@@@@@@BA@@@@@@@@@@@@@@@@B@@@@@@@@@@@BA@@@@@@@@@@@@@ABADABABABCBABA@ABA@EAEDAAA@AAA@AQ@EGACECEDEBACI@GGECCCKBIA@OFEADMEAAEB@BEBKAKBGBCAC@ACCFGACAABCBE@GA@O@ECACBAFA@IHCB@LCJ@HDBABGCAACDCHPB@B@DGBHHCL@LABAEE@CCMDIBCEAIAEACBE@CCCAEBGIAEEG@@DA@IIGEBEBA@@AAGKKCABAAGCA@K@IDE@AAG@AEAEAC@OFKF@@AEC@ECADA@C@ABBHMESME@ACGBEA@FHDIFE@CAICOMAGCBIDKEUCEDAECBAFEFC@BEICEDCAMA@I@IAK@AEC@CDEBE@GFGBK@I@ECGFEBGAGCEMCAC@GAE@ECGBKBICEGECI@CCEGGCC@KCCC@AGE@IDIOCCBEGGEGIAGI@EAKM@ODG@UBAC@E@ACABCDGEAAEACCE@AFM@CEKC@AMBGCC@MGGBCEG@EDCB@HGDEAGAQACIEEAEEAAAKCG@CACIICECEAGAIAIBMFGLEHCDABC@ECIGEEAMEGMCCG@@GD@@@B@BACG@@C@EMBM@A@@@@@@B@@BBB@DD@@@ACD@DBFFPKB@DAAW@CAECC@GC@A@@CBEDCFCDENQCC@GB@FCLADC@CCCCIAO@O@K@M@@@KJAB@@@DFJGDK@@CCMIG@G@KI@@UEBCTABI@EAE@A@A@@B@BC@ABBB@B@B@@AAE@@ADBB@@C@C@@C@ABDBABACAAA@AEB@@BADABCA@@GA@A@AEBE@@AO@OBKDGDAHEXUJAB@BAFBD@NBFAHDBGB@B@@@HDAFNFBAAGCAAIEABICCBCFCFEAMDC@CGEAAGBQOEMF@EEG@CBAE@AE@M@AGEACCCAJK@@@CBAB@@ABAFAB@FC@CACEA@ACE@AA@@A@@AAC@C@CAAAAAA@C@AACCA@AAA@C@A@@C@A@@@AAACAA@ABA@ABA@C@A@A@@@A@@AA@@@@AB@@@BA@A@A@ABABA@AB@@A@A@@@A@E@ABABA@AC@CAAA@ABA@CBAB@D@BA@AD@@ABA@ABA@A@AAA@ABABA@@@C@C@CAAA@AAAA@CAC@C@CA@CAAAA@@AAA@@@AC@AA@ABA@AA@A@AC@@@C@E@C@CBCAC@AACEAAACACABA@A@@@AAAA@AABCAACAAACBA@@@AA@AAA@A@CCCA@A@A@EACAAAABA@A@A@@@A@@A@ABA@ABAAA@A@ACAAA@A@AAA@AA@AAAAC@CBA@A@AA@AAA@ABA@ACAAACAABA@C@A@BA@AB@BA@A@AAAAA@A@AA@A@AA@A@@AAAA@AA@CAA@A@CAABC@@AAABA@AD@B@B@@@@A@@AAAE@A@@@AAAAAA@AA@A@A@@B@B@BABC@A@@@C@AAA@AAAAA@@C@A@@BA@C@ECCAA@A@AAAAA@@C@EAE@A@AA@AAA@CB@BCDCBA@ABA@A@A@AAAC@A@@@A@AAA@AC@CAEAAACAC@CAA@@A@A@AEC@AAC@A@ABABA@A@@AAA@@@A@BA@@@A@@A@A@AACA@A@A@C@A@ACCCACCCACACAAC@@A@C@A@A@C@@@@BAB@@CAA@@ACBA@ABAAAA@A@A@A@A@CAC@AAAC@CAC@@AA@@BBBABAAA@ACA@C@A@CA@@ABABA@A@@AAA@@C@C@AB@DABABA@C@AAA@C@A@A@ABA@CAA@A@C@@@@D@BEAA@@A@A@AA@AB@@@B@B@BA@AA@CAAAA@@AAAB@@@@@@AAA@A@A@CBABAB@B@BABA@@BAA@AAA@A@A@AA@A@ABA@@B@BABA@C@A@@@ABA@A@@@A@@@A@@BAB@@ABA@AAA@BCBA@@A@C@AAC@A@AD@BABA@@AAA@AAA@@@ACA@@CBABABA@CAAC@A@C@A@A@@AAA@A@C@@AA@@AA@A@@AA@A@C@A@ABA@C@C@A@ABA@@AAAA@A@AB@@E@E@A@ABC@@AA@AA@AAA@@@AB@B@B@@ABC@A@ADA@AB@B@DAD@@@DABAB@BCBABAD@BABADABABA@AAA@A@AB@@C@CBABADABABA@A@A@@@C@A@A@AC@@@AAAA@CAC@@AAA@ACCCAAAC@A@AAA@A@AAAAAAAAAC@AAA@ABA@C@C@A@@AAAA@@A@@@ABA@CAA@@@A@A@@@A@A@AA@ACAAAAAAA@C@CBCAC@C@C@A@C@AA@AAACAA@ABCBA@AB@BADABC@AAC@AAC@AACAAAA@CAA@C@@AAC@A@AAACAA@EACACC@AAC@AC@CDA@ABEDA@@HCBA@E@C@E@EAECAAE@AAI@C@AA@ADEBC@GAC@AAA@CAAACAAEEGCEAA@ICC@G@G@GBEDC@EBG@CAEBEBC@G@GBC@AE@@@A@EBEDCBEAEAGB@@@UQIAI@IDCBEBCAA@CBCBA@CCCCCAG@EBCBEBC@MAGA@AAAEAEAC@AAE@AAGCCCEEAG@C@C@A@A@C@@CAC@CAA@EHCN@DADEDEDEBCDCDAFAB@BGDE@AAAC@AAAC@C@CBABCC@CBEBCBGBG@CEKOCGAAA@A@@DEFCDADABA@A@A@CCECG@EDC@ABABC@ADEDGBCA@AA@@G@EBCAC@CCCE@A@C@C@AACACCAAAAC@C@CBACG@AHKHM@@@E@@KQEAG@EAEAE@I@I@EBEDEBCBGHEHEDCBEBE@CACC@AAADKBE@AB@BCDCDABA@MBCDAHAD@J@BABADCDCBC@C@M@ABU@AAEACCCAECA@AA@@EBADG@@FE@E@EBICAAAAG@GBCBEFCDCDA@ABCBABAB@D@BFBDBBDBD@DCHAJCBABEBEDEHM@C@AACAC@CBA@A@C@A@CB@BADABADAD@B@BADCBCDAPY@WZAFEBA@C@CCCACCCC@AAC@ICE@AAA@AAE@CBEACAA@@@C@CBAD@@GDEDO@@BCDCDCFA@CBABC@@B@BABABC@CACCAC@A@AAA@AAA@ACAAAAC@A@A@AACCAEAC@CBMEGEAI@@DADE@CEEGKCAEAC@MCGAE@EBIECAECACAA@A@ACCCCAE@EAC@CBEDE@ABA@CBABC@AFEBAL@D@DEB@DGFE@G@AB@DA@A@ABGFSA@@@A@@@@@@@A@@@@@@BA@@@@@A@@@@@GAAA@@@@@CACCAAA@@@@@@A@@@@@A@@@@@@@@@A@ABC@ABA@@@@@EA@@A@@A@@@@AA@@@@@@@@A@@@@A@@@@@@@@@@@ABA@C@@@@CA@@GA@@A@@@@@@@@AA@EGCAGAA@@@A@@@@@@@A@@@@@GCADABAB@BEDABCBG@@@A@@@@@@@A@@@AAA@A@@AK@ABGDCF@@@BAB@@@@@@@@B@@@@B@@@@@B@@@@@B@B@@@L@BB@@@@@@B@@@@B@@B@@@B@@B@@@@@@BB@@@@BB@@@B@@B@@@@@@@B@@@@AB@@@B@@A@@@@@A@@@@@@@A@@@@@AB@@@@C@MB@@A@A@G@@@@@A@A@@BA@A@@BA@@@IFQF@@@@AB@@A@@@AB@@@@@@ABA@@@A@@@AB@@@@AAA@@@@@@@A@@@@AA@@@@@@@@A@@@@A@@@@A@@@@@@GCEE@C@A@@@@@@@@@@A@@A@@@@@@A@@@GE@@@AA@@@@@AA@@@@@AA@@@@@AA@@CC@G@@@@AA@@A@@@@A@@@@@@@@A@@A@@@@A@@@@@EG@@@A@@@@@@@@@IBCACA@ACIC@@@@AA@@@@A@@@A@@@@@A@A@@@@@A@@AA@@@@@@@AA@@@@AA@@@@A@@@@@AA@@A@@@@AA@ICC@CD@@@@@@A@@@@@@@C@@@C@A@@@@@A@@@@@E@C@A@CBAB@@@@@@@@AB@@@@@BA@@B@@@@@B@@@@@@@@B@@BB@@A@@B@@@@@DBBF@B@@IFGHCB@@@@@@@BA@ABAB@@AB@@@@IJABA@@@A@@BA@A@@BA@AB@@A@AB@B@@@@A@CF@DAB@B@@A@AB@@@B@@@@BB@@@B@@@B@@ABABA@A@@BA@@A@@A@AA@@@@A@@@@@@@AB@@@@A@@@@@@@AB@@@F@B@B@@A@@B@@EDGD@BA@EB@@EDE@A@GBA@@@A@@@@@A@CD@@AA@@AA@@@@A@@@@BA@@@@@AAA@@@AC@@AA@AA@@A@@@@B@@ABA@@BC@@@CAC@A@AAE@@@@AA@@A@@@@@AA@@@@@@A@ACAAA@A@ABA@@@ABA@@@@@@@AAA@@E@CAA@@AA@@A@@@A@A@@@A@@@@@@@@@@A@@@@@@BA@@@@BE@@@C@A@A@@@AA@AAEAA@A@AA@@A@@A@@A@@@AAA@@@A@A@C@CB@B@@AB@B@@ABA@ADAB@@@BA@A@@@ABA@@@@@ADAB@@@@A@A@C@@@@@CB@B@F@B@@@@@D@BA@@@@@@B@@@@CD@@@@@@ADA@@B@BCB@@@BAB@@C@A@@@@@AC@@@AA@@A@@ACAE@@@@AA@@@@@@@AAA@@@A@@BA@@@A@@@C@@@A@@A@A@AB@DA@@@BB@B@@@BA@@@A@@@A@@@@@@AA@@@@@@@ACAA@A@A@@BC@A@A@@BAA@@A@A@@AAAA@AA@A@AB@A@A@@A@@AAAA@AAA@@A@C@C@A@@BC@C@@@A@A@@@@@A@@@@@@@@@@B@@A@@B@@@BAD@B@@@B@@A@@@@B@@@@@@@@@@A@@A@@A@@@@AA@@@@@@B@@A@A@AB@@@@@@@BA@@B@@@B@@BB@@@@B@@B@@@B@@@BA@A@@BC@AB@@A@@@@@@B@@@B@@@BA@@@@BCB@DC@@B@@AB@@@B@@@B@@@B@B@@@B@BB@@@@B@BAB@@A@@B@@A@@@@@@@A@@B@BE@AB@@@@@@C@E@@@AA@@@@A@@@A@@@A@A@AAE@A@@@@@@@A@@@@@@@@B@@A@@B@@@@@@@B@@@@@@A@@@@@@BA@A@A@@@@@@@A@@@@@@AA@@@@EA@@@@AA@@@@@AB@BA@@B@@@@@@@B@@@@A@A@@C@A@@@@@@@A@@@CC@@@@@@@@@@AA@@@@@@@@@BA@CDCB@A@@A@@@@@A@@@@@A@@@@@AA@@BA@@@@@@@@@AAC@ABA@A@@B@@@B@@A@@@@B@@@@@@@@@@A@@B@@@@A@@@@@AB@@@@@@@B@B@@@@@BA@@@@@@@@@A@@@@@C@K@@@@@@A@@AC@A@@@@@@@A@@@A@@@A@@@AC@@@@@@@@@A@@@@@@@@@ABB@@@@BAB@B@@@@@@AB@@@@A@@@A@@@AA@@AA@@@@@@ABA@A@@@@@@@AB@@@@@@@A@@@A@@@@@@@A@@@@@AAA@@@@@@@@A@@@@@A@@@@DC@A@@@AB@@A@@@C@@ACBC@@@A@A@@@@@AAA@@@A@@@@A@C@@A@@AA@@@@@AA@@A@@@@@A@@@@@@@@B@@AB@BC@@@@@@@@@@@A@@AC@@@@@@@@@A@@@@@@@@@@@A@@@@@@B@@@@A@@B@@@@@AA@@@@@@BA@@@A@@BA@@@@@@@@@@@A@@B@@@@A@@@@@@BA@@@A@@@@@AB@BA@@BC@@DC@@@@@A@@@@AAAC@@@A@@@@B@@@@@B@BBB@@@@@BAB@@@DABA@@@A@@@@@@@A@@@@@@A@@AA@@@AA@@@@@BA@@@A@@@@B@@A@@@A@@@A@A@@@@@@@A@@@@@A@@@@@@@@C@@@@@A@@@A@@@@@A@@B@@@@A@@@@BA@@@A@@@@BA@@@@@@@A@@@@@@@A@@AA@AB@BA@@@@@@@A@@@@@@@@@@@@@@A@@A@@@@@@@A@@@A@@@A@@@A@@@@@C@@A@@@@@@A@@A@@@@A@@@@ACAC@A@@A@@@@A@@@@AA@@@@@@@@@A@@@@@@@@B@@A@@@@B@@A@@@@@@F@@@BA@@B@@@@@@@BA@@@@@@B@@@D@@@B@@@@@B@@@@@@@@@@@@@@A@@@@@@@@@@@A@@@@B@@@@@@@@@DABB@@@@B@@@@@D@BA@@@@@@@@@@@A@@@@B@@A@@@@@@B@@@@@@BB@@@@@@@@@@A@@@@@A@@@@@A@@@@@@@@@A@@@@@@B@BB@@@@@@@AB@@@@AA@@A@@@@@@B@@@@A@@@@B@DADC@@B@@@B@DGBAB@AA@AB@BA@AA@C@AA@@@@@@@A@@@@@ACAAACAA@A@A@@@@@CA@AA@@@@@B@@@@A@@B@@@@@@A@@B@@@A@@@@A@@A@@@@@@@ACAAA@@@@@@AA@@@@@@@AA@@@A@@B@@@@@@@@AB@@@@@BA@@@@DA@@@@@A@@B@@@@@@@@@@@B@@@@@@BB@B@@B@@@@C@@@@@@@@@@@BB@@@@B@BABAB@B@BA@ADA@A@@@ADC@@@A@@BA@B@@@@B@@@B@AA@C@@AAA@@A@@@ADA@AB@@@@@B@@@B@BA@@@AAC@@@C@ABBB@@C@AA@A@A@A@@@@AA@A@A@@@@A@@@A@@B@BAB@@A@AAAAE@A@@BA@@AAAA@@AAAAA@@@ABC@A@@BABA@@@CCA@A@AB@@ACA@A@A@A@A@A@CA@@@@ADA@@@A@AAAA@@A@ABA@C@A@@AA@@AAAA@A@ABCDABA@CA@@AAG@C@CAA@A@ABABEBA@ABA@AB@BAA@@@@@@C@@@ABA@@BABCDABGLCDWHCB@D@@CBEDED@A@@@A@@@@A@@@@@@@@@A@@@@@@@@@@@@@@@BA@@@C@AB@@A@A@@AAA@AC@@@CAAAA@@BAB@@A@A@@A@@@A@AA@A@@@AB@@@@AACAA@@@C@@A@AA@@A@ABEA@BAB@@A@A@@@@@AB@B@@@@CA@@@@A@@AA@@AA@AA@@@@AAAAA@AACCA@@@BCAA@@CA@A@@@@@A@@@@C@@@@@@@AB@@@AA@@@@@@@@B@@@@@@@@@@@@@@@@@@@@A@@@@@A@@@A@@@A@@@A@A@@@AA@@A@@@A@@@A@@@@@A@@@@@@AA@@@A@@@A@@@A@@@@@A@@@A@@@@@A@@@AA@@C@@@A@A@@BA@@@A@@B@@A@@@@B@B@@@@@@@@@@AA@@@@@BA@@@@@@@A@@@A@@AA@@@@@@@@@@@@@@B@@@@@@@@A@@@@A@@@@A@A@@@@@@BA@@@A@@BA@@@@@A@@@@@@@@BAB@@@AA@@@@@@@A@@B@@AB@@@@@@A@@@@@@@@@@@@@@@@@A@@@A@@B@@@@@B@B@BB@@B@@BB@B@@A@@BA@@@@@A@A@@@@@@AAB@@@@CB@@@@@@A@@@@@A@@@@A@@A@@B@@@B@@@@@B@@@B@@@@A@AA@@A@@@@@A@@B@@@@@@B@@B@AB@@B@@A@@@A@@@@@@BA@@@@@@@@@A@@@@@@@@A@@AA@@@@AAB@@@@@@B@@B@@@B@@@@@@@@A@@@@AA@A@@A@@B@@@@ABC@A@A@@@A@A@@@@@@@AA@@@A@@A@@@@@AA@@@@@@@@A@@@@@@@@BA@@B@D@@@@@@CD@@@@AA@@@@A@A@A@C@@@A@@@@A@@@A@@@@@AAB@@A@@@A@@@A@@A@@A@@@@@A@@@@BA@@@@@A@@AA@AA@AA@@@@@A@@BA@@@AA@@A@@@AB@@A@@BA@AB@@A@@@@@A@@@@@@@@@@@@@A@@@@@@@@@@@@@@@@@@@@@@@@@@@@@@AA@@@@B@@A@@@A@@@@@AA@AAAAA@AA@@@AA@@@@A@@@AA@@@@AA@A@@@@@A@@@@@A@@AA@A@A@A@@@@@A@@EB@@@@@B@@@B@@@DAB@@@@A@@@@B@@@@@D@@@BA@@@@BAB@@A@A@@@A@@B@@C@@B@@@@@@@@BD@B@@@@BBBB@@@@@@AB@@A@A@A@@B@@A@@B@@A@A@@@@@A@A@@@@@A@AAA@@@A@@@A@@ABC@A@AA@@@AAA@@@@@@A@@AA@AB@@A@@@@@@@A@@A@C@@@@A@@@A@@@@@A@@@AA@@@A@A@@@A@@A@@@AA@@@@A@@A@@@A@@A@@AA@@@C@@A@@A@@B@@@@@@A@@BAA@@A@A@A@@@A@@BA@A@@@A@@@@@@A@C@@@A@@@@@A@@@@@A@@@A@@@@@@@@B@@AB@@@@B@@BB@@@@B@@AB@@@@A@@@CB@@@BA@@@@@@@BB@B@@B@@B@@@B@@@@@B@@@@AB@@A@@@@B@@@B@@@B@@@@@@@@@@@@A@@@A@@A@@@@@@@@@A@@A@A@A@@@@@@A@@@A@@AA@AAA@@@A@@A@@A@@@@@@@@@A@@@@@A@@CA@@@@A@@@@A@@@A@A@@@@@@@@B@@@@@@@@A@@@@AA@A@@@@@@A@@@A@@@A@@@@@A@@@@@A@@A@@@@@@@A@A@@@A@@@@@@@A@@A@@@@@AB@@A@@AA@@@@@@A@@@A@@@@AB@@A@A@@@@@A@@@@@A@@AA@A@@AA@@@@ABA@@@@@AA@@@@@@@@@AB@B@B@@@@@@@@A@@@@@@@@A@@@@@@@@A@ABA@@@@@A@@B@AA@@@@A@@@@@@@@@@A@@@@@A@@@@@A@@@@@@@A@@BA@@@@@@@@@@A@@@AA@@@A@@@AB@@@@@A@@@@@AB@@@@@A@@AA@@@A@@@C@@@@BA@AB@@@BA@@@@BAB@@@@A@@BAB@@@@A@@@@@@@@B@@@@@BA@@@A@@@AB@@AB@@AB@@@@@BA@@@@@@@A@@@@@A@@@A@@@ABA@@@AB@@A@@@@@A@@@A@@@A@@AA@@@@A@@@@A@@@@@ABA@@@A@@@A@@@@AA@@@@@A@@B@@@B@@@@AB@@@@A@@@AAA@@@@@@BA@B@@@@B@@B@@@@@@@@@@@AB@@A@AA@@A@@B@@@@@@A@@B@@CA@@A@@@C@@@A@@@AB@@@@@@@B@B@@@B@@@@@BA@@@@@@B@@A@A@A@@@A@AB@@A@@B@AAAA@@@AA@@A@@A@@@@A@@@@B@@A@@@@BA@@@@@@@A@@@@@A@CA@@A@@@A@@@@@A@@@@AB@@@@@@A@@@AB@AA@A@A@@@@@@@AA@@A@@A@@@A@@@A@@@@@A@@@@@@@@@A@@A@@@@@@@@@A@A@@@@@@A@@AAA@@AA@@@@@@A@A@@@@@A@@@@@@@@@@@A@@@@@@@@@@@A@@@CA@@EC@@@@@@@A@@A@@A@AAA@@@@A@@@@@A@@@AA@@A@AAA@@AA@@@AAA@@@@A@@@@@@@@A@@AAAAACAA@@AA@@@C@@@AAA@@@A@@@@AA@@@@@@A@@@A@@@A@@B@@@B@@A@BB@B@B@@@B@@@BA@@BAB@@@CA@AA@@@@@@@A@@A@@AA@A@@@AAC@@AA@@AC@@@A@@@@@@@@@C@CB@@A@A@@@@@@AA@@A@@@@@A@@A@@@@@A@@@@A@@AA@@@@@@@@@AA@@@A@@@@BA@AA@@@@@@@@@@@@@A@AA@@@@@@@AA@AAAA@A@@@A@@@A@@B@BA@@@@@AB@@@@@B@B@@@@A@@@@@@@@@@A@@@@AA@@@AA@@@@@@@AB@@@@@@A@A@@@@A@@@@AA@@AACA@@@BA@@@A@@@@@A@@@AA@@@BAB@@@@@B@@A@@A@@@AA@@@@@@@ABC@@BA@@@@B@@A@E@@@AA@@A@A@@@@@AB@@@@@@A@@@@AA@@@E@@@A@@@@@A@@BA@@@@@@@A@@@@@A@@B@@A@@@@@A@@CC@@AAA@A@@A@@A@A@@@@@@A@A@@BABAB@@@@B@@@@@@@BB@@@@@B@@@@A@@A@@CA@@@@A@@@A@@@A@@@AAA@@AA@@A@@@@@A@@@@@@@@@@@@A@@@@@@A@@@@@@A@@@@BA@@@@B@@@B@@A@@@@@A@A@@@@B@@@@@@@BC@@@@@@A@@A@@@@@@@A@A@@@@@A@@B@@AB@B@@@@@B@@@BA@@B@@A@@AA@@@@@@@A@@B@@@@@B@@@@A@@A@@@@@@@@A@@@@@A@@@@@@@@@BA@@@@@A@@@@AA@@@BA@@@@@@@@A@@@@@@@@B@@A@@@@@@@@@@AA@A@A@@@A@@@A@@@A@@@@@@@AB@@A@@@AA@@@@AA@@@A@@A@@AAAA@@@@@@@A@@@@A@@A@@A@@@C@A@@B@@@@@@@@@B@@@@A@@@@AA@@@A@@@@BA@A@A@@AA@@@@@@@A@@@@@@BA@@@@@C@A@@@A@@@A@@@@@@@A@@BA@@@A@A@A@@AA@@@@A@@@@@A@@@E@@@ABA@@@@@A@A@A@@@@A@A@@@@@@@@AA@@A@@@@@@@@@@A@A@@@@AA@@@@@@A@A@@@@A@@AA@AAA@@@@A@@AA@@A@@@A@@@C@@AC@C@A@@@AB@@@@@BA@@@B@@@BB@B@@AF@BA@@B@@@BA@@@@@A@@@A@@AAA@@@@AB@@A@@@@@A@A@@@@A@@@A@@@A@C@@A@@ACA@@A@@@AB@@@@@@BB@@@@@BA@@@@B@@@@B@@@@@@@@B@B@@C@@@AB@B@@@@@@@B@@@@@@A@@AA@@@AA@@@A@@B@AA@@@@AA@@AB@@AAABAAA@AABAA@AA@@BA@@@@@@A@@AA@@A@AA@A@AAA@AA@AAAAAAA@C@A@C@ABA@@@A@ABA@@B@A@@@AAA@@A@AA@@AA@@ABABABBB@BA@@@A@AA@@A@ABC@BDBBA@@@AB@BA@@@A@@AAA@AAACEACAAA@AAC@GBA@@B@@@BABA@A@A@C@@ABA@@@AAC@@A@C@EC@BA@A@@A@C@CAC@@A@A@AB@A@@@@AA@@A@CAABCDE@A@ACCD@BCAKAEBBB@@C@CB@@@D@BABC@AAAAAC@@AC@@@A@AAA@A@@@A@AB@@A@@@A@A@CI@AAA@CB@DABACAB@D@BADABAAABABG@CB@DADBDB@@F@DCJCFAD@F@DADAB@DADEDABE@CA@CEC@A@A@@@A@@AAB@B@@A@@AE@A@A@A@@ACAA@AAC@AAAACA@ACA@AA@ABA@A@AAA@AAAACACAAA@@A@ABE@AAA@@A@@A@@AACAA@A@@A@@@@AA@A@A@ABA@AA@@@C@@@@CBC@ADCB@@C@AA@@AAACGBAFA@ABAA@A@@@B@B@@A@AAA@AAA@@@AB@@A@@B@@A@@B@@@B@BEB@BC@ABA@AAA@AAAA@BAB@BABCBAAA@AA@AA@A@GBCBA@A@CAE@ABCDCDCHMNQFE@C@EAC@IAGBA@CDKDEFEFEDAHKBA@E@C@G@KCG@CAG@E@A@C@GEBM@_ES@UBeFaHmTeXQTQjGXQ^SRUPQBCBUCQGCIEAoSasU³YUGéEcAOKAMBiCIMSQcOwUoI]@QFlYRYJSDOBKAKEMBEFELCV@PBLDHBFJLVVbR¦XdVJLFLDP@RCTEPGLGFMFQDIAGCIAIDKDEDCH@DC@HFoDsAyDmN[PadGL[MG@EAE@C@ECAAACM@A@KGCACB[XGDEBUBMAGAECCAMECECGCCC@W@C@CAGC@I@@@A@@CAA@@AA@@@@A@A@@A@@@A@@@AB@B@@A@@BB@@B@B@@AD@BAB@BCBABAB@BABABED@B@@@@@B@@@B@B@B@@@BAB@@B@@@@BB@CF@@@BB@BB@B@BQTUJKFE@AAAA@E@IBEFMDGBIAGEOGIMMEEYGE@E@CBAD@D@DBBNJRHJFHJJJBD@D@DAFCHCFCHG^CHEFEDG@GACGAGBMAGCEG@IBIJ[bOVMLIFKBS@UAQEUSYYYiMMGGEEGGAA@AAE@GAEAICCECECCC@CACAECCmWCC@CBE@GAEEEKGOG[IWEYAKuDNQAOE}USGOGEGCCGEgMAI@I@EFCH@JDHHJTTVZFJBFDHJRJPBTBNCPAFEJKNIFMBG@A@QESEMIGIEKEKCCOGYESGIIAA@ABCBCFCJChMTKJGDI@IEEOIoM{E_@SF\\UFEBGHCDEJCHEDIDMBGBGAIAG@A@CAABC@ABABAAC@AAC@@@A@AAE@E@A@A@ECA@C@A@C@CB@@AAA@@CAA@AA@AAA@ABA@A@@@A@@@AA@AAAAA@@A@A@A@ABA@A@C@AAC@A@ABCB@@AFELAFAHCFAFAFAD@B@BBB@B@@@BABCBCBCBCDCBCBABCDABAB@F@D@B@@AB@@C@A@AAA@EC@@A@@@ABA@ABA@@@A@A@@@ABABA@ABA@A@@@A@@@@A@@@A@A@A@@AAAB@@A@AB@@AB@@BB@@@@@B@B@B@@@BABA@AB@@A@A@AB@@A@A@@BAB@@@B@@B@BB@@BB@@@@@BAB@@@B@@@B@@ABA@EACB@@A@@BA@@B@@AB@@@BBB@@BBB@D@B@B@@BB@@B@B@@@B@@@BABA@@@A@@@ABA@@@@B@B@@B@@BBB@@BB@B@@AB@@CBABABA@A@A@@@A@A@@BAB@@@B@@BD@B@B@B@B@B@BA@ABC@A@ABA@@@AB@@@BBB@BAB@BCBA@ABAAA@C@EB@@@B@@@D@@@BA@ABA@A@@@ACAAAAC@CAC@AAA@@A@@@C@A@CAA@@AAA@A@AB@@AB@@ABA@@@A@@A@@A@ABA@AB@BAFABEF@@CBA@A@A@A@A@@BCBABA@A@GBC@A@A@A@ABA@A@@@@A@AAA@@AAC@AAC@A@A@ABA@A@A@A@@@AAA@A@ABA@@BA@A@AAA@AA@@@A@C@A@AA@@@CAA@CBAAA@A@@AA@B@@A@@@A@@A@A@AAC@AAC@@@C@A@AAA@A@A@C@A@ABA@A@AACAC@EAA@@AA@AACCCAAAAA@AA@AAC@AAC@A@CAA@A@A@@@AA@@AC@@A@A@@A@@AA@@CACA@ACACAC@A@@AA@AAA@@AA@A@A@CA@@A@@@@BA@A@@@CCA@A@A@@@A@@AAA@AA@@@A@A@C@AAA@A@A@A@@@A@A@ABA@A@CBEDCBC@ABA@@@AAA@ECCAECECC@EAGAE@GAG@SAE@A@A@A@AACCAAA@AAG@E@A@A@A@ABCB@BA@EFGHCDCDABA@AB@@@BA@@BA@A@A@C@A@A@A@A@@@AA@@AA@AAA@A@@A@AA@@CBC@C@A@@@A@@@A@AAAA@AAAAA@@AA@AA@@AAAAAA@@A@A@AA@A@@A@@@@@A@AAAAEA@AA@CAA@@A@@@ABA@AB@@ABAD@@A@@@A@AA@@A@A@@@@A@@@AA@A@@AC@G@A@A@@BCB@@CB@@CB@@IBEBEBA@A@@@A@CA@@C@A@A@A@A@A@ABC@@@ABA@@@AB@@A@@@@@A@@@A@@@@@@@A@@@@@@@A@A@@@@@@@B@FDB@BBDDB@@@B@BB@@@BBB@B@@AB@@@BB@BDBB@BBD@BCFEFABCDEFAD@HANALALGHADIHO@QGYIaQ][_]EOSWGAMBKDMDAH@D@p@PBVARMZWbU`U\\O\\INIHGBGAOMQCSCMEKMCMGGKGKBQDSHMBOFMHCBCHAF@LCLEHGFMHMDQBKFIDKHGJKHIHIJMJKJMHGBGBILGJIDO@OBQ@SBOBODKDKHQFKPCJ@H@LDRNRLJNHRJLLPJJHFL@^CPILIHMHKFIJIHMFSBG@IFE@MKKSKIMGKCI@IBKDMHMFEFEHENAL@RAJCFEBEDEBGBK@SFODODSJODI@MASCMIKCCA]BOFGFCFILENCNIFIBKBQDUBGBSCEECIAGGWEGEIGGMGUKGAIAAB@@EDBNCFIBAJANCFAFDJJJFHLJLHHJFJ@TCPARBDNNFPBJAHCXGLCFOREPETCNABAB@@@B@@@@DBBB@B@@B@B@BB@@B@@B@@@B@B@@@@BD@B@B@B@B@BBD@@BBDBB@B@DAB@@BB@@@@@@B@@@B@@@@@B@@@@@B@@@@AB@@@@@BA@AB@B@@A@CB@@@@AA@@@A@@A@@@A@A@@@@@A@@@AA@@@@A@A@@@@@AB@@@@@B@B@@A@@@@@A@@@C@@@@@A@@@A@@@@BAD@@@@A@@@@BA@@B@@A@A@A@@BA@A@@@@B@@@B@B@BBB@@@@A@@BA@@@A@@B@@@D@BA@CBABABAD@BB@BBD@DB@BBBDH@@@@@BBB@BBF@D@B@@CD@@@@@B@@BAD@BA@@B@B@B@BA@@B@DBFBDBB@DDBDBDAH@B@DBB@@D@B@@@@F@@@BA@@@A@A@@BA@@B@@@D@@ADAB@@@B@@@B@BAB@@@@C@@@@@@@@B@@BB@BBB@D@@AB@@@BA@A@AB@@@@BB@D@B@@ABABAD@B@DBF@BABABAB@@ABAB@BAB@B@B@@@@@@@BB@@D@@B@BB@BB@BBB@@B@@@B@B@@@@@@@BBB@@@@AB@BABA@ABA@@@AAA@@@ABABA@AD@@AB@@C@C@@@A@A@@@A@@@AA@@@@A@@@A@@@AB@@@@CB@@@B@@AB@D@@@BB@@BBB@@@D@D@B@B@@ABAB@@@@@B@@BD@B@B@@@B@B@@@B@BA@@B@B@@@B@@@B@@@BA@@@A@A@@@A@@@@B@BA@AB@@@@@@@B@@AD@BAD@DAB@F@@BDBBBD@@@@@B@@A@@@A@A@@@ABA@@@A@@@A@@@@BA@@@@@@B@@A@@@@B@@A@AB@@@@A@@@A@@@A@@@A@A@A@@@@@A@@@AA@@A@@@A@A@@@A@@@AB@@A@@@A@@@@AA@@AA@@@@@@@A@@@A@@@@@@@A@@A@@A@@@A@@@A@@AA@@@AA@@A@@@A@@@@@A@@@@@AA@@A@@@@@A@@@A@@BA@@@@@@B@B@@@B@@@@@@A@@@@BA@@B@@AB@@@@@@A@@@A@@@@A@@AA@@A@@@@@A@@@A@A@@@A@A@@@@A@@@@A@@@@@A@@@A@@@@@A@@@A@@@@@A@@@@@A@@B@@A@@@@@A@@@@B@@A@@@@@A@@@@@@BA@@@@@A@AB@@@@A@@B@@@@@@A@@@@BAA@@A@@@AA@AA@@@@@A@@@@@@A@@@@A@@@A@A@@@A@A@@B@@A@@B@BAB@B@@@B@@A@C@A@@@@A@@AACC@@@@@@CBCBCDCBCBABA@A@@B@@@@B@@@@BB@@B@BBB@B@BBD@@@B@@@DAB@B@B@B@@@@@B@@B@@@@@@@BB@@@@B@@B@@BAB@B@B@BA@B@@@@B@@@@B@@@@@BB@@@@B@@@B@@BBB@D@BBB@B@B@@BB@@BB@@BHD@B@@B@@B@B@B@@AB@@@@@@A@@@A@@@@@@@A@@@@B@@AB@@@@B@@@B@@@BB@@B@@B@@@BB@@B@B@@@B@@@B@@@B@@@@@@@B@@BB@@@@@B@@@@A@@B@@A@@@@@A@@@A@@B@@A@@@@@CB@@A@A@@@@@AB@@@@AB@BAB@@@@A@@B@@A@@B@@A@@@@B@@@@A@@@@B@@@@@B@@@BA@@BA@@B@@AB@@@B@BA@@BAB@@@BAB@@AB@@@B@B@@@B@@@@AB@@A@@B@@A@@@AB@@@@@@BB@@@@B@B@@@@@BB@@@@@B@BBB@BB@@BB@@B@@@@@B@@@@@@@@@@A@AB@@@@@@@@@@@D@B@@@B@@@@@@@@AB@@@@@@@@@@BB@@BB@@@@@BB@@@@B@@@@@@@BA@@@@@@B@@@@@@@@AB@@@@@@A@BB@@A@@B@@@@AB@@@@AB@@@@@@AAA@C@@@@@@B@B@@@B@@@B@@@@@BB@@BB@@@@@@@@B@@@@@B@BAB@@@@@@A@@@@@A@@B@@A@@B@@@@@@B@@B@@@@B@@BB@@B@@@@@@@@AB@@@@@B@@@D@@@@BB@@BB@@@@@@B@@A@@B@@A@@B@@@@@@B@@B@@B@@B@@B@@BD@BB@@B@@@B@@@@B@@@B@@@@@@@BB@@@BB@@B@@B@@@@@@@B@@@B@@@@@@A@@@AA@@A@@@A@A@@@@BABAB@@@B@@@@@@@B@@@@D@@@BB@@B@@@@B@@@@@B@B@@@@@BB@@BB@@BB@@@B@@A@@B@@@B@B@B@@A@@@AB@@@B@@@@@B@BB@@B@B@B@@AB@B@@@B@@@B@@@BB@@B@@@@@B@@@BAB@BAB@@@B@B@B@B@B@B@B@B@BBD@B@B@B@B@D@D@D@@@@@@@B@@BBBBDFB@@@@B@@@@@B@@@BBB@B@@BB@B@B@@BBBB@B@DABBB@D@F@B@@@@BB@@AB@@@B@B@@@@@BB@@@B@B@@@B@@@B@B@B@BB@@B@@@BB@@@B@@@B@B@@@B@@@@@@@BB@@B@BBB@BBB@B@@BB@BAB@@AD@DAD@B@B@B@@@B@@@B@@FBFDBBB@@B@B@BAD@B@@ABC@@@A@@B@@@B@B@BBBBBBB@@@BA@@@A@BB@B@@@BBB@@BB@BBBBD@BB@@@@@@@BA@@B@@@B@@@B@@@B@B@@@B@@BB@@@@@@@B@@A@@B@@B@@@@@B@BB@@@@@@@@@@@@@BA@@@@B@@@@@@@BA@@BA@@@@@@BBB@B@@@B@@@@@B@BA@@B@@A@@@A@@@@@@@@@@BA@@@@@A@@@@@AA@@@@A@@@A@@AA@@BABA@@@A@@@A@A@@@@@@B@@@B@@AB@@@BA@@B@@@@A@A@@@A@@@@@AB@@@@@D@@@BAB@@@B@@@BABC@@@A@ABA@@@A@@@AB@B@@@B@B@@@B@@@@AB@@@@@@@B@BB@@@@B@@AB@@@@@@@@@B@B@D@@@@@B@B@@@@@B@BB@BB@@@@@B@@@B@B@BBB@@BB@@@B@BA@@B@@@@@@@@@@@B@@B@BB@@@@BB@@@B@@@B@B@@@BA@@BA@@B@B@B@B@@@@BB@@B@@BB@@@@B@B@B@B@@@@@@@BB@B@@@@@@B@@@B@@AB@@@B@B@BA@@BA@@B@@@BA@@B@@@BAB@BAD@BA@@@@@@@B@@@@@BB@BBB@DB@@BB@@B@DDB@BBBB@@B@B@@BB@@@@B@@@@@@@@A@@BA@@@@@@B@@@@@@@BB@BB@@BBBB@@B@B@B@@@@@@@@@@@@@@@@B@@@@@@@B@@@B@@@@@@@@@BA@@@@@@@@BB@@@BB@@@@@@@B@@B@@@B@@@@@@@@BA@@@ABA@AB@@AB@@A@@@@@@@@B@@@@@@@@AB@@A@@@A@@@@@@@@B@B@@@@@@@@@@@@A@@@AAAA@@@@A@@@@@AB@@@@AB@@@B@@@@@B@@A@@@@@@B@@@@@BA@@B@@@@@@@B@@@@B@@B@@B@@@@BD@B@@@BB@@@@B@@@B@@A@@B@@B@@@@@@@@@B@@@B@@@@@@@@@@@BB@@@@B@B@@@B@@@BB@@@@B@@@B@@BB@@@@BB@@BB@@BB@@@B@B@@AB@@@BA@AB@@@@AB@@A@A@AB@@@@@@@B@@@@@@@BB@@@@@@B@@@@@@@B@@@@B@BB@@@@@@@@@@@B@B@B@@@@@@B@B@@B@@B@BB@@BB@@B@@BB@@@@@@@@B@@@@@@@B@@@@@@@@@BAB@@AB@B@@BB@@@@@@B@@@@@B@B@B@@@@@@B@@BB@B@@@D@@@@BB@@@@@B@@@@@@@B@@@@@B@@@@BBB@B@@BBB@@@D@@@B@@B@@@@@@@B@D@B@B@B@@@BB@@@@@@@B@@B@BB@@B@B@B@BA@@@@@@BBBBB@@B@@@@@B@@@@@DBB@@@B@@@B@@B@@@BB@@@@@@@@AB@@@B@@@@BB@@@B@@@@A@@BC@@BAB@@@@A@@@@BB@@@@@A@@BAAA@@@@B@@@@@@@@@B@@@@AB@@@@@@@@@DBB@B@BB@@@@@@@@@F@@@@@B@DBB@@@@@@@BBBB@@@@@@@@@@B@@@B@@@@B@@@@@@BB@@B@@@@@@B@@A@AB@@@@@@@@BBDBD@@B@@@@@@B@H@D@@@@@B@@@BB@@B@@@A@@B@@@BA@@@@@AB@@A@@BA@@@@@A@ABA@AB@@@BA@@@@@@@A@@@@B@@@@@B@@@@@@A@@B@@A@AAA@@BA@@@@@@@@@BB@@@@@B@@@@AB@B@@@@@@@@B@@@@B@@@@@@@@@B@B@BAB@@@BA@AB@BA@@@@@@@@@@B@@@D@@@@B@B@@@B@@@@@@@@@@@@@@BB@BDB@@@@@B@@@@@@@B@@B@@@B@@@@@@@BA@ABABA@@@AB@@@@@@@@BBB@@BBBB@@@@@@@B@B@@@BBHBFBBDFD@@BFB@@@@@@@BAB@BB@@B@@@@@@@@@@@@B@B@@@B@@@@@@@@@B@@@B@@@@@@B@@@BB@@@@@@@@@BCD@BA@ABA@@@A@@@@BB@@@@BB@@@@@@@B@DAB@DA@@B@@@@@@@B@@@@@@B@@@B@@@B@@A@@B@@@@@B@@B@@@B@@@B@@@@BB@@@B@@@@@BA@@BAB@B@@@@@BB@@@@@@@@B@@@BAB@B@DBB@@@@@@@BB@B@@@@B@B@@A@@@@@@@@B@@@@@B@B@@@B@@B@@B@@@@@@@B@@@@B@@@@@BB@@@@@@@DB@BB@@BBBBB@@@@@@@BA@@@@@AB@@@B@@@@@@@B@@@B@@BDBB@B@@@@@@@B@@@@@@@BB@@@B@@BB@@@B@@B@@B@@@@B@@@@BB@@@@@@BB@B@@B@BB@@@@@BAB@B@@@B@@@@B@@@BBB@@@@@@BD@B@@@@B@@ABA@@@@B@@@@@B@@A@A@A@@@@@@B@@@B@@@@A@A@A@@@@@@BA@@BA@@B@@@@@B@B@@@@@BA@A@@AA@@@AA@@@@AB@@@@@@ABBB@@@BA@@@A@@@@@BBABA@@BA@@BA@@@G@A@A@A@CB@@C@C@@AA@@@@@A@@AA@@@A@A@@@A@A@@@A@@AAA@@ACA@@@A@A@C@@@A@@@A@A@A@A@@@@@CA@@A@@@@@ABA@ABAB@@@@A@@@AA@@A@@@@@AB@@@@A@@@A@@@A@@AA@@AA@@A@A@@CA@@AAA@@@@@A@@@@@AB@@@B@@BB@BBB@BBD@B@B@B@BBB@D@@@B@@@@A@CBA@CBABA@@@ABA@@@A@A@@@CB@@A@@@A@@@@B@@@@@B@B@@@BA@@@@@ABCBA@GD@@AB@@@B@@@B@B@@A@@B@@A@ABA@@@A@@BAB@@@BA@@@CBA@ABA@ABCBCD@@A@AB@BA@@@A@@@A@@@A@@@AB@@@@@B@@@@@@ABEDCFEBEDADAB@BBBJDDDBHAJMHOFIBKBMBS@GAAAAA@C@GBMEGOKEEGDEFEHEBGDEDCBEAA@@D@FBF@DDDEDMJE@CFGPEPIPCHQJKCKEUEIAODpI@IEIIEICM@YCGOIMGSBGCGGE@MDGDGCCMKKOASFK@IGIMO@_D_BECCWEQKCM@MDUPK@EAQGKFOFKBWAMDSLWVAJFHNJDJ@HKNOPSZMNW\\OTQTIFEBIBK@aBIBKDMHIBQAM@OCQAK@KGE@SLMNGFKAOIEGMAKAOBQDO@KDMBEEEAIEGGAAFEHKBK@K@KCECCGGCECA@@A@@@A@A@@@@A@AA@A@A@EBIDEFCBKBGBIDG@E@A@ACBIAEAAEAIAOAIBGBGDCBCD@DC@IEKEGAIBIAC@EAAACEAC@IPIAGGAQ@IBK^EJEHSHCDBXIFGLKHAZCJKDKDI@SBMDMNEJIJEFGHIHMDIHKHIAC@MAMBKHCT@NINIHE@MGM@MDSB[HUJQLQFM@IMKKKCOFIDSFIBMCGCGCI@GAEBGDEHELENBNFJBLHL@FGR@HDLBTAJ@PARCRGPIHADU@@HBBBDB@A@@@@B@B@@BDFDDBA@ABAB@@@@A@AB@@@BA@@B@@AB@@@B@@@B@@@B@@@@A@@B@@@@@@AB@@@BA@@BABA@@BA@AB@B@@ABAB@@AB@@ABA@@B@FCJEP@LBHHHNDPBLFPFFHBLDPHPHJNNLPDJBBB@BBBB@@BFB@DBF@D@D@HBB@LAB@B@BB@B@@@BA@ABAB@D@B@@DBBD@BBB@@B@BADAD@FDDDFHJFDBFAD@DDDBB@BB@B@F@FB@FBF@B@HBD@D@BAD@BEBAJE@ABCAAEI@C@C@ADCHCDAD@BBFHBBBAB@FCF@DBBBD@BBBB@DAB@DEFCDA@ABADEBGJEDE@CAE@CBABAB@D@DBB@BDBF@HCD@B@D@DBBBDFDBBBBBBBADADCDCBE@EBGBC@CBAB@B@D@F@DEDEFA@A@A@@AA@CBADIDEFKFIBEAC@A@MF@@BBHBFBJBJ@LAHALADABBBBFHBD@@DAB@FAB@D@DC@@JCHCJAHDJHHFNLNLJFLHJHHJJLFJJJBJFFNFNDNDP@P@NBJ@HFDHBT@N@NBJDJJHJHTJRHPFPBP@NBL@LALEHGFIBKDIFEHEH@HFFDLHJBL@JIPILEJCNALAPCLALGFEDCBG@ECIIGCICE@EJKFAJ@LHJHJLHLFLFDLHJHHBJDNBNBJBJDFFBDBDBJJPDJFLFFNHN@NLFLFNHPHJJDPFHDDBDFAJIJMJGBCHCJALBJHNHNJLHPHTFNFRFP@T@PBPDRDHFL@L@RELILIRCNAT@NCPAPCN@JDHDFHHVPLBPDNALFPHDD@N@HOPCJININHBJBJAL@JFBLCHEFKDIBK@MDKFKJCF@@@B@@@B@BB@@@BB@@@BB@@BA@@@A@@BA@@B@B@D@BAD@@@BA@ABAB@BABCBABAB@@AB@@ABAB@B@@@B@@A@A@C@A@@BAFCJ@NCNCJCJEHEFIDGHGJAD@@ABA@A@@B@@@B@@@BABAB@BABADA@@@AB@@A@@@@@ABAD@@@BA@@@@BAB@@ABA@A@A@A@A@A@@@A@@AA@@@A@@BA@ABABA@ABA@@@@B@@BBBBBD@@@B@@BBB@B@D@BA@BB@B@@B@B@B@@@B@DHZ@DAFADGHCDCBE@GEA@E@ED@FEHIFMHCDAF@@AB@@@B@@@B@BAB@@@BBF@F@BAD@B@B@B@BB@@RCPCJAB@@@@A@@@A@@BA@@@A@@@@@A@@@A@@@A@@BA@@@@BA@@@A@@B@@A@@@A@@BA@@@A@@@A@@B@@A@@B@@@BA@@@@B@@ABA@C@A@@@@@A@@@@@@@@@@B@@@BAB@@C@C@CCCAE@EAABCDABADAD@BAD@BABCDCBABABAB@B@B@BBBDBD@B@FBB@BB@@A@ABG@GAIEMCOCC@CEICMCEBEBG@KHMFOHQ@IAGEIIEGGKCKBIBKBKBIAEFE@CCGAE@EBA@AEKAIEGECGACBCDEDEAC@EFADG@KBCBEFEFEAGBCA@EBE@CEICGAGCECCEAICC@CBIDC@EAGCKBEAOGE@GFEDCFBHBHDFFD@@FFJJDJELKHIFMDKBIBO@GEKEIEIEKEM@IDGDOBMDIBGAKGEKCIKGEGA@@AIGEAGAEBI@EACGEAEBCDEJCHABCRBHBFBHADGTERAR@J@H@AA@A@@@CBCB@@@B@DDJ@@@DCD@B@D@B@BA@@B@BBB@@@B@B@B@BABEDABA@@BA@A@A@@@@BABAD@@A@@@A@A@@AA@@@A@A@@BA@@@A@@BA@A@C@@@A@A@ABA@A@CBA@A@A@A@AA@@@AA@@A@AA@@@AAA@@@A@@AAAAC@@@@A@A@E@A@@@CBA@ABA@@@A@A@A@E@A@@@A@@@A@@@AAA@A@A@AAA@A@A@A@@@A@AAA@AAA@AAAAAAA@AA@@A@A@@@A@A@@@ABABABABA@AB@@C@@@ABA@A@A@A@A@A@A@@AA@AA@A@C@A@@@CBA@ADC@@BA@A@A@@AA@@AAAAA@@AAAA@AAAAAA@@AA@AA@@@@A@@A@@A@@@@@A@@AA@AAC@A@@@@@A@A@A@@@@AA@@@@@A@C@A@@@C@A@@@AB@@A@@@A@A@A@A@A@GAA@AAA@@@A@A@AAACCCEAA@AA@@A@A@E@C@C@A@@@AA@AA@AAC@@@@@@@AAA@@@@@@AA@@BA@AFIBCBA@@@E@E@C@AAAE@C@E@A@CCCEAAAACACBA@EBI@EDABABE@C@CBABCDEBEDE@E@EAEBCBED@@G@KBMBODODEFGFEJCJENAHCBC@CAE@ABC@CDC@EHADAFABC@C@EAGBINE@G@E@GD@JCDIFC@@AABAAAACB@B@DABCDAD@D@BADILEF@@G@ICIEG@E@CBCBCACECECICEC@CBEBG@C@@A@MFCBABAD@DA@ABEDADCF@DADA@C@C@AC@ECEKACA@CAE@GAG@CBGB@AAACACACBCBABADEHCBGDKBIBEFCDAFAFCDCBGBGFEDGHGHIFCLGVCFCDIDEFADBD@D@BCD@B@DB@BBBB@FADA@C@C@ADBFFHBF@D@DBDBAD@BCDABB@D@BD@BADBDABADABBBDBBH@BABABC@G@EDADDDDBBD@H@FBFBDD@L@JBBD@DBBBBD@JB@BBBD@HDLBH@H@DABCBC@CEABADADBBBF@BCDA@A@E@CAE@A@CCCAAACBCBEHKZ@JCNAHEDCDCBG@IAG@C@CB@B@DBBB@@@BB@BBFCDEFILGJCBG@C@AB@DJND@FAH@F@BB@DAHEDCFBHJLFHHFHDD@DFBBDDDF@@@NAHEHILIFMFKHKHMLQLGFMBGAUCMCIBIHGLAJBJFNFN@NAB@BA@A@@@@@A@@@A@@@@@@@A@@@@@@BA@@@@@@@@@A@@@@@AB@@A@@@@@@@@B@@A@@@@@@@A@@@@@AB@@@@@BA@@@@@@@A@@@@@A@@@@@A@@@@@@@@@A@@@@@@@@@@@@@@@A@@@@@@@@@@@A@@@@@@@@@A@@@@@@@@@@@A@@@@@@@@@@BA@@@@@@@@A@@AB@@@@@@@@@@@B@@@@@@A@@BA@@@@@A@@@@@@@@@@@@BA@@@@@@@@@A@@@@@@BA@@B@@A@@@A@@@@@@@AB@@AB@@A@@@@@@@A@@@@B@@@@A@@@@A@@@@A@@@@B@@A@@@@@@@@@@@@@@@@@@@@B@@@@@BA@@@@@A@@@@@@A@@A@@@@@@@A@@@@A@@@@@@@@A@@@@@@B@@@@A@@@@@@@@@@@@@A@@@@@@@@@@@@@A@@@@@@@@@@@@@@A@@@@AB@@@@A@@@@@@@@@@@@B@@@@@@A@@A@@@@@@@@A@@@@@BB@@@@AB@@@@@A@@@@A@@@@@@BA@@BA@@@@@A@@@@@@@@@AF@D@DADA@EBM@IAOAUAEAMEKEGICGGGMGMEK@QAK@OCOCQBIDIJEHGFIHIDIBMBOFMBQBUHOHQBIDIBIAQCOAM@KAQBQBEDIHCB@@AFADABABCBABE@GAGAC@AACA@EB[AECACBGBGFA@CBCBCBCBEDC@IEC@E@AAA@ACAECKAAAAA@AA@@AE@ACCAA@C@EBMBMFQDOFODKDSDKBUBKAKEKEGKEMAMDIJKFIJILIJKLEHIDOLKHA@IBEBC@CBA@IDEDIBC@C@@@@@ADBBFLDFFLDBNFBB@BCDCHCTEBA@A@AD@D@BABE@C@GAC@A@E@A@@B@@A@ABC@A@C@C@A@CACAAACAA@AAA@CBA@AD@BAB@BAD@B@B@D@BAD@B@BAD@BAB@@AB@D@BABA@DBBB@BBD@BAB@DAD@DABABABADAB@D@B@D@B@BBD@BAB@@@BCBA@C@A@CBEB@BABABABABAFA@BB@@ADABCBAB@BBB@B@DADADBBAD@@CDCB@B@B@@@BBDD@D@D@@B@BBB@DBD@D@BABABCBC@CBABAF@@ABABCDAB@BAB@BA@@@A@@CAAAAA@A@C@AB@BABA@@BC@A@AB@@@BBDABAD@DA@@DAD@D@DBBAB@B@BAB@BAB@D@D@D@BADABADABCBAB@BAD@D@D@B@D@BAB@@@B@DABABA@AB@F@D@DBB@BBD@BADBBAD@F@B@BBD@D@D@D@DBD@D@B@DCDCBC@CBCDABC@CBCBAB@B@DAFABC@E@EBEA@EAECGGAEAGAA@BDCBABC@EBEBADBHB@B@F@HCHADADBFBFFBHDDFBHBD@D@B@DBBBBDDDBDDFBDDFBF@BBDBHBF@D@D@D@BBD@DDBDBBDBFFFBFBF@F@DBBBDBBBF@D@D@DBB@BBBDBFBFBB@J@FAHAD@N@J@FAHEHGDEFEHA\\CFAFADABEBGDMJKTSLQHIDEBABAJCNAZA\\AbE^GLG@GGGAC@GFENI\\INARBLFFJDNBPDJLLNHNFZFL@PDLBHHHDLAL@FBPDRFDDDDPXNTDP@XHTRRTHPLLFVFZD`HdH@@L@lJ`VBLBBHAHEVGTBJFJLLBFBHDNBR@HEFCJBHBFRN`RPNDPBHBD@PFDHE@@@@@A@@@@@@@@@@@@@@@@B@@@B@@@B@@@@@@@B@@@@@B@@@@@@@B@@@@@B@@@@@@@@@@@@@B@@B@@@@@@@@BB@@@@@@@@@@@B@@B@@B@@@@B@@@@@@@@@@@B@@@@@@@@B@@@@@@B@@@@@@@@@@@@@@B@@B@@@@@@@@@@@B@@B@@@@@@@@@@@@@@B@@@@@@@@B@@@@@@@@@@@@@@@@@@@@@@@@@@B@@@@@@@@@@@@@@@@B@@@@@@@@@@B@@@@@@@@B@@@@@@@@@@@@@@B@@@@@@@@@@@@B@@@@@@@@@@@@@@@B@@AB@@@@@B@@@B@@@@@@@@A@@@@@@@@@@@A@@@@@@A@@A@@@@@"]],"encodeOffsets":[[[107619,25527]],[[111319,22159]],[[111307,22131]],[[111301,22127]],[[111354,22115]],[[111355,22107]],[[112202,21970]],[[111707,21520]],[[111828,21409]],[[107619,25527]]]}}],"UTF8Encoding":true}