{"type":"FeatureCollection","features":[{"type":"Feature","id":"310000","properties":{"name":"上海市","cp":[121.472644,31.231706],"childNum":11},"geometry":{"type":"MultiPolygon","coordinates":[["@@GBGBGBEDELIPIRGHEDGFOJIHlrjULeR[ZQRKJKHOJYLGFEFAF@D@DDDDDHBHA|GXEHCBAFKFQFKJIFCDC^GLA`K¬_\\CRCXI`MJCRCHCJCNIPIPGJGNMFGHIFIDE@IBGFS@K@GAKASCECEECCAGAE@"],["@@KBIBEBgVIFEFQPCF@D@BDBDBN@RCNANEJEXQLKHGBEACACEAG@"],["@@B@@@@B@@@@B@@@@@B@@@@BB@@@@@@@@@@A@@@@@@B@@@@@@@@@@@@AB@@@A@@A@@@B@@@A@@@@@@A@@@@@@@@@@@A@@@@@@@@@@@A@@@@@@@@@@@@A@@@@AB@@@@A@@@@@@@@@@B@@"],["@@PDNARCTEPEFGBKCeEQGEI@IBMNY\\GJELAJ@J@HBB"],["@@@BB@B@@@@AB@@@A@@ACA@@A@@B@@@BB@@@@@"],["@@BAD@BB@AB@BABAA@@AEAA@@BABA@A@ABA@AB@@B@@BB@D@"],["@@B@B@@@@@BA@@A@@@@@@@@@@@AA@@@@@@@@A@@B@@@B@@@@@@@@"],["@@CNELEJCF@DBBFBN@NAP@F@HCHCFAJ@L@FAPELCXGJCHA]FCBEKAOECECWBqBI@CACCG@QDGBCBCFGDIFIFSRKPEJAHAV@\\"],["@@ZñLcDgG_SY]O]_McIUAOASB]BYDUD_H±j\\fYHJYDODQH½pÛ`gBUAQImwf±ğĖEBoH~zh^rXbLVJZLbJTDVDP@LANE sNIRILMHIDC@@BCB@@ADADCFG@AD@FCBADEBCBCBCC@CACABAPWDEBCHGJID@NELCHELCRCZAVEV@bWXCDAVEBERKD@\\U\\K\\GBCNCBJD@REHCXIB@JCTDÔoĒmÎ_ôg"],["@@HRHJNBX@XCRGfEFGBM@eCGIUKWGIgCIAK@KDMPIREVCXARBP"],["@@bMnIpITCLCHCHCHCàTK\\OTKNI^_ÈïTQlaJQ¶±`e`Z¡LDCsEWOW]Wa[@GBI\\wsYg|QNUBģF]@©BBEU¡_[cGC«ugWOCOCgBDaACVAJ@HA@@B@@A@@BB@@BABB@@BC@AB@B@B@B@BA@@@@@AB@B@BBDBBAFDBB@@B@D@BBB@@BD@BCDB@@BA@@@BBAD@@@BBB@BA@@BCBA@@AA@EFCBADCFCBCBKFGDCBAAABBBCBAA@@@BC@@AABBBCBEB@B@DAF@FADADABADBBABA@@B@B@DA@CAABADADABAD@BABG@G@G@CAEAA@@A@AAA@CBEBCC@CAADCDABABAB@B@@AA@@@AA@ABA@AA@@@A@AAACA@@A@AAA@A@CAEA@BABA@ABA@BB@@@BA@A@@A@@A@C@AAC@A@AAAA@H@@C@@@ABA@AAABCBC@C@ABC@C@@AAA@@C@@@AAA@@B@BCA@@AAA@G@@BC@@BA@A@A@E@A@@@@B@BA@AB@BAB@@CB@@@B@@@@@B@B@@B@@BB@@@B@B@D@B@B@@@B@@@@B@B@@@D@@@B@@@B@@@B@@@@@B@B@B@@BD@@@B@B@@@B@B@BBD@B@B@B@@@@@@BB@@@@@B@@@@@B@BBB@@@B@@@@B@@B@@BB@BBB@BBBB@@BBB@BB@@@@@@@@D@B@B@B@BAA@@@CCB@D@@ABBDABABABACABC@C@CBE@@AABAAA@DDBDAD@BBBFHAB@@@B@@AB@@A@AAIDAD@@@@@BA@@@A@@AB@A@@@ACE@ECABC@@BCBABB@@B@@A@A@@B@B@@A@@BB@A@@@EAECGCCAAAEAA@A@A@I@C@A@E@A@AACAGCDCC@BC@A@CBAKCIEIAFMEBA@ABADAAA@A@A@@AB@BA@@@A@@A@@@@A@@AA@@@@@@@@@@@@@@@@@A@ACA@@BAB@B@B@@BADB@@ABAB@DGIAEA@@@B@@@@AD@B@@@BAB@BA@AFGJ@@CBEBIDIBADA@CA@@GGEEAB@@BA@A@@A@@@CB@B@BA@AAA@ACB@CEABAAB@@AAAA@C@AB@B@@DD@@@BCBA@ABHFCBC@BB@BDD@BBB@@B@B@B@BDB@AB@BBDDABBBB@BB@B@B@@BBBBDD@@BBDB@@@BAD@DDGDDDAB@BB@BABDA@DDCDDFB@BDEBFFDCDBCB@BB@BBEBBDB@@@ABAB@@ABABA@G@C@CB@@@B@@BD@B@BA@A@CBWB@@A@@B@D@B@@ABA@@B@@DF@B@@@D@@BBB@@BB@B@D@@DD@BAB@BB@BB@@FA@A@C@A@AA@@@DBD@@@B@@@B@B@F@TBN@D@B@@CBADADABBB@LA@AHC@AHF@CHBD@@@B@BC@@DB@ADBB@BF@B@@@@@@@@@@@B@@BD@@BB@@B@B@BDB@DA@A@A@AD@B@BAJA@ADABBBAFGAADDB@F@BA@@DB@@D@@ADBBCDAFDBA@A@A@A@C@A@AB@BI@I@E@E@C@C@ABFFABE@ABADAJEBA@A@A@@@CAABA@AADAAEFACK[AAABAHI@AC@GBCBABCACBACOFC@KEAD@F@DO@A@@D@B@D@HBD@L@H@BCBEL@FABAB@H@JBHDHBHBH@DABBBB@BAD@BB@B@BCDAB@B@B@@ABCBAAA@AB@DABABADABBD@@ABA@@A@CA@E@IBG@@B@@BDE@@DE@@@AAA@C@@CG@ABADA@ABCAABCD@B@BBF@BB@B@DD@DB@BBB@BBFFDD@D@DBDBDBBBBDDBBBBDBB@bDB@NCB@D@HBHBJDRFnElITCDBLB`@TBB@B@HHADBBF@@BBB@@@BD@@C@@@ADBD@BA@@DABEB@BB@AD@BDBDDJA@A@AB@FDBDB@DHBBE@AD@D@D@ABDBF@F@@AB@@AD@@AAAB@FA@B@BADBBDB@BBB@CB@@D@BB@@@FDADB@@B@BEAADJB@DCF@BEAAB@BB@@BFBAFEFADJDABIAADDBB@@B@B@@AB@B@@@BBBB@ABCB@BE@@D@@B@B@@D@BAB@@@DAB@B@FAB@B@B@@@BAB@B@B@@@@@B@@@B@@AB@B@B@B@@AB@B@@@B@@@@@B@@@@@B@@@B@@@BD@@D@DB@B@@B@BC@@BA@@BA@A@@BADB@DB@B@B@DBA@BAB@B@DA@A@@AA@@@@@@@@@@@A@@@ABAAABB@BBBAB@BDABBH@DA@@@BB@BB@AB@HBJA@@@BBH@D@D@DBHBF@B@DD@BDFEBBHDNFF@@ABDBDABABAB@@AB@BCBEBEBA@A@ABCDADAD@BBC@@@FDBBDDBDDBBDBBD@B@BAD@@B@B@@B@@AHAACFCHA@DFAACD@BBDAAABA@@B@B@B@@BD@@CDAF@FBFB@@BBBB@B@BD@B@BBABD@@@B@@@@BABAFA@@@C@@BC@@D@@CA@D@@ABAA@DDBAD@@@@@@@@@@A@@@A@A@@BA@@BB@@BD@CD@@ELCFCCEC@A@@BCMAA@A@A@ABBBAB@B@B@B@B@BA@BBAB@@@B@B@@@B@@@BAB@@@B@B@@@BB@B@@B@@@BB@@@BB@@@B@@@B@BB@@@B@@B@BA@A@BBB@@B@BA@BBA@@BA@@@ABBBA@ABB@@B@@@B@B@@@B@@ABBB@@@B@@@B@B@@A@CAA@EAABA@A@E@@HD@B@AB@BABAB@BCAC@AAA@@BA@@@C@A@@D@@BBABA@@@BBABB@@B@B@@@D@B@@AD@B@B@B@@B@@@@@B@@C@@D@D@@B@B@@BBB@F@B@@BB@B@@BCBC@@BC@AFDBF@DDFBBEBB@DB@@AD@@BFB@ADBHDB@@@@BA@BB@@D@ABD@@AND@BBB@@ABA@@B@@@BAB@@A@@@@@@@A@@B@@BBD@BBD@ABAB@@@BBBB@@@D@B@@@@BA@A@A@AB@@BB@@B@@@@BBBB@BB@B@@ABBBBA@BFBBCB@CDB@@BA@@BB@@@@BA@AB@@AA@@A@@B@@BB@@@@@BA@@@A@@@@BA@@@A@@@AB@@@@A@A@@@@B@F@@A@C@@DD@B@@@D@@B@BB@B@@BB@@@@BD@@@B@BB@ADB@AD@AB@BB@@BB@@AB@B@@F@BA@@@@@@C@@@@A@@DB@@BA@G@GBCBEBABA@AB@@@B@BB@AD@@@BBB@@@@AB\\LDA@@DBB@@@B@BAB@@@BB@@B@B@BAB@DBDBD@BBB@FDDB@@@B@BA@@BBB@@@B@BFD@@@BDBDDBBBBB@D@D@BBB@B@B@@BAB@BB@DDBBBBB@BBFBBBB@B@@A@AA@@@AA@@B@D@D@BADB@@D@D@@@BB@BB@B@B@BA@@@BBD@BABA@@@@BBB@@BB@BBBBBB@B@@@B@AB@F@B@@B@B@@AB@BBBBB@B@@@@A@AAAB@@AB@@AB@@A@C@A@@@A@AB@@CB@B@@BD@@AC@@AA@@AB@@A@@@AB@B@BB@@BBB@@BD@@BA@@BB@@BB@@BB@@E@CAA@@BA@B@@B@@@@@@B@@@B@@@@BA@@@@@@@A@@D@B@BB@@@@@@@@@B@@BB@@@@@BB@@@@@BBB@D@@D@BB@@B@@BB@AB@@@@CB@@@BABBB@DBBBB@@@@BB@BBB@ADB@B@@A@@B@@@B@@BD@@@@AB@B@@AB@@@B@@B@@@@@@BB@@@BB@@@BA@ABB@AB@BBB@BBB@@DA@@@FBBDADB@@ABB@@A@ABBBBA@@@@ADB@@B@@B@@@@ABB@@@@B@BBAB@@@B@@B@B@@@BAB@ABDBBAB@@A@@@C@@B@@@B@@AA@@AB@BBB@BD@B@B@@FB@AB@@A@@B@@AA@A@@A@A@A@AB@@@B@@@B@@@B@@B@@ADB@B@@DB@@AD@@BB@@@B@LHPHNCPCHCNCPE|]BACEAABEDAFCLE@@@@FE`WXOdYPKLIFCVIDCDADCPMDCBD@@@B@B@@@@FA@A@@A@AA@@AC\\U"]],"encodeOffsets":[[[124702,32062]],[[124547,32200]],[[125176,32174]],[[124808,31991]],[[124321,31442]],[[124337,31429]],[[124341,31419]],[[124726,32110]],[[124903,32376]],[[124870,31965]],[[124438,32149]]]}}],"UTF8Encoding":true}