{"type":"FeatureCollection","features":[{"type":"Feature","id":"620000","properties":{"name":"甘肃省","cp":[103.823557,36.058039],"childNum":6},"geometry":{"type":"MultiPolygon","coordinates":[["@@@ABA@@AA@A@A@C@ABABAB@BA@@@AB@@A@@@@@@@@@@FAB@B@@@@@AA@A@@A@@@@@A@@@A@@@@A@@@@@A@@BABAEC@BA@@D@D@BCDCF@@AB@BAB@D@@@B@BB@@B@@@BA@@B@BD@"],["@@@BA@A@AAAA@@AA@A@@A@@@A@@@@@I@@@AB@B@@BBDBB@FBF@F@D@CC"],["@@BBB@BAB@BA@A@AAAAAA@@@AAAB@@@@AB@BBD@B@@"],["@@D@DA@A@EBCDE@C@CAEACBAFGDEUA@B@B@BAB@B@BBB@@BBBD@B@@ABA@CBCDABJX"],["@@B@F@D@@DB@DBFADAF@BB@FBBDABE@E@CBEBAD@DDBHBHAD@DDFBBFDD@F@FAF@DCDEDABC@ECACAC@CAAAAC@CAA@@@@@AA@@@@@@@@BA@@@@@@@@@@@A@@@@@@@A@@@@@@@@@@@@@A@@A@@@@@@@@A@@@@@A@@@A@@@@@@@@@@@A@@@@@@@@@@@A@@@A@@@@@@@@@@@@@AB@@@@A@@@@@@@A@@@@@@@AA@@A@@@@@A@@@@@A@@@@@A@@@AAAA@A@C@CBABGBC@AB@@EBC@GAEE@MCEC@@@AIGAB@@ABAD@BBBBBBB@B@BABA@AB@D@B@DBB@B@DBBBDFHBBBD@BAB@BABCBE@GAAT"],["@@AAAAAAA@E@CBCBA@C@AACAACA@CCGAEAA@CBA@CBAAA@AACCA@CAC@E@A@A@@@CAA@C@A@AAAA@AA@AACAA@C@AAA@AAA@AB@BA@A@EAA@@@CCCCGAECE@A@C@AAAAAAC@C@CAC@A@C@A@A@A@AAGGGEEAC@CAC@C@ADABABA@G@GACAE@E@CA@AAAA@A@AAAEAI@GBE@G@EBC@ABCBA@C@A@CBCB@BCDBBBBBB@@BB@D@D@B@B@D@BBBBHBFBBBD@B@B@B@BBBBBDB@@BDBBAD@D@D@D@BADADAB@B@@D@FBDD@B@D@B@D@BBBB@BBBD@BADEBC@ABADBDBFBFB@BAB@@BDFBDBHBF@FBF@BD@D@F@BBDABAB@B@B@@BBBAB@DCFABABC@A@CAA@ABAD@DBHDBD@B@BADABAD@B@DBBDBFDDD@B@B@BBBDBD@D@B@BBBDDBDBDBB@DABEFEBCDA@A@A@A@A@C@AD@BAD@BBDAB@@ABC@A@AB@BBB@@D@B@D@B@@JH@B@@FDNDF@@@AC@CAA@AAC@ABCDEBC@@IW@@ADABA@A@@A@A@@@CBA@CAC@AAA@ABA@@BAFCDCDAB@@@VBBA@CACCC@AFKDGBCB@H@J@D@B@BA@C@ACEAA@EFCH@BAACCCAA@EBEFC@CBC@E@C@CDCDAD@F@BFABCD@DADBDFDF@DCD@BFADBBDF@D@DBDBDBBBFADADD@H@FBDDJFFFFFFFDFFDDDHBD@BBDJBDBJBFDBBBF@DCBC@OBCB@@@@@BBDB@@@@@B@B@@D@@CBGBGBC@CDCFCDAH@@@B@F@F@D@D@HBDDD@DAFAD@DAD@F@F@D@@ABC@A@CBA@C@CBC@E@A@CBEDOBEBAFADC@E@AAEKGACAC@CBCFCDCFEBABE@EBC@CBCJGFAF@F@D@F@DADEFMDCBCDCBCDC@CACAC@EHEFADCFCBEDCDAF@FBD@DEBCBADCDADABA@C@CAEAC@CBCD@DAFCBEDCBCDCDADADADBDBF@D@HCBABC@E@CBCDADAL@DDDBDDBDDDFBBDALEHEJCLBFFDJ@HCHEBAD@DBDDDBFBF@FBF@FDBDD@HCBCD@DBDDBDBF@BDDDBDHBDDBB@FDBBDBF@BCFBBDFDDBFDBBDB@DD@D@D@FBHBDBDDBDDBFDDDBDDFBBDBDDBBADAFAFBDDD@D@D@DBDBBBDDAF@DDBBDDBBD@D@BB@@@BCBED@@CBADABBDBBAFADEBADABBF@DBD@DB@ADAB@DA@ABA@ABBDBNBDB@HP@BBBDD@BABCDA@AB@B@BAF@FEJKTCFCBAD@D@@@@@B@@@@@@@B@@@@@@@@BBA@@@@@@@BB@@@@@@@@@B@@B@@@@@@@@@BB@@@@@@@B@@@@@@@@B@@@@@B@@@@@@@@@@@@B@@@@@@@@@@@@@@BBIBBJDJBHBLAD@BC@@@A@@@@@@@@@A@@@@@@@@A@@@@@@A@@@@@@@A@@@@@@@@@@AA@@@A@@@@@@@@@@@@@A@@@@@@@@@A@@@A@@@A@@@@@@@A@@@@@@A@@A@@@@@@@@@A@@@@@@@A@@@@@@@A@@A@@@@A@@@@@@@A@@@@@@@A@@@@@@@@@A@@BA@@@@@@@@@A@@@@@@B@@A@@@@B@B@@@LBD@BADAD@FAB@DABCDIFKDABBDBBBD@B@BCBC@EBA@AB@BADAD@B@B@@DDDDDDBDFBFBBB@DABA@AB@B@DBDBBAB@BABAFBDBFBDBBBHBHDJ@BBDBDBD@@@@B@@@@@B@@@B@@@@@@@B@@@B@@@BA@@@@BAB@@@BA@@B@@@B@@@@AB@B@@@B@B@@@@@BA@@B@@@@@BA@@FB@@@@B@AB@BABA@ABCBCD@BBB@B@BAB@BAFAJAFADABABCBABAB@F@B@H@DBF@BABABABABCDGDCD@@CF@D@B@@BB@@BBDBBBBB@BBBBBAB@@CBCBCBC@CB@BAB@BCDADAD@DBD@DABA@@@C@CCC@@BAB@B@BBBBB@B@BABCDAD@D@B@B@B@D@F@D@D@BDBFDDB@@B@D@B@DBBBHL@@BBDDDFDFDDDF@BBBDDDBJBLBPDDBABBD@@@@CB@@@BB@BBBBDBB@@BJ@BA@@AA@A@@@AD@D@B@BB@B@DBF@@DDDAL@BBHDHADBBC@GBEBCBGB@BB@D@F@HAJ@BBBF@F@DAFAH@F@FBFAB@DAHADBH@DADCDCFAFBDCBCD@D@H@FAFAD@BBBBDB@BBB@DCBAD@F@FDBD@D@BABA@EF@BC@C@C@C@CBADB@D@FBFBFFFD@DA@GBOBGBCDCHIBCBAFCF@DADCDAH@B@BB@F@B@BB@BABABEBA@ADAJ@BBBB@BBBB@DA@@BBAD@BB@FED@@BADCF@B@BDDBD@DBFBBD@DBB@DAB@@A@ACAAAAA@AB@@AFBBBBBB@BA@C@CDEFCFCFAFCHCFCFADANIHCDEHCB@@CBABAB@BB@B@BB@BCBABBDBDBF@FADAB@D@BB@@BFADAHC@E@@ACACD@BBBDDDDB@B@@BABAB@FBF@FBFAH@BBBD@B@BED@DBFDDDFBDA@E@C@ABBBBBBD@DABCB@BB@@BBF@BA@CBAB@BBD@@CB@BABAB@BBDBBB@AB@@G@ABAFEJA@@BBB@@BB@BBB@@@@@@@@@BB@@@@@@B@@@@B@@@@B@@@@BB@@B@@B@@B@@BB@@@@@B@@BB@@@B@@@DB@@@BB@@@B@@@@@B@@A@@@@@BB@@@@@@AB@@@@@@@@@@@@@B@@A@@@@@A@@@@@@@@@@@BB@@@@BB@BB@@@@@B@@AB@BABBCDAFEH@D@BBB@BFBD@H@DCB@DIDA@@BF@D@BB@@@FAH@FBHBHADAFCDCHAB@BBBDBH@HAL@H@FBFBHAH@DDDBBD@F@DCFAHCDC@GCIB@FANADB@@@BAB@DBHBHBDDBDADCDEBAFBBFAF@F@BFAB@ABABCD@DFD@D@HABGAABFB@@ABC@CAA@ABABBDAF@HA@A@CAA@ABAB@DBBBBD@B@FCHAJ@BBDA@@@@@@BA@@DA@A@@B@@@@@@@D@FDDD@D@BADC@G@EBAB@B@BBDBBB@ADCFAFADCDABGCEAECCB@@A@@B@@@@AB@@@@@B@@A@@B@@A@@@AB@BA@@BA@@@@B@@@@@B@@@@AB@@@@@@A@@BA@@BAB@@@@AB@@@BA@@@CFAB@@@@@B@@A@@@@@@BAB@@@@BF@@@B@@A@BB@BABBBCB@@@BC@@GAABAAA@BI\\ADC@A@@B@BBB@BDDB@B@D@DEDADCB@BFCF@F@DCBEFA@AAAE@AA@C@EBC@EBE@EBCBEBCFAB@DBBF@FDFDFB@FADAFABABD@BDAB@BB@FC@@HBB@BABAB@DFDDFDFFHDFBF@DAFAFCDCD@D@@J@D@DAD@DB@DA@@BB@DDFDDB@B@@AB@BAB@@@BA@A@@@@B@@@@@B@@@@@B@BA@@B@@AB@B@DD@AJFBBBDBBD@DCDABHFJ@DABA@@B@@@@AB@B@B@B@@AB@@@@AB@@@B@@@@@@AB@@@BABEEG@GBEACCCE@EACE@MDCAIDEDEH@@AF@FGVBBBADCDDB@BC@CAA@AB@FBBBDAB@BDFCDC@ECC@E@CBEFCD@BD@V@HBFDFHDBB@HBDB@FCBBDFDFHBJDHHDH@JAFB@@@@@@@@B@@B@@@A@@B@@@BB@@B@@@@@B@@B@@@A@A@A@CAA@A@@@@@@B@@ABA@@@AB@@A@A@@@A@@@A@@@A@@@A@A@ABA@@@AB@BA@ABAB@@@@A@@@@@@B@D@B@D@@@@@B@@@BBB@B@@@B@@@B@BB@@B@@@DBB@@AB@@@@B@@@D@@B@@B@B@@BB@D@B@B@@BB@@@B@@@@B@@@D@B@@@B@@@D@@@B@B@B@B@D@@@B@B@@@B@@@BB@@B@@@B@@@@@@@@@@@@@B@@@B@@B@@@B@@@@@B@@@@@@BB@@BB@@B@@@@@@@@@@A@A@C@@@@@A@@@@@@@@@A@@@@A@@@@@BA@A@@@A@@@@@AB@@@B@@@B@@BB@@@@@@@B@@@B@B@BBBBBBB@@B@@@B@@@@@B@@@@B@@@@@@B@@@B@@@@@@@BBB@B@@B@@@BBB@@AB@@AA@@@@@BBB@B@@@DAB@@AB@@B@B@D@B@B@@@B@@A@@@@A@@AA@@@@@D@BAB@@@BBBA@@BB@@@@A@@BA@@@@B@B@B@@@@@B@@@@@@@B@@@@A@@B@@A@@@@B@@@@@BBBBD@D@DAD@@@B@@A@@@@@A@@@@A@A@@@@@A@@@@@BA@@B@@@@AB@A@@@@@@@C@A@@@A@@A@@B@DAJ@D@@@BA@A@@@C@A@C@A@A@@BABABABABABAB@@@@A@@@B@@B@@@AB@@@B@@@@@BB@@@@@@@@B@@@@@@@@@@@@@B@@@@@@@@@@@@@@@BA@@@@@@@D@DAB@B@BB@@B@@@D@DB@@BB@@@@@@@BBB@@@@BB@@@@@@B@@CDCBAB@@A@@@A@@@@A@@A@@A@@CA@AAAAC@CAA@AAA@@@AA@@@A@@@@@A@@@AA@@@@@@@BA@@BA@@B@@A@@@@@A@@B@@@@@BBB@@BD@B@B@B@B@@BB@B@@@@@@@@@B@BB@@B@@@B@@BB@D@@@B@@@B@D@B@@@@@@A@@@A@@@@@AA@@AA@@@@@@@@A@@A@@@@@@@@@@@AACAA@@@AA@@@A@@@AA@C@A@A@E@C@@@@@@@@@@@@A@@@@DAB@B@@@@@@@@@@A@@A@A@@@AA@@@@@@B@@@B@@@BBD@BBB@@@B@@@@A@@@A@AA@B@@A@@@AB@@@B@BA@@B@@@@@@@@AC@@@@A@@A@@@@A@@B@@@@@@@@@BA@@@AB@BAB@BBB@B@BBBBD@B@@AD@@A@@@@@BDBB@@BBBDBD@B@@@@@@A@@@A@ABA@@@ABA@@BA@@@AB@BAD@BABABA@@B@@ABAB@@@@@B@@@B@@@@@@ABA@@@A@@@A@@@@@@@AA@@@@@@@@A@@B@@@A@@A@@A@@A@@A@@@@@@A@@@@@@@@@@@A@@@@@@@A@@@@@@@@@@B@@@@A@@B@@@@ADAB@@ADA@@B@@@B@@@@@BA@A@AD@@@@A@@BA@@@@@@@@@@AA@@@AA@@@@A@@@A@@@@@@@@@@@AB@@@@B@@@@@@@AB@@AB@@@@@@@@@@@BA@ABA@@@AB@BABA@@B@B@B@B@BAD@B@@@B@@@@ADADABA@AB@@AB@BA@AB@B@@@D@@BB@BB@A@@@@@@AA@@@@@A@A@@@A@@@AB@@A@A@A@@@A@@A@@A@@A@CA@@@BA@@@@@A@@@@@@A@A@AD@@A@@@@A@@@@@@A@@@ADAB@@@@A@@@@@@@A@@@@@@D@@@@@@@AB@@@@@@@@@@B@@@B@@@DAFAF@HAD@BABABABAD@@@B@@A@@@@@@@@@AAA@@@@AA@AGAE@C@CAA@@@@@@@@A@ABADAB@@@@A@@@@B@@@BA@@@A@@AA@@@@@@@A@@B@@@@@B@@A@@@@@@AA@@@@AA@@@CAC@@AA@@@A@@@BA@@@A@@@@A@@@AA@@@A@@@A@@@A@@AA@@@@@@@A@@AB@@A@@@@@A@@BA@@BA@A@@@@@AB@@@B@@@@A@@@@@AB@@@B@BAB@BA@@B@@A@AD@@A@@@A@AB@@A@@@AB@@AB@@C@AAA@@A@A@AAE@@@@@A@@@@@AA@@BCBCBADA@@@AB@@A@@@@@@@A@@@AA@@@A@@AC@C@A@A@A@A@@@@@A@@@@@@A@@@@@@@@B@@@@@@@@AB@@@@@@@@@@@@A@@A@@@@@@A@@@@@@B@@@@A@@B@@@B@@@@@@AB@@@@@@A@@@@@@@A@@@@@@A@@@@@@@@@@@@@@@@@@@@A@@A@@@@@@A@@@@@@@@@AD@@A@@@@@@@@@@@AA@B@@A@@@@@@@@@A@@BABA@GFEBABAB@BADA@@B@BA@AB@@A@@@@@A@@@@A@A@@@@@@@@@@A@@@@BA@@@A@@BA@@B@B@BAB@@AB@@@B@@@@A@AA@AAAA@CA@AA@ABA@ABA@EB@BA@A@@BA@A@@AAA@@AA@A@@@A@@@@A@@BABA@A@ABAB@BABA@@B@@@B@@@@AB@AC@@@A@AA@@A@AB@@AD@BA@A@@B@D@@@D@BAB@DABA@ADCFCFAB@DCH@D@BCD@BA@ABA@AA@AA@A@@@@A@@B@@@@@@@BA@@@AA@A@@@A@@BA@@@@@@@@B@@@@@@A@@@@A@@@@A@@@A@@@CA@@A@@@A@A@@AA@@AAA@@@AA@@@AAA@@@@@@AA@@@@@A@@@@@A@@BA@ABA@@BA@@B@@A@@@@@A@@A@AAE@C@CA@@@@A@@A@@@A@@@@BA@A@A@@@ABA@@@ABAF@@@B@BBF@BABAJ@D@@@DBB@@@BBBB@@@B@@@@BA@AB@@A@@@AB@@A@@@A@@A@@AACC@A@A@C@@@AACAE@G@A@@AA@@A@@@A@@@A@@B@@A@AB@@A@@@A@@@A@@@A@@BA@@BA@A@ABABA@A@@@AB@BA@@B@B@BAB@@@@A@A@A@@@@@@A@@A@@A@@@A@@@@@@A@@@AA@@@@A@@@A@@BAB@B@BAFBF@BAF@@@D@B@B@@ABAB@B@BAB@@A@@@A@A@AAA@@AAA@@@A@A@@@AA@@AA@@A@A@A@A@A@A@@@A@@@AB@@@@A@@@@BA@@@@@@AA@@@A@@@A@@@A@@@@@A@@@@AB@@@@A@@@@@@@A@@@@@@A@@@A@@AC@@@@@AA@@@@B@@@@@BA@@B@@@@@@AB@@A@@BAB@B@@@@AB@@A@@@@@A@@@@@A@@@@@@BAB@@@B@@@BAB@B@@@F@@@B@@@BA@@@A@@@@@@B@@AA@@@@@@AA@@A@A@@A@@@@AA@@@@@@@B@@@@@@A@@B@@@@@@@@A@@@@@@@A@@A@@@@AB@@A@@@@@@@@@@@A@@@@@@@AB@@A@AB@@A@@@A@@@A@A@@@A@@@ABA@AB@@A@@@@B@@@@A@@@@@@A@@@@@A@@@@@A@@@@@AA@@@@A@@@@@@@@AA@@@AB@@CBA@@AC@ABCBA@ABA@@@A@@@@@A@@@A@@@A@@AAA@@A@ABA@AA@@@AA@@@A@@AEAAAACACA@@C@@@CB@BC@A@@A@AAA@AA@@A@@A@@AA@@@@BA@@@A@@BAD@@@@@BA@AD@@A@@BA@A@@@EDA@EBA@CDABAB@BABA@CBCB@@A@A@@@@@A@@@A@A@@@@@AAA@@@@A@AAA@AA@@AA@@@@@A@@@@@@@@B@@@BADAB@@A@@@@@A@@@@B@@AB@BAB@@@BA@A@AB@@A@CD@BAB@BA@A@A@A@AB@@CB@BAB@@@B@B@BADA@@B@BABAB@BABADCD@@AB@@@@@B@BA@@@@@@@AB@BA@@@AB@@@B@B@DAB@BBBBBD@D@BB@@B@@@@@B@@@BB@@@@B@@@@AB@B@B@@AB@@B@@@@@BB@@@@@B@@A@A@AB@@ABAB@BADABC@A@@BAFCBC@ABGBCBAD@B@BADCDEBCDB@DAFAD@DBDAH@DGFCB@@@@@BA@@@A@@@AB@BABCDA@@B@@@@@B@@BA@@@@B@@B@@@@B@@AB@B@@@@@@B@BAHA@@BAD@@@@B@@@@@@@@@@@@@@@@@@@@@@B@@@@B@@@@@@A@BB@@@@@BB@@B@@D@@DD@D@LBFAB@DBf@LANBDADDDDAFAFAD@FAFCBAD@F@DBBFCFCBABEBAFBDBDBBADC@EBABCBACCCA@CFGLCBCBA@A@@@AA@@A@A@EAC@AAA@CBA@@@ABAB@@@BBBD@BD@D@FBB@B@FAF@FBB@BB@B@BAB@B@BB@AB@@AAEBA@A@@B@B@B@BABA@@B@@DBFDBDB@D@D@DCDEFA@@@A@A@A@@@AB@@@@@BBFBDBB@@@B@B@BB@@BBBBBDDDDFBFBBBDDBDBD@D@DBDBD@DCDAD@DBDBBADEDCBE@EBCBCBC@C@ADIJ@BA@AD@@A@AA@@@@CGAGBA@@@@@A@AB@@@A@@@A@A@@AA@@AA@A@A@A@@@ABADABCBAD@B@B@B@D@BABCBABA@A@A@@@A@@@A@@BAA@@@@AAA@@@CBAB@D@@A@A@AACAAAC@CBCDCDCDKJGHCDADABABA@CAAACAC@CAC@ABA@ABABCBA@ABA@A@A@@B@@BBB@DB@@BBBB@B@B@@B@BB@B@@ABA@@B@B@@@BCBABCBCBABC@@B@@@B@BABABADCFEBCBC@I@GCCA@@A@EBA@@@EBA@CBA@AB@@@B@B@D@D@@@FABCDCF@BA@@DCBCF@D@@@B@@@BB@@@@@B@@@B@@BA@@B@BB@@@B@@@B@@A@@B@B@@@@ADA@@BCB@DCFABABCBCBABA@@B@@B@@BAB@@@@A@@BABADCDABA@@@BB@@@@B@@B@@BB@@@@B@BAB@BABBDBBBDBF@B@@BDABAB@@@B@@DAHCB@JCFCJGDCBA@ADAD@JAFCD@DBD@F@DADABA@@B@B@@BDB@BB@D@B@D@B@@@B@B@@D@B@DDBBB@DCFCDA@EBAB@@AB@BF@H@FBFBD@BBD@D@B@B@B@ABA@C@CBAB@B@B@@ABCBA@AB@B@B@DA@CBA@@@@BAB@@CBC@A@E@ABABADAB@B@D@D@@@BB@@D@BBDB@@B@DAN@BAD@@DBDAJAF@BADCFBDAD@D@B@DDFBRHD@B@DBB@F@BB@D@LDN@B@@@BD@B@B@@@@B@B@@AF@BADADABABAB@B@B@BBDBF@BAB@BADCHAJ@HBDHDJBDDB@D@@BB@@@@@@A@@B@@@B@@@@@@BB@@@B@@@@@@@BB@@@@@@@@B@@@@@@@@@@@@@BA@@@@@@@@B@@B@@@@@@@@B@@A@@@@@@@@@AB@@@@@@@B@@@@@BA@@@@BC@@@@BA@BB@B@@@B@@B@@@@@@@B@@@@@@@@BB@@@B@@B@DAB@@@BAB@B@@@B@@@AB@DABCHCF@BAB@BAF@BA@@BA@@@@@A@@@@@@@@@A@@@@@@B@@@BED@BAB@@@BA@@@@@BB@BDBBBB@B@BAB@@@BBDBDDFDBBB@@@@B@@@F@BBB@@BA@@@AB@BADADA@@B@@B@@BD@D@@@@BB@@B@@AB@@@B@@B@@D@B@@@B@B@B@@@BB@@@B@B@BBB@BB@@@B@FAFAHED@BABBD@DB@B@B@@AD@@@B@@ABBBBB@@BB@@@B@@@B@@@B@@@B@@@@B@B@@@B@DADAD@BAB@B@BB@@BB@DBB@BBBB@B@D@B@BA@A@@@A@A@@BA@@B@@ABA@@BA@@@@BA@@@AB@@@B@@@B@@@B@@@@A@@@@@@@@@@BA@A@AB@@@@ABABA@@FC@CB@@@@@@B@@@BBB@B@B@@@@@@B@@@@@BB@@@@@@@@@@@B@@@@BB@@@@@@@@B@@@@@@A@@B@@ADABABADC@@BA@@BADADCBA@AB@BA@@B@@@@@@@@@B@@@BBBB@@@@B@@@@@DAB@BABAB@@@B@BB@@B@@B@BA@@BABABA@C@A@@@AB@BAB@@AB@@A@@@A@@BAB@BA@@@AB@@@B@BBBA@@@@@A@@@@@BF@DB@@BABABAFCD@B@@@@BBB@B@B@B@B@B@@B@@@@@DBB@BBB@@B@@B@@@D@D@B@B@@@@@@@@@@B@@@@B@@@@@@@@@@@@@B@@B@@@@B@@@@@B@B@@@B@B@@@BAB@@@@@@@B@@@@@@@B@@@B@@@@@@@@BB@@@@@@@@@@@@A@@BA@@B@@@@@@@@@B@@B@B@@B@@@@@@AB@@@@@@@@@@A@@@@@@@@BB@@@@@@@BBA@@@@B@B@@@@B@@@@AB@@@B@@@@B@@@@@@@B@@@@@BB@@@BBB@@BBB@D@B@F@B@@AB@@A@@BA@@B@B@@BBB@@@@@B@B@@@B@@B@@@B@B@BA@@BB@@@@BB@@@@@BA@@BA@@@@BA@@@@@@BBB@@BB@@@@@B@@@@@B@@@B@@@@@@B@@BB@@@@@B@@@BA@@@AB@B@B@@@B@@B@@BB@@@@@BA@@@@@@@B@@@@@B@BABCBEBCDABA@@B@@@B@@@B@@A@@B@@@@@B@@BB@@@@@@A@AAA@C@A@A@A@C@A@AB@@@BB@BB@@B@BB@@@D@@@B@@@B@BBD@D@D@BB@@B@@A@@BAB@BAB@@B@@BB@@@@@@B@@@BA@EBEBGBEDA@ED@BA@@@@B@@@@B@@@@@B@@AB@@@@@@@B@@B@@@@@@B@@@@BB@@BB@@@BBB@B@@B@@@@@BABAB@@@@@@@@B@@@BADABAB@@@@@@@@@BB@@@@B@@@@B@B@BCBABAB@@@BABABA@AB@B@@BBDBBB@@B@@@DAB@BB@@@B@@ABABABCBA@ADABABA@ABA@AB@@C@@@AAA@@@A@CA@@AAA@@@@@AA@A@A@@@A@@A@AAA@A@@@@AA@@@@AAA@@AA@@@@AA@@@A@@@@@@@@@@@BAB@B@@@@ABA@@BB@@BCDCBCDAD@@@B@B@@@BAB@@@BB@B@@A@@B@BA@@BAB@@AB@B@@B@@@BAFCD@B@BBB@BB@@BD@B@@@@B@@@@@FADCDABAB@DCB@BABA@A@EBAB@@A@EBC@A@@@A@AB@@@DABABCDABCBABC@EBA@A@@@A@@A@A@@@@@@A@@@@@A@@@@BA@@@A@A@@BC@@@C@@BABABCD@@@@@@A@@@A@@A@@@@A@@BCBEB@@AB@@AD@B@@@BB@@B@@@BBD@B@@@@@@@@BDDBB@@B@@@BCB@@ABAB@BABA@@DADABEF@BABABAB@B@B@B@BADABAB@B@B@BBDBDD@DA@@DA@ABA@ABC@ABA@ABADCDABADC@ADAFEB@BAB@B@B@B@@A@@BA@@B@@@B@@A@@@A@@AA@@DCBA@AHC@ADC@@BAB@@A@@A@@AA@AAA@@@@@A@@BABA@A@C@A@AA@@@ADCBABCDEDABAD@B@B@B@BBDBBBB@BBB@BBB@B@B@B@BBB@A@@B@@@@ADABABBB@@AD@D@BABAB@B@B@D@F@B@DB@@BB@BB@BB@@B@@BB@@@@@B@@@@@@BA@@BAB@DABAFADCB@B@BAF@B@B@B@B@@@B@@AB@@@@@B@B@@@BB@@@@BA@@@@BA@@@@B@@@HBND@@DBD@DA@@B@B@@@B@@B@@@@ABABAF@BAD@F@@B@@@@BB@BJBB@B@@AFAB@BBHBD@BBB@BB@BB@BBB@B@B@@ABABAB@BAB@@@B@B@@@B@@ABAB@B@BD@B@B@B@@@F@DADADABADABBDBBDDDFF@B@BABGDEDAB@D@D@DABCBCBABABAD@DB@@DABCD@BAB@D@BB@AB@B@B@B@@ADA@@B@@@B@B@BAB@BBB@B@B@D@DABADAD@BADADCBCFADABC@ABC@A@AD@DCFCBADCDADAFAB@FEFCH@B@DA@AHAFCFAB@@ABAB@@DDBBBB@@D@B@@@BA@@BA@A@@B@@@@BAB@@@BAB@B@@BB@@BBB@B@DA@@B@DAFADADABABABADBB@D@@@BCBEBC@ABCB@DBDBFDDBF@FBD@BBB@BBDADABABGBG@CBCBAD@DBBBDBBDBDBDBD@BBB@BBBB@DDBB@BB@BB@ABEDCBAFEBABAD@BA@@B@BBBBB@DBB@B@BB@@D@BABAD@D@DBF@B@B@F@B@BB@@B@@AAAAC@C@AACBGLGBAB@BB@DB@@@@@@A@CAABCBAB@JBF@DABABC@AAAAABGBADEDCFCBAB@BAB@@F@B@D@DBDBFBBBB@@CBCBABCBAB@BABDD@@@BDDDDDBBB@@DHDDFDBD@DCFAFADCDAD@@@DBBBB@BAB@B@@D@BBBD@FBD@DD@BB@B@@B@@A@ABA@A@A@AD@BBBBB@@BBBA@ABCDA@AB@BA@@@@@A@@@@BB@B@@@B@A@A@@B@@@@B@B@B@@@B@@@@BB@B@BADA@A@@B@BB@@DAB@BABA@ABA@AB@DADAFCFCD@D@F@F@DA@@@@DADABCBABCDCDA@ABABAD@BAHE@AB@@B@BB@@@BAFCJGHEDCDCDA@@D@D@D@BBD@D@B@DBB@B@BAB@JGHEDEHEFEBAB@B@D@BB@BAB@B@B@BBBBBDBBBB@BBDBDAD@D@B@@BB@@DABCBCB@D@B@D@D@BB@D@B@F@B@B@B@@@BB@@ABABAFAB@B@B@BCBE@C@A@AAA@CBCBCDCBC@ABABA@@B@BBBB@DBB@DBBB@B@D@BBB@@D@B@BBB@BBBADADADAD@BAD@D@D@B@BAFAB@BAB@BA@A@@BAD@BAB@@ADADADAB@B@BCBAFADAFEDCBADCBABC@A@A@A@CBA@AFADAF@B@DAF@DAFAFAF@D@B@F@B@DAB@DA@@DBBBB@@BA@CBABA@@@@BAB@B@@@BABE@@BA@AB@BDBB@@BBBB@B@BAFAB@BAD@BABABABABA@@B@@@B@DD@@B@@@B@B@BAB@DAB@@@B@BA@@B@B@B@@@B@BABAB@@A@@@ABA@@@AB@@BB@@@@@@B@B@B@B@B@@@B@BBB@BABAFAF@BABA@@B@BAD@B@B@BDHBDBDB@@B@@@AB@@AB@BAB@B@B@BADADEDABCB@@@@@B@@@B@BBB@@@@ABADA@@BAHAFA@AB@B@@@B@B@BBBB@@BB@@B@DBB@B@BBB@B@B@F@BABAD@BAD@B@BA@ABA@@BA@@@@B@@@@A@ABAD@@AB@@@BA@A@@@A@@B@@@B@B@@@BBBBB@BBBBBBBBBBB@@B@B@@B@@@BBD@@BB@@@B@@@B@BB@@B@@@@@B@BA@BH@@@B@BB@@BB@@@BB@@@B@@@B@@@@@@@BB@BB@@@B@@@DB@@@@@@@BB@B@BBD@BBB@B@F@B@B@DBHBB@D@F@FBD@FBB@D@F@B@DBDB@@D@DBB@BBBA@AB@@A@@@@B@@@@A@@@@BA@@B@@A@@B@@@@AB@@A@@@@BA@@B@@@BA@@B@@@@@BA@@BA@@@@BABA@@@@BA@B@@BA@@@@B@B@@@@@@AB@@@@@BA@@@@@@@AB@@A@@@@B@B@@A@@B@@@B@@@@ABABA@@@@BA@@BABA@@B@@@@A@@@@@@BA@@B@@AB@@A@AB@@@@@@@B@@@@@B@@@@A@@B@@A@@@@BA@B@@B@@A@@@@B@@@@@B@@@@@@@@A@@@AB@@@@@@@@@@@@@B@B@@A@@@@@@BA@@@@@@@@@AB@@@@@B@@@@A@@@@@@BA@A@@B@@@@@B@@@A@@A@@@AB@@@@@@@@@@@@@B@@@@@@AB@@A@@@@B@@@@A@@@A@@@A@@B@@@BBD@BBBBB@BBDFDB@@@BDBB@D@DAFAJCHAHC@@@@@A@@B@@AB@@AB@@AB@@@BAB@@A@A@A@AAAB@@AB@@A@@@@@A@@@@@A@@B@@A@@@@@A@CBA@ABABA@C@A@@CAAAA@@AAABABABAB@BABABA@@@A@@B@@A@A@@@@@A@@BA@@@A@@@@@AB@@A@@BA@@BA@@@@A@@@AA@@@@@@@A@@@A@@@A@@@AA@@A@@@@AA@@@AAA@@@@AC@A@@@AAA@@@@A@A@@BA@@@@@A@@@A@@@@AA@B@@AB@BAB@B@BAB@@A@A@@@A@A@@@@@@BAB@BA@@@@@@AA@@@AA@@@A@@A@@B@@AB@@@@@A@@AA@@@@A@@BA@@BA@@@ABB@@B@@@@A@@@A@@@AA@@A@@@@B@@@B@@A@@BA@@@AA@@A@A@@@@@A@@B@BA@@@@@@@A@@AA@@@A@@@A@@BA@@BA@@@@@@@@@A@@@@A@@A@@BA@@BA@@B@@@@@@A@@@AA@@@@@A@@@@A@A@@@@@@@A@@@A@@B@BA@@@@@@@@A@@@A@@@@@A@@@@@@@@@@A@@@A@@@@BA@@@@@@@@@A@@@@@@@@B@@@@@@@@@@AA@@@@@A@@@@@@A@@@@@@@AB@@A@@@@BA@@B@@A@@@@@@@@@A@@@@@AA@@@@@@@@@@@@@@A@@@@@AB@@@@A@@@@@A@@@@@@BAB@@@@@@AA@@@@@@@@A@@@@@@@@@A@@@@@@B@@AB@@@@A@@@@B@@A@@@@@@@A@@@@@@@@@@@AB@@@@@@@@@@@@@AA@@@@@@@@@@@@B@@@@@@A@@@@@@BB@@@@@@@@B@@@@AA@@@@A@@@@@@@@@@@@@@B@@@B@@@@A@@@@@@@A@@@A@@@A@@@@@A@@@@A@@@@@@@@@@@AB@A@@@@@@@@@@@A@@@A@@@@@@B@@@@@B@@@@@@@@@@@@@@@@@@@@A@@@A@@@A@@@@@@@@@@@@@@@@B@@@@@@@@B@@@@@@@@@@B@@@@@@@@@@A@@@@B@@@@@@@@@@A@@A@@@@@@@A@@@@@@A@@@@B@@@B@@@@@@A@@@@@@A@@@@@@@@A@@@@@@@@BA@@@@@@B@@@@@B@@@@@@@@@@@@A@@@@@A@@@@@A@@@@@@@@B@@@@A@@@@@@@@@@A@@A@@@@A@@@@@AA@@@@B@@@@@BA@@@@@@@@BA@@@@@@@A@@A@@A@@@@A@@@@@@A@@@@BA@@@@@@@@B@@A@@@@@A@@@@@@@@@@@@@@@@A@@@A@@@@@@@A@@A@@@@@@AA@@@@@A@@@@@A@@A@@A@@@@@A@@A@@@@@@@A@@@@@@@@@@A@@@@AA@@@@@@B@@@@@@@@@@@@A@@@@@@@@@@@@@@@@@@B@@@@@B@@@@@@@@@@@@@@@@AA@@A@@A@@A@@A@@@A@@AA@@@B@DAD@HADABEBSBAD@D@BB^RDDFBHBFCJEZSDEFCHAJAAJAJ@HBJ@H@LCFCHCJBJBF@FDJDDBLDZDVGTWnaLINGBGAGEGCCG@DEJEBEPaDAFAH@H@D@ZTF@JB\\AB@B@BA@@FAB@@@BA@@@@@@BAB@@AB@@AB@BA@ABC@AB@B@@@BAD@B@BAD@FA@@B@B@@@BAB@@@B@B@BADA@@B@B@@AB@B@B@@@B@@A@@@ABA@@@@@A@AB@@@@B@@@@@B@@@B@@B@@B@@B@B@B@@@BBB@B@@AB@@BB@B@@@BBB@DB@@B@B@@BBB@@@@D@@@B@@BB@BBB@BB@@@@B@BBB@@@@@@@B@@@@@B@@@@B@@@@B@@@@@@@BB@@@@B@BB@@B@@@BBB@@@BB@@BBB@B@@@B@@@@@B@@@B@BA@@@ADABA@@`MLKFAFCJOB@B@DBB@D@B@DCBABA@@B@@BB@BFB@B@B@D@@@B@@B@B@D@B@@@D@@@@B@B@BAB@DBD@BAB@@@F@B@BAB@@A@A@EB@@AB@@@BB@@@B@@B@@@@@@ABA@@B@@@BB@@B@@@@A@@BA@AB@BAB@@@DEDADAFC@ABA@@BA@@BFBDBBB@F@BA@ABGBE@@BAB@B@DAD@BA@@D@BAB@@@B@@@BB@@BA@@@@@@@DB@@@@@DC@@@@B@@@@@@A@@@AB@@AB@@AF@DCDA@@F@FBD@@@B@FA@AD@@@BAB@BBB@@DBBBDDFB@B@BBB@@AB@@A@@D@@ABA@@BA@@BA@@BA@@B@@B@@BA@@@@@B@@@@@@D@@@BADE@CBA@A@@@ADAB@BB@@B@@A@@@ABAB@@B@@@@@@BB@@D@B@B@@@BA@A@@B@@@@@B@@@@ABBB@@@B@@@@ADA@@B@@@@@B@@@@C@@BC@@AA@@AAA@@@@@@@BA@@BA@E@AB@B@@@BB@@B@@@@@B@@@@@BB@@@@@@BAB@B@@ADB@@@AFMBAB@@@B@B@@@@BB@@@F@DBD@DBB@BC@AB@D@BBB@DB@BB@D@@@@B@BB@@@@ABA@@ACAC@C@G@@BCB@BAFEBEBABC@C@C@C@C@@@@@@B@FA@@DA@AD@BA@A@CBC@@BADA@B@@BAB@BA@@BBB@@B@@@@B@BCDGDEBGDGBEAE@CBE@C@ACC@A@CAC@A@A@ADC@@@@@ACC@@@A@A@@BA@AAA@@AC@@AA@@BA@@BC@@B@BBBBBD@@B@@@BA@C@AB@@A@AB@DFBB@D@@BB@@D@@@BD@BB@@@B@@@BA@CB@@@BBDB@@@DB@B@@@@@DCBC@@B@@@@@BB@@BBF@BDBBBBB@BA@@BA@A@C@C@ABAB@@ABCBA@AD@BAB@B@@@@B@F@BBB@DBD@@CFAD@B@@B@BB@@@@@B@@AD@B@D@B@@B@B@B@@@@B@BB@@@BAB@B@HD@BB@@@BAB@B@@@@@@B@B@BB@@@DBBB@@F@B@BA@@B@BAB@DABA@C@AACBABAHADABAB@BCBE@GAAE@AA@A@@BCBA@E@C@CAA@@IAAAAA@@C@AB@@@@A@@AA@ABA@CDAB@@AACCAC@C@CBC@ADA@@DBB@HCB@BC@ABA@CAA@@AAA@C@A@A@AAA@@@@A@@DA@A@E@A@CBA@@DD@@B@@@FC@@DBBDBB@B@@DBB@B@BADAB@HAB@BA@AAC@G@EBABAB@BBB@BABA@@B@DDD@@@BA@AAA@ADABCBG@@B@HBD@F@DADEBAB@BFFF@FDJBBB@D@@@DEBCB@B@B@BB@B@DBBBB@@@BAHBB@BBBB@DABIBA@@FAF@DC@@BACEAGBUZBTCVIXEBCD[LCJ@XFDBLPHJNZDLFTHTHTFJNHNBNCJC@@AA@@AA@@AA@@@@BA@@@@@AA@@@@@A@@@@AAA@@@CA@@A@@A@A@@@@@@@AA@@@@@@AA@@@@@@BA@@@A@@@@@@A@@@@@A@@@@@@A@@@A@@@@@A@@@AA@@AA@@A@@@@AA@@@ACA@@A@@A@@A@@@@A@@A@@@@@@A@@@@@@B@@@@@B@@AA@AC@@@A@@A@BABCAEFI@EFULKNC`DH@FAFIAE@CDCTSDABBB^HFFBLGFAFADCDEDGDAHBFFBDHDJBJ@lCP@PEXQJMDMAQAEBCBCFAHCF@NSD@JBDADYJM@@@AAG@@BAD@HABA@GBKBK@A@C@AIICE@CBC@@BAD@FBB@FD@@B@L@B@JKPMD@HCJAD@J@DAD@BAB@@A@@@@@@@@@A@@@AB@@@@A@@B@@A@@BA@@@A@@B@BAFAF@F@DBDBFFJDF@B@B@B@HGHEB@B@BBDDDDHJFHDFDHFFAHINCL@H@FBB@BBB@B@@@BB@FCdYDITGXEHKJEZ@PATMV@PDNBDCDKDCFADEBEBG@C@ADE@@@ACCAA@C@CBAB@B@B@BBBBB@BADCBA@EDCBADCDABABABC@@@@CEEQG[AY@IFSAYAODWNeHI@CACCCISAE@EJYHSLQHQHIJKJMLQJKBCZgFIFKFMBGAAECCEIKCKCE@A@@@AB@@@@A@@D@BA@@@@BA@@B@@@BA@@@@@@@@B@@AB@@@@@BA@A@@@@MQMOEIIWCOAMAMFQBKDSBSIMMI__CEAMBMASASAIIGMEMAI@YDMF[BK@K@OEKEKIEMEW}YSCGAEICEYYCCAMBGDETSPULSBMDQ@OAO@UAUAS@CCACAAA@A@C@CBEBCBEDCDCDCFEBCBCAACCAA@@@A@E@EAACECEGIAAC@A@@@AA@A@A@CBCDAFCDABA@AAC@CACAAAAEE@A@A@CBABEDC@@DA@AHABCBA@@BE@AACAAAC@A@A@@EICMFS@KHSDK@A@CHG@CDA@EBKBKFCDCDADAD@HAD@HBDADABEDE@CBC@C@ABAF@D@DADADEF@B@FA@AHGLMJERA@@BC@ADABAB@D@DABCBEBAAE@G@ADEBADC@A@A@CACA@AEAA@CKKKKEKAKBKFQDEJOBK@K@UDWHOHKHUAMAKGIIMD[CIAGKOEM@C@E@AB_BABADC@A@AAAGCCCKY@@CCAAAACAE@A@GAC@AAACACAC@@@A@CACCAACA@CAEBKAEBCDCDCBAFEFABEAC@@BA@@B@BA@GA@ACACAAAAEAAEAAAA@AACAAAEEA@CACAEAGAE@A@C@C@@@CACACAA@AA@@A@CA@AA@@ACAA@@AA@AAA@A@A@AAC@A@@B@@@@C@@@A@A@@B@A@BA@@@CBA@K@A@EAEACBCAC@GAE@G@GBC@G@IBGBE@EAG@EBA@@@ABA@C@CAGB@@AB@D@BCBC@G@[@@@AB@BBB@BA@A@AAAAAAA@C@E@ABAACAACCAA@QLDHFJ@BA@E@CB@@AB@D@DCBGCECCECAEECAECAAEAEAAAAACCEAEAEAGCAACAAACAAAAC@@ACC@A@C@A@A@C@A@ACKACAK@CDCBADC@A@C@IAA@AAA@@AAAAE@ACAC@CAC@A@EC@AC@A@CDAD@BAB@BAFCFCFABABCFBF@DHDBB@B@B@BA@E@A@A@ABCDAB@BADADwTEEOAE@CBABABC@AAA@@AA@CCG@_S@@A@@A@@@AAA@AAA@AA@@@A@@@A@@B@@ABCDCBI@CAGCCA@@@A@@@@AA@AAAAA@@CAA@A@ABA@A@C@A@A@C@C@A@AAA@A@AA@@A@E@C@C@A@C@AEEAGACACCA@AA@@A@@@@@@@@A@A@@@@@@AA@@@AA@@AA@A@AAA@AA@@@@A@A@@@@@@@@@@A@@@@A@@A@@A@@@A@A@A@A@@@@@A@@@@AA@@@A@@A@@@@@@A@@A@@@@@A@@A@@@@@A@@@A@@@AA@@@@@@A@A@@BA@@AA@@AA@@@@AA@@@@@A@@A@@@@@AA@@@A@@@A@@@A@ABA@CAA@CAA@A@@AA@@BA@@@A@@@@@A@AA@@@@C@@@A@C@A@A@@@@@@@A@@@@@BA@@@@A@@@A@AA@@C@A@@@A@@@@AA@@@@@A@@@@@ABA@@@@@A@@@@AA@@@@@A@A@@@A@A@@@@@A@AA@@A@@@@@@@A@@@@B@@@@@@A@@A@@@@A@@A@@A@@@A@A@@@A@@@A@@@AA@@@@@@@@ABA@@@@@A@@@@A@@@A@@A@@@@@@@AB@@A@@@@@@@A@@A@@A@@@A@@@A@AA@@@@A@@@A@ABA@@@A@@@ABA@@@@@@@@@A@@A@@@@@@@@A@@AA@@@A@@@A@@@@@A@@@AA@@AA@@@@A@@@@@A@@@@@@@@BA@@@@@@@@AADKAIBMD@@BDBDDDDBBBBBBB@@@BBD@DBB@B@BABA@AD@@@@A@@BA@A@C@@BE@C@A@AAE@G@A@A@ACAAA@@CBABG@C@A@CCACAA@A@A@ABAD@BAFABA@A@AAAAACC@AAC@E@CBAB@@@DAB@BCB@@CBCBCAA@AAA@E@ABCAE@E@C@C@C@C@A@C@CAAAAAEAC@A@@BABABCDAB@@@B@B@D@@@BA@ABCAABC@C@C@C@A@@@AB@@@BBB@B@BABADABABA@AA@@AA@@AA@@A@@AA@C@A@@AC@A@C@AB@B@DAB@@A@@@A@C@@@CAA@A@CBABABADCDADA@CBABA@E@AAAAA@A@C@A@ABADADAFADA@ABA@AAAAA@@BA@@B@B@@A@A@CAA@A@@@ABADCDAB@@A@GBA@@@@AAAA@AB@@AAC@ABABABABABA@A@C@AAA@A@A@AB@@A@@B@BAB@@AB@BABA@E@CAGEKCICMACAACCACCCC@CDAD@DBFB@B@DBDDBF@D@HBDAFCDCBEBE@EAW@QC@C@EFABEBGAECCCAECECCCCBCBCFCDC@CBAAA@A@@@@@@AAECEBCDCBADAHCFCBCBCACAACEAG@IBI@GBMHEACACCAAEGACEA@AAA@C@CD@B@FBD@B@BABA@A@A@AAAACAABA@C@@@@@AB@@@@@@@@@@@@@@@@A@@@@@@BA@@BA@@@@@@BA@@@@B@@@@C@@@@@A@@@@@@BA@@@@@@@A@@@@@@@@@A@@@@B@@@@@@@@@B@@A@A@@@A@@@@B@@@@@BAB@DBDBDBDBD@DBDABABABABCBC@ADCFGDKDADCDEDGDGDEBEDGFIBA@ADADA@@@A@@@@@@@A@@@@A@@@@@@A@@@@@@@@A@@@A@@@@A@@AA@@A@@A@@@A@@BEBCDCDABCBC@CBABABA@IBG@EFGFKFKFIFIFIFG@AD@D@HABABEDEHG@A@A@AAAAAAAAA@AA@@AB@@A@A@@BA@@@A@AB@@ADA@@@@@@@A@@B@@@@@@@B@@AB@@@B@@@B@@@@@DC@A@@B@@@@@@@@@@@B@@@@@@AB@@@@@@@@A@@@@@A@@B@@@@@@@B@@A@@BA@@@A@@@A@@B@@A@@@@@@BABB@AB@B@@@B@@@@@@@BA@@B@BAB@@A@@@A@@B@@A@@B@@AA@B@@@@@@@@A@@@@B@@AB@BA@@BA@@@AB@@AB@@ABAB@@@@A@@B@@@@A@AB@BC@AB@BA@@BADAFCFADCDCDAF@H@FCB@FAJDJDFAF@H@BA@A@AAACCECCA@CBCBCBABEAC@CFADCF@DBD@FBLC@C@@@C@@AA@@GOKEGCEAEHA@A@A@@@@EDC@AAAA@A@A@ADEBICC@ECCCAAC@@@ABA@CAC@C@A@A@C@AACCA@ACAAAAA@@@BCBCFMA@@@@@CDKDKDMBIBMAKCEAICQAGEGA@@C@GBA@G@AAEAEAKAC@@B@H@D@@AB@B@@@B@@AB@BABA@@@AA@A@@A@@A@A@AAA@@@@@AAAA@@@ACACAAA@E@CBA@AAC@A@CBA@E@@@ACA@ABCBCA@@CCAAA@A@@@AB@@BBA@@BABAAAAAAA@A@A@@AAA@C@AA@CB@@@AAAAAAB@ACAACAA@C@@A@AAAA@AC@A@A@C@AA@@A@CDABA@E@A@AC@@@A@A@@@C@@@ABC@C@A@A@A@ABCA@CDA@E@C@EAE@A@A@DBBBBFBDBFBD@HBB@BBB@F@B@B@DBD@DBB@BAFCFCFGFCDG@E@ICCCGCEBGBGBEDGBCBEDGDGBGBE@GEECCECGAGAIACAEACCGGCKCGG@CAC@E@G@G@CCECAGAIAG@GBKFIBIAE@EDGBCBEBG@EBG@IAEAEAI@G@MDIBGDEBCDGDIFG@GBC@EBG@IBGBG@GAGAGCGEECCCCEEAEAIBEBCBCDCFAFAFEFGBGBIBG@GBG@E@E@G@KAI@I@IAIAGEAECEAG@E@G@GAC@AA@ECC@@@EDEB@@AAA@C@CAC@@ABCAAAAAE@@@AEI@AEE@GCG@A@@A@C@A@ED@@CBA@@B@B@B@BABA@C@C@C@C@AD@@@BA@@@@@CIAAAE@AECACC@G@CAA@@@A@@@ABABAB@D@@A@@@EAK@EFEHEFCDCJCJAJAJAHAJAFAHEFCHEDGDGDCFODIBIAG@CB@AAAA@A@AB@DAD@@AAAAGBGBIBIDCDEDGDEDAFADCBCDEDCDAFCDBDBH@FDHBFDFBFBF@HAFADCDCFCFCFCBGDCBGBGAEBCBG@Q@GBE@BFBJ@DDDABA@ECC@EFA@A@CEAEAAACEECAC@CBABCBCBC@CCEAE@C@CB@BDFBD@BAFA@AHADABABCDAFEFCDABC@EAC@E@GD@BDDHFDFCBA@E@E@[IGAE@E@GBCBEBCF@BAFAHAB@DE@ABG@EDCA@CAC@E@AMBGDIBEBCB@B@D@DAFABGBABCD@BA@EAIEEACACBADADA@@@E@CAGAG@EBG@G@EACCECCAACC@IEGCGBK@EBE@GBEBE@GBMDEBGBIDGBGBIDIBGBGBK@KDKBI@IBG@IAK@EA@AAFAB@@CDCDCAACAEDABA@A@@BC@C@CC@AAEAACAA@C@C@ACAC@C@CAEAE@E@C@G@CAAAC@ABAAC@CAA@CBA@C@A@CA@C@A@AACA@A@@@@@@@@@@@@@A@@@@@@@@B@@@@@@@@@@@@@B@@@@A@@@@@@@@@@@A@@@@@@@@@@@@@@BA@@@@@@@@@@@@@@B@@@@@@@@@@@@@@@@@@@B@@@@@@@@@@A@@@@@@@@@@@@@@@@@@@@@@@A@@@@@@@@@@@@@@@@@@B@@@@@@@@@@@@@@@@@@@B@@@@A@@@@@@@@@@@@@@@@@AA@@@@@@@@@@@@A@@@@@@@@@@B@@@@@@@@@@@@@@@@A@@@@@@@@@@@@@@@A@@@@B@@@@@@@@@@A@@@@@@@A@@@@@@B@@@@@@A@@@@@C@EA@A@A@@BA@A@AA@CAA@G@E@EBE@CBAA@A@AC@C@ABABA@AAAAABAB@@AB@DC@KDIBGDGFGDID@@G@EDA@A@AACA@A@A@A@A@ABABAAACAABCBAB@BADCDEFABA@EAKEE@CAC@AC@@@A@ABABEBG@CBAACACC@AECCACAAAC@@@@@@@A@@@@@A@@@@@@A@BAA@@@@@AA@@@@@A@@A@BAA@@A@A@@AA@@AAAA@@@A@@@A@A@@AAAA@@@AA@@AAA@A@A@A@A@@@C@@@A@A@@@AA@@@A@A@@@@@AAAAA@@@@@@@A@@B@@A@@@@@AB@@ABA@A@AA@@@@GBCBAB@@C@ABA@A@EEEI@C@@GAGA@A@@@@BABADCB@B@B@B@B@BAAA@AACAEAE@@@@@@@@@@@A@@@@@@@@@@@@@AB@@@@@@@@@@A@@@@@@@@@@@@@@@A@@@@@@A@@A@@@@@@@@@@@@@A@AB@@@@@@@@A@@@@BAB@@@@@@@@AB@@@@@@@@@B@@@@@BA@@B@B@@@@@@@AA@A@AA@@A@@@@@@@@@A@@A@@@@AA@@@A@@A@@@@A@@A@@A@A@@@A@@@A@@A@@@@C@@@A@@@A@@@@@A@@@@@@A@@@@A@@AA@AA@@@@@@@@@AAA@@@@@@@A@@A@@A@@@@@@BA@@@A@@BA@@BA@@@@@@@@@AB@@A@@@AB@@@@AB@BA@@@@@@@A@@@@@A@@@@@@@A@@@@@A@A@@B@@A@@@@@@@A@@B@@A@@@AB@@@@@BI@A@C@G@GAKHIFEHCNKBGDGBEBGBG@IBIBIBGDEFEBCFGHCHEHAFCHCJCFCDCDEDMAGEIAK@IBAA@C@A@A@@A@ABA@A@CBCBCBA@A@C@AAAA@BADADAB@D@@@HE@E@@BC@A@@@A@AAEBCHCD@BADCDADC@A@C@@@GBA@A@AAAAAAEAA@CAAAACACAA@ECCAC@ABCBE@EC@@IC@AB@DEDC@ICACAECCCI@G@I@E@K@I@IBE@G@CCEAACAE@CAGACAGAECEEEEEGCCAGCG@EAGCGAEAECEEEEEECECECIACBE@GDEDEDADCB@@@@AB@@A@@B@@@@@@@@@@@B@@@@@@A@@B@@@DA@AB@B@BAB@B@BA@@B@BA@@BA@@B@@AB@@AB@@@@A@@@@B@@@@@B@@A@@@@B@@@@A@@@@BA@@@@@A@@B@@@@A@@@@@@@@@AB@@@@@@@@@@@@A@@A@@@A@@@AA@@@@@@@@@A@@B@@@@A@@@@@@@@@@@@AA@@@@@@A@@@@@@@A@@@A@@@@@@@@@@AA@@A@A@@@@@@BA@A@@@A@@@@B@@@@@@@B@@@@@B@@@@A@@@@@A@@@A@@@@@A@@@@A@ABIDEBC@AB@@GAEAEAE@@B@B@BABA@AAA@A@@@AB@B@B@BA@ABA@ABCDCBABABCDABCDC@ABAACKAC@ABA@CACCACCAAA@CAA@GBA@@BAA@@CAA@@AACAAA@AACI@@A@A@A@AAAA@@EBEBCAGCCECCCCCEEGECICGCGCICGCMEIAECKCCCEEIE@EBAB@D@D@DABAH@FADADABA@ABAFAFABA@ABGDE@A@C@AAACA@@@A@CAAACBA@ADABA@ABMACACACCC@AAC@CCCA@@AAA@@@A@@@@@A@@B@@@B@BAB@@@D@B@B@D@DBBB@@B@D@BAB@BAD@DADAFADABAB@D@B@@@BBDBDBDDBDB@BBBB@@B@B@D@DABA@A@AAABC@C@A@@B@BAB@DAB@F@D@FBBBBBBB@D@B@BBBDD@BBB@BB@D@DBB@DBD@BAB@F@B@D@B@B@DBFDFBD@D@BADAD@DCDAB@DB@@BDBFBDBBD@B@DAD@@A@@ACCA@A@CB@@AB@B@B@BB@@@B@D@BB@@BDBDBBAB@BA@@AA@C@CB@BAF@FAD@B@DBB@BB@BB@B@BAB@@A@ABC@A@A@ABAB@D@BAB@BA@AB@D@B@@AB@BAD@D@D@B@BBBBB@D@B@@A@A@A@A@@CA@@@A@@@A@@@@@AAABC@CBCBA@@B@BAB@B@BBBAB@B@@ADCBAB@@@B@BBB@J@DAB@DABADC@A@A@A@@CCAA@A@A@A@AB@DAB@BBB@@BBB@B@@@B@BBBBBBBDDD@DBB@DAB@BA@@BA@C@E@AB@@@B@B@B@@@B@B@@@DBBBFBB@BA@A@@@@AA@AA@A@AAA@@@@AAA@C@@BADABAB@DBD@BBB@BAB@BAB@DABA@@@A@AA@CA@A@@BA@@B@@ADA@@@@BBB@B@D@HBB@DBB@@@DABABA@A@AA@@AA@A@@@AB@@A@@@@@A@A@@AA@@@@@AACCAA@A@AB@@AB@DBBAB@BAB@@CBABA@AB@BB@@BB@BB@@B@BB@@BB@BBD@@@BABABC@A@CBC@@B@@@B@@B@BB@@@BBB@BA@A@@@AAAAACA@@A@@A@@@A@A@@BABGBGBA@@@AB@D@B@BA@@@A@A@AAA@CAA@A@ABABCBA@C@E@@BABCB@BABA@A@ABA@AB@BBB@BBB@B@B@BABABA@A@@@AAACA@AAA@ABA@AB@BAB@B@B@B@DAB@B@BBD@B@B@BADADCBABCDADCB@BABBD@BBBBDAB@B@DBD@BBB@BADABA@A@AA@@AAC@AB@B@B@B@B@BBBBB@@@@@DBB@BAB@BA@C@ABCDA@AB@B@D@@@B@@@BBDFBBBBD@B@B@BABGBABAB@BB@C@EAC@C@ABI@CCGAEECGAIAKEG@CCAEDIFGDCDGDEDIDE@GBKCEACCGEGEGEGCGACAGAECEAECGEGCCGEECGAECGBC@I@EBGFCDCDADEFEDCDC@IBIAGCECECGCKCCBMBGBEHETCNCHEFGBIBKBCBKBI@IDEBGDC@GBI@IECGGECGGKGIGIEGEECGAG@EBEBENCHBNDBBDDDBFFDDFDDDHDHAHAHEJGFEDIFIDE@EBIDIDKBIBIBKBGFM@GBKDIBEBGDEDEDEDCDEAC@EAA@A@ACAA@AAEKKM@ABAA@@@@@A@A@@@@ACGGKAC@C@AA@CBA@AAC@CBA@ICK@K@G@G@K@IBGAGCIACA@GBIBK@IDGBG@IBI@GAGAGCCGIGEGGIGECICEEEGCGBI@IDIDGBGDGBE@G@E@GCKCGCEGICEECCGGEGCCGGECECIACAAECCACACCAEAACCGEEC@AAAAACAAAC@EA@AGC@C@ADCBABABABCBEBCBA@MAIBI@EFEBCDCFAL@J@J@RFHB@B@@@@ABA@A@A@@BA@@B@B@@B@@@B@BA@@BBFBBBB@BB@@BB@BA@@@EBA@@@@B@@@BD@DBB@B@@ABA@ABA@ABA@ABAB@D@B@B@B@B@BA@A@C@ABA@C@ABABA@ADAJEDEFGDGDG@IBEEGKCGEMGEEGE@GAGAIEICIAGBGHEFCJCF@HCFEBEDGBEBE@G@E@G@EAGAG@GBE@IAEAGAECECGBEDIHCNEJCL@H@J@FAL@F@LEHCJGFG@EHKHIDIFEFKDGDIHGDGDCFKFGBGBIDIDM@ACA@CBC@GAEBEBE@CCAACCCAC@CJC@C@CC@A@@@G@GCIAICCG@G@GDIDOBECKAECGCEACC@E@@ACCA@GKCGC@CDGBI@E@GDC@ACACEAEBBBA@CB@BAD@D@DCDABA@@BAAA@AB@BIDEBEAEECCGCKGGBGHIFGFEFCJ@b@RAPCJBL@LAJAJAJAFCH@DADCBIFQDG@IAK@G@K@KEE@I@OEECGIGGECGCGGICGCGCEAI@G@GBGDKDCDEFEBCFEDGBKBICK@IAGAKEKGMIGGGGEEGECCEEGEGEIAKCIAGAG@KEIKGCMAKAEBGBGDIBE@CFCBGBCBA@A@EAA@ABABAD@DC@CBA@AB@B@DBD@FABCBAB@BB@BBB@BBBBDBDBDABB@@BB@@@BABA@A@@B@@CAACC@K@G@ICAABABEBE@@C@E@GAA@C@A@E@EAE@C@A@CBCF@BBBDJHNABAB@BBDPABAD@B@HFJH@DCJKAC@@@CAA@ABEBEHABSBABADA@C@CB@@GBGDA@AAIEEAA@GEACMEC@ABGFA@A@EBEBC@C@CAAAA@CGEECAEACEAAC@A@ABE@CBAD@H@H@FA@ABEAACE@EAC@GCC@AACBC@ABC@ADEFEBIBI@E@K@EACDC@C@AA@@LKAEAABEAAAEAEACCCCCECCAACCECGEEACECCEECCCKIICS@EBG@ECACCECOCCICGCAIAIIOEEGGCCGCSMGAIGCCCGBE@E@GAGAEGICECEEKBIBMFK@GBGBI@IBI@KCG@ICEAECMAGACCEIAGAGBE@IAI@IDQBIDGBK@I@K@K@I@GBE@C@EBEDEDCBI@IAGCKCGEAEDCDEHGFGNUFGFGDEFCHGDAFCFEDCFCDCBGCG@CAEKECC@IBEBGFGFEFEDCFCLEN@N@HAJCDABGCC@GBGBCHEFCFAHAFAJAV@H@NEHEDGFEFEFADCFAPALDLBP@HDH@FBJ@F@L@F@HAHAHCDADCFGLKLIHCPEHCNGFEDI@GBGAEBE@GAG@GBG@KAGBC@E@CAEIIEACBEHGDEBABAB@@@B@J@DADABA@ABABBBBBBBBDBB@B@B@@ABA@EAEAC@C@A@CB@B@B@BBBDBJH@BD@FADB@B@DCBGBEFBDADA@ABABC@CBAAC@AAAE@A@@@A@E@ABCDAA@ECA@CACCCCAA@@DGLM@@KG@AGEIAECIGEECEAGDEDCDAF@NFFHFBHDDBFADCDABCCCEACCEEACBGDEBG@@TBHE@CAE@AECEBG@GGGCACBGAMBGFCDCDGBCFCFC@AEA@A@CAAEAG@G@CCACAGAK@EFGHGDCHADA@E@IBGBEGEEG@@@S@GEGAICGECCCOMKMEGGEEEGGEEEECECEEGECGGGCG@EFGBMHIDGBIBG@CCICCCGCEEICWKKGEAIAGEGAGCIAGEIEICIEKAGCSAIAG@GBI@GAI@SCGAGAG@CAGAE@EAK@GCGEEIECCEEAGCI@I@KCK@IAKAIBK@I@EFIHEFCHAHCDCFCFEFCDEBEBGAKDC@ECGAIBEDKREDC@KCC@AB]OC@CDCFC@CDEFGDGDC@C@GDGFEBEBIBKAI@IBK@IAIAEECCGCCECEAQIeBG@AGCEAG@EBA@AAECCCCAE@@@AB@@@@@AAABA@ABA@B@@@@B@@@@@@@@A@@@@BA@@@@@A@@@@B@@@B@@@B@@@@@@@@@BA@@@@@@@A@@@@@@@@@@@@@@B@@@@@@@@@@AB@@@@@@A@@@@@AB@@@BA@@B@@@@@@AB@@@@@@AB@@@@@@@@@@@A@@@@A@@@@@@@AA@@@@A@@@@BAA@@@@@@A@@@@A@@@C@A@@@@@@A@@@@@AB@@@@@B@@@@@BA@@@@BA@@@@@@@@B@B@B@@@@@@@B@@@@@@A@@@@@A@@A@@A@@@@@@@@@@BA@@B@@@@@@@AA@@@A@@A@@@@@@BA@@@@@A@C@@@A@@A@@B@@@B@@@@A@@@@@@@@@@A@@@A@@@@@AA@@@@@A@@B@@@@@B@@@B@@@@@B@@@@@@@@@@A@A@@@@@@DAB@@@@A@@@@AA@@@@@A@@AA@@@A@@@@B@BA@@@@@A@@@@@@@@D@@@@@B@@@@@@A@@@AA@@@@@A@@@A@@@A@@@A@@B@@AA@@@@@B@@@@@@A@@@@@@@A@@@AA@@@@BABC@AB@BADAD@BABABABABAB@@A@A@AB@BA@A@@B@@A@@@@@@BABADC@ABA@@BA@A@@BC@@@CB@@ABA@A@AB@@@BA@@BC@C@ABAB@@A@A@@BA@@@A@ABC@A@ABCB@DA@GAEAC@A@@@AF@BAD@FAD@FBB@D@BABA@A@AAC@A@A@CBCBA@@B@B@DD@B@@@B@B@B@@BBBB@@B@D@BA@ABA@A@@@ADA@A@ABIBECCCAAA@A@G@GBA@A@AGAAAAAAACAC@GBCBG@E@C@C@E@CAEGGGCASGCACAECCACAC@E@ICQEABADCBA@CAECGIEGEACE@CGKCC@EACMGC@E@SCAGACC@G@Q@CECAGIAEEECAEAC@E@GBEBC@EAGAGCEACBA@CDEDQRKFC@CAIAIACBCBE@EACICGBWAK@ECCCAEAA@IAA@@A@@BCBA@AC@O@GAEAAAAG@A@CAAA@GBCBAAACACAAAAC@A@CAEAIAAACAA@EAC@C@AAA@ACAAAAE@EAG@AAA@A@AAMAGAC@A@GCC@CBABAD@@ABCDCBEDABABADAFADAFABCD@@@DGLABA@AD@BADEJA@CBK@GDABCDABCBGBE@I@E@C@GDEBODAAC@A@@AEGCACCCACACAE@GAA@CB@@A@EAC@CBEACAAAGECAEBC@C@C@E@ECIECCMECAEAGAGCC@EAEACAAACCACACEAE@G@ECGAAAEAC@A@C@K@I@EAEBECA@A@ADCDEFA@AD@F@FBJADCFADCDCDGDCBCBCBADABADGHADCDAJEBEBGFGDEDIBGAA@AA@CAGAAACECCAQEMGC@CBG@C@CAM@E@IDE@I@GCECGCEAECIACBABEFCDA@KHGDEJKPGHEHEFKDKCKGQEOCC@CBC@C@C@C@C@CAGAC@A@A@C@ABABABABCBABAB@@ADABABABCDA@EDEDABAD@BA@ABCBCBCBABEDC@CBC@EBCBC@CBABABABAD@BABAB@BADABAB@BAD@B@@BD@B@DAB@B@B@B@BABABA@GDCB@BAB@@CBABC@ABE@CBC@ABC@ABCBA@C@AACACACACACAEACAEAC@C@ABABA@ABAD@DABAB@DABAB@B@B@D@B@B@@A@C@A@AAA@CB@BAB@BADABBB@DAB@BA@A@EBC@GBE@C@A@C@CAA@CACAAACAE@CAC@AACAC@E@C@C@C@C@A@C@AB@B@B@BABABAB@BABCBABABADC@ABC@C@C@CBA@ABC@ABABC@ABC@AAC@AB@@@BBB@BBBB@@BBD@BAB@BABCBABA@CBA@CBC@CBC@CBC@CBABABCB@B@B@B@@@BAB@@A@ABCBC@ABEBABA@@BA@AB@BABCBCBABCBA@C@A@C@A@@BBB@B@B@B@D@BA@ABABA@AB@BAD@B@BC@ABABC@C@A@E@C@C@CBE@C@ABC@C@C@CAC@A@A@C@ABABCBA@A@C@CBCAABC@ABABABA@A@ABA@AAC@CAC@@@ADAD@BA@A@C@@BABBF@B@@@BA@AD@@@D@B@D@D@BAD@B@BAD@B@D@DAB@D@D@BAD@BCBAB@BABAB@D@BABBBAB@@CBABABAB@BAB@B@B@B@@@D@BAD@DBFBB@BDD@B@BBB@FBDBFDF@J@HBJ@HBF@DBBBBB@D@D@B@BB@B@BBDB@@BHDBBB@D@B@BADABADAHCF@B@B@B@DDFBD@FAD@HCFCHEBAD@DBD@F@DBD@NBDBHDJJFFBHBF@H@HAJ@H@J@JDHDHHBHBHBHDHDHFHBLDJBJFBFAHCDEHIFGDKFIBIDKBIAMAICICKAG@IBIBIDGFGFCF@JDFFFHBFD@DHHFHHHBLFH@@BBDDD@D@D@@B@@BDA@@@@BA@A@@@ABCBC@A@CA@@ABAF@DBDBF@DBBHBDBHDDDFBB@@D@HCHAFCFEHEHKTEJCLCHEHAL@JAJCFCLCJEJELEHCLAJAJCL@JALB@BB@B@D@DAJ@FBDAFAFCDEF@DBH@DADADAFADAFADCBGFCBCDBD@B@D@DADCBEF@@@BBBBB@@D@D@FBFBDDDBBBHDFDB@DBD@DAFADCHIFEDCDCD@J@N@F@R@JAD@JAFAJCBAFEDCHGJEDAD@BBBDADADABA@ABAAABGFEDED@B@B@@@B@D@B@B@B@@CB@B@B@BCDA@BBDB@BB@@@LBHDJDLFLBHBTC@B@@@BGDGBCBMACBGDGDGBGDGDGDIDKDEBGBGBK@IAMCOCUGICIAIAIBI@G@EAEAE@IBCDADCJAHCJCHCJCHEJAJEHAHCHBBAL@BABCBG@EBEFGLCBGDEBGACAIECACAA@CBCBG@CD@H@FAFADAD@F@DBBDDBFABCF@DAHCHEHEFIDEBMDGHEDCHCHGJCLAHAHEVAHCNCJINEJAH@D@FADCFADAB@B@B@B@FBBBDHHFDDBBBBHADBJABBBBBBBB@BBD@LD@BBBBBAD@BABCBA@CB@D@DBF@BBJ@BADABEF@BADABAD@BABABABCBGFEDKJGDEFMHGFEDEHEDGFEHIFMNEFIDIFIFIFIDOFIDQBEDEBKBG@QAG@E@I@GAIAEAECCAEAEAEAEAICG@IEG@I@I@EBE@GBQDIDE@SFE@Q@IAI@I@I@IBK@KBOBEBM@E@GAIAE@MAMCOAEAEAG@KAI@OEGGIEICICGAQ@IBCBGBABAB@DAFABA@C@IBA@EBABABC@CBA@ABABABABIDA@C@A@G@A@A@ABEDABCDEBMDABQHA@A@@@@G@CCCC@A@ABIJABC@AA@C@AGEC@A@ADCF@B@@DB@BB@@JAB@@C@C@AAAAA@A@CDA@A@AAEEA@@@@B@F@BB@HDBBFFBBPDBB@BBBEFBD@BAB@@A@AAIEA@A@A@A@@@CDAHA@@@@@AACAA@@A@ABC@EACCCC@A@@B@BCFADA@A@AA@A@C@AACA@@@EDC@A@@BAB@BBDBDFJ@B@@@BC@ABC@CDA@@@CAE@CC@CDK@ACAKAA@GF@@KBC@A@@B@DBH@H@BA@CBA@EACAAA@@BEBEBI@AC@C@ECCACA@@ACAA@G@ACAA@E@I@AAC@CAAAGI@CAE@A@@AICCAE@CACACACC@C@C@I@I@CBCFGBGBGBA@BFBBDFDDDDAHDJBDBDLNDBBB@B@BDD@BDBBB@BBB@@@B@B@D@F@@BB@BBB@B@BBD@JBD@B@@C@KFE@IHCDAD@BB@F@D@@B@DAJ@F@D@BF@B@BBCFCHABCFEF@DAHAJCHCHEHGHEBIBGBI@IAUAQAGAICGCGGEGEKAEAEGGCCECAEAEAIEGGOCCIAGAMCKAIBK@KBO@IAG@I@cEI@KBKDIBIBIFGBEFGBKHGF[LCDABA@ABC@EBA@@B@FBDBFBDDBDBBB@BBBALAJADKHMFGBEBCBM@C@GDA@ECECGEMICCCCAGA@E@K@E@I@E@EBC@OHKDEDE@E@E@KBEBEBE@ABGDEFABADBHBFBD@DBDBFBDDJBDBH@B@DDHDF@FAD@BBHFRBHBFBFJNFPBJCLCHAFCFEPEFGDCBG@IBGAKAEBE@G@EDCDCDCFCFADADAF@D@D@FBJDPBDDBDBD@D@FBBBDBBBBDBD@BBJ@BBBDDDBDBJFDDBDBF@DBB@BBBAD@BABADCBABCFAHAHAD@NADABIBIBG@ICIEGBADBFBFBJ@@B@BBDDBB@DBDBD@D@DBJBBB@DAPCPAPBRBJBHFFPDD@BABOLMH[ZKBIACCCAADGFIHEDADBPDDDFLHBBGBADCDAH@LCJBXADEHGHGFGFKFEDE@KBIBKBM@C@ULCDCBIBC@EEEEIEAAE@GBIDI@KCGAI@C@A@MDKDIFIHCHEACB@FCFBN@B@JBHBHBJDLBJAH@HCFEFKHEDEDGHCDAH@FAH@FAHGJKLGFKFEBE@EDABA@EBABCBCBCBCBA@A@A@CA@@C@G@EBG@E@IAE@A@C@A@A@CAACCAAAAAA@IAA@CACC@AA@@A@ABADCB@BABA@A@@@AAAAC@ABA@A@A@CAAAAAACCAAAA@A@AAE@A@@GAC@I@E@GBC@EDA@ABC@G@AAA@CAG@C@EBA@EBEBA@A@ECC@A@A@@@ACCEAEACCCKCCA@GBIACACA@AKAECAE@IBM@M@_@QBCAAAAAACAC@C@AAAAAAAECGECGAAAAAAA@KAA@C@AAA@AA@A@@BG@A@A@A@CBCBA@AA@ABA@@@EBA@CAA@CAG@A@AACACAA@A@C@C@@A@AAA@@A@ABE@ABC@C@AAA@ACAA@A@A@AAC@AAAC@KAAAA@AA@ABA@ABCBCBC@C@E@@A@EDEBCB@@CCE@G@EBIAICGAGCICEGEGCECCBEHCJCDARIFAJANEF@JEDEHEDEHEFC@IBGBIDWBEEGGAGAABCDCDABCBE@A@EDABCBA@E@IFONOBm@UCIAGQCBEBG@C@KEM@KAIAK@IBG@KAIGMCKCYCKEGAGBEDED@BEAAAABA@@B@F@BCBA@EBC@CBC@A@ABEBA@AAAC@AAEAAAAAACCAAAA@AAEAGAIAEAC@CAAACAAACACAG@CCAAAEAAACAAAAA@A@CAEAECECCACAC@EAM@C@E@AAA@AAAACAC@A@E@CAC@G@G@A@C@A@AAA@AA@@@ABC@A@A@AACBA@A@ADG@@@AD@BA@ABA@@AA@@A@A@AAACCAAC@EBA@CBCLABE@GCACAECEE@CBCFCDC@IAA@A@ABBBBBFBBDABEFC@AAAAACAGACA@G@I@AA@ABADCACAAABCD@F@BBDBLBFDBDAHAFABD@DE@CBAFCDADOBECAIEEECCACBA@@GCAEAABEHGFEJEDGAICCEEKEG@EBCFEACE@E@EFABABCD@@@B@@B@BBD@B@BB@BBB@BADCFCDA@ABCAGCAA@ADM@AACEEA@CACBCBC@A@AA@A@AB@DAN@B@B@@AAA@@CAW@C@ABABIHA@A@AABAFG@A@AAAAAAACBGBA@@B@BBBB@BBDB@B@B@BA@A@GAC@E@CBCFEFABBBB@F@@B@@@BA@G@M@C@EB@@A@@A@A@C@CACECCAA@@@A@AB@BBBFDDDBDAD@BA@A@A@CAA@@@ABABEDA@A@A@AAGCGAIAEAEAA@AAAAAACAAA@CEG@A@ABCBABAFCBAD@BAD@BADABAHK@@DAB@@C@@DCB@B@F@BAB@DADAFGDABADA@@BAB@@@@A@E@ABCB@BADABADCBCBCDADABABABCBCB@BAFAB@BADEFEDABCDGDEFGHGBAFCBCBABABEBAB@DAH@DAD@FEFADCDABEDGDGDEBE@E@C@I@A@EBE@A@EAECECECCECGGCCEAMM@@CC@C@@@ABADEBAB@DADAD@D@H@JAH@VBD@HAD@F@B@J@D@DAJAHAHEFC@@@@AA@A@@@ABCBAHGFGDCFCFEBCBAAG@CAEECMEM@E@IAEAECIGCEAG@E@GBCDATGDADCD@DBFFFFBDJLBFFJFDDBFBB@LALMBE@CAC@AAAMKIMEICG@A@GAEGICG@E@EACAAAC@CBC@ADEDEDABCBEFEHGDCDEDGBIBEBI@C@C@C@G@CBCDCFEFAFAFAD@BAD@FAJ@H@JBD@LEHAHIBAFAFCLKHEHCJCJAJAN@J@FAJCFCBCDIBEDGBCDCFAHCHALCFCDC@A@IAIACCAEAA@G@GDKHE@C@EACCAA@ABEBA@CDGDENIDEBEBCAEEGEGCIAEBCDEJEDAFENGNGFEDC@C@AAACAMDCBCDADAFGFCDA@CBA@A@GCCAAC@CBCFCNCJCDA@C@C@AAAEAC@KFIDG@E@EACGEKAECCEAKAGAECEEAAACAAA@AAC@A@EAAAAAAA@C@C@CCACAAC@GAC@AAACAMBC@AB@BA@@DEFABABC@C@A@CAA@CA@CAABADEBCDC@EAEAACAA@EBIBCDIJELCDA@E@C@CAECAEGGICGAC@C@M@CBCBCDCJGJEDCBCBCAEAECECCAC@A@C@CBABCFEDEDABC@CAACACAE@C@GBABEBC@CAAA@A@C@C@AAGCEACAEAGAAACECIAKEOAAGG@AAA@CAAACAECACCE@GACACAEAAACCECGCA@AAACAA@@A@AA@@@@@A@@@A@C@A@AB@@@@@@@@B@@B@@@@@B@@@@@@B@@@@@@@@B@@@B@@AB@@@B@@@@@@A@@@@@@@A@@@@@@B@@@@A@@@@B@@@A@@AB@@@@@@@@@@@B@@A@@@@@@B@BAB@B@BAB@B@@AB@B@AC@AACACASBCBCDEB@@EFCDECM@ADEBIBE@ACEBABEBEDM@EBA@@AECEBC@CBG@ACEGGACA@A@C@CCE@CBADEHCBC@CAC@CBABADC@I@A@KF@BCBIDCDCFKPAB@BBF@BADGNCD@@AB@D@B@@ABAAA@A@A@A@@BA@C@CBC@GBABCDA@@@AB@BA@ABA@E@ABAB@@@@DB@B@BABA@CB@@CB@@@B@@B@@D@@D@B@@B@D@@A@CAC@A@CFAA@@@A@A@@BAB@@AB@@@@AAA@@@A@AB@DABA@@@AA@@ACAA@A@@AAAA@A@AA@@@A@AB@@A@A@@AAA@A@A@A@AA@A@@@@BAB@@@B@B@B@@@B@@AA@@AA@@ABA@@B@B@B@@@@@BAA@@A@AA@@AB@@AB@BA@@@A@@@AA@A@A@A@A@@@@A@@BAB@DBB@@AB@@A@AAAA@A@C@CA@@AA@@BC@A@@@@CAACCAA@@A@AFC@GDA@A@@CAA@@ADC@A@AAAC@GEIAAA@AFAB@@ACA@A@CBAJ@BA@AAAIAAA@ADC@A@AA@A@A@A@@A@@@ABA@CA@@AEDCA@A@ABC@C@C@@@A@@AA@@AAA@A@@@A@AB@@@B@@@B@@@@@BA@A@@@CAA@@@AACACC[Ek@W@WDSLGBEBKBMCGGQGKCECA@A@@@A@A@@BABABAAAAEACAK@GBA@CC@AAA@GAIAECGEKACACACCCAAGEECCACAE@C@C@C@CAAA@AAA@AECECAAEACAACAA@CCGCA@CAA@A@A@ECGCAAEECCCA@@ACAGBADABCBCBI@EBE@EBCBCFCBA@MDCBABAB@DAB@FCL@BBBF@DBFBFDBBBDDLBD@F@H@DDF@BAH@FADBJBHDLAF@BADEFEHAD@DAD@DCD@B@D@B@BADABE@IDCBCBC@CBGFCDEDCBADCDAB@@A@A@ECCAAAAA@AAA@@@@@@@D@BABAB@B@BABCDCBABCDADEDA@EH@BAB@@BFBF@D@B@BAD@@A@CD@@BF@BBD@@B@B@B@B@HBFBFBB@B@BBBDBDBBBB@BB@F@B@D@@@B@@@DBHAB@@BHD@@@@BBAB@B@@@F@@B@BEBA@AB@HIBABABCB@BA@ABA@AB@@@BBBB@DBDBDBBBD@BBJ@DBBBBDBF@DBFDDBBBFBBBDBBBBDDHDHBBDBD@HAF@BBNBBBBB@D@DABCFABAD@B@B@BBDBHBD@D@FAD@B@D@DBDFHBFDB@B@D@D@D@NBFDJBDBDBBFFDBBBBBBBBBFBD@BBBBBB@BBD@DFDF@DBBBBHBF@DBDBB@D@BABCF@B@@DDBBBBDDBBDBBBBBB@D@B@DADA@BBBBBBBB@BBH@D@BDBFUBKBEDCDAB@DBFDJBFBJ@DADADCBCBE@KDGBCBABADCDCH@BAHAB@H@D@BHN@B@BA@CDEF@BAF@B@DBDBBDHDDBDBFBD@FBDABAFADAD@DADABABADABABOFE@CBCDAD@B@BDF@BBF@BABCDGBC@EBEBGDEDCBCBEBCDCDCHA@CDGF@C@B@AACAACCAAGC@@AA@A@E@AAAACACAC@ADE@A@ACC@A@@BADEB@@CAA@CACAA@A@E@@AAOAA@KEEA@@AAAC@@A@A@EDA@ABADCD@DCBCAI@E@C@A@CBABAAAAAAEECCCCEAAAACBCAEC@EAC@CAAA@A@C@C@C@A@C@CACCCACCCAC@A@CCEAA@AAAA@AAC@A@C@@AAA@AAAAAAAACA@A@A@C@ABA@ECC@CAC@C@CBE@EBGDCBCBABC@A@CAE@AAEAA@A@ABCBABA@CAAAAACAAAC@A@CBABC@CBCBI@KDE@C@AA@AAA@AACAAACGAEAE@E@ABA@@B@BAD@BC@A@ABCDADAD@DAD@FCF@DADAFAD@B@DBBBBBBBD@B@DABABCDABBBBDBD@B@DAB@D@BBFBD@BBBAD@@ADCBABCBAB@D@B@BAD@F@D@BBBBDBDBB@D@BADABAD@B@B@BBBDDBDBBBB@BAB@FABABCDAD@B@BBB@BAB@BADABADCF@D@BADABABABABE@EDC@GDCBABAFAD@BBD@DBFBB@BADBD@DBF@D@BAB@BADADADABCBE@C@CAC@@AACCAACEAA@CACBEBA@@BAHAB@D@H@FAFCDEHEDEBC@C@E@SGC@A@CDABCBA@C@CAC@C@ABABABAFABABCBC@GAKCGCGAECCCCCCCEACCC@EAC@I@C@C@AAKCC@AA@@@@AAC@CBEDABABC@AACCCCAC@C@CBEBE@C@C@C@CAAACCAAAAAECCAEACAC@GAGAEAE@GAEAC@C@C@A@CBABABA@CBA@EBEBIDEBE@CBC@A@ABCBABAAA@CCAAAAA@EDGFABC@E@EACAC@C@CBCBABABCBCDABA@@AAAAAACCAA@AAA@AB@DABABABA@CACAAAAACBE@A@A@EBC@AD@BCD@@CBA@C@A@EBA@C@A@CBG@CBCDCBCBC@AB@BADCDABCBCBCDCBC@CAA@AACCAAAACACAAAAACCAIE@C@E@CAC@CBA@E@C@EACACACAECCACCAA@A@A@ABC@AA@A@E@C@EBCBEDADA@@D@BBB@F@DBDDBDDDBB@BB@BAB@DABBBBBBBBB@@ABEBCBEDABABCBAB@B@D@D@D@FAF@D@D@HAD@D@DBDBBBDDDBDFBDDDBB@BBB@@B@D@D@DBB@BB@B@D@B@B@B@D@@BBD@FAF@DADADAD@DAD@FBDBFBDBFBFBDBDBD@D@DAD@B@BADAAABA@KHSNCFCBCDEFAB@B@DAB@BCDC@CBCBADCD@D@DBBBDFFBD@DADADEBI@E@EACBGBEFCBABA@A@C@EAC@E@CBC@ABAB@BBD@DADCBABA@CAC@GCGAGAG@G@KBMBIDIBGBEBCBCBADAB@D@L@D@DABADABCBEBE@EACA@CA@ADADCFCFADCDABA@C@AACACAAAE@C@A@CAC@CACCCBCBAB@BCFADADADADAFADADABCBEDCDADABAB@DAHAH@DADADADABAB@BAD@DABABABA@CBA@EBABCBEDABABADADADCB@@A@A@CB@@AB@BBB@DA@ABC@ABC@CDEDCB@B@D@@@DBBBDDBBDBDDD@BA@ABA@A@ABCBCFCD@@@BCDEFADABCBAACAC@AB@BAFEHCFCD@D@B@DCBCD@F@D@BADC@A@ICE@EBCDCF@D@D@DAFAFBDBFBDCBEDCFGFABAF@DBDBHBF@D@@EBGBEDCBCDCDECAAC@CHCF@F@DABEBCBAF@DBD@HCFCFGJCFGFIFEDCFAB@D@BCDADCD@BAFABCDE@E@ADABCBE@G@A@AD@FABCDABE@EBKFGFCBADAB@BBDDD@DBDBD@BDBDBF@BBDBDBDD@DADAD@BBB@BB@BBD@DBDDBD@F@DBDBBBFDD@BADED@D@BFBHBDDFDDFDDFHCBGFGHABAD@DBDFFFDBBDF@F@FAFADAD@D@BBDDBD@FDDBBBBDAFADBFBDBD@BBDDJBDBDDBH@F@B@FFBB@DDBF@JAH@DBDDDDDBJ@F@FBBDDD@F@BBBFBDDBDBD@DDBFDFDDBBHDF@F@D@FBDBDBBD@JBJAH@FAFAB@DBF@DBDBDADBDBD@FAD@DBHFFDDBB@@@FCHGFCHCJCHADAHBHFDBD@FEDADCFAD@DAHEFEBEBADCHCDAFABCBCBEBAFCFCHCFABABDBDDBH@HCDABABC@E@E@EBA@CFDHDDBF@JBB@D@FADCDADAB@B@HBJDFDDBDABABADAJ@HBHBDBDBHCDAF@DBH@DADABADD@DBDDBF@F@FADAHEFEHEFC@@B@B@BBB@D@B@BB@@B@BBB@@BB@@@BBB@BBBB@@BB@BBBBB@BBB@BB@BBBB@BBBB@B@@@@@@@@ABADAHAFABAB@H@D@D@B@B@B@B@B@D@D@D@DAD@DABABADA@ABA@AAA@AAA@A@ABA@A@AAAAAAAAA@A@A@A@AAA@A@@@AB@@A@@@AAAAA@A@ABABABADAD@DAD@B@B@DBDDBBBBB@@@B@BAD@BAB@BAB@JAFADA@ABA@AA@AAAAA@@A@A@ADCDCDCB@DAFADAD@BCB@BALBB@D@B@B@@ABCDEB@B@BAHBF@D@DAFAD@B@D@FDDBB@D@BABABA@A@ACEEA@A@A@A@AB@B@D@D@DABC@A@AAA@AA@C@CB@@CA@AAABA@@BAFAB@FBHBFBDBB@HBDAFAD@D@B@B@DB@BB@B@D@BAB@@@D@D@BAB@D@FADADADCDCDCDAF@FAH@L@HAB@BAFABABABCBABAF@H@H@H@J@D@DABC@@LCRAN@BAH@NAJAHAHAFCBCBC@AAEEG@EBCDCFAHAFBDBBDBBDBB@B@DABAD@D@B@DDFDDD@BB@BBDBBBHDFBJ@D@DABA@ABC@ABAB@DAHBDABA@ABAAE@C@CDCBAF@D@JBFBDBDDDBDBBADAB@@C@CBCB@@CDAHED@FCFABABAB@J@J@FAH@BBD@DAFABEBC@C@E@CBADAB@F@FCHAFADCBEDGDABA@AAECCGCAAAA@@DEBCDCBEBEJKPIJCFCB@DAB@HAF@B@BBHAHBBBBBBB@FBDBBBBD@D@B@DAHIFEFE@ABE@CAGACAEAE@C@ABCBAD@BADAD@B@B@DBBB@B@BAJABBDDFDBBBBADA@CBCAA@CAC@EBCBAHED@@BB@@BBB@@BB@@BB@@BB@@@@D@D@B@@BB@@@@B@@@B@@@@BB@@@BB@@@@@B@@B@@@BB@@BB@@B@@@@@B@@B@@@@@@BB@@BDB@@@B@@@@@B@@@BBB@B@B@@@BBB@@@@@@@B@@@@@@@@@@@BB@@BB@@B@@@B@B@B@@@@BB@@@@@B@@@@@@@@B@@B@@@B@@@@@@@B@@@B@@@@@B@@@@@@@@@@@B@@@BB@@@B@BBB@@@B@DBB@B@B@B@B@@@D@B@@@BB@@@B@@B@@BBBD@@BD@BB@@BB@@B@@@B@@@B@@@B@@@@@B@@@B@@@B@@@BA@@BABA@@@@BA@AB@@AB@@A@@B@@BB@BBB@BB@@B@B@@BB@B@B@B@B@BB@@B@B@@AB@B@@@BA@@B@BB@@H@JBF@BABCDADAD@JDJHBDBB@BBDBDBFCDADCFADADBBD@D@F@PCHADA@A@A@C@CBCBABCBCBEBCBAFAF@D@FAF@BDDDDBFBDADAFCFAHAFCFCBCDAD@D@HCJAJEPCPEFAD@BDBD@F@HBH@HBDBDBF@D@FBDBDBJBFBD@DABCBC@ED@B@DBB@@BBB@BB@@B@@BB@@B@@@@B@@@B@D@B@@@B@B@@@B@@@@@B@@@@@B@B@B@B@B@B@B@BAB@B@B@BA@@B@@AB@BAB@BAB@@@BB@@DAD@FAF@@@B@BBDFB@D@BLBBDH@BBFAF@DFHDBJ@LBD@@DELBH@DADCFEDABIHED@@A@@@BBA@@BBB@@@@@@BB@B@@@@@B@@B@DBHAH@B@BDBBB@BBBBB@DBB@D@B@D@D@FAB@F@B@BAB@D@B@DAB@D@B@BBBBBB@BBB@B@B@D@B@D@B@B@D@BADABABABABAB@B@B@BBDBBBB@@@BBBBD@BBD@B@BAD@BEDABBD@@@@@@@@@B@@@B@@@B@@@BAB@@@@BB@@@@@@B@B@@@@@@B@@@@@@@BA@@@@@@B@@BB@B@@@BB@BB@@@@@BB@@@@@B@@@@@@@@B@@@@@B@@@@@@B@@B@@@@@BA@@B@@@@@@BB@@@@B@@@DAH@JAL@D@DCDCHAD@DAFAD@D@D@BAD@FCFAFADADADAF@BABABADAD@DAF@D@B@FAD@DB@BBD@DBD@BABAD@D@D@D@DBDDBJFHFB@BDBBBBBBBBBB@BBB@F@B@DBD@DAB@B@B@@@F@BBB@DBBBBDBB@DB@BBB@@BBBB@BBBBH@BDF@BBB@D@BBB@DB@B@DDB@@A@@B@@A@@@@B@@AB@@A@@@@@@@A@@@@@A@@@@B@@@B@B@BA@@@AD@B@B@@@@@@AB@BB@@B@B@@A@@B@@@@AB@BB@@@@@@@@DA@B@AB@@@@@@@@@B@@@@@@A@@B@@@@A@@@@@@B@@@BA@@@@B@@@B@@A@AB@@@@B@@BC@@BB@A@@@B@@BA@@@@@BD@@@@@B@@@B@BA@@@B@@@@@@B@@@B@@@@@@@B@@@B@@@@B@@B@@@B@@@@@@@BA@@@B@@@AB@@B@@B@@@@B@@B@B@@B@@@AB@@B@@@@@@@@B@@@@@@B@@@AB@@@@@@@BB@@BB@@BA@@@@B@@@@@@B@@B@@@BB@@B@@@@@@BB@@BD@@BB@B@@@@@B@@B@@BBB@@BB@@@@@B@@B@BB@@@@@@@@@@@@@B@@@@@B@@@@B@@@@@B@@A@@@A@@@@@@@@B@@@@@B@@@@@@@@@B@@@@A@@@@@@B@@@@@@@@AA@@@@@@@@@@@BA@@@@@@@@@@BA@@@@@@@@@@BA@@@@@@B@@@@@B@@@@AB@@@@A@@@@@@@@BB@@B@@A@A@@@@B@BAB@B@BA@AB@@A@@@A@AB@@@@BB@@AB@@A@@BB@@@A@@@A@@@@@A@A@@@@B@@@B@@@@@@A@@@@A@@@@A@@B@@A@@@@B@BA@ADAB@@AAA@@@@@@B@@@@CB@@@AB@@@AA@@ABA@C@@@A@@@ABC@@B@B@@BB@@@@@@A@@@@BAB@@@@A@@@@BAB@B@@ABA@@@@@A@@A@@AB@B@@BB@@@B@@@@C@A@@BBB@@@@AB@@A@@@A@@@@@@@C@@B@@@@D@BBA@ABAB@@BB@@A@A@@B@@@BAB@BA@@@A@@@@D@@AB@@B@@BB@@BAB@@@B@@@B@@B@@@@@ABB@@@@B@@A@@@A@@@@B@@A@@@@@A@@BAB@B@@A@@B@@@BA@@@A@@@@B@@AB@@AB@@@@@B@@B@@@@B@@AB@B@@@@@@@@B@@A@@@@@@@B@@@B@@AB@@@@A@@BAB@B@@A@@@@@A@@@@@A@@B@@@@B@@B@@@@AB@@AB@@A@@@@@A@@@@@A@@@A@@@@B@@@@@@A@@B@@A@@@A@@@@@@@@B@@@@@BA@@@C@@@AB@@AB@@@B@@@BA@@BA@@@A@@AAB@@@@@@B@@B@@@@@B@@@@A@A@@B@@@@@BBB@@@@AB@@A@ABABA@@@@B@@AB@@@B@@@BBBB@@BBB@B@@@B@@ABABADAD@@@DD@BBBB@DADCBCFGPEHEFADARA@AAQC@@C@A@CAA@CDCFGDEDAHEHEFA@A@C@AAAAC@A@E@C@ABABADABABCBABA@A@ABC@@B@B@B@BABAB@BC@A@C@C@C@A@@@C@A@CAC@A@A@CBABA@C@AAC@A@CBC@ABC@C@C@CACAA@A@ABA@CAAAA@CAA@AB@BC@G@E@MBGBC@A@S@E@A@@@@@EBGDEDE@EBEBE@EBEBAD@DBDBD@DCDGBGBEBABAFAFADADAD@D@FADABABE@E@EACBCBE@CBED@DAD@BADADAD@D@BC@ADADAD@DAD@FCFCD@FAD@DDDBB@D@BAFADADBF@J@FAF@DAD@D@D@B@B@D@B@B@B@@@B@@@@@BB@@@@BB@@@@@BB@@@@B@@B@@@B@@B@@@@B@@B@@B@@BB@@@@B@@@@B@@@@BB@@@B@@@@B@@B@@@BB@@@@B@@@@B@@B@@@@@B@@@B@B@@@@@B@@@@@BA@@@@BA@AB@@@@A@@BA@@BAB@@@@A@@B@@@BA@@@@B@B@@@@AB@@@@@B@@@@@B@B@@@@BB@@@@@@@BA@@@@BA@@@@BA@@B@@A@@B@@A@@@@@@@@B@@@@@B@@@@@B@@@B@@BB@@@B@@@@AB@@@@@@AB@@@@@@@B@@@BA@@@@@@B@@@B@@@@@BB@@B@@BB@@@B@@@@@@@B@@@@BB@@@B@@@@@B@B@@@B@@@B@@@@BB@@@@@@@BA@@B@@@B@@@@@B@@@@@@@BA@@B@@@@@B@B@@@@@B@@@@@B@@@B@BDB@F@B@J@D@DDDBF@D@DAD@DAHAF@FAD@FADBF@DBF@FBF@FBBBBF@B@BBBB@DAD@H@J@FBF@F@B@DABABADABAB@B@BDDFBFDBDBFAFCDA@GDEDAB@D@DCBAFAF@F@DADBDBBF@FBD@DBBFDDDBDDDDF@HBF@DAD@DBD@DADAB@FBHFHDDDD@DAB@DBHDFFH@B@@AB@@@BA@@BA@@@@@@B@@@@@B@@@B@B@@@BB@@B@@@B@@B@@B@@@@@B@@@@@FAFAF@HBL@NCJCLELAJAHAHBF@RC@DABKNMJGLEFAFBHLLN`BHJBJDHFBH@FCHAB@@DBBBB@BBDBDDDBBDBB@BBB@DBBBBBBBB@BBBBBBD@B@DBBDBB@BBD@D@D@FBB@@B@D@B@B@BDBBBBBBBB@B@BBB@B@B@@@FBB@BB@B@B@B@D@DBBDDDBDBBBB@@AB@BABABCDCB@BBDBBBBBBBB@B@B@B@B@DADAF@@@BBBD@@@D@D@BBBBBFDFBDDDDBFBBBBD@B@D@B@D@B@F@B@D@D@D@FBFBDBFBB@B@FAFABBDB@D@@@B@D@B@BAB@D@B@DBBDDB@@DBB@D@BBBD@B@B@B@BAB@BABADAD@D@D@BA@AB@DADCD@D@B@B@DA@@FABBB@DBBBBBB@DBB@B@B@DAB@DBFDB@B@B@DBB@DBDBB@DDBBDBBBBBBDBBBBBBBBBB@BBB@D@F@B@D@B@B@DBDBBBDBB@@@B@B@DABBDBHBJ@BB@DBDBB@@B@BBD@DBBBDBD@B@B@BADAD@DBBBB@@BBD@BAD@D@B@B@BBB@BBF@DDFDDBDBFF@B@DBB@F@D@HBF@DBDBBDBBBB@BBDBD@DABADADADBB@FBBBD@BAB@BABAB@B@D@DBB@FBDBD@DDHDDBBBBBBBBDBBDBDBDB@B@B@D@DADAD@FAD@DAB@@CBA@@BCBABAB@BADCBCB@BGHIJ@NAD@FADABEBE@EDCF@FBDFFBD@FADAFBLBD@DABCBQHOLEDCDGDEFC@A@A@IGCAC@CBCDA@C@@@EBC@C@A@EBCDEDCBABGBEBCDA@AB@B@B@BABABCBABCBA@CB@@AB@B@B@BB@@DBBBDDBBBB@DBBBD@F@DBD@BAD@FAJCD@@@BBBPH\\BH@F@BA@CDGD@@ABCBAB@B@B@F@D@DABAB@@ABA@C@EBEBE@EBA@ABABAB@B@B@B@DBD@D@BADABADABADBF@F@DDD@BDBBBBB@D@BAB@B@B@B@@BDD@BBBBBB@B@D@DAD@D@D@BDDB@DBB@DBDABBBBBB@BBBBBDBDBDBD@B@@@B@BAJGFAH@LBN@JAPCLERERCVEHCHCHCHAD@DB@@AJ@DBB@@B@@@B@@@@@B@B@B@B@@@@@B@@ABB@A@@B@B@BB@@B@@@BBB@BB@@BB@B@@@@@@@B@@B@@@@@B@@BB@@@@@@BB@BB@@BBB@B@B@@BB@@BA@@@B@@@B@@BB@B@@B@@@@@BB@B@@@BBBBB@@@@@B@@BB@BBDDB@@DFF@H@F@BA@A@E@A@AB@@@AABAB@@@A@@@@A@@B@B@B@@A@A@@B@B@@A@@B@BDLBD@DBBD@F@BB@B@DAD@DBBDD@@@@@@@@B@@@@@@@@@@A@@@@B@@@@A@@@@@@B@@@@@@@@@B@@@@@BA@@@@@@@@@@BA@@@@@AB@@@B@@@@@@@@BDBBFBJDHBNBJ@B@B@DCBCB@BBBB@FBDBHBDBB@BDB@B@B@BAB@@@DB@BFJDDDLBPDHBHBBFBBB@@@@@B@B@@@B@BAB@@@@@B@@BB@B@B@@AB@B@B@B@BB@@@@B@@@B@@@@@B@@@@@B@@@@@BB@@@@@@@@BA@@@@BAB@@@B@B@@@@B@@B@@@@@@@BA@@B@@B@@@@@@B@@B@B@D@FCHCD@D@BB@B@D@DILIFAB@B@BDBDBF@BCHGFCDA@@B@F@B@HBB@D@@A@C@A@CBAB@D@FADADCB@BIFEFCDAB@B@BB@DB@@@B@B@FC@@DCDCBABCDEBABADAFAH@BAB@B@HEBAD@D@DAFAF@FBD@FAF@BAF@B@D@BBBBD@DBD@BAF@D@D@B@@@AGBABAB@RANARAXANAH@FBD@FALAJGNILKB@JEHCFCFEHCFCD@FCBEB@@@BAB@B@JHFFBBBF@@@@BB@B@B@BDBBBB@BBB@B@BB@@BB@@@B@@B@@BB@@BB@DDFB@@B@B@B@B@@@BB@B@@@D@@BB@@B@BB@@BBBB@@@B@@@BAB@@@@@@@B@@@@@@@B@@@B@@@@A@@@@@A@@@@B@BA@A@A@A@A@AA@@@@@@mIGACGAAAACAA@C@C@GBC@CB@@@B@B@DABAD@B@@DDNFB@JFDHDBBBFBF@B@R@VHH@F@DADBDDJLDBD@D@LCF@FBBDCPKNQLYNKNEHAHBB@B@DA@ADKH@D@BFD@BADCBAFDFJ\\AH@HAHEDWDIBGBCDCHCD@DAFGJK`UNONKRCHCLAR@FAJ@JAF@BCDM\\APDHNHBFCRBJRDDDJHDBDPBFFBB@D@D@BBB@@@DBDDD@H@D@@@B@D@BBBDBDBBDFFDFDB@B@@BB@@DBB@BDBBBB@B@BBBBDBFHBBDBBBBB@JB@BBBBHDDBFDD@B@DAHCFABADAF@HADAD@DAB@FCDA@AB@D@DBDDBBBBDBDBH@@@D@F@F@HAFABABAB@@A@C@AB@@ABA@@B@BABBF@B@BBDAD@B@B@FAD@BAD@BBDBDBDBD@F@F@LEHAFAF@F@HBB@D@DCBEHIBCBAB@B@B@B@BBB@DBD@B@D@BABABADADAB@B@BBBBBB@BBB@BB@B@@BAHAB@@@B@@@B@@@BAD@B@@BD@B@B@@@@@BBBBBB@@BBB@B@@BBB@@BBB@BBB@@@BADAB@@@D@@AB@@ABAB@BAD@BA@BDAB@@@D@DA@@B@BAB@@@B@D@B@@@B@B@@BB@@@DBB@BBB@BAB@@AD@@@B@B@B@B@@@BBBBB@@@@AB@B@DA@AB@D@DBB@D@DABCDABCDAB@BBD@BBF@DBD@D@D@D@DBDBBDDBBBD@D@D@DAB@B@DBD@BDDBBDDBDBDBBBDDFFDBBBBBD@BBBBDBBBBBFC@CBABAD@B@DAD@BABAD@@ABA@ABC@EFABADAB@DAF@BBB@@BDDBFF@@DD@@BD@@@@BB@@B@@@BBB@B@DAB@B@BA@@B@@@BBB@@@B@@@@BB@@BA@@B@@A@ABCD@BA@@DA@@BA@A@K@EBC@A@A@A@@@EBAB@@A@A@@@@@@BAD@@ABA@A@KCGA@@A@@@A@ADAB@@ABAB@D@@ABADABAB@@@B@@A@@@A@A@A@@B@@AB@BAB@BA@C@E@A@A@@B@@@DAB@B@@A@A@E@AA@AAA@C@@A@E@C@A@@@A@@B@D@@@B@DA@@B@BA@@BBB@BAB@@C@A@C@A@A@A@@BABCD@B@B@BBB@DBDBB@@B@BBB@B@B@BBB@B@B@B@DADABADAF@BAD@BBB@DBBBD@@BDFBBDBFBFBD@DBBBBBB@@@B@@@B@@@@@B@@@B@@BBB@@B@@@B@BB@@BB@BBB@D@B@FBBBFBFBFBH@D@DAB@B@BBBB@BBB@BBDDBB@@@DABCFADAD@B@@@B@@BB@@B@B@@@BAB@F@D@B@B@BB@@@@B@B@B@B@@@B@DF@DBB@@@B@@BB@@@DADBB@BBB@DBBB@BBD@B@@BB@@D@B@BBBFFDD@@@B@@A@@BA@@B@@@B@BB@BBD@BBBB@@@B@BAB@BBBD@B@D@F@B@B@B@B@B@BBFDBDDDBBBBF@FBHBB@DAF@BAFAF@F@FABAB@FBDAFADBB@DBFBDBF@H@@@B@D@BB@@BB@BB@@@BB@BA@@B@FABADAD@@CDABC@CBCACA@@A@CB@@ABABABAD@DA@@@ABA@A@CBC@ABCBEBABCBCB@@AAE@A@CAA@A@AB@BBBBDDH@DDH@B@D@B@DAB@@@DAB@@AB@@A@A@A@C@A@C@CBA@@BADAB@@E@E@C@E@C@EBA@C@ABABABAFCDCDCBC@EBA@ABA@@BAHADA@ABA@A@C@CAC@ABA@ADC@GDC@E@CBI@ABABEBGFGBGBEB@BABAB@DAD@BADADCF@DABABABABGDCBCBA@ADABAB@DABABABAB@@E@A@C@A@A@C@A@A@ABABA@@BA@A@CB@@C@A@@@A@AA@A@A@@@AA@@@AAA@ABABA@@@A@E@@@AAA@@@AAA@A@@@AB@BABABA@@@A@A@A@A@ABA@@@AA@@AA@@@A@A@@A@@@ABAD@BA@@BABA@ABA@@BA@@B@@AD@BAB@@FD@A@@@@@@@@B@@@BA@@@@@@@@B@@@BA@@B@@@@@@@@@@@B@@@@@@@@@@F@B@@@BCB@@AB@@@@@@@@@B@@@@B@B@B@@@@@@B@@B@@@@@@@@B@@@@BB@@@@@@@@B@@B@B@@A@A@@@AA@@A@@@@@A@@@@@A@@@@@@@@@@DBB@B@BBB@B@B@B@@ADA@ABA@A@A@@@CB@@ABA@AA@@AA@@AA@@C@@@@B@@BB@@BB@@B@@@@@BB@@@@@BABA@EDCDCDADADAB@B@BABA@IFA@A@BBBBDBDBBBBB@DBFDFBDBBBB@DA@A@C@C@E@E@A@C@C@@@ABAB@B@B@BBB@BAB@BBD@@@B@DA@ABEBMFC@ABA@AB@BAFAFABAB@BBD@DAHAD@BCBABCBA@CBGBCB@@AB@BBBADCFCDCB@@BFDHDDBBFDHDB@D@FBB@@@@BD@@BBB@BBB@BBB@BAD@DA@@B@B@BFFB@@B@BCDEFCD@@AB@@@@@@A@ACAAAAAA@@A@A@@@@D@NAD@D@DGFABABG@GBEBC@C@CBCBAB@BADAB@B@BCDABCDABAFAD@B@BBBBDD@BB@@@@CDE@@@AB@@AB@@@B@@@@@D@B@B@BAB@@ABA@CB@@A@@@@B@@DD@B@B@B@BBD@@@@@@@@B@@@BAD@@AD@BAB@B@@BB@@AB@@AB@@@B@B@@B@@D@@@B@@@B@BBB@@@@@B@@@B@@@B@@@@@B@@@B@@@@BBB@B@D@@@BB@@B@@CD@@A@@@A@@BA@ABA@@BA@@BAB@@AB@@@@CAA@@@A@A@A@@@C@@@C@@@A@CDCBABCDCBCBCBEBEBEFCBCBA@CB@@A@@BDB@@DB@@BFBDBDBFBB@BB@@@@B@@@@A@@@A@C@@@A@@@ABA@A@A@ABA@A@@@A@A@C@E@C@E@A@@@@@A@A@E@C@ABA@A@A@@@A@A@ABC@@B@@CBABA@@BA@@@@BAB@@@@ABAB@@A@@BA@@@@@AB@@@B@@A@AB@@A@A@@BA@@@AB@@ABAB@@A@A@A@@@A@@@@B@@A@@@EBA@@BA@@@A@AB@BCBCBC@AB@@AB@@A@@@ABA@A@@BA@@@@@AB@B@@@@@@AB@@A@@@ABA@A@C@@BA@@@@BA@A@@@@B@@@@A@@BAB@B@@@BAB@@@@@@@BA@@@@B@@A@@B@@@@@@@B@@@@@@@@@B@@@BA@@B@@AB@@A@@BA@@BA@@@@B@@AB@@@@@B@B@B@BA@@@@BA@@@CBCBEBABABAB@BAB@B@B@BBBAD@@@BAF@@@BC@@@@B@B@BBDBD@@BBBD@@@BA@@@AD@BA@@BABABAB@@@@A@@@@B@@B@@B@B@@A@@B@BBBAB@BBB@@@@@@BB@@DBBB@DBDBB@D@DBBBBBBDD@B@B@BBB@@D@@BB@@BB@@@B@@ADAFADAFAJCFAF@B@D@BBB@B@DD@B@@@B@@@BBBBDBDBD@DB@D@F@DBHHHHBBHDJBBDFFHLJFFBB@D@D@FAFAFCFAFAFABAD@FB@@@@BB@@@B@@A@A@@@AB@@CHAB@BABA@ABCBABABABAB@B@@AB@@ADAB@@@B@@BB@B@@@BABC@CBABCDCB@BADA@@@ID@@AB@B@D@BAB@BA@@@AAAAAAA@@@AAA@AB@@A@@BAB@DAB@BABABEDCBAD@B@@@BBBBB@@@@ABA@A@KCA@A@@BA@@B@@BB@BBB@@AB@@ABCBABCBA@A@ABA@A@@BAB@@@BB@@BB@B@@@@B@@@BCBCBAB@@CD@BAB@DABADABABABA@@@AAAACAA@AAA@A@ABA@@B@@@B@D@@@B@B@B@BA@ABC@C@C@C@@BA@AB@@@BAB@@AB@@A@@@A@C@ABC@ABA@A@A@A@A@ABCB@B@@AB@@AB@@A@A@AAAAAA@@A@A@AB@@ADAB@BAB@BADABA@ABA@A@@@C@@@ABABADABAB@@AD@B@DAB@B@@@@@BAB@D@@@BCBCBA@@BA@AB@@AB@B@B@D@@BB@B@@DBBD@B@B@BABCF@DA@A@C@A@ABCDC@ABG@C@ABA@CDABC@C@A@E@C@C@ABC@AB@DAD@BBFAD@BA@ABE@AAC@AAA@E@@@A@ABABCBC@EBA@AB@@AB@B@B@BBB@D@F@BAB@BA@@@CB@@A@@@@AAA@AA@CAA@A@AB@@C@EA@@A@ABABA@AB@@A@@@ABA@A@@@A@AAAAAAA@A@A@ABCBABCBCD@B@BA@@B@@ABCBCDEB@B@@BBD@DBJBHDDDBB@BBF@FAF@DBDBDBB@@DDHFFBDB@@HFBDFDBDDFDBBBB@B@B@BBBBB@@BD@FDB@@B@DAB@@@B@@ADABCB@@@BA@@B@BBB@BABADCD@@@BA@@BABAB@B@B@FDFBB@DBD@DBB@@@@@B@@A@@BCB@@A@@@ABA@@@ABAB@B@B@B@D@BABBD@B@B@B@BA@AB@BAB@@@@@@A@BDDDDD@BB@@@DB@@BBBD@@@B@@B@B@D@@@BA@@B@B@@@B@@BB@@@@B@@B@BB@@@@B@@@BBBAB@@@D@@@BAB@@@B@B@B@B@@AB@@@B@@@B@@@B@FADABA@@B@B@D@@BDB@@BBB@B@@@B@B@@@@@B@@@@@@@BB@@B@FBNBFBDAD@D@@@B@@@@@BB@B@B@@@BB@DAB@D@D@FBB@DBBB@BFDDF@@@@B@@@BAB@@@FA@@B@@AB@@@@@B@@@@@B@@@B@@@FBB@BB@@B@BB@@B@DAB@D@J@@@B@B@B@@@B@BA@@B@B@B@@@B@BB@@BAB@B@B@BA@@B@@@B@D@D@@@BAB@@@B@@@DAB@@@D@B@@@@@@@B@@@@@@@@B@@@BAB@@@BA@@B@@@B@@@B@@@B@D@@@B@B@B@D@@@B@@@@A@@@@BA@@B@B@B@@@BAB@@@BA@A@ABA@@@A@@B@@@@A@@B@@@@A@A@@@@@A@@@@@AB@@@B@BB@@@BB@@@@@B@B@B@@AD@@AB@@A@@@A@@@A@@@ABA@@BA@@@@B@B@@@@@BAB@BABA@ABABABAB@@@@@B@@@@@B@@@@@BA@@@A@CBC@ABA@@@@@@@@@A@@@@@@@@BB@@B@@BDBB@B@BAHADADCBAD@@BB@@@B@BABA@ABA@A@A@A@@@AA@@@@A@AAC@CAA@C@A@CB@@A@A@C@@@A@A@@BA@AB@DA@@@ABCBCB@@A@@@AB@@A@@@@D@@@@@BA@@@@B@@@@ABCFABA@AD@@@BA@@@@@ABA@@@A@@@A@AB@@@@ABABCDCBCB@BEF@BAB@@BB@@@DABC@CDCB@BA@CDABAB@@@@A@AAA@AA@@A@ABC@@BA@A@ABCBA@A@@BA@CAC@AAC@CA@@A@A@ABA@A@@BA@@@@@A@@@ABEBCBABA@@BAA@@A@@@A@@@@@AB@@A@AB@B@@AB@@@BA@AB@B@@AB@@@DAD@@@B@@@BABA@@B@@A@@@@B@@@B@@@@ABA@@@A@AB@@A@ABA@@@ABA@A@EBC@GBA@A@AB@@@@AB@@@B@D@B@D@@@BAB@BA@@BAB@@AD@B@BAB@B@@@B@B@BBB@B@@@@@B@@@@@BA@@@A@@@A@@@A@@@AB@BABA@@@@BA@A@A@@@A@@@AB@@CBEFEDCBA@EDCBCDABABCD@@AD@DBDB@@BBB@BHHBDB@@B@@@@@@ABA@A@CBA@@@AB@@AB@@@B@@AB@@A@@@A@A@AB@@@@A@@@AB@@A@A@@@A@@B@@A@@@A@A@AAA@@@AB@@AB@@AB@@ABA@A@@@CB@BA@@BA@ABABA@@@A@A@IAAAA@@@A@A@CB@@@@@@A@@BAB@@ABA@A@A@A@EBA@A@@@A@@B@@@B@@ABA@C@CB@@A@@B@@@B@@@BA@@@A@@@ABA@A@A@A@AB@@@BAB@B@@ABA@C@CBA@CBA@@@A@@B@@ADB@@B@B@B@@A@ABA@@BCBABA@A@C@A@@@A@@@A@EFCBCBCBABA@A@C@A@A@@BA@ABA@ABAB@@@B@@@@BB@B@@@@@BABCBC@ABA@C@@@A@@@AB@@@B@B@BBDAB@BAB@BBD@B@BBB@@@DBH@@@B@@ABC@A@C@A@A@C@A@A@C@A@C@A@ABA@C@A@A@C@A@C@@@A@@@AB@@A@@BA@AB@@A@@BA@ABA@@@AB@@AB@@ABA@CB@B@@A@@@AB@@A@@B@@AB@@@@@BA@A@AB@@AB@B@BA@@B@@A@A@EBA@A@CBA@CBC@ABA@C@A@A@ABA@A@AB@@A@A@ABA@C@AAA@C@ABA@A@AB@@AB@@A@A@AAA@A@E@A@C@A@@BA@@@CBABCBABABCBABAB@@@BBB@BBB@@BB@B@B@@AB@@@B@@@B@@@BA@AD@@@@AB@B@B@BA@@B@@ABCBCD@B@HADABCBCDABIDCBOJSJUJEBCBC@ABCBABABABCAA@CAGAEAA@C@A@CA@@A@@@ABA@@@AB@@A@@B@@@B@F@D@FBDBB@@BBBB@@BBB@B@@@B@@@B@@@B@@@@D@F@FBDDDBB@BBBB@DB@BB@@BB@@@@BAB@@@@A@@B@@A@@@@B@@@@@BB@@B@@@BAB@@@BAB@BAFBDBFDDB@DDDB@BBBBBDDBB@B@@AB@BA@AB@B@BABA@A@ABA@C@AA@BABADADABCBA@CDABA@A@AB@@A@@B@B@BABAB@BAB@B@BA@CD@B@BBB@BBB@DA@@B@@A@AAA@AAA@A@AAC@A@AAA@A@@@ABA@@@A@A@@@@BA@@@@BA@A@@@A@A@AA@@AB@@A@@@A@AB@@A@@BA@@@AB@@@B@@@B@@@BAB@@ABA@@@A@@@A@A@@BA@@@@BB@@B@@AB@BBB@@@BBBBDBB@B@@@@@@@@@@A@@@A@@@A@@BCB@@AB@@ADAB@@@B@B@B@B@@@@@@AB@@A@@@AB@@AB@@@@A@@@C@A@A@@A@@A@@@A@@@@@A@@@A@@@@@A@@@@@@@AF@B@BABA@@@AB@BA@A@A@ABA@@@@BAD@D@BA@A@@@@@@@@@A@@@@@@@@B@@BDBDBDBB@@BB@@@@BBBBBB@@BB@BBBB@@@@B@B@@BB@BBB@@@B@@@B@D@@@B@B@@A@@B@@@@@BA@ABA@@@A@A@@@AB@@AB@@AB@@@@AB@@A@@B@BA@@@@B@B@@@@AB@@@B@@AB@@@@@@@B@@@B@@AB@@@B@@@B@@@@@B@@BD@@@BBF@@BD@@@B@D@@@B@@@BA@ADADA@@@A@A@AD@@A@@@C@ABA@ABABA@@@A@@@A@AB@@A@@BABAB@@@BA@@B@@@B@B@BBF@B@@@B@@@@AB@@A@@BA@@DA@ADA@@@@BA@@@C@@@A@A@A@@@A@@B@@A@@@AB@@AB@B@@@BA@@@@@@B@@@B@@ABB@AB@@@@B@@B@@@@@@@BG@@@KBC@EBGBGAG@EAC@C@IDGBI@KAEAECEAICC@@AA@CCAA@@@AA@A@@AA@@@@AAA@@@A@@@AA@@@AAA@AA@@AAA@@@AAAAA@A@AA@@AAA@@AA@AA@@A@A@A@@@A@A@AA@@@@@A@@A@A@ABA@A@A@AAA@@@@@AA@@@A@@@@CAA@@AAAA@@A@@A@@AAA@@C@@A@@@AA@AAAB@@AA@@CC@@CC@@AAA@@@A@@@A@@@A@@@@@@A@A@@@A@A@@@@AA@A@@AA@AAA@A@@AA@ABA@@@AA@@@@AA@AA@AA@@AA@A@@A@@@@@@AA@@AA@A@@AC@C@A@@ABABEFC@CACAG@GEMCMCKAM@A@AB@FABCH@JAFBDBJDFABCBEBCBCBGBCBABCFGHEBIDPWFiLaJWHWHGBK@KFEBAF@H@BDFFFDDDDDDBD@D@@AD@@@B@@A@ABA@@@@BA@AB@@A@@BA@AB@@A@@B@BA@@@AB@@@@AB@B@@A@@B@@A@@@CB@BA@@@ABA@@@A@AB@@A@A@@@A@C@ABA@AB@@@@@@ILILGJCHGLCF@B@D@BABA@CBEDABCBCBGBABADADAFCFABE@CBC@IBCBGDIDGBE@I@EBA@ECC@E@IDGDGDEBEBGDEDEDEBCBCBCBIDEBIDA@AACCC@E@EBCB@AAACAC@A@GBEBC@EAABC@ABC@@@ABCB@BABAB@B@B@DABABE@A@CAA@C@A@CBE@A@A@A@AACC@ABCACAAECCAGEEEGEGCMCGCAA@CAE@CACGCIAGACACCGEACAGAACCAGAC@CDEAACCMEECCEA@C@E@A@CBABABCBABADABABA@CBA@ABCBABC@CBE@CBEBEDCBCBC@C@CAA@AB@@AB@BAB@BABA@CBABAB@B@B@B@B@BABA@EBC@E@E@GDCBC@@B@BAD@BADA@CBC@C@EAA@CAE@EAEAC@ABCBGDEDEDGDEBC@ABE@EAA@C@C@CBABC@CBE@IBE@E@C@CBCBABABABCDABCBA@EBA@ABABABABA@G@C@C@A@@@AB@B@D@B@DABABA@GACAC@A@@@@@@B@@@B@B@B@@ADABC@EBCB@B@@@BBB@FBF@FAFADADADCDC@CBEBABABADABCD@BADABCDABCBABA@A@CAC@A@A@ABABCB@B@BADBB@D@D@BAD@BADADAB@BCDADADABEFCAA@EAECAACCCBC@CBC@C@A@G@ABCBABCBABADCBCFABCBCB@DABADABC@CBEBC@CBA@EDABCD@BABADADCDC@AA@@AAE@EACBC@ABCBCDCBCBCDCBCBCBGBEDABCDADAD@BADA@E@EB@BADCFCBCBE@C@CBCBEBCBGAC@AA@@@@A@@A@@@A@@@A@@@@@@AAAB@@AB@@A@@@A@@@@@EACAECC@ABABEDC@CBG@A@EACCACAEA@@@@AA@@@A@@@AB@@A@CDCDEDEA@@@@A@@@@@@@A@@@@B@@A@@@@@@@@@@@@@AB@@@@A@@@@@@@@@@@@@@BA@@B@@A@@@A@@B@@A@@@@BA@@@@@@@@B@@@@@@A@@@@B@@A@@@@B@@@BAB@@@B@@@B@@@@@BB@@B@@@B@@@BB@@@@B@@@@BB@@@B@@@@@B@B@@@B@@@B@@@B@@A@@BABA@@@@@A@@@@BA@AD@@AB@@@B@B@BA@@B@B@@@B@@@@@@@@BB@@AB@B@@@@A@@B@@@@@@@@@@@B@@@@@B@@@@@@@@@B@@A@@B@@@@BB@@@B@@@@@BBB@@@B@B@@@B@@@@BB@@BB@@B@@B@@@BB@@@@@@B@@B@@@@B@@BB@@@BB@@@B@B@@B@@@@@BBBB@@@@@BB@@@BB@@B@@@@B@@@BB@@@@BBB@BBBB@@@BBD@@@BBB@@B@@@BB@@@BB@@@BB@BBB@@B@@@BBB@@@@A@@B@@@B@@@BBB@@@BB@@@B@@@@@BBB@B@@@@BBAB@@@D@@@B@BA@A@@B@@@BBB@B@B@@@B@@A@@B@@AB@@@B@@@BAB@BA@@BA@BB@BAB@BAB@B@B@@@B@BBB@@@B@B@D@B@@@BBB@@@B@@@B@FB@BDBB@@@B@B@B@@@B@B@@BB@@B@BB@B@@BB@B@DAD@BBD@@BDFBFB@@BB@@DBBDBBBD@BAB@@ABADA@@DGFIDCBCBABCBABCBCBCBG@@@GB@@C@@@@@AA@@AAA@CA@@ACAEACAACACAA@EACAAC@A@@AAEAA@CAA@ECA@CAAACCCCAECAE@KBC@E@AAABA@ABAB@@ABC@EB@BAACDADCBABC@A@A@ADA@CB@B@@ADAB@@@DABABA@@BCBAB@BCDCLABCDA@ABC@A@@@A@@BABGFCBEBCB@B@@ABAF@BBD@D@@ABE@@@EB@@@DAD@@@F@@ADEHEHEDGDA@GF@BEDEFCDEFABC@A@AAEA@@A@ABGFEFEBEB@@GFGDA@@@GD@@A@A@EA@@CEA@@@KAA@I@@@C@A@A@@@C@CB@@E@@@@@GD@@KH@@A@@@A@@B@@A@A@@@A@AB@@IAA@A@@@A@EDGB@@GBGBGAC@@@ABA@CB@@EDABA@CBA@GBCAC@G@EEQKAAGC@@@@AC@A@GCCCEC@GBKDIDEFABC@C@IAGEO@CBABA@C@CAAAAAA@@BA@ADABAB@BADEBCDABADCDCBA@GDCDADADGBG@C@I@C@A@A@@@A@ABA@C@AB@BAD@B@BA@CBC@A@C@ABABADABADABC@C@ABC@@@A@@AACACA@CA@AAA@A@EBG@@AACACCCA@AAAAAA@EBE@A@C@@@ABCBABC@C@E@A@CAADA@ABABAB@DDFDF@D@B@BABABBFBDBF@D@B@DABABA@A@E@C@A@A@@B@B@BADABA@C@C@A@AAAACACCCAECEAEACAACAAA@C@CBGDABEBCBAF@B@D@BA@EBEBCBC@C@CAG@E@A@CBADABA@A@CAA@A@CBCBCDCBGDGDEDEBEBCBCBCBABAB@@BBB@DBDBBBBD@B@BB@BBDADB@BBBADADABCBELCJAFCHCDADADCDEDCDCDABCDAD@DAD@B@BAB@BC@CACACAEECECA@AA@CAE@A@CDC@C@AAAAAACCCCACACA@CAAAC@A@CDEBCDCB@BADBBBBBBBD@BBD@BAFAFAD@DAF@HAD@BABADAF@DBDBBBD@DAD@BADADCDAB@DAF@F@DADADCBABCBABEBABE@C@CAA@ABA@ABADCDCBEBABE@CBK@IBI@EBCAE@CBC@EBE@EBC@C@A@ABCFCBEFABADAFADCDABCBEBGBE@CBC@A@A@CBEBA@EDEHABCDCDABA@CBAAAA@@ICIAI@I@G@ABAFCFGFGBCDEHCFEJADCBC@CACCEEGEC@GAECEBMBEACAAE@CAIEIECAAAACCACAECACGACCECCACAA@@@A@AB@BABA@@BA@@B@@AB@BA@@BA@@BA@A@@@AB@@@BA@@B@@@B@BA@@BAB@@@@@BA@@AA@@@@AA@@@@@A@@@AB@@AB@@@B@BBB@@BB@@@B@BBB@B@BA@@BA@@@A@@@AAA@@@A@@@@B@B@BAB@@@@@@A@@A@AAAAA@AAA@AA@A@@@AAA@A@A@@@AAA@@@A@@B@@@B@B@B@@AB@@@B@BBB@B@@@B@B@@@B@B@@@BA@@@@@@@C@@@@BAB@D@B@@@B@@B@@@B@B@@B@@@B@B@@@B@B@B@@A@@@@@A@A@@@A@@@ABA@@BA@@@@@AA@@A@A@@@@B@@@DAB@B@B@@A@@BA@@B@BA@AB@@@B@@@BD@B@@@BB@@@B@B@B@@@BAB@@@B@B@BA@@@@@A@@@@BA@ABAB@@@B@F@B@@@@@B@@A@@AA@@@@BA@@@ABA@@BA@@BA@@@AB@@AB@@@B@@@@B@@@@B@@@B@B@B@B@@@BB@@BBB@@@B@@A@@BA@A@@@A@A@@@@BABA@A@A@AAA@A@@@@BABCBA@ABA@AB@@AB@@@B@@A@@@ABA@@@@B@DABA@@@@BC@@BA@@B@@A@@BA@@BA@@@@@AB@AA@A@@@@@A@@BA@@@A@A@A@@@@BAB@@ABABA@A@@B@@AB@@@@@@A@A@@@A@@@AB@BA@@@@BABC@@@A@@AA@@A@CAC@AA@@@A@@@AB@BAB@B@D@FA@@BA@@@@A@CACAAA@@@A@@@@@AB@B@DBB@B@B@@@@AB@BA@AB@@@B@@@B@@BBA@@@A@@@A@AB@BADC@@BAB@B@BA@@D@BAB@DAD@D@D@BAB@B@BAD@B@BAB@@AB@@@B@BB@@B@BA@@@A@A@ABA@@B@BA@@BA@@BAA@@@AAA@@A@@BA@@@@@AAAA@AAA@A@A@AA@@AA@@AAAA@@@A@@BA@@@A@@@@@@@@@A@@B@@A@A@A@@BAB@BABA@@@@@C@A@@AA@@AC@AAAAA@A@A@@@AB@@AB@BAB@B@@A@A@A@@@ABAB@@A@A@AAA@A@@@ABA@AAA@@@AB@@A@@@A@A@@@ABABA@ABAAABA@A@ADA@A@ABA@ABAB@BABA@C@EBA@@DADABCDGBC@CAE@KAE@A@A@@CAICACEAA@A@A@C@A@E@EBCBCBABADABEBCBCBEBCBCBCBG@C@C@A@CBABABADADAFADADAD@DAD@BABADABA@C@E@CBE@CBCDEDCDAB@BAD@B@BDBB@BBB@@B@@ABA@A@A@ABEF@@@@GFGDCBGDC@GBEAGAE@E@GAEBCBEBEDCDGDEHEDEBEBGDEBEDEFCDEDEDIFEDE@CBG@E@G@G@IAI@EBEBGDEFEFCFCBCFEFEFEBCBE@E@G@E@I@EBE@GBIBGDGDEBGBIDIDKDGBGBIBKBKDKDIDGBIDEDIBGFIFIDMHIFIHGDMHIHADCDEBEDGDCBGBG@E@EBG@IBI@GDGBCDGDCDCDCDEBCBE@IBGDKDIBIDGDEBIFIFGFEDEHGHEH@FCFCFCDCDEBEDGBE@EBKDEDKFKFGFEFEDCDA@ABC@E@C@ABCDGHCFCDCBIFCBEDEDC@ABA@ADCBAD@DAFABCHCBABCDEBCBCBEDCBABCBABGJCBCJCFADCFAB@D@B@DBD@D@F@DEJAD@BBFA@@B@DBBDF@@@BABCB@BAB@DAD@DABABA@CBC@GBE@C@@@CAGAE@GAKAGCICKAI@I@EBEDGHEDCFCFCJCLALAFAHAJCJEHCDEFCFCDEDEFEDIDEBKDGBIDCDGDADEJAF@H@HAHAFADCDCHCDCDGDEDEDIHGDIFIFKFKJMFGFIHKJIFEFEDGBGBIFEBEDCBIDIFIDIBEBG@GBI@GBKBEDEBCBEDGFCDEFGFIHGFGFEDIFIHGHCDEDEHEDGFGHIHIJGFGDEDGBEBEBCBGDGDIHGFIHKHEDIFGFCBEDCBGFEJEFAD@D@FDDDDBDFDDDHDFFFDFDHDHDHDHFFDFFFF@FCDEBCBCBE@E@I@EAE@E@GDEBEDEDCDCDAHCFABCDCDC@GBCBEBGBGBGBIBC@G@G@@@A@ABEBA@AAIGCACAA@C@C@C@EAABA@ABCBIJA@C@I@I@E@MBC@EBIBCBCBCDEDC@CBE@CBGF@BAB@BCBE@C@C@ABCDEDCBCBEBIDAHAD@DADADCDC@EFABAFABAFAFABCDCBE@CDABABA@CBCBC@EAGAE@C@@DADADEBEBC@C@ECCBADABCBEBMDGBEDCB@DBBFDDB@DABABEDADCDADBBBB@BGDC@CAC@@BCBAAC@EBE@IACBCBG@E@EASEEBCBCDCBA@CACAC@CAI@CA@CAG@ICEACAAACCCAGCCAAACEAEAGAAA@CAC@AKCICEAEEACGIAECIEICCIEECGECAEAEGCCCGAECCCAG@KAC@EAAAECECQAIAEAGAICCC@CBCHGBCHMDE@E@ACCCAC@ACCEA@Q@K@C@CCEKCIACCCGAC@E@E@CBCBILIHKHEDGDA@IBE@EBE@EBGDCBE@E@G@GAG@EAI@I@G@IAGAI@KAGBI@E@GBEDCBEDCDEDCBEDEDEDCBADCFAD@F@D@DDJBDDHAFABEDEBE@EAIAG@E@EBGDADADAD@F@D@DAFCDCFCBEHGFGBE@E@E@CBI@GDEBC@GDC@G@EBE@I@E@EBE@GBE@EBE@G@EAE@IAE@GAEAEACECCACACBE@C@CBE@CBE@CBC@EDG@CBE@C@CAGAECGAEAEAGCIACACCCACGICCGGECECEEGECAMOAAEGCEAC@A@EBAB@DAHAF@DABABABA@C@C@I@M@A@CAA@AAA@AAAIGACGCKCEAEAC@AAAAACEAECEACECCEECCA@EAC@CACAAAACCACAAAKAEAC@GEIEA@KKCECEAEEGCCAAC@KAEAE@CAAAAACAECGAC@AACAAAAC@GAA@CA@A@CAI@C@AAAACEGGAAAAA@C@A@CBCDEFEFEFCDGNEH@DCFGFEBE@E@EAC@CDCBABEHCDCBKBCBABCDABAD@D@D@D@BADCBKJCFGFEBEBIBE@EBG@KAE@C@EBEBEBEBIDEBABCBADCDEBEAA@@@CDEDKBEBIBGBGBG@EBGBE@CBEDGDGBEBEBEDGBIDEBGFCDEBEFEDEFEDEFGDIFGDEDGDGFGDEBGBEBC@EBCBEBIDGDEBGBCBE@E@E@E@C@E@GBEBEBC@GBE@EBEDIDCDGFCBGBIBI@G@G@G@CBIBEBEFEDADAF@D@DDFDJ@FAFADADADAFCFADCDCBGDGDIBEBEBE@EBCBEDKFCDGBEBEBKBEBEBCBCBGDEDEBGDEDGBEDEDIFGDGDIDIDIBEBGDIBIDCDCBEBEBGBEBIBE@EBEBGBIBEBEBIDEBEDCBCDCFCDADADCDCHCDCFCDEFCBEFCBCDEBCBCBGBGBG@E@C@EDADADC@CCAAEDEBGFEDEDCDGJEFCDEDGAGAIAGACAGCE@GBGBCBEDADADAFADABAHAFCDEDCBCBEBC@GAGAGAG@IAE@G@KDQAWH[H[LkPeLyD]@]@EBOFWBeA_AQ@_C]@ODIJOJIBQ@a@aEcGgEAA@@@A@@@A@A@@@AB@B@B@B@BAB@BABA@A@@@A@@@ABA@@@A@@@CAA@@@ABAB@BABAB@BAB@@@B@@@B@@ABA@@@@B@@BBBB@@@@@B@B@BC@@BA@@AA@A@@@@B@@@B@@@BAB@@@BA@A@@@A@@@@CAAA@@BA@@BAB@B@@@BAB@B@@@B@@A@@@A@@BA@@@A@@AA@@BA@@@A@@@@@A@AB@@@@A@@@A@A@@@A@@B@BAB@B@B@B@@@BA@@@@AC@A@AB@B@B@B@@@B@@ADC@AB@@@@@B@@AAAAAAAAC@@A@AAA@@ACAAA[_YYKK@SASMCGCJUEKCQAOJOJOCQS]MSGYEOCOAQHMHEFMIUGS@UJCJ@JUVOLBFCB@DBB@B@FAD@HA@BB@FA@A@@@@ACCGACCCCAAE@A@@BADC@ABA@C@@@@@AB@B@@A@EBCAC@A@AAA@@BA@ADC@A@GBEBE@@@A@@AA@AAA@A@AAE@C@C@AA@AA@AAA@CBA@CBC@O@E@A@C@AACAC@A@CBC@AFMBC@IDEBI@@B@BABABA@CBA@@B@PAD@DAFAFCD@DA@@@@@EAI@C@I@Q@AAAAAACAACCAAAACC@A@ABC@@BA@ABA@A@@AA@AA@@ABA@A@AAACACC@@BADEBCBCDEDGBA@AB@B@F@D@@ABABCBCB@@@DAH@B@B@DBB@BBBD@@BB@BBB@@BABADABAD@BA@@@A@CA@@A@AB@BABAFC@@@@AACCCA@A@AAA@A@AACAEAA@@AA@A@A@A@@AAA@AAA@A@E@C@A@AAA@@@BABCDAB@B@B@B@B@B@JAF@@AB@@C@A@A@AACAA@A@CAA@CJ{BOsUwUcMSK_CLOJMNWJWAUBo`KFW@YJSJEA@@@@_@@@@@BA@A@A@@@AB@@A@C@@DC@@@C@I@@@ABC@@BAHCBABAFC@ADG@@@A@A@E@ABC@ABC@@BABA@@@@SLS@YGUOIMJQXGXMJI@QIQ]KAmF]@KAGGCISBUBOGKI@KTK^ONELGJGCMIM@WEQ@@AEQQA@@@A@A@AA@@A@A@AA@@A@A@@@@@A@@A@AA@@@AA@@@A@@AAA@AA@A@@A@@@@A@@AA@@AAA@@@AA@AAA@@@@AA@AA@@AAA@@@AAA@A@@@AA@@@@A@@@@@A@@@@@A@@A@@@AAA@@@AA@@@A@@A@@@AA@@AA@@@@A@@AA@@A@@@@A@@@@@@A@@@@A@@@@@@AA@@@@@A@@@AAA@@AA@A@@@@@@@@AA@@@@AA@@@@@BA@@@@@@AA@@A@@A@@@@@A@@@@A@@@@@@A@@A@@@@@@@@AA@@@@A@@A@@A@A@@@@AA@@@@@A@@AAA@@A@@A@A@@AA@@@A@@@AAAA@@A@@AA@@@@@@@@CA@@@A@@AA@@@@@@C@A@@A@@@@@@A@@@@@@@A@@A@@@@A@@@A@@@@@@@@@A@@@@@@@@@@@A@@AA@@@@@@B@@@AA@@@AB@@@BA@@@@AA@@@@@A@@@@@@@A@@@A@@B@@@@@@A@@@@@@B@@A@@@@@AB@@@@A@@@@@@@@@AB@@@@@@A@@BA@AB@@ABA@A@@@A@@@AA@@A@A@@@A@@@AB@BA@@@@BA@A@AB@@A@A@A@@BA@@@@BA@A@AB@@@BA@A@A@A@@B@@A@@B@@@B@BA@@B@@AB@@@BA@@@@BA@@BA@@BAB@@@BA@@B@@AB@BAB@@@@AB@@AB@@AA@@@@@A@@AA@A@@@A@@@AA@@AA@@@@@@@AB@@A@@@A@ABA@@@ABA@@B@BA@@B@BABAB@@AB@@A@@BAA@@A@@AA@@@A@@@A@A@A@@@AB@BC@A@@BA@@@ABC@A@@@A@ABA@A@AB@@AD{GB§VXRR{NqFs@E@UBkI}q¡@A@ADGBCCAGECCA@CAAABEBA@ABABABAD@B@@A@A@AAC@A@ABA@ADEBC@AAACAECC@A@A@K@A@A@A@@AAA@A@@@AA@A@CAA@KBC@AAA@CCCCAC@@A@AAK@@@CBABABEDCDADABAB@B@@BF@B@B@B@B@BAB@BABA@C@C@C@K@EBABA@@BE@G@AAAMAOGKYBsVMJOFS@ILIBGBA@G@C@C@CBA@@BC@E@A@A@G@A@EBC@CB@@AB@B@DC@EFA@ABG@C@EAMEE@A@E@ABC@EDABC@E@@@AC@ACEAGAA@AAAACA@AAA@@BA@EBABGBA@A@EBKFAB@@CDC@ABKHEDCDABAD@BAB@BABA@ABA@A@E@C@AAC@EB@@A@@B@BAB@B@D@DA@@@C@EAA@A@ABC@C@CDE@C@CBA@A@@B@F@@@BA@@B@@A@CBA@GBCAA@AB@B@J@DABA@G@EAE@C@CDABABAFA@@BCBC@ABG@A@CBCBABAB@BAB@DBB@BABABED@B@B@BDF@@BB@B@BA@A@@BQPOJMPA@ADABABCB@BCBAB@BCBCB@@C@C@IAA@CAEAC@AAC@A@C@CAGAA@EAAAA@C@A@AB@@A@ABABCDADCD@BAD@BBB@B@BBBA@@DAD@@AHAF@DADADCHAD@DAF@B@DAF@BAB@BABAD@@@BBDAB@@ADABABABEFABCFA@ABA@C@C@AAC@AACAE@A@AA@@AAAA@@A@@BCBA@ABG@CBA@EDA@@BC@C@I@G@E@A@CBCDEBEDA@C@@@@DADEBEBI@C@@@A@@BCBGFG@E@A@EBABABKFABAF@BBBAB@BA@CBCBA@ABAB@B@@@DB@AB@@@@CBA@E@A@AB@@CDAD@BA@A@@ACC@@CAC@E@C@ABC@A@ACA@@CCC@@CA@@C@E@A@A@CEA@@C@@@A@CBABA@@@A@@@AAAAA@@CEAACGEE@AA@CAA@A@C@IDA@EB@@CAKA@@AAAA@E@A@@AA@AA@CC@@ACAAAACACCAACAGAEA@@AA@AAAAA@AE@EACBABA@A@C@A@C@IDEBA@E@A@AACAA@CCCCAAAACAA@A@@A@A@@@@AAAAA@@ABA@A@A@@CCA@CAC@CAC@E@AAA@ACAA@@CC@AAAAAA@E@E@EAA@C@AA@@ACEE@A@@@ACACACAGEAAAA@AAAAA@@AAA@CBCBA@A@C@A@A@@@@B@F@H@D@BAD@BABA@CD@@@@EBGB@BA@EAA@A@A@@ACCECACCACA@@@AAA@AAA@ACACAA@AAC@C@EC@AC@AACAAACAA@@@A@ABA@CD@BABEBAB@B@B@D@BBB@B@B@BEFAB@@@@A@ECCCA@C@@@C@C@@BA@ABCDAB@@AAA@A@CC@AE@AAAC@@AE@@AAA@CAC@A@CBCBA@AB@@AB@BAB@@CAA@CAA@AACA@AA@A@A@EDABE@E@@@A@@BA@AB@BCD@@A@A@A@A@ABCBABCBA@A@E@C@C@E@AACAEA@AC@EAC@E@A@ADCD@DADCBEBCBCBA@ABAA@@EA@@CCAAACAC@@AAABA@A@ABE@KCCAEACAE@A@AAA@AAA@@AAC@C@@AA@@CCA@AA@@C@I@C@IFCBABAB@@@F@@@BCHABABCDA@@B@@CBABG@CBA@AB@BA@@BC@CBA@A@@@@@@D@BABABABABABA@A@A@E@GA@@AACAC@C@A@E@@BEBCD@@@D@B@DAB@@ABCBCDCB@B@BAFCHAF@DEFCH@B@@BB@@DB@@@@B@@D@DBBAB@BCBABCDABAD@@A@@@A@ECA@@@AB@@A@A@@@ADA@CBCD@@@B@B@@@BABCBMBGBKA@@ADA@CBA@CBA@A@AA@@ADA@A@@B@@@DA@AD@BCBAB@@@B@B@B@BABCBABGHABADADA@@@A@CCA@CAC@A@EBC@ICC@ICECCAECA@CAA@I@A@EAAAAA@@A@CBA@ABMFAB@BA@@BABA@A@CD@BE@MH@@A@AA@ACCCACACA@@A@CBA@EDABAD@@CBA@@BABAB@B@BABCBCB@@A@AA@@AACAE@E@A@G@ABA@ABA@A@A@ICC@EBA@@@EBCBABCBABA@ABA@C@C@C@A@EAA@E@C@A@A@EAGAC@C@@@A@E@EAA@C@C@AA@@AA@EAA@@I@CBA@C@A@CAC@CAIBI@C@AACACCGAG@IAEC@@AA@@BC@EACCCAA@ACAAACAC@E@C@C@AC@A@AA@@@A@A@A@AAA@CAG@G@GAE@C@C@CBC@A@A@A@@@AAAC@A@@A@@@A@A@@BA@C@G@A@AAECAAA@A@@@GDA@AAC@A@ABC@A@EBC@E@A@EA@@E@@@A@CC@@C@I@A@@BABA@@@C@C@EAA@G@C@AAE@C@GBC@C@C@A@C@A@A@C@AA@@A@@@AB@@@BAD@@A@C@C@C@A@C@@@CCA@A@I@G@G@CACAA@E@A@A@ABIAC@CBE@ABA@G@E@AAGAA@C@CBA@A@A@ICA@E@CAA@AAA@GAE@A@A@@ACCCA@@EAC@A@@AA@A@K@C@A@AAECAAA@@@A@A@A@E@GDA@CBA@@@AACAA@@AAA@@AAA@A@A@E@C@@@AAA@@A@@@G@AA@A@@@C@GAC@AA@@AA@AC@ACAAC@A@AC@@@CA@@@@@A@A@ABA@C@A@A@@A@@AA@A@@[JMHCDAFADAJ@FB~@RBF@F@HCHGHKLGHCJi s¸ìo¬yÀENENIAGAIAC@CAGCE@C@E@MCC@IBK@K@CBKBE@MAEBA@E@E@C@ID{Gő]ĉUcCA@yGA@CCIECAQECAA@C@C@C@E@CAG@EBKDM@C@ABABE@CBGBA@OBI@EBEAEAA@EAEDO@CBEBGBCBABKDQD@B]L}Z[^@@IFCBEBC@ABCDCH@D@D@DCFAD@B@DAD@DADCFADAB@BC@ABA@AB@B@DBBDDBFDFBB@BDBHBB@F@nBØH^B@N@S@{@U@IFMHf}`EBGFMJSN@@E@ÕCAAkAiA@½EwE}EE_C@@@@A@@@@@@@@@@@@@@@IA_I]IM@G@@@@@Q@QD[VGB[NIDAAK@IAIBS@I@aHUJNpFhFvDdDRBXB^@@@@@@@@@@A@@B@@@@A@@@@B@@@@@@@@@@AB@@@@@@@B@@A@AB@@@@@@@@@B@@@@@@@B@@@@@@@@@B@@@B@@@@@B@@@@@B@@@@A@@BA@@@@@@B@@A@@@@B@@@@A@@@@B@@@@A@@@@B@@@@AB@@@@@@@BA@@@@B@@A@@@@@A@@B@@A@@@A@@BA@@@@@A@@@A@@BA@A@@@A@@@@BA@@@@B@@@@@@@B@@@B@B@@@@@B@@@B@@@@@BA@@@@@@B@@@@AB@@@@AB@@@BA@@@@B@@A@@B@@A@@B@@@@A@@B@@@@@BA@@@@B@@@@AB@@@@@B@@@@@B@@@@@B@@@@@@AB@@@@@BA@@@AB@@A@@BA@A@@B@@A@@BA@@@A@@BA@A@A@@BA@@@@@@@AB@@@@@@@B@@@@@@AB@@@@ABA@@@AB@@@@A@@@A@@@AB@@A@A@@@A@A@@@@@A@@@A@@BA@@@@@AB@@A@@@AB@@A@@@A@@BA@@@AB@@@@A@@B@@@@@BB@@B@@@B@@@B@@@@A@@B@@A@@BA@@@AB@@@@@@@B@@@@AB@@@@@B@@@@@@AB@@@@@@@B@@@B@@@@@B@@@@B@@BB@@@B@@BB@@@BB@@B@@BB@@@@B@@@B@@B@AB@@@@@B@@@B@@@B@@@B@@@@@B@@@@AB@@@B@@@@@B@@@@@B@@@B@@@@@BB@@@@@@@BB@@@@B@@B@@@B@@@@@B@@@@@B@@@B@@@B@@@@@B@B@@BB@@@B@@B@@B@@@B@@@BBB@@@@@B@@@@@B@@B@@B@@B@@@BB@@BB@@@BMPIHIHKFG@K@IAEACCCGCCGAKCOGEACA@EEECCECK@IBECICGCIBIDKBOBQ@KBE@A@E@E@C@CAECICEECAEBCBCDGDCHCD@FAFCFCDGBGBG@IDG@CCCAE@E@G@E@GAGAGCGAE@I@I@EACACCECCCCCECGCCCAC@AAEECABC@E@C@EACBABCDCACAC@EBEBCBEBE@CA@CCCCCGCKAE@CBEDABEBGAC@E@CBGBG@C@E@GCEAC@E@E@GE@A@CGAC@E@E@GACAAAEAE@E@CAACCACAE@EDCBCBEBE@KAACCCCAECGAC@CAEAE@C@CBCBEBEAEACCCCECIAEBABCBABCFCBEDCCAAEAE@EAEAGCE@G@EAEAEAG@E@C@EBEDEBEAAAAAEAE@E@E@CBCA@CCCABABCBEDE@C@C@E@C@EBG@CACAACBEBACACAC@CBC@EBE@CAC@AACBEDC@CAEAG@C@EACACBGBCACCCCCCACCACEAE@A@CCACCECACECCCGEACCCAC@EBCBABCACAC@E@CAC@ECAE@EDEBAACAGBEBCACBEBE@EBE@EA@C@CECE@EAA@EDABCBABA@@BA@CB@@A@@D@BABAB@B@BA@ABCB@@@BAB@@ADAB@@ABA@C@E@CAGAA@C@A@G@ABC@CDCBCB@BEDABADA@AB@B@B@D@B@DADAD@BAB@B@@BD@@DBDBDB@BB@BBBBDDBBBBBB@B@B@DAD@BABADAB@BA@AB@BAB@BB@@B@BBBAB@B@BABA@CBA@A@@D@@@D@B@D@D@BAB@DAB@DADADABABC@@@AB@BAB@D@F@F@B@H@D@B@BAD@D@B@B@B@@@BAH@FAF@H@FBF@D@@@DBDBFDF@D@D@FAHAD@FADAF@FADAFAD@F@D@DDBHFFDFBFDDDDDB@HDHDHBFDFBDBFDFFHFJHFDFFHDDFFDFFHDFFFDFDHDDDHFFDDDFDFFHDHFFFFFFFJFFFHDFDFDFFFDFDDFHDFDFDHFFDFDFFDDFBFDHDFD@@ĔŎV\\¢ŦFT@@Z¢@@ĴTNdĄvŸT\\ĎŦFbBN@@T¶JĞFÔÖTɂȾBBHBɊ`BF@@¸łIK@@ĈĔ\\fäĒBDRRº®xrðÜÌ zhB@ȂŰvdLJƠrPDFn ^\\Ĝ¨NČtJB@BEDKBCBCBCRSZ[TGNELELCHCDABA@A@ACA@AAIGMBE@KLKZWBGBEBGDAHCBCBCDGDMPYZmFIJI`[ZUXUD@BABABABBJHBBBFHP@BBRDHLZFLHRPj^^TTHFLHFDHFHFJHRN@@FBFDDBDBDBDBFDDBFDDBB@BBDBBBD@DBDBDBHDFBDBDDDBD@DBDDDBDDDBDBDBBBDDB@DBFDDDB@BBB@D@DBD@BBBBDDDBDDDBDBB@BBDBBBDBFBDDD@BBD@BBD@BBDBBBDDDBDDFBBDDBDBBDDBBBDBBBBB@@ZHLDD@@BBBFBDBBBDBB@BBBDBB@@BDBB@BBBBB@@HBxLPDTHB@FBFDD@DDB@B@DBDBDBBBB@DBDDFBBBDBBBD@DBB@HBDBF@FBD@FBD@BBB@B@D@D@FAH@D@F@D@D@DBB@DBD@BBD@BBD@FBF@F@L@H@F@hBHBB@JALBRDPFLBNHJBHBZDF@FBB@BAD@D@@@FCD@FAJ@FBJ@D@DBD@FFB@BBB@BBBBDBDBBBDBDBBBDBDDBBB@BBBBB@DBBBDBD@BBD@DBB@D@FBF@F@BBF@D@FBDBDBB@DBBBDBDBD@DBDBBBDBDBDBB@D@@BD@D@F@D@BBD@BBB@BBBBDBFBFBDDD@DBDBBBF@FBFBDBDBFBD@BBD@DBDB@@BBB@THJHDBDBPDXJBBPLDDB@DBDDB@JJ@@BBFDBBBDB@HJVP@@DBDDFDDBBB@@BBPJ@BFF@@HDDBNLBB@@BDBD@HBH@BDBBDDB@B@BBB@B@DBBBDDDBBD@B@BB@@@BB@BDBD@@@B@B@BA@BB@D@B@BABABABJp½ĄxflzŗĞ@R@@Bdp¾¯\\uNKDLNDDNRDBJNbhFhH¤x~VL@FBD@D@BB@@BB@@@@B@BBFBRD@@BBB@@@BBBL@B@@@B@@B@DBH@^DBBD@JFDDFBB@@BJ@B@FBFBBBBBBB@@@B`TJ@@FDFBHDB@JFDBB@BBDBD@DBB@BBHBB@BBFBJDJFJDFBB@FDD@@BB@DBBBB@@@BBB@@@B@@BB@B@B@@BB@DBB@B@FDFBDBDBD@BB@@B@@@BBB@DBB@@@@BB@BBB@@@@@BBB@BBDBDBB@BBB@@@BBB@B@BBB@BBB@BB@@BBB@BB@@@@@@BB@@B@BBHJXBF¦J®H¬FªJ¢HJRBPCA°@¨@z@B^BúbRZDPXFf´ăB@HMNYFIHQRYFKHMDGLSDGDEDGXgFIJMLUFKDEDEFKNUPYFKXgXiLSd{rtBA@@R_BATaHMdwFIR_DGµJSFGDGDENWZiDGHMHMDGNULULSNULSLUFIHKJQHKFKFGNYLQFKLQJQJQLQJQJQLQJQJQJQLQJSJQLQJQJQJQBAJOJQB@JQJQJQJQLQJQLQBEHKJQJQJQLQJQJQJQLQJQ@A@@BAJODEOK_WOMQKOKQMOMQKGGcY@@ECCCKGEEECGEGEaYOKIGMISOIGGEMIAAMICCGGIEEEECCCECECEEGEIEACCACCEC@AA@B@@ABABA@ABC@@AA@@A@@A@@@ABC@@AA@@BA@@@@BADAD@BAB@B@@@BA@@@@@A@A@@BAB@BA@@BABAB@@AB@B@@@B@@@@A@A@@@A@@A@@@A@@@A@@AA@@@BA@A@A@@@AACAC@A@@@@Ęė@@daŴųPO¾¿z_BAqbQgZOJCTKfWB@VE^I^IDATMBARMFCPKHETOBAJEHEFCRMB@JAZCB@BA^CD@LAJA\\IHAVGLC@@B@@M@G@I@QBQ@O@Q@QBQ@O@Q@ABO@O@Q@QBO@Q@Q@QBO@Q@QBO@QB@QB[@@@SBY@U@CBByä~Ü|BBdLRHTHhPB@lPXJRHD@@@`LPHFBCDMNMTCBMRCDMPMRGJQTKN@@pNxNRFRDPDVFXFH[DUFUFSFUDSFUDI@@DCBA@@BABCBEBA@ABABABABABABCBA@@BABAD@BABABABABABCDC@AB@BAB@BADABAF@DABAB@BAB@BAB@D@DAFC@@HC@@FCD@BAB@DA@@B@BABAFADAFCDADADCDABCFCFEBCB@DCDADADCDCDABABADADABABABABA@@BA@AB@@B@B@B@B@B@BAB@B@B@B@@ABAB@BAB@BAB@B@@@B@@@B@B@B@BA@@B@@A@@@@@@B@@@BA@BB@B@@@BB@@BBDBBBB@B@BBB@B@B@@BB@B@@@B@@@BA@@@@BB@@B@B@@AB@B@@@BB@@@@B@BB@@BB@B@BB@@BB@@@@@B@@AB@BA@AB@BA@@BA@@BA@AB@@@B@@A@@B@@@@@BA@@BABA@@B@@AB@@A@AB@@A@@B@@AB@@@BA@AB@BA@@B@B@B@@@D@B@B@B@BBB@B@BBB@B@@@DBB@B@B@@@B@B@B@DAFRFVJdNDBdND@hPhPXJNFRHVHhPhPfPB@@@PWPWBCR]JOHKDEJOHKFIHKDEFIDATENCJAHALCHAFADALAHCHAJALTJPNXDHDDDF@B~FDBĢĞEäEÞCłEĜðžUƂYÒC¨¢¹ÎõXSLĉÕÝ@ķ@@@š@AQG@@]MCA[M]MGCWK]M]M_O]MCA[MIEYKICAAECCCGEECAACCCEGECCAACCCAAACCACAAAAAACCCCCAACAA@AACAAACAAAGACAECKAECO@AGS@CEQAAES@CEQCGAICIAE@AAAAAECGCWQKIGEKGKGIGECECCAEAECICECEAICGACAC@EAGAG@I@MAM@GAM@IAO@I@GAC@O@I@A@I@QAA@@@A@ACCAAEAA@CA@k_SUgUuSSMeMQISIOEOCiQmOSE[MMIOGIAOCMCQBI@MDIFEFGFIDQBOAKCEECK@@@@JEHALIB@ZCfBFFDDpDdCnQI~MKê×®aèWÜ¥BA@@@@DAPEļcxYtÁĮo¶IAã@@DA@@@@B@J@H@J@H@FAF@F@H@H@FAF@HAFAD@F@F@F@D@F@JAJALAJCH@JAFAJAJ@JAF@F@D@DBH@HBL@HBH@H@FBJ@HBJBJBLDLBFBHDFBJBJBF@FBDBF@F@H@F@FAĴD@ǋ@E@E@E@ABEBEDCBABC@CAEAGAE@CBCDGDGDEBC@G@E@E@CBGDEBEDEDEBCDEBEBC@CACAC@C@CBCDC@CACACGGMKOMMKGEGGCC@A@A@CBM@MA]@OFMDCBADADA@APGTKVMPGFAH@DD@@JH@@FJJPDNFFB@B@RE]^KJGBCBCBCF]BcCQEKBEP@NDPtJbFnHH@N|ZZJhPLFPHZJXNJDFBD@DAAEGSEGAGEMe§D@EBCBA@A@AB@HAD@HCFAHCHALBF@F@FANAELAD@BAF@DBDABADIBCBGBG@CDG@EACACAAAACGGGCCECEAIAIAI@EAA@@ABA@CBGBEFGFEDAFCF@DCDADAFAHBFBF@HAFAFCHAJAJ@H@D@HAHAFAD@F@HBFBDBD@FALEHEFCFAHAHAJALAJCLEPENCHCBAFGDCJEJ@HAH@HAHAFCHAJAPEHAPCLCTEREPCFCB@FEFGBCDEDGLONWNSJMJMHCFBFB@@@@BB@@RNFDFBFDFBBBDD@DDDBBBBDBDBDDDDFDBBDBDBB@DAB@D@DAD@B@BBDBBBDD@@B@@@D@H@D@HCJCD@DA@@NC^EFAFAJC@@FCDADBFDHBDBF@HALEHCLGJEHGBADAB@PJZRTPVRTPVPVNTPTRJHÌÚ°BFDDDDDBLHÆED@@uXEFA@KJQJ[J@@ABGJKLABOPSRKJIJKJGJIHGJCBCDMNEDIJGHEFGHCDEDEF@B@BFBH@FBNDNDPBNDPDJDLDJBLBJBJBJ@JBJBTBNBPBNBTBNBLBLBJ@JBHBH@FB@@B@D@F@HDHBLDLFFBJBLDFDLDLBHDLBNDF@HBJBNBLDLBFBLBLBHBJBDBHBHBF@LDJBF@HBHBHBF@LBRDNBLBFBB@NBNDLDJBJBLBLBFBJBLBH@HBHBHDF@JBHBFDFBLFHDFDLFJHDBJFJFFDJFRJJFFDFDFBFBHBJBHBJBPDNBNDFBLBNDF@LDRDLBHBFBHBFBFBHBDAHCJCLEFCJCHCFCFAFCHEHCDAHEHCHCDAFCHCFCFCJELEFALGJEFCFCDCJCFCFADCHEHEBAFAJEFAHCHCFAFAD@F@FBD@DAJ@FAFAHAF@NALAF@LANAFALANAHAHAJAHAFAJANAF@LCNAH@LCLAFALATANAJCF@LCNAFANALCH@LCNAF@LAJCHAJ@NCFALANAFALANAD@FAFAFAHAFAJCJAD@FAJ@HAHAH@FAFAJ@FAJAH@NCL@JAD@F@JAFAJ@F@JAFAF@F@FADBF@D@BBFDFDDFHFDDDDHFFDDBFBFFFDFDDDBBFFDFDDBDDBHFFF@BDDHDHFDDDBHFFDFDDBJHFDDBFDHFJFBBDDFDFBFDFBFFBDBDBBBBpDx^BBBBrBBBB~hBBæÂ@BDBDDDBHBFDHBHBF@JDFBJBPDH@HBHBH@FBD@FBHBFBFBDBF@HBFDF@F@HBJ@HBNBL@FBJ@JBFBDBJ@FBDBDBFBFDFDFBB@D@HBFBNBPBBBÌX¸fÚtĂtDBLDJBFBH@LB@@J@J@NAN@P@N@P@PAN@D@|C^@FANATENCNC\\GNCLCNANCPENCLANCNCNCNCLCPE@@BACIEUAMCIAKCICMAICKAKAICICKEICKEIEKEICIEKCGCEHGFGJGHIHGJKFGJIHIHGHIHIJGJKVWJMJGHIHIHGHGJKHIHGHGJIHIJIDEFGBCBEDGLWDKDIFIDIFKDIFKDKDEBE@AACEOCIEKCGEI@EAECG@CBEBIDKBI@KBE@GBKAEAA@EBE@E@E@CCCEMACKSCGIQEKEGAAAAACC@@A·o}UU}@CÅ÷±ãʇŻÓïA@BCHCDCHGHGHEFGFEDEHGHGDEFEFEHIFEBABCBGDGDEDGDGFGFKDEFGHIDEDCDGDGDEBCDIB@BABCBCDE@CBEDEBIBE@GBGBIBKBI@IBGBKDI@IBCBEBKBIDMBODMBKDIBI@IBEEEGCMECAECMECAGAABCCE@EAKCEAICKCKCGAKEICKCSEKEKCKESGSGICMEKEMECAICAAA@@CAEAGAI@I@EAK@MAIAKAEBGBC@ADCBGDGBIBKBKAGAG@@AC@YBO@ABABAB@BABABABADCBEBEBEBE@EBC@C@AB@@AB@@CBK@CBA@A@A@CBE@EBA@CBC@A@GB@@A@A@@@@@C@CBA@ABEB@@A@A@A@@BA@A@ABA@@BA@A@AAA@@@CBG@@@A@@@@@CDMBEBC@C@G@A@A@ABA@G@A@@@@B@BAB@B@D@LCrMQXGREVED@²_Ði@@PCJALCJALCJAPCHADCFCHGÌ³À©xmJO@A@@HIBCJKHIHKFEFGDCFCJCHCJELELGPELEPILCLGFAZO¾Ô©BALEXONINEHENGJENILEJGPILGRITKFCB@®J\\LDBHBJDFBjP@@BA@AB@@AAE@CBABADADADABCFCHBJ@H@JBLBPD`DF@HAHAL@H@FBFBDFDDNDH@DDBBDDHBJDFBBBBBJDdHF@DBDBD@D@BABCFGFEBEBI@CDABCDAFAFANAJBTDJ@HAFAF@JBHBDDDBBDBDB@D@F@DBBBBBBDBBHAH@DABCFCHADADC@ADADBDBF@FBDBJDHBB@B@LAPCD@\\@RAFADCDCDE@@F@HCJ@H@JBDBDBHAJAJADCHCN@NAJCHCAEECECCAACAI@ICICECCCCAEBGBCFIBCBEBCDAFAJAFAHCDAH@FADCD@JAFBBBDBFBDBD@D@@@@A@C@EBC@C@CACCC@AAEAAAAA@IBCBCACACCCCCAECCCAAC@I@C@C@C@EACCCAACCAAA@C@C@CAC@C@CAAEAEACAAEAAAAC@A@A@@@A@A@A@A@ABQLEDG@GACACA@AAA@A@A@A@ABABABAFC@C@C@AAC@AC@@@GBC@A@CAA@AAAABCCGKOGS@OBCLUBEBCDGHCHILG@A@@BC@C@ABADABADAB@D@D@DADBD@BBBBB@D@D@JAD@DBFB@BBB@BB@B@DCDCBAB@HBJ@DADAB@BBBBDB@@D@D@DAJBPFB@D@H@J@DBFDFDHDBFBBBBFBFBJJJDBB@FBBBBDBJDJBF@HFFDDDBBD@BADADADADABCBABABCBA@CB@BABC@AB@BBB@BBB@F@BBBBBB@@BBB@B@@ABA@ADABAP@JAD@BADCBAFEZIFAFAFCDCBC@AAA@@B@BA@@@@@ABA@@@@@@@A@C@CAG@CBAAG@A@CBCBCDADABC@E@EBADADAFADCHABAFC@@BA@@@A@@A@@@@@@AB@@@@@B@B@@@D@@@@A@@B@@@@@@AB@@@@A@A@AB@@@@A@@B@@A@A@@@@BA@@@@@AB@@@@@@@@@@A@@@@@A@@B@@@@@@@@A@@@@@A@@@@@@@A@@@@@A@@@@B@@@@@@@BA@@@@B@@A@@@@@@@A@@@@B@@@@@B@@B@@B@@@@@@@@@@@B@@@@@@AA@@@@A@@@@@@@A@@@@@@@@@A@A@@@A@@@@@@@@@AA@@@@@@@A@@@@A@@@@@@@@@A@@B@@@@@@@@A@@@@BA@@@@@@@@@@A@@@@@@@AA@@B@@@@A@@A@@@@@@@@@@@BA@@@@@@@@@@@@AA@@@@B@@@@@B@@@B@@@@@@A@@@@@@@@B@@@@@FADAFC@AFCFGDEBE@CCEAEAE@ADCJGFCNGDALAJ@HAFCDCBCBE@G@q@KBAJGJGBAB@B@B@B@B@@BB@D@B@LBHBB@B@@D@BBB@BB@@@BA@A@@BA@AB@B@B@F@D@FBD@@@B@BAD@BABAF@@@DA@@EY@CDAJCLCHCBABABADAD@D@D@BBBBBFBDDDFDBDBB@@B@B@B@@@B@BBHDB@@@DAFCFCFCFAFCFAJ@FAJCBABAB@BADAB@BAFAF@BABAD@BAB@F@D@DAB@DAB@DAB@B@HAH@D@F@B@D@HAD@D@D@LBB@F@DAB@DA@@AA@ABS@ABKBGBE@CDCJCBEDAAA@CBC@CBC@E@@BAD@BA@@AA@A@@HC@@@A@AAA@A@A@@@AB@@@@A@@@C@CA@AA@ABA@ABAB@@@@AA@ADC@@@ABGBA@BCHUBI@G@CBE@CAC@@A@ED@@@@AA@AHA@@@@EI@A@@PGDABAB@B@@@@B@@@B@@ABB@@@B@@B@@AB@@@B@@BBBBB@BBB@B@@B@@@B@@BB@@DAB@BAB@BBB@BB@@B@FCFADADAB@DC@@@@@@BBFD@@@@@A@CBEBCB@BBHHBBDDBBBAB@BBDDBADADA@@CCAA@ABAB@B@BBDD@@BABAFCBAHG@@DCDADCB@TO@@D@B@BABA@A@C@A@A@CBA@C@A@A@AAC@AA@@@@@FCVI@@HCBA@@@AAA@A@@@A@@A@C@AA@A@CBAB@BAD@BA@@@G@A@ADEDCBADCFADABAFCLINGB@B@HB@@@ABCBA@C@C@A@C@CBC@A@ABAAA@EBCBE@@@C@@BEFM@EAAEAE@AACMCGKKGEIAG@G@EDADCBCBABEBC@CBA@C@C@C@A@CBC@CBA@A@@A@@@C@@CC@CA@AABA@A@A@@@A@AA@AAC@IDK@GBK@E@K@AA@CBA@C@CACG@C@C@A@ABA@ABA@AAA@CAAAEACAAA@AAAAC@CACCC@CAAACACAACAACACAA@AAABC@A@A@C@A@CBABCBCDE@ABC@ABCBABADCDCFCDCDCBADCBABABCBA@A@AAACEAE@MCEACBC@A@A@@CA@AAA@ABADADBD@B@BCF@BA@CDAD@D@FBBA@A@C@M@C@AF@@@BCBCBCBCBC@@BCFBD@FBF@DCLIBC@AAAA@CCAA@@BCBABCBEDABABABABA@CAAAE@A@ABCBABEAAA@C@C@CAAACCE@CCA@CAEACACEAA@CAAB@B@D@DADAB@@ABA@C@C@ABA@A@ABA@@B@@@@@BBB@B@BABABABA@@B@B@BBB@@AB@@A@A@@@ABABAB@@@B@B@@BB@@@BA@@@@BA@A@AB@@@DB@BDBB@BBF@DADBD@BAB@BABAD@DBBBBBBD@@BBBBDBBBFBDBDBB@B@B@BADABCBEDABABABA@ABAB@DABEBADCB@B@BADABADCDCBAFCDCDCDCDABABCBCBCBCBC@ABC@C@ABC@CACAAAE@E@CDEBA@AB@BA@@@A@@@AAA@C@EACAAAC@CAAACACAC@ABA@CBABABADCBABB@@@B@F@BB@B@DBFBD@BBD@D@BB@AB@DABEDABABAB@FABCDA@E@AAC@CAC@CAG@A@C@E@CBC@CBABC@C@C@C@CBCBA@E@@B@B@FAF@F@D@BCDCBCBA@ACAAC@CCAAAC@A@A@A@A@C@A@C@A@A@@@@A@AB@BA@ABA@A@@@A@A@@@ABA@ABA@@@BB@BA@@@AB@A@@A@@@AB@@@BA@@@ABA@@@AB@@ADA@@D@@@@AB@@AD@D@@AA@@@@AAABCDCD@BABAAA@ABC@C@A@A@@DAJABA@ADAD@B@D@F@F@D@DA@@DAD@BABA@C@CBC@A@ABCBABCBAFADABADCDCBADCBCBABCBC@C@A@C@A@CACAEACAAAAABCAA@C@AAAACAACCC@C@A@ABABABCBABEBA@CBAA@@CAAAC@AACCAAAACAA@C@A@EBA@ABC@C@CBCDCDABAJABAHCBCFABCDC@E@A@AAA@CB@@ADBBB@A@@@AAABGBABCBABA@@BA@CAC@A@@@CBAFIDGBEAC@A@@FCFA@A@C@A@CDADCDADADABADCDA@CA@AAAAACCCACCKAI@@A@@@A@ABA@A@A@@@@BA@A@@@@@A@BABCBABE@C@AAA@@ACAC@CACACACCC@A@A@AAA@@@AA@@@CB@@AA@A@@@@A@@A@@@@A@@@CBA@A@AA@@@@A@@BA@@BAB@@A@@@AA@@@AA@AB@@AAA@@@A@@@@B@@AB@@A@@@AA@@@@@@ABCD@@@BABCBC@@@C@CCA@ACA@@CA@@@A@ABAB@@@BA@@@AA@@A@A@A@A@A@@A@@AA@A@A@@A@@B@@@BAB@BA@@BA@@@AAA@@BA@A@C@A@A@@A@A@@AA@AAACC@AAAAA@A@@A@CACCAAA@@CAACAACACEEACAA@@AAA@@@A@@@@B@@AB@@A@@B@@@@ABAB@@A@@@@@AAAAAAA@A@C@A@@AAA@A@C@E@C@A@AAA@@ABAB@B@@AA@A@A@AAA@AA@@BA@@BA@A@@AA@C@A@CAAAAACC@A@CAAA@@@ABA@@AAAAAECACAA@AA@@A@A@A@@@A@@BAB@BA@CBABA@A@@@@A@C@A@A@A@AB@@A@AAA@@@AAA@@@A@AA@@C@@BA@@AA@@@A@@@A@@@@@@BA@A@AA@@@A@A@A@@@@AAA@@ABA@A@@@AAA@@@AA@@@B@@@@A@@@@@@@AA@@@@@A@@A@A@@@A@A@@BA@@B@BA@AA@@A@A@C@ABE@@AA@@@@@A@@@@@@@@@@A@@B@@A@@@A@@@A@@@@A@@@@@@@@@@@AB@@@@@A@@@@@@@A@@@@@A@@A@@A@AA@A@@@@@E@CBKBSCM@IBCAECU@AACCAAEAAAAACBEDCDAFEDABCBA@A@EBI@GBEBEBACAC@ABE@ECCAACBGFIDIBEBCDABEHEHAJEF@FBBDBBDABCHEHCD@HAFBDBFCHCJCBCHGDG@C@E@AACACAAGBCDABCDADCACCAAAAEAGCCCBCBCBCDC@ABCDQ@CAAACAA@CDAF@DBDBDB@AQSCCACBABCBCBABEBABAFAFFFLFLDFBDFDJJDDFDFBD@D@BCBG@EBAB@JJFBDABC@G@GBC@C@WBKBCDCBCBCFADBF@DBHCLGBEAC@CAOCI@G@GD@F@DDBBFDFBDADABABCH_BEDADCFAB@D@H@DABCBAD@FBF@DCDCD@FBFFJBHDFBF@FCDABCD@FBFDFFJAFAH@FADCBADEBCBE@C@CAAACGIACAC@CDKBCBAD@BFDBDBDBDF@F@D@DCD@DEN@DF@D@D@FADAFBDBD@F@D@FABDAD@DDDFBBBDBB@@@@@@@B@B@@@B@@@@@B@@BB@@@@@@@@@B@@@@@@@@@@@B@@@@@@@B@@B@@B@@@B@@@@@B@@@@@@@@@B@@@B@@BB@@@@@@@@@B@@@B@@@B@@@@@@BB@@@@@@@@@B@@@@@@BB@@@@@@@@@B@@@@@@@@@@@@BB@@@@@@@@@BB@@B@@@B@@@@BB@@@@@@@@@@@@@@@B@@@@@@@B@@@@@@@@@@@@@@@@@@@@@@@@B@B@@B@BA@@@BB@@@@@@@B@@@@@@@@@B@@B@@@B@@BBB@@@@@B@@B@@B@@@@@B@@@B@@@@@@@@@B@@@@@@@@@@@@@@@BB@@@@@@B@@@B@@@@@B@@@@@@B@@@@@@@@@B@@@@B@@@@@@@B@@@@BB@@@@AB@@@@@B@@@@@@@@B@@@@B@@B@@@@B@@B@@@@B@@@@@B@@@@@BA@@@@@@@B@@@@B@@@@@B@@@@@@B@@@@B@BB@@@@B@@@@@B@@@@@BB@@@A@@@@BB@@@@B@@@B@@@@@@@@@@@@@@@@@@@@@@B@@@@@@@@@@@@@@@@BBFABABC@ABE@CBCFAD@BBBD@DADBDD@F@D@BA@A@@@A@@@@@A@@@@@A@@@@@A@@@@@@@@@@@@@@@@@A@@@@@@@@@@@@@@@A@@@@@ABAHAFAFADADDDDFBD@F@DCBCDAFBFAFANOFADB@D@BBDBDFBD@DCBAFBFBDCBABEAEAA@CACACCACCAECAAACCAAACCCACEAE@ABCBG@AF@HANAFADABBBBF@BADE@IICEAA@ECGCCCCAECAEBCBGCGEAABE@C@C@E@AAC@CBAF@JDFBD@DCBADCHAF@DADABCDE@CACCAACBC@C@AECACCIAEBC@ADAF@BADABEDABCF@FFJBH@FCBECGAG@EHAJCDBDDBD@DBDBBDBDADABCAEAA@ACC@C@CACA@C@E@GAAA@ADEF@DBDAAGFABCDCHAD@F@PCDCDABAC@@@@@@ABABA@@B@@@BA@@@A@A@@@@@@@A@@A@A@@A@@A@@@ABA@CA@@A@@@@A@@@ABABA@@B@@A@@@@@@@A@@@@@@@@DCB@FABADCBCBCDCDCFEDADBBDF@DBDBNJBCBCBCBC@A@CBABCBA@CAACCBCBEBCD@D@@CEECCACBCPHDBDCBC@C@E@E@E@ABCBCCCAE@EBE@IBYLID@FBHNBB@FHTFBBBDDDNBH@D@DBFDLBBFEDAHAD@D@F@@DBFAF@BBBFBH@F@D@HDD@DCDADCDCFAD@FAF@F@JAJAHAJ@L@LCRENBH@FAD@FADAHAD@F@HCBADADCDABAD@DFDBD@D@DC@ABC@C@C@EAAACC@C@AABCDADCBABA@A@C@CBCFAD@FBD@F@D@FBDBF@DBF@D@@BBSE@C@"]],"encodeOffsets":[[[105300,37239]],[[109061,36594]],[[108620,36306]],[[108619,36299]],[[108593,36351]],[[108589,36341]]]}}],"UTF8Encoding":true}