{"type":"FeatureCollection","features":[{"type":"Feature","id":"520000","properties":{"name":"贵州省","cp":[106.713478,26.578343],"childNum":4},"geometry":{"type":"MultiPolygon","coordinates":[["@@@B@B@B@@BBB@H@FCLCDC@@FAHCPBF@DFBD@B@DCBGFEFBDBBBABABAD@BALCHBFDFH@HEHAJ@FF@FCTMHCDCACEC@@@@CAA@CAAA@CACACAAACC@CACA@@AA@C@ABA@@@A@CA@C@@@AAECGGC@KCG@EAAAACCCC@CDAF@BBDBBDB@BCD@@OFCBIHED"],["@@B@@B@@@@BB@@@@@@BB@@@@@BB@@@@@@@@B@@@@@@@@@@B@@B@@@@B@@@@@@@@@@@B@@B@@B@@@@@@@@@@@@@B@@B@@@@@@B@@@@BB@@@@@BB@@@@BB@@@@@B@@B@@@@@@@BB@@@@B@@@@B@@@@B@@@@@@@@@@@B@@@@@@@@@@A@@@A@@@@BA@@@A@@@@@@@@@@@@@@@A@@@@@@@@@@A@@@@@@@@@@@@@@@@A@@@@@@A@@@@@@@@@@@@A@@@@@@@@@@@@@@A@@@@@@@@@@@@@@@@@@@@@@@@@@@@A@@@@@@A@@@@@@@@@@@@@@@@AA@@@@@@@@@@@A@@@@A@@@@@@@@@@@@A@@@@@@@@A@@@@@@A@@@@@@@@@@@A@@@@@@AA@@@@A@@@@@@@@@@AA@@@@@@@@@AA@@@@@@@@@@@@@A@@@@@A@@@@@@@A@@@@@A@@@@@@@A@@@A@@@A@@@@@@@@@@@@@@@@@@B@@@@"],["@@@@@@@BB@@@@@B@@BB@@@@BB@@@@@@B@@B@@B@@@B@@@@@B@@@B@@A@@@@BA@AAA@@@@@A@@@AA@@@@@@AA@@A@@A@@A@@@@AA@@@@@@@A@CACA]~BBHB@D@FAF@DB@@@@BB@@BB@B@@BB@@@B@BB@@B@@BB@@@@BB@@@@BB@BD@@BBB@@@@BB@@@B@@@BB@@@B@B@@@B@B@@@B@@@BBB@@@B@BBBNDJCBGFOFCDCHAJAJBFCDCAEEK@IBKDKBIAGEGEEKICCCGAEBIJMJMHOFKFOBM@M@IAA@A@C@AD@D@BABA@E@CA@CACAC@C@CAAA@@AACAGBAH@JAHCDEBK@I@SÎ"],["@@E@A@AC@ADABAD@B@DBDBD@B@@@@BB@@@@@B@TÍG@O@M@MDOAKCIAIEIGGGKEKIEK@MAE@CACE@E@MFIBIBCFG@EAAGFGBIDCEGIAKEIGEIEAMCIDOFMDMDS@IAKAGCEAE@CBCBCFE@KEBEDKNULQDGFEDEJENGJEHCHAHCJBFDDFHDFHHBDABEDK@I@EBEHIJCHCHGBEBE@GBABC@@DC@CBE@AFCFCB@@A@AAK@A@AA@ACAA@@BGBAB@@A@@@A@@AC@ECCCG@@B@B@@@B@@@B@@@B@B@@@B@@@@B@@B@@@@@B@@B@@B@B@@AB@@@D@@AAAACCAFAFCFGDIDQBSCGEEEEIAKEEAG@CG@GDIDGBE@CBECGGEIIMIKIAG@E@EDEFAFBH@FAHABE@CACGEGCGAQ@KEKEOIKGGEIEGIEICKAMEQACCGCGCKEIEGCGAGCM@GAGACCEECGAGAIAEGCEAKBGFQFMLQDGB@@@@@B@@@B@@AB@@@BB@@B@@@BB@@@@B@@@@@B@@@@@B@@B@@B@@@@@@@B@@@@@@@B@@A@@B@@@@@BAB@@AB@@AB@@@@AB@@AB@@@B@@A@@B@B@@@@@B@@@B@@@B@@@F@B@@@D@@@B@@@B@@@D@B@@@B@@@B@@@@@B@@@B@@@@A@@@A@A@A@@@@@AA@@@@@AA@@@@@AA@@AB@@A@@B@@@B@@A@@B@@@@@B@@@@AB@@@B@@@BA@@B@@@BA@@@@B@@@BA@@@@@@BABA@@@AB@@A@@@@@A@AB@@A@AB@@@@A@A@@@A@@@@@@@A@A@@B@B@@@@@B@@@@@B@@@@@B@@@B@@@B@@@@@B@@@B@@@@@@@B@@@@@BB@@@@BA@@B@@BD@B@@B@@@@@BB@@B@@B@@B@@BBB@@@BBB@@@DB@@B@@BB@@@BB@@@@@@BB@@B@@@@BB@@@@@BBHBH@LAJ@F@FDJFFDHDJBF@B@@@BB@@@@B@B@@@B@@@B@@BB@@@@@B@@@D@BAF@BAD@B@BBDBDBD@J@@B@BA@C@@B@BDBBB@@B@B@D@@BB@@BEB@BA@@@@BAB@@@@BB@@@@@BB@@@@@BB@@B@@@@BB@@@@BB@@@B@BB@BB@@@BB@@DDD@DB@B@@DBB@DBFA@@B@BA@A@@@@@ABABCBABA@@BABEBABABACAC@AACACCAA@ACC@CCAAACCCA@@@C@A@AAABC@@AAACAGBEEEEMIMEEEG@IFOFODKDGFGLENEF@DE@GIAA@A@A@A@A@AA@@@ABABA@C@CBCBCBADA@AB@BADEBE@EBAAA@A@AAAA@AAAC@A@@BA@@@@@AB@@@@AB@@@@@BA@@@@BA@@@@B@@A@@@@@@@AB@@ABA@@@@@A@@BC@EBAB@BAB@BADB@BBBD@@@@@BB@@@@@@@@@@@@@A@@@@@@@@BA@@@@@@@@@B@@@@@@@@@@@@B@@@@@@@@@B@@@@@@@BA@@@@@@@@@@@@@@A@@A@@@@@@@@@@@@B@@@@@BA@@@@BA@@@@@@@@@@B@@@@B@@B@@@@B@BAB@BB@@B@BBD@@@A@@B@@A@A@@BA@@@A@@B@@A@@@@B@@A@@@@@A@AB@@A@A@A@@@A@@BA@@@ABA@@@@BA@@BA@@BA@ADAFADABABA@C@CAE@C@E@ACCAACAAC@AAA@C@A@CACAC@A@AA@ABA@A@@@A@@@C@@@E@@@A@A@@@@@AA@@@BA@@@@@A@A@@@AB@@C@@@A@@@A@@@A@A@@@A@@@A@C@A@@@A@@@A@A@@AA@@@@@@AA@AA@@@@AA@@@@A@@@@@A@@@A@@@@BA@A@@@AA@ABABCAACBCBCBCDCDCDCDABA@@@@A@@@A@@@A@A@@@@@A@@@A@@@A@@@A@@@A@A@@@A@A@@@A@@BA@A@@@C@@@A@A@@@A@@AABC@@@@@A@@@A@@@A@@@A@@@@AA@@@@AA@@@@A@@A@@@A@A@@BA@@@AB@@@@A@@B@@A@@@@@AB@@@@@@ABA@@@A@@@A@@@A@@@@@A@A@A@A@@@@@A@@BA@@@A@@@@B@@A@@@@B@@@@AB@@@BA@@@@@@B@@@B@@AB@@@B@@@BA@@B@B@@@B@@@BA@@B@B@@@@@B@B@@@B@@@B@@@@@B@@@@@B@B@B@@@@@D@@@B@@A@@@@DMBI@CBGECCCCKAQCIIKKIOGQIWKQIKCOIECEEBEJENAPCFGHKDKAOEKKSIIMKMEKCGACAEEAIBO@IGOIKIKEECEAGGMACGEIAIDI@IAGCAA@ABGAA@ACCAOBC@IBGBE@C@AAE@EAGACGEECAC@EFCDCBA@ECCECCC@E@CLEHCBABEDG@C@CAG@CBG@CAAOBI@C@I@K@GA@IFIECG@ECGEGAGBCDE@EEG@E@GFE@E@EBEBC@E@ABALAFGAE@GFIFIFA@EBUAC@A@A@EBEDC@ABBBDL@DAD@FBDABABADBDABEBCBAD@D@BFDBDBDAFDJBDAFEFEDEDEHCBIDIBEBEBC@CACCACGE@ABCHCHAJCDA@AAACCAE@CFCFAHAF@@AACEIEEACCCCACAC@EBADABCACCEAA@E@AABKAAAACKGEC@C@EFCDCDGJADCBAFAF@BDHFDFHHHBHADBBCFBD@H@FEDCDEHADIFC@CBE@G@C@A@ECEAGAG@CBCDC@CE@EBEDC@CAAC@OBA@@@AAIKAEAA@C@EBCAA@@A@CBEBA@CBCBABCBMDCBCBCDEDA@A@A@@@C@EAE@CB@@IFA@A@AAA@KCEBCACCAC@EACAC@@CDABCAAACBEDCBC@GGGC@@DCDGFGFGBC@@A@@@@ABCA@A@CBCDA@C@C@EGKMCCBI@@GCEAI@CDC@CACCACBAHE@CAAICI@G@A@AB@@@DBDEDKDC@CCACA@CACCK@GCECIEAA@IBCECECGFE@@AA@A@CCAK@IBIBEBEBCCIBADENCLCFAHBDBBBB@@BBBDBDBB@BA@AB@@@B@B@B@B@@@BA@@B@@@BA@AB@@B@@B@BAB@@@@CB@@@DAB@DB@AB@@B@@@B@BDD@@@@B@@@@@BB@@DB@@@B@@@@@@AB@@@@@@BB@@@@AB@@@@@@BBB@@@B@@AB@BHDDHBHDFFFDFFDDDDBHBJ@DBDFDT@FBDB@DADAF@B@BADDBFBBAFAHCJCLGBB@DDB@A@GFEF@F@FBDDBDDDBH@HBBD@P@FAA@@@@@A@@A@@@@@@@@B@@A@@@@@@A@@@@@@@@@BA@@@@@@B@@@@@@@@@@A@@A@@@@@A@@@@@@@@@A@@@@@@@@@BA@@@@@@B@@@@@@@@@@@@AA@B@BAFAHAJCHAPKA@GKCEAEDOBEBC@CCACACAEACCEIIECK@EACAAAACA@EAEIEAA@GACCE@C@G@ABCCAE@ECCCAC@EDCHAFCDACC@ABCF@FBB@AABEBECECAC@@CBA@CAC@GDEBQBS@CBEFEDCPAFCFCD@DEFGFCJAHABAD@B@@@@@@AAAAAAA@@A@A@A@@@@@CA@E@AAEACA@G@EBGBQQEGIECAA@@@AB@@@@B@BB@@@@@@@@ABABC@@@@@BBB@@@A@AB@@@@AA@@GEGEAACAGEACECEBGHMDEFEHGBGHAHEDGEE@E@I@ICA@AF@J@FCBABCFGBCBGDEFCDGBIAECEAGBADA@CAEEACKGC@ECEAGBEAECIAC@GBED@BDHBLAB@BA@A@GAE@EAEAA@E@CBABCD@B@@@@AAA@A@AAA@A@AA@@AA@@C@AB@@C@A@A@A@AA@@@A@A@@@@B@D@@@@A@@B@@@B@@@@@@E@@@@A@@@@@AB@@A@AAA@A@@@QAI@@@CAA@E@CDABABAAAA@EAAAECAA@AA@ECKCGA@AAABCDCFADEBABCDA@@B@B@B@B@@@BA@BBA@@B@@@@A@@@@@BB@@@@A@@B@@@@@@A@@@AA@@A@@BA@@@@@A@@BBBA@@B@@@@AB@@@BABA@@@@BAB@@@@CAEBE@AB@BFDBD@DBDBF@F@DBDDBB@BBB@B@FAFBBBAB@BABADAB@BBDDBCDCD@BBBCDGFABCBEBCBCBA@@BBF@@B@@@B@B@B@@@@B@@ABA@@B@B@B@B@B@BA@CA@@A@@BAB@B@B@@@B@BB@B@@@B@BA@AB@B@BBB@@@@B@B@BB@@B@@A@@@ABABA@A@@B@B@@DBB@ADGBKBKBCA@@AB@BF@@BADCBABCBCAC@G@EBE@CAEAS@QACABAACEECCGEE@CAGBCDC@QEGBAEAGAA@AAACC@ABCAAAA@ABAD@D@B@B@BA@@@AAAAABABABA@CA@E@@AA@@ABA@@AA@CB@@CAAAAA@KBEDEBGAE@CCACCADGBABAF@BA@@EAC@CACCBGDC@CFGACECCEAE@CBAL@DCFABAPMHCHADCBG@MBC@CG@IDKHCDCBABCDABA@AACGCAEDCBEBAA@C@CAAA@A@EBEBCACACCGCCACCCE@C@CBABACAGGEAAACEBEBA@CC@GAIBEA@@@A@@@ABABC@@@AB@@@B@BB@@DAB@BAB@@AB@@ABE@@@@BA@@AAA@DAD@HBD@BGDC@CBEBEAAE@IDEFSXAAACAGGKAIAEGIAEBC@@@IAEBCFECG@AIAAAAE@CCCA@CAAABGBCBABG@AD@B@BCB@P@D@D@D@B@D@B@@C@A@C@CDEDAD@AACACC@AFAFAD@AA@CAA@ABEBEBCACEE@CDAECEC@A@CBCBEBA@@DCBA@C@@BAH@BBBCCC@ADQDEACAA@CAAAAACAC@EBE@K@IAACAA@CBEBEDADCHAHAAC@EDCDEFCFADCAABA@ABBD@@ABCB@DBBBB@D@FBBDD@DABCD@DCBEH@HAFEDG@GBEBIBEDADABDDBD@DAFGFCFAHA@A@EBADAFCBEBAD@D@B@BCBCBGBEFA@A@CBCBAFE@CACAC@GCC@A@AD@FBBBD@DBDBB@BCDEDCBAB@JAFCFEFGDIBCFAFCBG@IAEBEBE@CEGAIAIAKAICEACAACAEAC@CCEC@EBMFCHCHCNADBF@DEHAF@DAFEBAHAHGNCFABEDGHABCACA@AC@CDCDEDEDGBGFCDABIDGJEFAH@HBDADGHGBCACAE@ID@@ACCCC@E@C@A@CA@@A@CAAA@CBABAAGA@CDCB@BCA@@A@A@GGAA@AAC@@FCCIGSIMIGIIGKECKEI@KAKEMGGIA@C@AA@@@@@A@@@@@A@@@A@@@@@A@@A@@@@A@@@@@@@@@@@A@@A@@@@A@@@@@@@@@@AA@@@@@@A@@@@@@A@@@@@@@@@@@A@@@@@@@@@@@A@@@@@@@@@@AA@@@@@@BAB@BAJEFEHABABC@IAABCAACCGAC@IFE@IAEAC@AD@FBF@DAHGR@@CDCAC@CDC@A@@AAAA@EBE@CDCBKJEACACEEAE@GCGCGEGCC@CCACC@@CDIDGDCBADBDFDBFADCJAFGBEFADADAAAECAC@EFCFABCAGCE@AACA@A@A@C@@BAGACA@E@EBABEBEAECKDCBGBOCEC@@HK@AHADABEBACC@EBCB@BA@CAEAGAGAGIGCC@A@AKCEA@CDIJCLGFK@MCOKKIEEEEMBMFMHIDE@CEGECCEAI@I@IAKBCACGCEAIACQGS@AAAE@CAA@AESKWIKCC@CBEBC@C@GDIBI@EBCAM@IAADE@EACAC@CA@@A@]CMDE@CEEEOGMEMEKEGAMAOC@@CAAAEAAA@@CCA@ACCCAAACGCA@AAACAA@@EBCBE@C@A@CAAA@ACAA@EAA@C@AACCA@A@A@CA@C@A@AAAEBC@CCAAC@K@@@C@C@CDEEAC@CAEAECCECIEGAICC@CCC@CAAEC@A@CDABAB@DCBABGBC@ABAB@@CBC@@BABA@A@C@AAEAAA@AC@A@A@@AAE@AAACAA@CACAE@AAABABC@A@A@CBA@A@ABA@@@A@@BA@@B@B@BABA@A@A@CCA@AACCCA@AC@A@AB@DAB@BA@@BABB@@BBBB@BBBBBB@B@BB@D@B@@B@@@@@@BBBA@BD@DBBBDFHHFLDNAHCJGNKHKFKNIJENAHBLDLFNBLAJGPIJK@KCEKKIMMQUMOGMKEEDEDAHBFBH@N@JCHEHIFGDMLILIPGNAPALANAJBRFHHLFHBFAFGDIBIAK@K@EAOGGMEKCIIQCGCE@@@CAC@ABC@A@AAAE@AAA@@A@AAC@ABA@ABAA@AACC@@ABABCDCDEBA@ABA@AAAABABC@CBABABCDC@@AACAC@A@A@CB@B@@EHCBCBAAEBEB@@AACA@@AA@AACA@CA@@A@CAIAAAAAAAAA@AAA@AA@@A@@AAG@ECACC@AAAAAA@CAACC@@@ADAB@@CCACAAAC@ABA@A@A@ABAB@@CFAAA@@AAAAA@@AA@A@CBCBCAA@@CBA@AAA@@C@A@C@A@@@AA@AAC@AB@DA@BDADBD@BABAB@@CB@@A@C@A@@@AC@E@GEAE@GBEDKAM@ABA@@@ABA@ABCA@@@B@BA@ADBBB@A@BBAB@B@BBB@@BAB@@BB@@@@B@@@@@DCDCDAB@BDJL\\HPJTFRAPGRENKBI@OGIESMSCCBGFAHAJANAH@HKTGPKRIPAJBPDNDLLLJLBLGFG@IAI@GDIFGJGHGJKFICEECEC@AC@@@@BA@@A@@@@A@@B@@@B@BA@@@@@AA@@@ABA@@A@@@AA@AAAA@@@A@@@A@@C@A@@@A@@@@@AA@@A@@AA@@BA@A@@@ABA@@@AD@BABA@ABABABA@ED@@A@@AA@A@@@A@@@AB@@A@@@A@@@A@@@AA@@A@A@@@A@A@A@@@A@@B@@C@ABC@C@A@AAAA@@AAA@A@CB@@@BAB@BADA@A@ABAB@@@BADB@@B@B@BA@@B@@@D@BAB@@@B@D@@@@ABA@@BA@A@@B@@@@@B@B@@B@@B@@B@@@@BB@@@BB@@@B@@BB@@D@@@B@FE@@B@B@B@BDB@B@B@B@D@@@BBBB@B@B@B@D@B@B@D@@BBB@D@DBBD@@@BBBCB@BAF@B@D@BDB@@B@@BB@BBBB@BA@EBA@AB@B@D@BAB@B@@A@@BDD@@DBDB@BAACBA@@@A@A@A@@@@D@BAB@BA@CBA@ABAB@BBBBB@B@BABAD@BBBD@B@D@@@@BD@B@AD@BAB@@ABA@CAA@A@AB@BAD@@AB@@A@ABA@ABA@CCA@CCAAA@C@AB@BABABAB@BDH@@ADABA@@BA@AB@@@B@B@@@B@BABA@C@A@@@A@@@AAAB@@@BA@ADABCBADAD@@ONIFMJOBSFQHKJCRBJDNFR@PGPEHQFQBKAKGGKIGGE@A@C@C@AAA@C@A@A@CA@AAICCAA@C@CBCAC@A@C@@ACCCAAAABA@A@CBAA@@AAA@AAK@WCWCQ@SFUDMAKEMGQE@@@ABA@A@CBA@CA@@ABC@AAAAA@AAA@A@CDEDC@A@@@ACAA@@ABA@@B@B@D@FA@@@A@@AABA@@BAB@@C@E@CCEAECAEEEAAAC@CAAAEAAAC@A@A@A@A@C@EAA@ABC@CAA@A@AAA@E@CAAAAAA@E@CAA@A@@@AA@@A@CAAAAA@@@AB@@ABA@A@A@A@AAA@AAAAA@@@ACACAAA@@@AAA@C@C@@@A@@AC@CAA@C@A@@@AAAAEAACA@C@A@AAC@A@@@A@ABAAAAEAAA@A@A@@BC@CBABA@@B@@C@ABA@C@@@A@@AA@AAACA@A@CACBCA@@AAA@AA@AC@AA@AAA@A@AB@@A@@@A@@BABABA@A@@BA@ABA@C@A@C@A@CAA@A@@@A@C@AA@@A@ABA@ABAB@FAB@B@BABA@C@A@A@C@A@A@CBC@@@A@ABA@ABA@A@A@A@A@C@AAA@C@A@A@CB@@CDA@@BC@ABA@ABABA@C@ABCBAB@@AB@D@@AB@D@@@D@D@D@B@D@B@@@B@DAD@DA@ABA@CBABE@C@CACAC@AAA@C@AAE@ABC@C@C@CACCG@A@AAE@C@C@AB@BE@E@ABABAB@B@@A@A@A@@CAAA@A@C@ABCBCBC@A@GBC@CA@@@AA@AA@AAAACAA@A@A@A@CA@@AAAAC@CCA@CAAAAAAAAAAC@A@C@AB@@ABABABABADC@@DABCBA@@@@@A@@@A@@AAAAA@@@A@@@C@A@A@A@AAC@CAA@AAA@CAAACAAA@@A@@BABAB@@CDQJMHEBG@EBGBIBG@C@GAE@EAECECA@CCCCACCCAAACCC@CACAC@CAG@G@CACBC@CAA@CBA@E@C@C@AAC@CACCCACAAA@AACAAACAC@C@I@ODEDE@EBEAA@GBC@AAEAGEGAC@ECG@C@@@@@A@@@AB@AA@A@@@AAA@AACA@@C@CAKAOEKAM@G@KHGBADIHABCBAAABC@ICECCAKKAAC@G@IGKICAC@A@C@E@KHKNIHIDI@IBGAC@GAMGEAGCKAEAI@KCECEEEGAGDIBM@GAEAEACEACCCA@AACACEAG@GEGAGEAEECEACACBEECM@GCEEGECE@@@AAA@A@@@A@AAA@@@A@A@E@A@@@A@A@@@A@@@@@A@A@@@A@A@@@A@@@A@ABA@@@A@A@A@A@A@@AA@@@@BAAA@@@@@A@@@A@@AA@@@AAAAAAA@EAC@A@@AA@@@A@@AA@@@@@@@CA@@AAA@A@@AA@@@@@A@@A@@@@A@EIEEACAC@AACAA@@@AAA@AECA@GAGAGAGAG@GCA@E@EAIEC@MAMAC@CAGCGECAC@CEAC@CCIEEECCBA@OCMCE@A@ACA@C@A@A@CCGIE@E@Q@C@CAGAICKCEAA@AAACGCICGCI@C@EAOAGBICMCICACEEGEEAE@I@GBIBGBGDC@OAM@EAECEECAIAEBGBGDKHGDMDK@ECCCACCGIEEEEECGCGACGCI@EBIHIDIBGBA@@BA@A@@@@@A@@@@@A@A@@@A@C@IIEE@@@CDEFGFCNEFGDCBEBEBGFEJOFEFEBC@CDCDCFAFCBCBADGDG@MCE@CBEBADCBCDC@CBADI@GBCAEAECACC@EAEBE@E@EAE@CAKAGCCCC@CAEGAEAAA@C@CBCDG@A@AACAC@@CCCCCEACAECGAGACACACCCGAE@EBGDABCBABA@A@@@A@@@GEEGAC@A@CAGCE@I@EAAACACECGAECC@C@CACACKEIECEAMGGCCBC@A@EAG@A@KEMGE@ECOKE@ACMICE@CBC@GCGCKCIAEECCECCAEEEAAAA@CAGCCAAA@C@EBEBMJKHIFEDCBC@AD@DBB@BCHCFCBABA@GJGFE@ABABAB@@A@@@A@AB@@GDAFKLCD@FAHELCFAL@HAFABCDADBF@BEBGBCAC@GAQAIBK@E@MAKAE@CB@@@@ADA@@B@@A@ADA@@BC@AB@@C@@@A@C@AAG@G@C@ACCC@EAACECCECEAAACAOCKIKEC@A@IAI@I@C@E@A@CBA@CBGBIFMFEDGDGDGDCBAB@DCJGLADA@A@CBEBEDEBIBGDEFEDEFABEHEBEFGDMLEBGDSDMDCBIBA@IAKAEAMAK@ODQBIBEBIFABA@A@ABADCDAB@BAB@@@B@@AD@B@DAF@FEHGBGBABEBKAICGCCCEEGAG@E@K@GBG@C@K@CBEBKBIAKBIDEBEBQDEBEBCFAFADABBP@JAFAFAFCFCDCFCBEDEBEBEBCBGJAD@B@@BB@B@BABCDGDADCB@D@BBD@@@FADAJADAD@DAFAD@FAF@DAB@D@@@@@B@BCHAHEFCDC@EFCBEBEFODE@IFAAEBMDE@E@CBABAB@BC@G@GBGAIBC@CBG@GCECC@G@CAGCEACAECCCCEACCAKAM@I@E@E@OBK@IDIBC@A@CBA@G@I@G@CBCFCFGL@F@HBDBDB@FDBB@BAFCF@@ADKDABA@A@A@AACAECC@C@CBABC@A@AB@D@BBBBF@B@BADADABABA@C@GAC@KBC@AB@B@F@B@@@BBB@DBBABAB@BCBA@C@E@EAC@E@E@CACAIEECECE@AA@AAAA@ACEC@AACCIEEACGGEE@AC@A@A@ADCBABEDC@A@A@C@AAA@CBAAA@AACAACAE@A@AAAAAAA@AAC@AACA@AAC@ABA@CAACAAAAA@C@AACAECGGCCGEeSEC@OACAGCOOM_QQMAEAGDIFE@GAQCMAGAEKKEIAIHSFUBGAGKAUA_kIK@@@cG_GYCUEKEOKSGQQGS@WCOMSOWCCCCQEOCEAK@KBGCGGKAOCK@YEMEMGKKCIAOCMEIKEQAMB[JMJEF@HBDHH@HKH]HaF[BYBMBIDABABCFGJKRSTILCNAHAFCBEBEB[DGBEFCFGHGFEBI@M@C@GBEBI@AD@D@D@DDFDDBDBFDBFDBDDD@D@D@BCD@F@DBBBDBBBBBD@D@DCBABCB@B@BBD@D@DABABCD@B@B@D@DBDBDDD@BAB@BAB@B@B@B@D@@@BBBDBBDB@BB@D@BBDBBDBB@DBB@@DBBBBDBFFBBBD@DB@DBB@DBDBBDBDBBBDBBBB@B@@AD@B@BBBB@BBB@BBBDBDBB@DBBBDBDDDBDBBFHDFDDFBBBBBHBDD@@BDDBBBB@B@B@B@H@B@DBB@BBB@DD@@BBDBBBB@BBB@BBBBBB@D@@BD@B@B@D@@BD@DBDBDDD@BBB@@DB@BDBDFBDDF@B@B@D@@ABBB@BB@B@BBBBDDFDDBBD@@BD@F@B@BAF@D@B@BB@@BBBD@B@DBFDBDB@JBDBJDBB@@@BABADABADBD@BBBB@BBBBDBBADBB@BBDDBDD@B@B@@@@AB@@@B@D@B@BBDBFB@B@B@BAB@FABABABCFABAF@FAD@D@BBBAB@B@DABABABCF@B@DBB@B@BABABABCDABEFCBCDABADADABE@CBA@CBABA@A@ABC@A@C@A@EA@@C@CBA@A@A@E@C@CAC@AACA@@A@CAC@A@C@A@A@C@C@CB@@@@ABA@@@CBA@A@A@A@A@@@A@CAAB@@@BFDPBh@rJNHFHB@BBFBAD@D@H@DBB@DBB@DAD@BBDB@BBBBBBBBBDBB@B@D@B@B@D@BBDBDBD@B@@@B@@@@@B@@AB@@@B@@@@@BB@@@BBB@BD@BB@BBBBB@BB@@DDDBBBDBB@BDBB@BB@DB@@BB@@@B@D@D@B@DBB@D@B@BBBDB@BBB@BB@BBBB@@@DBB@@@BB@BBBBB@BBBBBD@BBF@B@@@D@B@D@D@BABABADABCDABA@CBA@BFABBBB@DDBDBDBBBBBBB@B@D@BABBDBDDBD@BBBBBDBB@DBB@DAFCBADCJCBADCBABA@CDABCBCBCBC@@BA@CBA@CBAB@B@DABADABADCBCBADCBABCDCDCB@BCBADADABA@@B@D@D@B@BAB@@AB@@ABA@CBBBBBBBB@BA@ABAB@D@B@@BBDBDBDB@B@BABABABCDCBCDCDCFAD@D@D@DDDDDBBDD@@ABABADADADAFAFAF@HAF@D@DBDBFBBB@DBFBD@FBF@FBBB@@@B@@ADKZ@FABCJABA@ABE@E@E@KMGEG@GFQ\\EDIBEDEDC@A@C@EAA@CBAA@ABABAAAACBADA@CC@C@IAABG@EBC@@@C@ABCDGHGBOHKDCBA@@@@B@HBB@D@B@@ABA@@@AB@@BB@BAD@@@@@BAA@@@@@@@A@@@@@@A@A@@BA@@@A@@AA@@AAA@A@@A@@@AB@@AB@@@@AB@@A@A@@@@@IBCAICC@I@I@CA@C@A@ECCE@E@CDABCDA@C@CDEBGBEBA@ABAB@DBBB@DBDBD@FBBBDB@B@DADAB@BCDABCD@@BVAH@FDJ@DAHAFCHAB@B@DBBDBEDCDADCB@@A@@@@BA@@@@@@@A@A@@@@BA@@@A@@@A@@@AAA@@@@@A@@@@@A@@@A@CB@@A@@@A@A@@@A@A@A@AAC@AD@@A@ADCBABCBA@CBEDCB@BABABAD@BED@@C@AB@@@BB@BB@B@B@BCBABCBABEBABC@A@CBAB@FABCBCBE@C@A@AAAAACACAAAAAAC@A@A@CBA@ADCDABABA@C@C@ABCBADAB@D@DBDBBB@BDBFBD@F@FBF@F@D@F@H@F@D@D@DADAD@HADBF@FBBBDB@DBBDBDBD@D@F@F@H@DBDBF@FBDBD@FBB@DAD@DAFAD@B@DDFBFBBAB@@@BA@@@A@@@@@AB@@@B@@A@AB@@A@@@AB@@@@A@@@@AA@@@A@@@@@@@@A@@@@@@@@@@AAAAAA@C@CB@DCBC@CA@AD@@CBA@C@@@A@@@@@@@AB@B@@@BA@@@@@AB@@@@AB@@@@@@AB@@@@@@@AA@@@@A@@@@@A@@@@@@A@A@@@A@@@A@@@AB@@@@A@@@@@@@@B@@@@@@@@@@@B@@@@@@@@@@AB@@@@A@@@@@@BA@@@@B@@@@@@A@@@@@@@@@A@@@@@@A@@@A@@A@@@@@@@@@@@A@@@@@@@@@@A@@A@@@@@@@@@@@@@@@@B@@@@A@@@@A@@@@@@@@@A@@@@@@A@@AA@@@@@A@@@@@@@@@AA@@@@@@@@@A@@@@@@@@@@@@A@@@@@@A@@@@@@@@@@AA@@@@@@@@@@@@@@A@@@@A@@BA@@@@A@@@@@@@@@@@@@@@A@@A@@@@B@@@@@AAAA@@A@@AACAACACAC@C@CCCA@AAAAAAACACAAACAAAAA@@C@C@E@C@E@A@E@CBC@C@C@C@@@E@CDEAAC@AAE@E@EBCA@@CCIABEBC@@IEAE@CDCBA@AB@DBN@D@DA@GLIDCFHDHBJDBDDRDJ@DAFAF@DBDBD@B@D@DCDADAD@BBD@BBF@F@BADCBCBABCBCDAB@B@BBDBBDDBDBB@BABADCDCDADABABC@C@C@C@ABCBEBEBCBA@CDABCBEBE@A@AAAAACCCACCAAAA@C@CACAECACACCAA@ABBBBDBBBD@B@BAD@BBDBD@BABADC@ABCDCBC@A@A@CAA@A@C@CB@@A@MAKAA@@@CBABADAD@DBDDD@DADADABCDCDEDEFEDADCDADABBB@@B@BAB@B@DBDDFDBD@BABABE@A@ABC@CBABA@ABAB@D@H@DADADBB@BD@BBD@BD@B@BAD@BBD@BDD@D@B@D@DADBB@FBBBDBB@F@DBB@BDFBD@B@D@BCJ@F@D@HB@@BBD@B@BADAD@BBDBBDBBBBB@B@DAB@DADAD@D@F@BBFBDBDBB@@B@BABABADAB@BCDABABAFAFABCFA@@BAD@@@@CAC@CBABADCDAD@BADADCBADBBADBFBBBBDBBDBDDDDBDBDBBBHDFBFBFBFF@H@DJHjAN@D@F@@B@FABAHBDLDPBBJHNFFF@HCHCH@@EJAHFTFLHFDFDBBBDDBBBB@BABABABAB@BAD@D@D@DABA@BRCDEDEAGCCEC@ABAB@BAD@D@DAFADAF@D@DBDBDDBDDDBDBB@F@B@DBBD@BB@BBB@BBDBDH@H@DLDBHCFEB@D@NBDBDDDBBBB@DBBBDDDDHDFBBDDDBBDBD@B@BAF@D@HBBDBBB@B@B@@@B@B@B@BBBBB@BB@BBBB@@@BAB@@@BA@@BA@@BAB@BADAD@B@BAB@D@BAB@D@B@@DBF@DF@JBHBFDF@D@FELEHEHCFKD@BAB@B@B@B@BBB@BBB@@DJB@B@BBB@DBD@BABABE@@DAHA@@BABABADAB@BAD@DAB@B@BAB@BABA@AD@D@B@@@B@@@B@@@B@DBBBBB@BBBB@@B@BADBB@BDBDBBBD@FBBBDBBBBDBD@BBBBB@@@@@BB@BFBB@B@B@DABBBBD@B@@@D@BBB@DABAF@D@BABABABAB@@@BABAB@BABAB@D@B@B@D@BAB@B@B@B@B@B@H@B@BBBAD@B@DBB@F@F@D@B@B@B@BDBBBBBB@BBBB@BFB@@@BB@@BDFBD@F@@BF@@BBBB@DBBBDBBBBBF@B@B@BABAF@BBB@B@BBBBBBDB@BBB@D@B@B@@@BB@@@D@B@BBB@BBB@@ABB@@@BB@BA@CBC@@B@@@BAB@B@DAB@BAB@BAFAB@@@BA@BB@B@@@B@BA@@B@B@B@@@D@@AD@@BB@@BBDDDBBBBFBDBD@@BFDHBDDBBB@BB@DBD@FDBBDBBBBD@BBBB@BBDDBBDDDB@BBB@@BD@BAB@B@BBB@@BBBFBBDDDDBDBD@BBB@BB@BBB@HBBBBBD@B@F@HBD@B@BBHDBBBDB@D@B@D@B@B@B@FABBF@BBD@HBF@D@BBB@BBDBB@B@B@DBB@@BB@@B@@@B@@@B@B@B@BAD@B@B@D@B@B@BA@@B@@@DBB@DDDBBDBBDB@BBDBBBB@D@DADAB@B@BBB@BDB@BDBD@BAB@D@D@B@@BB@@EBABCDCBAB@BC@ABABABAB@B@D@BABCDABAD@D@B@BBBDDBDBB@BAB@DABAF@B@BABAB@BBB@B@@@B@B@B@D@@AD@BBD@B@BABA@ABC@ABC@A@C@C@CBABC@AAA@A@CBA@ABCD@B@BAB@BCDCDABAB@B@B@B@D@DAFBB@BBBBB@@BB@BBD@BBD@FB@@BBBABADADCDABAB@B@BABABCDA@CDEFCB@B@@@B@B@BABC@@BCF@B@B@@@@AB@@@@@@@@A@@@@@@AABA@CDEB@BABA@@B@BABCBCDA@ABAAA@@BA@ABABA@C@A@CBA@CBC@A@CBA@A@CAEAA@ABA@@D@BAD@B@BAB@BBD@D@BBBD@@BBB@DB@@D@BBDDFB@@BBBBBBBBD@@AD@BAF@@BDAB@@@B@B@@A@C@C@A@CB@B@DB@@F@BAFCBCD@B@@CBAB@BEBABAB@@CBCBA@A@AAA@A@A@@CAAA@A@A@@@CAAAA@CBABAAE@A@EBA@A@A@ABA@CAA@C@CBC@@@C@A@A@C@A@AAA@A@A@@BABABA@A@C@A@AACA@@C@@@@A@A@@AAAAAAEACC@@A@C@CDCBABA@CD@@C@@@AB@BCBCDCBADA@AB@@A@@@@BA@@B@@ABAD@B@BA@@@@BA@@@@B@@@@@D@B@B@B@@@BAB@@@B@@@B@@@@@B@@@BB@@@@@@B@B@@@B@@@BB@@B@@@B@@@BA@@B@@@@@@@B@@@@@@BB@@@@@B@@@B@@@@@@@B@B@@@@@@B@@B@@DB@B@@BB@@@B@@AB@@BBB@@B@B@@@@@B@B@@BDBD@B@@@BBB@@AB@F@B@@BBAB@@ABCBA@A@A@@BAB@F@BA@A@AB@@@BBB@BA@@@ABA@@@ABABA@@@ABCBEBCDCBAB@B@B@@@BABBBBBBD@B@@AB@BAFCBADABCBA@@D@DAB@@@B@@AB@@A@A@A@AB@@ADABA@A@A@@DA@@BB@@D@BADABABA@@AA@CAA@@AA@@BABCB@@A@A@A@CAAA@A@@E@A@C@@@AAAA@A@A@A@AAA@A@ABA@@@@@A@A@ABAAA@AAA@C@A@CBCA@EEAAACAA@A@A@@AAAAA@@C@A@AA@AAA@@AAAACA@ACAA@CBA@ABE@@AA@AA@@@BA@@AA@@@CAA@AA@CCA@@@C@C@@@AA@AA@@@C@A@AAA@AA@CAEAA@A@ABA@A@AAAA@@@C@@AAAACAA@@@C@@A@@ACC@AA@CBA@AA@A@@@@A@EB@@A@A@AAA@@@CBA@A@AAC@A@A@A@E@AAGCA@A@@@AA@AA@A@AAA@@@A@@@@@A@@@CA@@CBA@A@ABAA@B@D@D@F@@@B@@@B@BA@ABAB@@ABABABABA@ABC@ABCBC@C@CBC@C@C@C@C@A@CAA@@A@@AC@ABA@A@A@CAA@C@ACAAACAC@A@@@C@ABA@ABA@CA@@ABAD@@ADABA@@@A@AD@@C@C@CBA@A@AAA@A@ABAAGCAAAEAAA@A@@BCBA@C@AAA@A@ADA@A@ABABC@CBEBA@A@AAA@ABA@CBCDABA@@@ABA@@BAB@@A@A@@BA@@@@B@@@B@B@@@BA@ABAAE@CCAA@@A@CBA@C@EAA@CDCFABCDC@GHC@A@C@A@E@@AEE@@A@C@CAC@A@GBE@IBA@AACCCA@@EC@AAA@CCAAC@AACACCEBA@AA@A@A@@@ACA@@AAA@AAAAACA@A@@@C@A@@@C@ACAE@AAAAAA@A@A@A@@EC@@BA@AAAA@AAAA@AAACA@CAA@AA@CAAA@AAA@@AAAA@@CAAACACCA@@BCAAA@A@C@AB@@@BAAAAAAA@AAAAACGB@@ABA@A@ABCACBABCBCB@AC@ABCBA@@@AAC@ADG@A@AACBG@A@AB@B@@@@A@@AC@@@A@@AAC@@AAAAA@AAA@BA@CAAA@AA@AA@@C@CAAAAAAAC@G@EJEDG@K@K@IAOAK@GDAF@@ABABAB@@ABA@C@CAA@AAC@AAA@AAA@A@A@AAA@ABA@A@CBAAA@A@C@AAA@AB@@A@ABA@A@CBAB@@A@A@CBA@A@A@ABA@AAA@A@CAA@A@A@AAC@A@A@C@AAA@C@A@A@CAA@A@A@A@C@A@AAA@AAA@AAA@A@AAA@A@A@A@A@A@CBA@A@@@A@A@CB@@@@A@@A@@@@A@@B@@@@@@A@@@@A@@A@@@@@@@@@A@@@@@@@A@@@A@@@@@@B@@@@@@A@@@@@@@@@A@@@@@@@@@A@@@@@@@A@@@@@@@A@@@@@@@@@@@@@ABA@@@@B@@@@@@A@@@@@A@@@@@@@@@A@@B@@@AA@@@@@@@A@@@@@@@@@@@A@@@@@@@A@@@@@@A@@@@A@@@@@@@@@@BA@@@@@@@@A@@@@A@@@@@@@@@@@A@@A@@@@@@@@A@@@@@@@A@@@@@@@@@@@A@@@@@@@@@@@A@@@@@A@@A@@A@@@@@A@@@@@@@AA@@A@A@@@@@A@@@@@@@A@A@@AA@@@@@A@@@@@AB@@A@@@@BA@@B@B@@@@A@@B@@AB@@@BA@@B@@A@@B@@A@@@A@@@A@@BA@@@@@C@@@A@@@@B@@@@A@@@AB@@@@@@@@@D@@AB@@@BA@@@@BA@@B@@@@A@@@ABA@@@A@@@@@A@@@@@@BA@@@@@C@@@A@@@@@A@A@ACA@@@A@@@A@A@C@A@AA@@@@A@ABA@@@A@@@AA@@A@@@@@@@AB@@@B@@@@@@@@@B@@@@BA@@@@B@@B@@@@AB@@C@@@@@A@@@@BA@@@@@@@@@@AA@@@@@@@@@@@@@@@@B@@@@A@@@@B@B@BBB@@@@@B@@ABA@@B@@@@@BA@@@@@@BAFB@@@@@BB@B@@@@@BAB@@@BB@@@BBBB@@@@@B@@A@@@AB@@@@A@A@@@A@@@@@A@@BAD@@@@A@@B@@@@@BA@@@ABAD@@A@@@@@A@@@@@A@@@@B@@@@BB@@@@@B@@@@A@@@A@@@@@@@@@AB@@AB@@A@@@A@A@A@@@@B@@@B@@@@A@@A@@AB@@@@A@@@@@@@@B@@ABA@@@ABA@AAABA@@@AB@@A@CBCBA@@@@@AB@BC@@@AB@@@@@BA@@@@BA@@@@@A@A@@BC@@BA@@@@@A@@B@@A@@@@@@B@@@@AB@@@@A@@@@@@B@@@BB@B@BB@B@B@B@BDBBFBB@BADAB@DBBA@ABABCB@BAFCDADABA@ABA@ADA@A@CD@@CDABAB@B@BBD@B@BBFBDDH@BBBBBBDBBBBDFBB@D@D@DAB@D@BBDADCD@B@DBD@B@D@BBB@B@D@B@B@BAB@B@B@D@D@DBD@BFDBBDBBBBB@BBFAB@D@B@B@BBDBDDFBD@BBBAB@B@BAB@D@B@BAB@BADAB@D@B@BCBABCBC@AACAAAAAAACCAAACCCA@AAA@A@ABCBCBC@C@AB@@@DABABEFA@ABABADABABAB@B@D@B@DADBB@D@BA@@@ABABCDAD@B@D@BBB@B@D@B@D@B@DABCFADA@ABCFABAD@BADAHABC@@B@DAD@B@D@B@BAD@B@B@B@BAD@B@DBBDB@B@B@BBDABBDBB@B@@@B@B@@@BBBD@D@D@B@BBBBB@BDBBBBDDBF@B@BAB@@@B@B@BAD@@@D@@BBBBDBB@HDD@F@B@DBB@B@B@B@BBB@BBB@@BD@D@D@BBB@@BBB@BFBBBF@BBB@D@FAB@D@DBDDBB@D@BBBB@BB@@@BADAB@BABA@CDCBABADADAB@D@B@D@BAD@D@BAB@BABADAB@B@FBB@B@B@BBD@BDFDFDFBBDHDFBDBB@D@F@D@B@DCFADABABABA@ABC@A@EFA@CDA@EDA@CDA@@D@DBD@DAD@BABCHAB@BADAB@BAD@BAF@BABABADCDCFEDAB@BABAB@FAB@BAD@BBB@B@B@DAB@BCBABEFCDABCFCDA@EDCDAD@B@BAD@BABGF@BC@A@C@C@ABC@A@CBG@C@E@A@C@A@C@E@A@ACCACCCEAEAACACAECCCAA@AAA@ABA@C@AACAAAAC@A@AAAAAAEACAAAEEA@AAABCBCAAAAAA@ECCC@@AAABC@A@C@AAA@@ACB@@@BBB@BBBF@DDHHD@B@D@@@BB@@CFAF@B@@A@@B@BAB@B@B@@@BBB@B@BAB@B@@ABA@A@AAABAAABABA@AB@BABA@AB@BABAB@BCDAB@B@FCHGJ@B@BBBB@F@BBDD@BBD@BBD@BBD@BBDBBBBD@B@B@@AD@BAFCFCBAB@B@DADAHAB@DAFADCD@B@D@B@DBD@B@DAB@@B@BBF@@@BAB@D@BABAFABADAH@D@DAB@BA@CBC@AACA@@A@GAQB@BEDCDC@EBC@@@A@B@@B@B@BDFBJ@F@@BB@@BBBD@@@BB@@BB@@BB@D@BB@BBBD@BB@@D@D@@BDAB@B@BB@BB@B@FDF@D@DABAB@BAD@BBBB@@BBBBD@BBBBB@B@BB@@BB@@BBD@B@B@B@DA@@B@B@B@B@B@B@B@B@B@B@@AB@B@BABAB@@ABB@@@BBB@BBBBDDBDBH@DBBBBF@DGZAF@@@BBB@@@BB@@@B@B@B@B@BAB@B@B@B@BBBBBBB@@BBD@BBBBD@BBDBBBB@DBD@BBBBBBBB@B@BBB@BBB@@@@BBB@B@@@B@D@BBB@B@BBB@@@BHDDBBDBFBLBDH@L@F@DBBBBFBBB@@BBBBB@@BB@@BBD@F@D@@D@B@BCBABA@@BBBB@D@B@D@B@@D@BBB@BBB@BBBDBBBBBBB@@BB@B@BAB@D@B@@AD@@@B@D@@B@B@FGHCB@B@BF@HAR@DDD@@@@DBD@@@B@@@BAB@D@B@@@B@B@D@BA@@BAB@BAB@D@B@B@B@BBB@@@DBB@D@B@BBB@@BBB@BB@@BB@BBB@BBB@@B@B@B@B@BAB@B@BABB@@BBB@BBBBBBBBBB@DAHAJ@DAB@@ADA@ABAB@B@@FAF@DBD@P@H@BBBF@F@@@@D@B@BAB@BBBFD@D@D@BCD@B@D@H@BBD@@@BB@@B@@@@B@@@B@@@@@@@B@B@@@@AB@@@@@@@@@@@BB@@@A@@B@@@@@@@B@BAB@@@B@@@@B@@@@@@B@@BA@@@@@@@B@@B@@@@@@@@@@@@@B@@@@@@@@@@@B@@@@@@@@@@@@@@@B@@B@@@@@BB@@@BB@BBBB@@BB@@B@@@@@@@@BB@@@B@B@B@@@@A@@@B@@B@@@@@@@@@@@B@@@@@@@@@@@B@@@@@@@B@@BB@@@B@@@@B@@@@@@@@B@@@@@@@@@@B@@AB@DADB@@D@B@D@H@B@DBD@D@BABBD@B@B@F@@@H@D@D@DBBBD@@BB@@D@D@D@@DBNBFFHDD@@@B@B@BBB@BB@BBB@@BBBB@@B@B@@BB@@@BAB@B@B@B@B@BBB@B@D@B@BBB@BBB@B@DBB@B@B@BBB@DBB@BB@B@@@B@@@@AB@@ABAB@@A@@BA@AB@BAB@@ABAB@@AB@@AB@D@B@B@B@@@B@D@D@BA@AAE@CBAH@HADAB@B@B@B@B@D@B@@@B@@AB@BA@@BCBA@AB@@AB@@BB@B@BBB@B@B@B@@ABB@@@@@@B@@@@@BB@@B@B@BBBB@@BB@@@B@@DBB@@@@B@@@@@B@@B@BBD@BB@@@@BB@@B@@@@@@BB@@@B@@@@@BA@@@@B@@@@@B@@@BB@@@@B@@@@@BA@@@@@@B@@@B@@@@@@@@@@A@@BA@@@A@@@@@A@ABA@ACA@A@@BC@A@A@A@@@A@A@A@@B@BAB@@@BA@@@@@A@A@@@@@@@A@A@@@A@A@A@A@AAC@ABC@@ACAA@@@A@@BABA@A@AAA@AAA@AAA@ABA@ABEBABCB@BAB@@ABABABA@AB@B@BA@AB@@@B@D@BABAB@BCB@BADAD@FAB@FEB@BAB@@@B@B@DAB@@A@ADCBABC@@@AB@@ADAD@BABABAB@BAB@HA@AD@BABABCBE@ABABAB@B@DBD@D@D@BBB@DDBBB@FBDBD@D@B@DBB@B@@@BA@ABA@ABEBAB@@@BAH@FCB@B@DA@@DABA@ABA@C@C@AA@AA@A@A@C@AAC@@@C@A@ABADA@ADABA@@@ABA@AFAB@@A@A@ABA@ABABA@A@A@@DCB@@AB@@A@AB@BABA@@B@@AB@@AD@BABABCDADCFEBA@AB@DABABABABAB@BD@@BB@@BB@@BBB@B@@@B@@BB@BB@@BBB@@BBB@@BB@@BB@@@BBBBB@DAHBFBB@@B@B@@@B@BABAB@@@@AD@BABCBAJED@HBD@@@DB@@B@D@@BBFAF@B@@A@@B@@AB@@@B@@@@@BAB@@@@ABABA@@BA@@@AB@BA@BBBBDDB@PCDABCDCDC@AB@DBB@@F@@FBDBHDB@D@@AB@BA@A@A@@B@BE@A@@B@@BDBB@BB@@@B@@@BAB@@AB@@AB@B@@@BDBD@BB@DDBBBBB@@ABABCD@B@BABAB@@ABA@ABAB@@ABBB@BB@@B@B@@@BC@A@A@@B@BDD@BADAF@B@BFBHD@B@HB@B@BB@B@DBBBBB@DBD@DDDH@DBBBB@@D@DAD@D@BBBB@D@FAD@BAD@BDBB@@@@A@G@AD@B@DBDBBB@@BB@@BBB@@@BB@@B@@@@@B@BB@@@B@BB@@B@@@B@@@@BB@@@B@@@B@@@B@@@@B@@B@B@@@BB@@@@D@@B@@BB@@@@@@@@BBBBB@DAB@DBFBFDDBB@DB@BBJ@J@D@@@D@@DDB@@DBB@BB@B@@@BA@@B@B@@FHBFFFBB@B@B@@ABA@@B@@BB@@B@FCBA@A@C@@B@@@B@BBAF@D@BBD@BABCBEBABCD@BA@@B@BBB@@BBDB@@D@@BDBB@BBBB@BB@BB@B@BB@@BBB@B@@BB@@@B@BA@@@ABA@@@BBBBBBB@BBD@BBB@D@B@B@D@B@BBBAB@DABABAB@@ABAB@@@B@B@BBB@@@BBB@B@B@B@DAB@BAB@FAB@BADAB@J@FCDCB@BADBDBFB@@B@@CACCE@CBGHCBCBIBAD@D@D@B@H@DABADA@A@ABA@ABA@@B@BAB@FBD@F@FADCDCBAB@D@D@D@DA@ABC@AB@BAB@@@BAB@DBB@D@B@@@B@B@B@B@B@BAB@B@BAB@BAB@B@@@DDBBD@F@D@BABA@A@AGGEC@C@A@AHAD@@@FA@A@A@@DAB@B@B@BBBBBBDAB@BBB@@BB@B@B@D@@A@@@AA@@@AAAAAAA@@AA@AA@@AAA@@AAA@@@A@ABA@A@@B@@ABCB@@A@A@A@ABADCB@@ABA@ABA@AB@@ABA@A@ABADABC@EAG@C@CB@BABABABCB@BCB@BC@@BADADAB@@ABABA@ABABA@C@C@A@AAA@A@A@@BA@@@AB@@@B@@@B@BB@@@B@@@DB@BBD@FAB@@@DBB@D@B@B@@BB@DABBD@B@B@D@B@D@BAB@DABAB@BABA@ABABAB@BAB@@@DBB@@AB@@@BA@ABAA@@ABC@A@@@@BAB@B@B@@A@CBA@@BA@BB@@@B@@BB@BBB@BAB@B@BAB@BABA@AB@@@BAB@@@D@BBB@BBB@B@@B@@BBB@B@BBBBB@B@BB@@BBB@BBBBBB@@F@FDD@F@D@DBBBD@D@D@D@F@DADGD@B@B@BBJBLBD@B@B@@BBDAB@@DBFD@BABAB@@BB@@BB@DBB@@B@H@@AB@@@B@B@DDDDFBD@DAB@BBD@B@@BD@B@BB@@@@DABBJDB@B@BAFA@AB@BAB@BABA@@BAB@B@BAB@@@BBB@BBB@@@@BBBBB@BB@BDD@BB@@BBB@DBB@B@B@B@@ABCB@BADE@ABA@@JIDA@ACCBCHOB@D@DBDAD@B@BDB@D@D@B@DB@D@D@D@D@BBBD@BBBDBFFD@@BBBB@@@BBDDDBBB@@@BBBB@@@B@@@B@BBB@B@B@@BB@@B@FCBCB@B@FDD@H@BABA@CBAFCD@BABA@@BAB@B@B@B@B@B@D@B@BAB@BCBA@ABAB@BABA@@FCDA@A@AAAECAAAA@CAAAC@@@C@ABA@A@AB@@A@AB@@@@A@A@@@AAA@A@A@A@AAABA@A@@@A@ABAD@H@F@BABADCBABAD@B@BC@@BADD@@B@BBBB@@BBBBBB@@DBB@D@D@B@B@B@BBB@B@@BBD@B@BBB@@@BB@B@BAB@@@D@B@BABBBBBBBD@BBD@BBB@BBD@BBB@BBB@D@BBB@BB@BB@@BBB@BB@@BBD@B@BBBBB@B@BBD@D@BBD@BBB@BBBBBBBB@BBB@BBBBBBBBB@BB@@BB@B@DBFBHDFFBDFBFBF@F@D@BB@BB@B@DBB@@@@@BBBBBBB@FDFBB@D@BBFDBBB@BAD@B@@@@BAB@BDFB@@@@BB@@@B@B@DBB@BBBBDBBBBBBB@DBBDDBBBBBDB@BBBBDBBBDDBBBBB@BBB@F@B@B@BAB@@AB@@ABA@@@AB@B@@@B@@BDB@B@@@BAB@BA@@BA@@B@BB@@BBB@BB@B@B@B@B@D@@BD@B@@BD@B@BDB@BBBBBBBBBB@@BB@@BBB@DBB@D@D@DBD@D@B@B@B@@@@@BAB@DADA@@@@BABABADCB@@@BAB@@@B@B@B@B@@@BBBBD@BBB@BBB@BBB@B@B@B@B@D@BBB@@@B@@BB@B@B@B@BA@@@A@@B@B@B@B@B@B@B@B@D@BAB@@@@AB@BA@@DA@ABAB@B@B@BAB@B@@AB@@ABA@AB@@AB@B@B@B@B@B@@@B@BDB@@B@@BBBBB@B@B@B@DA@@@A@ABA@AB@@CBA@A@ABA@@BA@AB@B@B@BA@@BAB@@@F@@@B@BABABAA@@A@A@A@A@AAC@A@A@A@A@C@A@A@@@A@A@@@AA@@AAA@@AA@ABA@@@ABA@@B@@@B@B@@@B@BB@BD@@BDBBB@@@BBB@B@B@BBF@@@DBB@@@BB@@BB@B@@BB@B@@BBBB@@@BB@@BBBBB@BD@@@BBB@@BB@@@BBBB@BB@BB@@BB@@B@D@BBBB@@BBBB@BD@BBB@B@BBBBBB@@@BBBBBB@BB@@B@BBD@@@BBB@BB@@BB@@DB@@BBD@B@BBB@BCDABABA@ABA@@B@B@B@B@BB@@BBBBBBBBB@@BBBBB@BBBD@BAF@@BBBB@BBB@BBB@BBDAB@B@@AB@BCBA@AD@B@B@D@B@B@@@B@B@B@D@BBD@BBBB@BB@@BBB@B@B@B@B@B@B@BBBBBB@B@BBB@B@D@B@B@B@@@BB@B@BB@@B@B@@@BB@@BBBB@BBBBD@@BD@D@B@DAFCLCH@@AB@BA@@B@B@@BB@@B@@BBBBB@@AB@@A@@@A@A@A@@@A@@@@BABA@@BA@@BA@A@AA@@AAAAA@AACAA@@@A@A@A@@@A@A@@BA@@B@BAB@B@@@BB@@@@BB@DBJDDB@@@B@D@BA@AB@@A@@B@BBBB@BBDBDB@BBBB@@@B@@BB@@BBB@B@BE@ABAB@@ABCB@BAB@B@DBBBB@BD@@ADCBABCBA@@@@BB@BBB@BBDBBBB@BB@BB@BD@BBB@D@D@DBDBB@DBBBB@BDD@BBBBBBBBB@BBBBBBBBBBBDBB@BB@FDDBDBD@BBBBB@@@BBBBBB@@@B@B@B@B@B@B@BAD@B@BAB@DABAB@BABA@ABCBA@@@@B@@@@BDJF@@BBB@@@BB@@BB@B@B@D@B@@@B@BBBBBB@@BBBBF@B@D@@AB@D@B@B@D@B@B@B@B@DGJCHCH@D@D@D@B@F@D@BBDDDBF@BDBB@@BD@@BDFDD@BDBFB@@BD@BDBBB@B@@@B@B@@BBDFBB@@B@B@B@@@DAB@B@BBB@DBFBBBBDBBBDBFDDBHFFBB@@@BD@D@B@BAD@BBBBHBB@@ABABBDFFFD@F@FDD@D@BABC@EBA@@BAD@DBBB@BBFBDABAD@BFBBBD@BADDBBF@D@D@H@FBHDF@DADA@C@ABA@@B@DHBDD@D@BD@BBDBDDBFAH@B@HEBCBAFAB@JBFF@BF@FBHBF@DAD@@@B@@AB@@@H@F@FCDCFAB@F@HBDAFABAHADEBEDADAFAHALC@A@C@CBABADCDEDA@AAAACBA@@B@@@BA@C@A@@BABA@ABA@ABADAF@DA@@BA@A@A@@DADADBJ@D@B@D@DBDBDAB@D@BAB@D@B@BBB@B@BABA@@B@B@B@BADAB@B@D@BAB@BA@A@CAIAA@CBC@A@ABA@@BAB@@ABA@A@ABA@ABAFAHCDABABA@ADE@A@A@A@AAA@A@A@ADG@C@A@ABABADA@ABABAB@D@BAB@B@DAB@D@B@BBB@BBBBBBBB@BBDBBBBBDDBBDBD@DBBFDBBDBFDD@B@@@D@DBFA@@HAFCDCDAF@F@B@BBBBD@BABCD@D@D@FDD@HBB@FBDBDDBB@BABAF@DBFBD@F@DBDBDDBDBB@FDJBD@@BFBD@FABBDBD@HBJDNDD@BCD@D@FDDBF@DADBDAHAD@D@BA@@FCF@F@FAFAB@D@BAD@FABBDADBJAFABABADAD@HAD@F@DBDDBBBBHFDDFB@DADDDDBDDFD@B@F@DFDDBDBFBDBD@BADAHAD@FDDBBBD@FDDDBB@BD@B@F@H@D@DBF@B@BABCBC@CBC@CBC@CBCDCDA@BBBFBB@JBHBFDHBJDFBHDDBD@FDHBHFDBDBB@DBDBDAD@J@B@DCHAB@@@H@H@FAD@FBF@LFJFHDHBHBJBHBHDFDBBDDEBAFADBDDFDBF@F@DBF@FADADB@BD@FAFBDBD@D@HBJ@D@B@DAHAD@FBFBD@JAHAHCDAFAH@FAHCFCHAFCBAFABAFABBFAHBFADADCDAFAFABCD@DBHDFBDFDDD@DBF@DAJADAF@BBBFBBFBHBH@HAFDHBDD@@BBBDFBFBFDBBD@FDFFBBBBB@BBJFDBDDFBFFFDFFBBFBHDHFHBJBBAJAJDHFFBDBBBDBDBDB@DBB@DBB@B@BA@@@@BA@A@@@A@A@A@AAC@AAAAA@A@A@A@ABABCBABA@EDA@ADADAB@B@BBBBBBBBBBDBBDBBBBBBBBBBBBBBBDBBB@BBBBBBBBDBDBF@BAD@B@F@B@@A@@B@@@B@@@@A@@BA@@@@@A@@@A@@@AB@@@@@@@@A@@@@AA@@@@@@@@@@@A@@@@@@@@@A@@B@@@@A@AB@@@@A@@@@@@BA@@@@@@@@BBB@@B@FBBB@@BBBD@B@BABC@ABABAB@B@BAB@DABABA@C@C@C@CBI@CAE@A@ABAB@DAB@BADAB@BBD@@BBB@B@DBB@B@BB@BBB@@@BA@@B@B@B@DB@@B@D@BAD@F@DAD@F@BB@B@D@DBB@BB@BBBB@BBBBBBBBB@BBBDBBBBBB@BBD@D@BADADCBCBCBCDABA@@DADAB@B@B@BBB@@BB@B@BABA@@@ABEDABABCBCBCDABCDCDAB@BAB@@@BB@AD@BADABCBABC@ABEBA@C@CAA@CACAAAC@C@C@C@CBCBABA@A@CBC@CBA@CBCBCBABABABAFAB@DAB@B@D@DBDBB@DDDDFBBDBBBBBBDBDBD@DB@@BB@B@B@BABABBB@BBBDBB@B@DAD@DBB@F@B@DBDA@AD@@@B@BABAB@BABA@EDA@CDAB@B@B@D@@A@AD@FADCDCDEBC@EBGBGBEDADAF@D@D@D@F@BABCBE@EBE@EBA@ADADADBD@D@DADADA@E@IBEBC@CBC@CFEDEBCFCDABEBE@CDABC@CBC@ABA@ABABABEBGDA@CBABC@G@C@A@@@A@CBC@CBC@CDA@ABE@CACAA@EACAC@EAG@I@G@@@C@@@AAC@C@ACA@ECAAGCECGCECCCECECIAGAC@EACACAE@E@AAACACAAAAA@A@@@C@A@A@@A@@@A@A@CBC@@@AB@BAB@BCBCBCBCBCBA@A@CAAAAA@A@EBC@C@E@A@ABAB@BBD@BABADABA@A@ABCBA@A@CAC@CAE@AAA@AAA@C@C@ABC@ABABA@AACC@C@C@GA@AAC@AAA@CBABA@@@AL@@@BAB@B@DAB@DAFAD@F@DCDGFCDA@CBC@A@EDC@C@CBC@ABA@A@AAABA@AAA@BCBC@@ACAABAAACAC@@@A@A@ABA@A@CB@@AB@@BD@BBB@@@BA@CAAAAACCCAG@C@C@CAECGCACACCCAACACCA@CBCBCBCBC@A@G@A@ABAD@D@D@DBFBD@B@BKJAB@@EDCDEFAFAFA@@B@BBB@@DB@@@B@BA@@BC@AB@B@B@@@B@DBBDD@BBDBD@BBHBFBJBDBD@DBJFDFHDBFFDHBFBHBB@B@B@B@BBB@D@BBDBDBB@@@B@BABA@CBCBEDA@ABCBA@A@@HAB@D@B@B@B@@A@A@@@A@A@@@@@@@@A@@A@@@@@@@A@@A@@@@@@@A@@A@@@@@A@@@A@@@A@@@@@@@A@@@@A@@@A@@A@@@@@@AA@A@CBCBA@CBCDCBCBAFAD@@ABADADAD@BAFCHADCFEHAHCJAHCHCH@BCB@BG@C@E@GBEAC@@B@@A@A@@@C@@@AB@@@@@B@@@BB@A@@B@@A@@@@@C@A@@@@@@@@B@BB@A@@B@@@B@@@@@@@B@@@B@@@@@BA@@@A@@@@B@B@B@@@@A@@@AB@@@B@@@F@D@@AB@@C@ADA@@B@BB@ABABCBC@E@ECA@AACAAACE@A@CBC@C@CA@DAB@BA@@@CBABAFADAD@DA@AD@@AA@E@I@E@E@@@A@A@A@A@A@@@A@A@AAA@@@ABABAAGAC@GAGAEAE@A@CAAA@@@@ACAA@A@@@A@@DA@@B@@A@A@@@A@@@@@AA@AA@@AAA@@@@@@A@@DC@A@@BA@@@A@@AA@A@@@A@A@A@@BA@ABC@@CAAAAA@@@@@AA@CAC@CBCBEBCBE@ABCBCB@BABABA@A@C@AAAAA@A@A@IDC@EBGDABCFAFADADCDEFCDCD@@A@AB@B@@AB@B@BAB@@ABC@ABA@A@C@CA@@A@A@A@@@@BCDA@@BABA@AB@@AB@BA@@@@@AAAAAA@CAA@A@@ACCAC@ADCN@HBDFHDBBFDHDFFJBHBJBF@F@JB@DBBBD@@BEBABABADCB@BAF@F@F@FADAFADABCDCBAD@B@DBDBDBDDD@@@F@@BB@B@@@B@BA@@B@@@B@BAB@BB@@B@BAB@@@@@B@B@@ABAB@@BBAB@B@@ADA@AB@@@@ABA@@BA@@BC@@@A@@@A@AAAAAA@@A@@@CBCBABE@CBA@EBEBCBADCF@@@B@@@B@@@BB@@B@@@B@@@@@@BB@@@B@@@@@B@@@@@B@@@B@B@@@B@@@BB@@B@@@@BB@@@B@@BB@@@@@@B@@@DBB@@@@@BB@@@B@@@BA@@B@@A@@BA@@@@@@B@@AB@BAB@@AB@@A@@@@@A@A@A@@@@@@BA@BB@@@BBBBD@BBF@BBBBBBBB@BAB@B@BBB@@B@B@BBBBBBFBD@D@B@D@J@@BB@BDD@BABAB@B@B@BAB@@AB@BABBBB@@@B@@@@@@BB@@@@@@B@AB@@@B@@@@@B@@@@B@@BA@@@@B@@@@BB@@A@@@@B@@A@@@AB@B@@@@@BB@@@@BA@@@@B@@@@@B@@@@@@BB@@@@A@@@@@@@A@@@@@@B@@@@@@B@B@@B@@@B@@@@@@@B@@@BB@@B@@@@B@@B@@@@@BA@B@@B@@B@@@@@B@@@@B@@@@AB@@@@@B@@B@@B@@@B@B@@@@@B@@@@@B@@@@@@@B@@@@@B@@@@@@@@B@@@@@@DA@@@@B@@@@B@@B@B@@@BBBBDB@B@B@B@BAB@@BB@D@@BBB@BBD@BAD@D@B@HAB@B@ABCPAJBLBF@BFDLJBB@DAD@D@D@PBNFH@@B@D@B@DAJEHAFAHDFDHJ@@JRDDFBDBBBBBAB@B@@@B@B@@B@BBDBD@BBB@D@BAB@@AB@@A@@@@@@@A@A@CBABA@@@@@@@AFABCBABA@A@A@C@@@C@C@C@A@A@@@@B@DBB@HBDBFBDB@@BBB@BB@@D@DD@B@B@BBB@@BB@@@B@@@B@BB@@B@BB@@BB@@@@BB@@@B@@@@@D@BA@AB@BAB@B@BAB@B@@A@@BA@A@AB@B@@@@@BB@BB@@BB@@@B@@ABA@@@A@A@@DAB@BAB@B@B@B@B@B@@BB@@@BBB@@@B@@B@@@@BA@@B@B@B@@AB@@@B@B@B@@@B@@@B@@@@@D@@@B@@@B@B@BAD@BAB@BD@@DDB@DBBBB@D@@@BBB@B@B@@@@@@@B@B@@@BA@@BAB@@ABA@@@@B@@@BCBCB@DBDBBBD@JBFBD@BCBG@@@@BAB@BAB@B@@@B@B@@BBBBB@DB@BB@B@@DDBBBBD@D@@@B@BAB@@@DBD@B@BB@B@B@D@@@BABA@CDABA@E@@@A@@@@BA@@@@B@@@@@@@@@@@@AB@@@@@@@BA@@@@B@@@@A@@@CB@@FD@@B@@FAB@D@D@D@DBBB@BB@BAB@D@BBB@BBBBBDBBB@BC@CBE@CB@@AH@H@DBB@DAF@DCDBBBB@@DAB@DABAD@BAB@B@DBB@BBDBDBDBFDBBFBHDFAD@DABBDBB@BB@BDB@BBB@BBD@@@BAB@BADABAB@BAB@B@B@B@B@D@BBBB@@BB@BBB@B@@@B@BB@DBDBBD@BBDBB@DBF@BAB@BB@@@B@BABAB@BBB@D@@AB@DB@BDB@@@BDBBBDDDB@DB@BADABAB@B@BB@BD@@@DBD@B@D@B@BBB@B@D@B@D@DB@B@B@BABABABA@ABABC@@BA@ABA@ABA@A@@@@BAD@H@DA@@BA@A@AB@D@D@D@B@D@B@@@B@BBB@BABABA@BBABABAB@BA@A@CBABABCBA@CB@DAB@BA@@@AAA@ABAH@FAB@BAB@BA@@A@CAAA@ADADA@AC@C@C@CC@A@AB@BADAB@B@D@D@D@B@D@@A@@@CACAA@AAA@AAAAC@ABABABABAD@BAB@@@B@BBDDBBD@B@BAD@FAFAB@@ABA@A@AB@DAD@D@B@B@B@@B@@@B@BAB@@AB@B@BB@@@@@B@@A@@BA@@B@@AB@@@@@BAB@@@B@@AD@@@B@@@@@B@@@BAB@B@@@BA@@@@@@BA@@B@@AB@@AB@@@@AB@@A@@@@@@@@AA@@@@@@@@BA@@@@A@@@@A@@@A@@@@B@@ABA@@@A@@@A@A@@B@@@@@B@@@@AB@@@@ABACEAA@CEAAAACFCB@D@FADAF@DA@CBGBGBGBCBEDAD@BAB@@ABAB@B@H@D@D@B@BBB@@B@B@@@B@B@BA@CB@BABC@AB@@@B@B@@@BB@@@B@BAB@@@B@@@BBB@B@BAB@BABAB@@CB@B@BBD@DAB@B@B@BBD@@@@BBB@@BBBBB@BAB@BA@@BE@ABAB@BA@ADB@BBBBBB@BABCDAFADB@@BABCBABABA@ABA@AAA@AAE@ABA@C@CDCBCBABABCFCBABABCDABA@ABC@A@CAE@A@C@@@CBADCBABC@ABABA@AB@DCDCD@BAD@BA@ABCBAB@@@BBBBBD@@DAB@D@@BBB@@D@B@D@B@BAB@@C@ABCBAB@DAB@BADC@@B@DADA@@BC@A@CBABA@@BAB@B@@@B@BB@@BAB@BA@CBAD@@A@A@A@AB@BABCBABADB@BDBBB@@B@BC@A@ABAFAB@B@B@DABABAB@BABAB@B@@@BB@@AH@BB@@@D@B@D@B@D@@AD@D@D@B@@@@C@C@ABC@A@A@ABADAB@@C@ABC@ABABCBAB@@A@CAA@ABADAB@@C@A@A@ADADCFCDADCBAB@D@B@D@BABABA@A@ABAAC@ABADAB@@ABA@ADAB@D@D@DABBB@BABA@@BABCBABAD@B@@B@BBDBBBBB@DA@@BADBD@DBB@B@B@DAB@BABAB@B@B@BBD@BBBBB@@B@BAB@BAB@D@B@B@B@DADABCBAB@BBB@BBBBAB@B@B@@BCD@@@B@BFDB@@BABA@ABCBAB@@@BAB@DBB@B@@BD@B@BA@AB@@@B@B@BBB@@BDBBBDBB@B@B@BABC@AB@@AB@@BBBBBB@BBBB@B@BABABAB@BBBBBBADCDB@D@@BB@BBABAB@B@B@@B@DBB@@BABAB@@A@AD@B@B@@AB@@A@A@@@@B@@B@D@BBBBBBBBBBDBBDD@DBB@F@BABABAB@B@@CDAB@BABAB@D@D@D@BAB@BBB@B@BABABAB@DAB@BAB@BAB@B@DBBBD@BBBA@@@@BABABABABABADAB@DAB@@@@A@A@@@C@AAA@AB@BAB@@@BBB@@BBAD@BAFAB@DA@@BA@E@ABA@ABABADADAD@F@D@B@B@@@BBBB@@BB@@B@D@B@@@BB@B@BBBBBDAB@@ABAD@BAB@@@BBB@BB@@BD@D@DAD@B@@CBADABABA@ABEFEDEBCD@BAD@@@B@BAB@BCB@BABABAF@BAB@@CDCBABABABABCBADAB@B@B@B@BBBBDBBBDBBBDBB@@B@B@BABAB@BCBADA@@DABAD@BAD@B@BBBADAB@BCBCBCDKBE@CDEBEBABAD@@@B@D@B@D@BB@@@D@B@DABBBBBB@B@BAB@B@BBBBBB@B@BA@A@A@C@@@@@C@A@CA@@A@A@AB@BA@@@AB@@A@AB@@@B@@AB@@A@@B@B@B@@@@@B@@AB@@@@AB@@@@@@@@A@@@@B@@@@@B@@A@AB@@@@AB@@@BAB@@@@@B@@AB@@@@A@@B@@CDAB@@@@AB@B@@@@@B@B@@@@@@@B@B@@@@@B@@@@@@@@@B@@@BB@@B@B@@@@@BB@@@@@@@@B@@@@A@@B@B@@@BB@@@BBB@BB@@BB@A@@B@@@B@@@@@@B@@@@@B@B@@@@BB@@@B@@@B@@@BA@@B@B@@@@@@@B@B@@@@@@@@@BB@@@@@B@@B@@BB@B@@@@B@@B@@@@@@@@@@@B@@B@@@@@@@@@@B@@@@@B@@@@@@@@@@@B@@@@@@@@@@@B@@@@@@@B@@A@@B@@@@@@@@@@@B@@@@@@@@@@@B@@@@@@@@BB@@@@@@@@@B@@@@@@@@@B@@@@@@@B@@@@@@@@@@@B@@@@@@@@A@@@@BA@@@@@@@@@@@@B@@@@@@@@BB@@@@@@@@@B@@@B@@@@@@@B@@@@@@@@@B@@@@@@@@@B@@@@@@@@@@@BA@@@@@@BA@@B@D@BA@@@@@@@@BD@@@BBFAD@D@FAB@DBD@BDBBBD@D@BDBBBB@D@B@@B@BADADCFCDABA@A@@@@@@@@B@@@@@@A@@B@@@@AB@@@@A@@@@@@B@@A@@@@@@@A@@B@@@@@@@@AB@B@@AB@B@@@@@B@@@B@@@@AB@@@@@@@@@B@@@B@@@@B@@B@@@BB@@@@B@@@B@@@@A@@B@@@@@@@@@@@B@B@@A@@B@@@@@@AB@@@@@BA@@@@@@B@B@@@@@@@B@@@@A@A@@@@@@@@@@@@BB@@@B@@@B@@@@@@@@B@@@@@BA@@@A@@@A@@@A@@@@@AB@@B@@@@BB@B@@B@@@@@B@@@@@@A@@@A@@@A@@@@AA@A@@@A@AB@@@@A@AB@@@@@@A@A@@@@@@@A@@@@@@@@B@@@@@@@@B@@@@B@@B@@@@BA@@B@@@B@@@@A@@@@BA@@@@@@@@@A@@@@@BB@@@@@@@@B@@B@@BB@@BBB@@@@B@@@@@@A@@B@@@@A@@@@@A@@@AA@@A@@B@@@@@@A@@B@@@@@BA@@@@B@@@@@@@BA@@B@@@B@B@@@@@@@@@B@@@B@@@@@@A@@@@@@@@B@@@@@@B@@@@@@@@B@@@@@BAB@@@@AB@@@@@@@@@@@AA@@@@@@@@@@@A@@B@@@@@@@@AB@@A@A@@B@@@@@B@@@@@@@BA@@@AAA@@@@@AB@@@@@@@BA@@@@@@@A@@@@BA@A@AB@@@@A@@BABA@@B@@@@A@@@@@@@@@AB@@A@@BA@@@@BA@@@@@ABABA@AB@@@@ABA@A@@B@@@@@@A@@B@@@@A@@B@@@B@@@@@B@@@@@@@B@@@B@@@@@@@@A@@B@@@BA@@B@@A@@B@@A@@@@B@@AB@B@@AB@@@BA@@@@B@@@@@@@@@@@@@B@@@B@@@BA@@B@BBB@BA@@B@B@@@@@B@@AB@B@@AB@@@@@@@BB@@B@BA@@B@@BBB@D@D@DBDDBBBB@B@BC@A@A@@B@BBB@B@BA@@BA@A@A@C@A@ABAB@@BBBBBB@B@BA@AB@@@B@BBBXNDBBD@BABCBE@AB@@@@@@BBBBB@DBDBD@BAF@BCBC@A@CBA@ABABABABA@ADABCDCDEBCBA@ABA@AB@D@BABADAFABADABABAB@DEF@D@DADABBB@@@B@B@@A@A@@@AB@BA@@A@AA@@@A@A@AB@@AB@@E@A@AB@B@@AD@BBD@BAB@BAB@BA@A@AAAAA@@BA@A@ABAFAF@D@D@BBB@D@BCDAHGDCDCDABCBE@EBC@CAC@EAE@@ACAEAC@E@CBC@C@CBCDCBADCBCDCBAB@D@B@@@@A@AAA@A@ADABAB@D@D@B@B@@A@@@ABA@@@@BA@CBABA@ABC@@@AAA@A@@@ABBB@DDBBDBF@DADCBCBADCD@DDDBDBBBDBB@D@B@BC@C@@AAACAACCAA@A@CBA@AB@BABA@A@G@ADEDCFCDAFADAD@DBDBBDBDBBBBBAD@BCDCBEBCBCBA@CBAACAACAEAC@CAE@E@IBEBG@A@C@CAAA@AAA@ABCBCFAFAF@BA@@@A@A@A@@@A@@@AB@B@B@BBBABB@ABCBABC@AACAC@A@CBC@C@AAECACCCACAA@EBCBCDCBA@CBCAAAAC@CAC@CCGAC@A@C@CBCDCBCBCBC@CBE@A@GBA@ABCBC@A@CAC@A@E@G@CCAEAICECAAAA@@@CAECACAECEAA@AA@A@C@CAAAACA@@CBA@A@C@AB@AC@E@A@E@AAAAAA@@@AACCAAAAAAC@A@ABCDAD@DA@@BA@AAAAACAAC@C@ABABC@@@CAC@ABAAC@@BCB@DAFBB@D@FDFDD@D@D@D@D@B@DD@B@DAD@D@DABABCBCBAB@B@DFBDBD@DBF@BCDADAFABADABCBC@ABAFBDBFBBBDBD@B@B@BADABBFDB@@@BA@@@A@@BAB@@@@@AAAAA@AAAA@@@ABC@C@A@CB@BABABCD@D@F@DADCBABAD@D@@BD@DBDFDB@DBF@BBBBBB@B@@@BABE@A@ADCDADCD@DADAFBHBBBBBB@B@DCDADABABCBA@C@CAC@A@A@C@CCEEC@A@ABA@AD@B@BAB@B@B@BBB@BA@@BA@A@ABAB@BA@@@@B@@@B@HHDBDBD@FADAD@D@DDBDBB@D@@@@BBBBBBD@B@D@BBD@BBD@B@@@B@@@@B@DAB@@@DAD@DBF@F@FAD@FAFAFADABEDCBABABAFADCHCDAFADAHAD@F@DBDBFBD@FBFDDDFDBBDDDBB@BB@B@D@DAD@DDDBFBDBFBDAD@DADBBDBBDBFBD@D@D@DBBBDF@D@BADADCDEBC@E@CBCDEBADCDABCD@DBD@D@D@DAD@DAF@D@DDDDDFBD@D@DAD@DAB@BBBD@D@F@BBBBDBBB@BBBBB@B@B@@ADEBADEBABA@CA@@A@@@ABE@CBABCBAB@FABA@@BCBADCBABC@@@A@A@ADC@@F@B@B@BBDDDHBBB@FBD@D@BB@D@D@DDBDDBDBD@BCDCBAB@D@D@BBBBBF@B@HAL@L@L@F@F@DBDB@@B@@@BB@B@B@@@BA@@B@B@BBB@B@BBD@B@@BD@B@B@B@B@H@B@B@@@@EB@FBDDDDDDHBFBFBD@FBDDFBD@D@D@BBDBDDAD@BB@BBDB@@D@@@B@BA@AAAAEAE@CBE@C@C@CCAAA@CAA@EBCBCDCBADCF@DADBBBDB@DBB@D@B@D@@@@BABAFOXCDCDEBE@CBCB@@AB@B@BABA@AAA@CACBADADAF@HADADAFAF@@@DDB@BDFDFDDBDBBBADABAB@BD@HBF@DDDBBDBD@F@DAB@D@DBB@D@B@D@@A@C@A@CD@D@FBDDFDBFDFDFFDDDDDFDDBDDFDD@DADCDADADBDDDDDBFDBBDDBBBBDBB@DABCDABEB@@@BABC@A@@DCDEBCBE@ABC@ABCBCDAD@DABADA@G@CAABC@ABAF@F@DBDBFBBDBBDBD@BADBFA@AB@D@DBB@B@B@DBDBBDAD@DBBBB@@@B@B@B@B@@@B@@AB@@@B@@@B@@@BA@@@AB@@@@@@@B@@@B@@@@A@AB@@@@@@@B@@@B@@@@@BA@@@@@A@@@A@@@@@@@@@BB@@@@BB@@@@A@@B@@@@AB@@@B@BA@@@@BB@@B@B@@@@@@AB@@@B@@@@@B@@@@@B@@@B@B@@@@@BB@@@@BBB@@BB@@@@@B@@@B@B@@@@@BB@@B@@@@@B@B@@@B@@@@@@B@@BB@@@@BB@@@@BBB@@@@@B@@@@@@@@@B@@@B@BA@@@@B@@@@@B@@AB@BAB@@AB@B@@@B@@BB@@AB@BAD@@@@@B@B@B@@@B@@@@@@@@@B@@@B@@A@B@@BB@@@B@@BB@@@B@@@@BB@@@B@B@@@@@B@@@B@@@B@@@B@@@@@B@@@@@@A@@B@B@@BB@@@B@@@D@@@@@@@B@@B@@@@@@B@@@@@@@@@@B@@B@@@@BB@@DF@@@D@B@D@B@DABBB@BB@B@B@FAF@D@BAD@BAD@@AD@D@@@@@BBB@BDB@@B@H@F@FAH@DAD@BCBA@C@AAC@CAC@A@A@A@ABA@AB@D@DBB@DBBBB@B@BBB@BBB@D@F@D@ABC@ABCBC@ABCB@@A@AB@@A@@B@BBBBBBB@BBD@B@D@BBBBB@DBBBBFBBDH@@@BABAB@@BB@BBB@@ABABABABCBCBA@@B@B@B@B@@A@@ACA@@A@AAAAAEAE@A@EAEM@A@ABAFAFAF@DBB@BBDDBBB@B@F@FBFBBBDDBDBF@DBDBD@DBBDBD@HAL@NAN@H@H@F@D@BAF@DBB@BAB@@A@A@A@C@A@A@ABABC@@B@D@D@DB@@BB@B@BBB@BBBB@B@B@B@BAD@BAD@BAB@D@B@DBB@DBD@BBDBBBBBBB@@@AB@@AAA@A@@AC@@@A@@BA@@BB@@BDBB@BBBBBB@BBBBBBB@@@B@@ABA@@@A@@@ABABA@ABCBCA@A@CAA@@AB@@AB@DAB@BAB@BA@@DABA@@@AB@@AB@@A@AAAAACGAECGAECG@CAC@CAC@A@@B@H@D@D@D@F@FABAB@DAB@B@D@B@@BD@B@D@B@@@BAA@A@AA@A@A@A@A@AA@E@A@AAA@A@@AAECEA@@CACAE@M@EBABE@CBE@ADCBADCBC@C@CACACAABA@CDGFCHAHADAFAFCFAFABAD@D@BBFD@BBB@BBB@B@B@D@BAB@B@DA@@D@B@BBDBB@@B@BDBDDDDDFBFBDBFBDBFDHBH@DBF@D@FBDBDDDBD@DBJ@J@F@FBFBFBDBDDBBDDBBBDBDBBBBDBD@DBB@BB@D@DADCBEBCBCBED@DADBBDDFBDBFAFAD@FBFBFDDBDBB@DABCBCB@D@DBFDB@FB@@H@B@D@@ABBB@BB@BBB@@@BBB@@BD@BD@BDDBBB@DADABAB@DDDBDBFBBBBBFFHFLBBDBD@BCH@B@@@BD@DB@A@@B@BCD@B@@BBBD@BA@AD@D@@@B@B@B@BAB@@BDBDDDBB@@@@BB@DBB@BBD@DDBBDFDB@FBFB@@BDBBDD@BDDBDBDAF@FADADG@GAG@E@E@EB@@CBCDCDADCHEHADAL@HCHCD@BA@CFABABEB@@@@@@C@@@@@@@@@A@@@@@@@@@@@@@A@@@@@@@@@@@A@@@@@@@@@A@@@@@@@@@A@@@@@@@@@@@@@@@A@@@@@AA@@@@@@A@A@G@E@CAABC@CD@DAJEJAD@@BB@BDDBBBBBDDDBBDBB@D@@@B@@@@B@BAD@B@BBBBBDBNF@@B@BBDBBBBBBD@B@D@D@D@BAD@B@DABAD@BAB@D@BAB@@@AC@C@CAA@@@C@AAA@CB@DAD@L@D@F@DELGV@B@BBBBBBDD@BBD@JAD@BAB@B@@AD@BA@@@@@A@@B@BA@@BAB@B@B@B@BBB@@@B@BBB@@@B@@@B@@@@@B@@BB@B@@@@@BB@@@@B@@@B@@@B@@@@@B@@A@@@@@@@@@B@@B@@BB@@BBD@BB@@BBB@B@B@BB@B@@B@@@BBB@B@BABBB@@BDB@@BB@@B@B@BB@@B@B@B@@B@@B@@BDBB@B@BB@@B@B@@@BAB@BA@A@ADAB@BABA@A@A@EAA@A@@@A@AD@@CB@@A@@@@B@BAB@@@B@@@B@@@@@B@BBB@B@BAB@B@@@BB@@@@BBB@B@@BB@B@@BB@@@@@@@@AB@@@@@B@@@B@@B@@B@@BB@@ABCHCBIJAD@DADBNFFBBF@HBD@BBB@BBB@D@BADAB@D@B@BBDDFFBBJJ@BBBB@B@D@F@DALGNCDAB@@A@AAAAC@A@@BABC@A@A@EAACC@A@AB@HCHA@ABA@@BAB@B@DDDD@@BAB@B@D@B@B@B@B@B@FDHDFFJFFBJJHF@BB@@BB@D@B@D@B@B@D@B@FADBDBBBJJ@@HDDBBBFDBFBB@B@D@@BDBBBBBBDBDBH@H@DABABAB@@AAAAC@@DCFE@ABAB@@CAA@A@G@QBCBG@@BAD@@@B@@K@GBC@ABCBADABA@@D@@B@B@@B@B@@@@A@A@ACEAACC@@@A@CBEBC@@DC@@B@D@BAD@B@B@B@@A@@D@B@DB@BBF@B@F@B@@A@A@@@@@AB@@@B@@BBDDBBBBBBB@@@D@FCFAB@BBDBBBH@D@D@D@BAFABBB@B@B@DABA@CB@B@F@VDBBB@BA@@@A@AB@BK@C@A@A@A@A@@BAB@DANATAPCLABAD@B@B@@BB@@B@D@BBHDDBDB@B@LBF@B@BBBFN\\BF@BA@CBA@@D@DBBB@JDLFB@FDDDHHFHBBB@B@DCDCBABABABABCBA@E@AAEAC@A@ABAB@BAD@FAB@BABABEDIBCB@@AD@H@BAB@DCBCHIDEDCDCHADAHAB@B@B@@@DCBC@AACIYEM@A@@AC@CAA@E@CCC@A@@AAGUGQ@A@C@@@IAI@ECG@C@G@EAGACBA@AB@BAB@FAN@HABAJCDAHE@@BC@@D@D@B@B@D@B@AA@A@C@A@C@C@AA@@A@A@C@A@C@C@A@C@AAC@A@@BA@A@@@AAAACCE@A@AAA@C@AAAAA@@A@AA@@@@@@@A@@AC@@AC@A@AAA@@B@BAB@BAFABAFAFADADADABABCD@BABABABAD@B@B@B@@@@GD@JCB@H@BBD@D@B@DAB@B@B@BABC@ABD@H@FBHBDBF@FBD@DBBDBD@F@DBDBBBBBBD@B@D@D@BDFABABCDAFA@@@BBDBD@F@TCJ@HBHHFFNTBDDJBB@BDBFDF@J@HANAL@v@X@RDDAJB@@DBDBDBBAH@DB@@B@B@DBDD@@@BB@BB@B@BB@DBB@B@@B@@BF@BB@AB@B@@@BB@BB@@@@BB@BB@B@@@BB@B@B@@BBB@BB@@@B@BBBBBDB@@B@@@@@B@@@BDBBB@BBBB@@BB@@BD@@B@BBBB@@BB@B@B@BBBB@@BB@@B@BB@@BB@DBB@B@B@BAFAB@TENAHA@@BABA@AD@FBD@FADADABCB@NCHCDADCBABC@@BGBIBABAD@HBT@FBB@BBBBBBTJJFDBB@J@DA@BB@@D@BJBFBFBB@D@B@BA@ABCBC@AHMBABAB@B@F@B@D@D@BADCB@JCHCBABABA@CCEAEA@A@CA@@@@@GBC@A@AB@D@B@BABAB@B@D@B@DBJ@B@BBBB@D@@BDFDDBFDBBDBBHDJ@D@J@N@BBB@BDHDDHJ@HADAFDFDDN@RCTGLCHGBC@A@AA@@C@AAA@A@@@AAA@@ACAGACAAAEAGAE@ABC@C@ABCBCBGBCBCBCBABA@@BC@ABCBC@CBC@A@AAA@C@A@C@C@A@A@A@A@A@@@@@A@AB@@ABA@A@@B@@A@@BA@A@A@A@AB@@A@A@A@A@ABA@A@A@A@@@ABA@@@ABA@@@A@A@@BA@A@A@A@ABC@A@A@C@A@ABC@C@@@ABC@ABCBCFAFAF@FAFCFABADCDCDABCBCBC@E@E@E@E@A@C@G@E@I@EDE@ADIBADEBA@AACAGAIBI@EAEACAAEECEACAGBIBEFKFIBE@EAE@G@E@EAC@A@@BA@@@@@AB@@@B@@@@AB@B@B@B@B@BA@@@@B@@AB@@@BA@@@@B@@@B@@@B@@@BAB@B@@@B@DA@@B@@@FA@@B@B@B@@A@@B@@@B@BA@@@@BABAB@@CBABC@EBE@E@GACAIAC@EACAAA@C@@AABCACAAC@@AA@@@A@@AA@@@A@AAA@@@@@@@AAAA@@A@@AA@@A@A@@AA@@A@@AA@@@@@AA@@@@A@@A@@AEC@@CA@@CCAA@CAC@A@AA@@@AA@@A@AA@@@@A@@@AAA@AA@@@A@@@C@@@A@A@A@@AA@A@@@A@AB@AA@@@A@A@A@@BA@A@A@@@A@@@C@@@A@A@AB@@C@@@AAA@A@AAA@CAA@A@A@AAA@A@AAA@AAA@ACE@AAA@AAAAA@AA@@AAA@AA@AA@AAA@@B@@A@A@@@A@@@@B@B@@A@@B@BA@@B@B@D@B@DAD@FDBBD@BADAFCFEFCFAFAJEJEDCHEFCFAHAJALCHAJAFAHCLEFCHCJCJCH@HBDBDBF@FAJGFCDAF@F@F@HDJBF@BAFADABAB@@@B@B@BBDBD@@@BB@BA@AB@D@B@B@BD@BBF@DBDBHBDBBB@BBB@B@B@@BB@@B@@@B@D@B@B@B@@BB@@BB@BB@@BBBBB@BB@@B@B@@AB@B@B@@AB@@ABAB@@@BAB@@@@@B@B@D@B@B@BBB@B@B@B@B@@@B@B@@BBB@B@BBB@B@FBB@BBB@B@@B@BB@@B@B@B@BAB@B@DABABABA@@BABA@ADABABABA@AB@BA@A@A@AAA@AA@@A@A@A@@@ABAB@BBB@B@DBD@B@BAB@B@BA@ABA@@BCBAB@@AB@B@@@D@B@B@B@BB@@BBD@BBBBB@BBDBBBB@B@BBB@B@D@B@BAB@BAB@B@BA@AB@@ABA@A@A@A@C@AA@@A@A@A@A@@@ABA@@@A@@BA@@AA@AA@@@AA@AA@AA@AA@CAA@AA@AA@@AAAAAAA@@AAA@AAA@@AAAAAAAAA@AA@AA@AAAA@@AAAA@AA@AA@AA@AAA@AAAB@@A@A@A@A@ABA@A@C@A@C@ABA@C@E@A@EBC@E@C@A@A@CBAA@@ABA@@@ABA@A@A@CB@@A@ABAB@@AAA@AAC@@E@G@IAG@E@E@GAEAKEBA@@@A@@A@A@AA@@A@@A@@@AAABA@@BA@ABABA@A@@@E@A@C@EBE@ADABAB@AA@AAA@AA@@AAA@@AAA@@AAA@AB@@ABA@@@CBCDCBCBA@ADCBAFG@@@CBABA@A@AAA@A@A@AAA@@@A@A@A@AAABA@A@@B@@@@@BA@@B@BA@@B@B@BAB@BA@@BA@@BA@@@A@A@@@A@A@@@A@@BA@A@A@A@ABA@@@CBABA@ABAFCFAB@@C@EACAC@C@ABADA@A@GAE@EAE@AAAEAG@G@G@KAA@@AA@@A@@AA@AA@@A@AAAA@@AAA@A@@A@@A@AAA@AA@@A@AA@@A@A@@@A@A@@@AA@@C@AB@@A@@@A@A@A@@@KBABA@ABA@A@AA@CAAA@A@@BABEBO@E@@@CBCBA@@B@B@D@B@@@B@B@B@BAD@B@B@B@D@B@@@B@BAB@D@@AB@BA@@BA@@BABA@A@@BA@ABC@@BA@A@A@A@A@@@AB@@AB@B@@@B@B@B@B@B@B@B@BBB@B@BBB@B@B@B@BBB@B@BBBB@@BBBBDBB@BBB@B@BA@@BA@@B@BAB@B@DBB@BBB@D@FBB@D@D@B@D@BBB@B@B@B@@BBBBB@BBBB@@BBBBBB@@BB@@BBB@B@B@B@B@@@B@BABAB@BA@@BA@A@C@@ACAA@A@AAA@A@AAA@A@AAA@@BA@@BA@@B@B@B@B@@@F@B@B@BBB@B@BBD@B@BB@@B@BBDB@BBBDBB@@@B@D@B@B@B@BB@BB@@BBB@DBB@@@@BB@@B@@BBB@B@@@BAB@B@B@B@B@BB@@BB@@BBBBBBD@B@DB@@B@BB@@B@@B@@@@@BBBBB@@BB@B@B@B@B@B@BABA@@BA@@@A@@BA@@@@@AD@B@B@B@@@BAB@B@DAD@BABA@ABAB@@AB@BAB@@@@@@E@A@A@A@A@ABABA@@BA@@BA@@@@@A@A@@@@B@@@B@@AB@@@BA@@J@BAB@BA@ABA@ABA@ABA@@@ABA@ABA@A@ABA@ABA@ABA@AB@@ABA@AB@@ABA@ABA@@B@B@@@B@BB@BD@B@BBB@B@D@@BB@@BBD@BBB@@BB@BBBBBBB@BBBDDBD@FAJC@@F@FDFBF@FBDBDDDBD@FAF@D@B@DB@@BB@BBD@BBB@DBB@BBD@BBB@BBB@B@@BB@BB@BABAB@@@BA@@BA@A@@B@BAB@@AB@BAB@@AB@BA@A@@@A@@@A@@@A@@@A@A@@BA@A@A@A@ABA@A@A@@@ABA@A@@BA@ABA@@BA@@BA@@B@DA@@B@B@@AB@B@B@@@BAB@F@B@@ABCFADC@C@C@CA@A@@AA@@AA@@A@@@A@@BA@@BAB@BAB@@AB@B@B@BADAB@BAB@BA@@B@BAB@BAB@BA@@BAB@B@BA@@B@B@B@BA@@@ABA@@@ABABA@@@AB@@A@A@@BA@@@A@AB@DBB@@A@@@@AA@@A@@AA@@AAA@@@A@@@A@@@@AA@@A@AACCAA@A@AAA@@AA@CAA@AB@AA@@@@@@A@@A@@@@AA@@@A@@@@AA@@@@@AA@@@@A@@@@AA@@@@@AA@@@@@@AA@@@@A@AA@@@@A@@@@@@@A@@@A@@@AA@@@@A@@@AA@@A@@@A@@@A@@DA@AB@BAB@B@@AD@BAB@B@BAB@@@B@B@DAB@B@B@D@BA@@BA@@@A@A@@@A@A@A@@@AA@@AAAA@@AA@@AAA@AA@@@@A@@@AA@@A@A@A@@@ABA@A@A@A@@@A@@BA@A@A@@AA@ABAAA@A@A@A@AAC@A@AAA@@@A@@AAA@@@AAA@@@AA@@ACAA@@AA@@@AA@@AA@@AA@@@AA@A@AA@@A@@AA@@@AA@@A@A@@@ABAB@BAB@B@BA@@B@@AB@@AB@@A@AAA@A@AAAAAACAA@@AA@AA@CA@@A@AAA@AAA@AAA@@@A@CAA@A@AAA@@AA@@@AA@@AAA@AAA@AAEG@@CA@A@@ACAAGACAAAAC@CAC@C@@@A@A@@BA@A@@@A@A@ABA@A@ABA@A@AAA@AB@@ABA@@BA@AB@@AB@B@@AB@B@@@BA@@B@@ABA@A@A@C@C@E@C@C@C@CBAAA@ABC@A@A@AB@@AB@@@B@@@B@B@B@@@B@BBB@@BB@B@BAB@B@BAB@@AB@@A@@B@@ABA@@BA@ABA@A@ABC@A@A@@@A@A@AAA@A@@@A@AAA@A@A@A@A@C@A@C@ABA@@@ABABA@@BA@@B@B@BB@@BD@@@B@@BB@B@BB@BDBB@DBB@@@BBB@B@@@B@BBD@B@B@@@BBB@@BBBB@@BBBBD@B@BBD@BBD@@BB@BBD@BBB@B@B@BBB@B@B@@BBB@BB@@B@DB@@B@B@BBB@B@B@@BB@B@BBB@BBB@@BBB@@@B@B@B@B@B@BBB@BA@BB@B@B@BBB@@@B@BBBA@ABA@ABA@AAEBA@AACBA@A@A@AB@@ABA@C@@BA@AB@BABABA@@BA@AB@@A@A@A@A@A@A@ABA@AB@@A@@BABABAB@@AB@B@BA@@@@BA@@BAB@BAB@@@B@BAB@@@B@B@B@B@B@BBB@BBBBB@@BBBB@BBB@BBB@B@DBDBB@BBD@B@BBBBB@B@BB@@@@B@BBB@B@DBDBDB@BDB@@BBB@B@B@@@B@B@B@BAB@DAB@B@BAB@D@B@BAB@B@B@BB@@BBB@B@@@B@B@B@B@B@B@B@@AB@BABAB@BA@@BAB@@ABA@ABA@A@@@AAA@@AA@@A@@AA@@AAA@A@@@A@AAA@A@@@A@@@A@ABA@@@A@@BA@@BAB@BA@@B@B@BAB@B@B@DAB@B@B@BAB@@@BAB@B@BAB@B@B@BAD@@@BAB@B@@AB@B@@AB@BA@@BAB@@AB@B@@AB@B@BA@@B@B@B@BA@BB@BAB@BAB@BA@@B@BA@A@@BA@@@AB@@ABA@AB@@A@@DEBA@@B@B@B@B@@@BBB@B@B@B@B@B@B@D@B@B@BBB@B@BBBBBB@@@BB@BB@DBB@BBB@BBD@BBB@B@@@BBD@@@B@D@B@BAB@B@@@BAB@BAB@B@@@B@B@B@DBB@@BB@BB@@B@@BBBB@BB@BDBBBBBD@BBB@@@B@BB@BB@B@@@BA@@B@BB@@BB@@@B@BAB@@AB@@ABAB@DA@@BBB@@@B@BB@@B@@ABA@A@AB@@AB@@A@A@A@@@A@A@@@A@A@ABAB@@AB@D@B@B@BAB@BA@@B@BAB@B@D@B@B@B@@BBAB@B@BABA@@BABA@@BABA@@BA@ADA@@BA@@BAB@B@@ABAB@BAB@@AB@B@BA@@B@B@B@@@BB@@@B@@BB@B@@BB@B@@@B@B@@@BBB@B@B@@BB@@B@B@@@D@@@B@B@B@BBB@B@@B@@@BBB@@@BBB@@@B@B@B@B@B@BA@@B@B@@@DAB@B@@AB@B@BAB@@AB@BABAB@@A@@BAB@@AB@@A@@B@@ABA@ABAB@BABAB@@@B@@@B@BBB@B@B@@@B@B@BA@@DA@@B@@ABAB@@@B@@@B@@A@@B@B@@BBB@@B@@BB@@@B@BBB@BB@BB@@@B@B@B@BB@D@D@B@B@@@DBB@BBB@BBB@@B@@BD@BB@BBDB@@BB@@BBB@BBB@BBB@BBBBBBB@@BBB@BBB@B@BB@@BAB@@@BAB@@AB@BA@BBB@BBB@@BB@BBB@@BB@@BB@@BB@@BB@@BB@@B@BBDBB@B@BB@@BBB@@@BBB@BB@@BBB@@BB@B@BB@@BB@BB@BB@@BBBBB@@@B@@@B@B@@@B@B@@@B@@@BA@@B@BAB@@@B@BA@@B@@@B@B@@@BBB@@BBB@BB@BB@BBBB@@B@B@@BB@@@BB@@BBB@@B@@B@@B@B@BB@@BAB@@AB@BA@AB@@ABA@CBA@CD@@A@@BA@A@@@ABHDFFBD@DBDDFBDBD@BBDBD@B@@@F@@BB@@@BB@@B@@@B@B@@@@@B@@@BA@@B@B@D@B@@@B@@@B@@BB@@@@B@@@BB@@@@@B@@@B@B@@@BAB@@AB@@AB@@AB@@@BA@@B@B@@@B@@@BBB@B@@@BBB@@D@B@B@@AB@FA@@BAB@B@@@@@@@DH@BBD@H@@AHA@@B@@BB@@BBB@JAD@B@@@FHBFBDA@@@@BA@@BA@@BAB@B@@@BA@@B@BB@@BB@@B@@AB@@@@@@BB@@@@B@HB@@B@@@B@@@@BDB@@@B@@B@@D@B@@BB@@DD@@B@@B@@@@@B@B@B@B@B@B@B@B@B@@B@@@BB@@B@@@B@B@B@BB@@@@B@@@@@@BB@@D@@@@@BB@BBB@B@B@B@B@@@B@BBBB@@@BB@B@@BB@B@B@B@BA@@B@B@BAB@@@B@B@BAB@B@B@@ABA@ABAB@BAB@BBB@@@BB@BBBB@BBDBB@B@BBB@BBB@HDF@DDFBDBDBB@FDB@BBBB@@BBDBD@B@@A@A@A@C@A@AB@@ABA@@BAA@@AA@@@A@ABA@A@A@A@AAAAAA@A@C@AAA@CAA@@@A@A@AACACAC@AA@@A@AB@@A@@@A@A@@AA@@@@@AB@@@@@BB@@@@B@@@B@@@@@@A@@BA@@@A@@@@@@@@A@AAA@@@AA@AAA@@@A@AAA@AAC@A@@BA@A@AAA@A@A@@@AA@@@@A@@@ABC@@@@BAB@@A@@AA@@@@@AA@@A@@@A@CBA@A@A@@BC@A@@@AAA@A@@@AB@@@BA@@@A@C@A@A@A@A@A@@BABABA@@@A@A@@@A@@@A@@A@@@@A@@BA@@B@@@@A@@BA@@@@AA@AA@@A@A@@BA@@@ABA@@@ABA@@@A@AB@@ABA@@BAB@@@B@B@B@B@@@B@@@BABA@@@A@@@A@@A@@@A@@A@@A@B@@A@@BAB@B@@@B@@@B@D@B@B@B@B@BABA@A@A@A@AAA@A@A@C@A@@@AAA@AA@@A@@@A@@@AAA@@CCAAA@AA@@AAAC@ACCCC@@AA@@@A@A@@@AAAA@ACAAAA@@@A@AB@@@@A@@@C@@@ADE@CBA@A@A@@@@B@B@@@B@B@@@BA@@AAA@AAAA@@@A@AB@@A@A@@@A@@B@@@@A@A@@@A@@A@@AA@@A@@@A@@B@BAB@@@B@@@@AB@@@@@@@BAD@D@BADABC@CDCDAFADABCBABA@ECGCE@CBABAHCHADAFBLDFBFDJHHFFLBBD@F@F@DAJEHAD@FADADA@ADB@@BAACEECGGGCG@ABCD@B@D@DBFHDDBB@BBBB@F@BBDBF@VEFAF@JBD@@@@C@EA@K@IACAECMKECCAC@A@AA@@@AB@FCB@@CBAAACGEKECAAEAC@AAA@@@@CBCDCBC@EAEEEMKGIGMCK@GDUBK@EAOECCCC@@EDUBEAGGGEEEI@KCKGGIIECAC@EAI@GBC@CAEMMCI@MCM@MCSAI@GBED@D@F@BDDFDFHDJBHBDBDJDJDLFHBBF@LAFCDCBCFAH@D@BABCBAHEFADABCBC@A@ADADCDABC@C@@A@A@@AA@@A@A@AA@@@@@AC@@@@AAA@@@@A@@@A@@@@@A@@A@@A@AA@AA@@@C@@@@AA@@@A@@A@@AA@@A@@AA@@@A@@@A@@@A@AA@@@@@@AA@CAE@IAK@G@CAIEGEMIIEAAACBEBIBG@AAAA@@A@A@A@AA@C@A@@AAAAAA@G@E@CCCEAI@CBCFGDC@CBG@EDCDEBCACAC@CBEBCBC@CEQ@CDEHGDGBAAGCM@EBKDCDA@A@CAA@C@@D@BBFBF@J@D@BA@AAAGCGACAAC@CDEJGNKHGBCDC@CACIQAG@GFG@ECCCC@AACBABABAB@B@AA@@C@GCGGACAAB@B@B@FBD@DAB@@ACAGGCEAA@ABAH@BA@@@@AA@A@@@AB@B@F@F@B@B@DA@A@A@ABABAHGFEFADAB@BAAIBEBA@ABAAAEG@@B@HALAFCBABCAACEEGIEC@@A@C@CB@D@FBD@F@NDB@DAD@B@BBBBB@@@B@BC@ABAHCB@D@@@BB@BBBLDF@D@HG@I@CBADAD@FABADGBEBAH@FEDAD@LCREHGJKHEBA@AAAAAC@GAGCCAAA@ABCFMFMDGBIBIDI@GDC@EAOEKEMCK@@@A@@@@A@AA@@AA@@A@@C@@AA@@@@@A@@AA@@@@@A@@AA@@@AAA@@@A@@AA@@@A@@AA@@@@@A@@@AB@BA@ABA@A@ABA@A@@BC@AB@@ABA@ABA@@@A@@BABA@@@A@@@AB@AA@@@@@A@AA@@A@@@AA@@A@@@@A@A@A@ABA@A@A@@@A@ABA@A@@@A@A@@@A@EGEEEECCACKAKDGDEBKAIAIEGCECICIGGCIGIEMMIEOKMKKEKIKIMIMGKIEIAG@MDKDO@I@C@IBKAGEGECKAG@GBKAIBIAIACBGCEACCEAE@GBCF@F@F@DEFABG@GBIDIFEHCFCFCDK@KAEEIIGIOMMIGEGIE@IAG@AD@FFNDF@H@DAF@B@B@@B@AB@@E@@BABAB@D@D@@A@AA@@A@A@@@A@A@A@@@A@@@A@@@A@@@@@A@@@AA@@A@@@@@AA@@AA@@@AA@@AAAAA@A@@ACGCACAC@CA@E@@@AAAA@A@@@A@C@AAE@A@ABA@@AAA@CB@@ABEJABA@@AA@@@AA@@@@@@ACCE@@@A@AB@@A@@BABA@@DA@@B@B@@@@@B@B@@@B@@@B@@@B@@@BBB@BB@@B@@BB@@BBBBB@@@B@BB@@B@B@@@@@B@@@B@@BB@@BBD@BBBD@@BBB@B@B@BA@@@CBA@@BA@@B@@@@@BA@A@@@AAA@C@@@A@@@A@@A@@AA@@AA@AA@@@@A@@A@@A@@@A@@@@AA@@@A@@@@@AA@@@@@@A@@A@@A@@A@@@@A@@A@@@@@AA@@A@@@@@AAA@@@@CA@@@@A@@@AAA@@@A@@@AAA@@@A@@@A@AA@@AA@@BA@@@@@@BA@@@@BA@@BA@A@@B@@A@@@A@A@@@AB@@A@@B@@@@@B@@@@@BA@@@@@A@A@@@AA@@@AA@@@@@AA@@AA@@@@@@AAA@@@AA@@@@AA@@A@AA@@C@@A@@A@AAA@A@@@@@AAA@@@A@@@A@A@@BA@@@AB@@AB@B@@A@@BA@A@@@AAA@AA@@A@@@A@@A@@A@AA@@A@@AA@@A@@@@@A@@@A@@B@@A@@@AB@@A@@B@@A@AB@@@@A@@@@@@@AA@@AA@@@AA@@@@A@@AA@@@@@A@@@A@@@A@A@@BA@@@@@A@@@A@@@AB@@A@A@A@CBA@@@@@A@@A@C@G@A@CAA@GGA@A@AA@BC@ABAB@BC@C@A@CAACA@ACAC@E@A@AE@CBGDGBCDAFAFCDA@C@CACACA@CFS@EFIDKDC@A@@AA@C@@BE@A@E@AAA@AA@A@@@@@A@AAAACA@@@@@AA@AG@@@@@CAA@A@AA@AEAA@@@BA@@@@@AB@@@@A@@BA@A@@@@@A@@@@@ABA@A@A@@@@@AB@@A@@@A@@B@@A@@@A@@@@@ABA@@AA@@@@C@A@@@@AA@@A@A@EAECAA@@@@@@@AA@@A@@A@@A@@A@@AA@@@C@@AA@@@A@@AA@@@A@@@A@A@@@A@@@AA@C@AAAA@@@ABAB@B@BADAB@@@@A@@@ABA@@@A@A@@@@@A@@@A@AA@@A@@A@@@@@AA@@@@A@@A@@A@ABA@@@A@@@A@@BA@@@A@@@@@A@A@@@A@@@A@@AA@@@AA@AA@@A@@AA@A@EACCCACCCA@A@A@A@A@A@@@A@ACC@@CAA@C@E@IBA@AA@@@@AA@A@@@AA@@A@@AA@@@A@@@@AAAA@@A@@@@@AAA@A@CAAAA@@@AAA@A@A@AAA@C@AAA@A@@@AA@@A@A@@AA@A@AA@@A@AACA@@CA@@AA@@A@@@@ABC@@AA@@@A@@@@@@@A@@A@A@E@@@AA@@@@@@AA@@@@AA@@BA@@@AB@@@BAB@B@@@B@@AB@D@@@@@B@@@BA@@@@BA@@@AD@D@DBBA@AA@AC@AAACAA@@A@@@A@ABABA@@@AB@@A@@B@@A@@BA@ABADABAB@BAAAACCC@@@A@@@A@A@A@@@A@A@@@A@A@@@A@A@@@@@ABA@A@@@A@@@AA@@@@A@AA@@@A@@@A@A@AA@@AAAA@@A@A@CBCB@@AA@A@@@A@@DA@A@A@AACA@AAA@@@A@@A@@@AA@@A@@@AAA@@@@@A@A@@@A@@@AA@@AAA@@@@@A@@AA@@AA@AA@@@@AA@@@@A@@A@@@@AA@@@@AA@@@@@A@@A@@A@@@AA@@A@@AA@@@A@@@@@AA@@@@A@@@AA@@@@@@@AA@@@@@@A@@A@@@@A@@A@@@@A@A@@@A@@@A@@@A@@BA@@@A@@@A@@@AA@@@@A@@A@@A@@AA@@@A@@@@AA@@A@@@A@@A@@A@@@@@@@A@@AA@@@A@@B@@@@@BA@@B@@@@@BAB@@AB@@A@@B@@@@ABABCBABA@A@A@CA@@@@C@@@A@A@@@AAAAACAC@@AEAA@AAA@A@ABA@ABABA@AA@AAA@A@A@A@CB@@AB@@A@A@A@A@A@AA@@A@@@AAAA@A@@CAAA@@@@C@C@AAA@CA@@AA@@A@C@C@ABE@@BA@@DAD@BABA@C@A@C@CBA@@@AC@@@@@@AA@@@@@AA@@@@@AA@@AA@@AA@@@@A@@A@@A@@AA@A@@AA@@@A@@@@@AA@@A@@@A@@A@@AA@AA@BA@@B@BA@@B@@@B@BA@@B@@@BAB@@@@@DA@@B@@@B@@AB@@@B@@A@@@@@C@ABAB@B@B@@@@@B@@AB@@@@AB@@@@@BA@@@@BA@@@@BA@@B@@@@@BA@@@@B@@@BAB@@@BCBADAB@B@@@DBD@B@AA@AAC@@B@@A@@BA@@B@@@B@@@H@B@BBBB@BDD@@@@@AB@@@@@B@@A@@BABA@@@A@@@@BA@@@@@A@@@A@@BA@@@A@@@A@C@@AACA@@BADA@@BAAA@CDEDEDABA@@B@@C@AB@D@DB@@B@@@BA@@@@B@@@B@@AB@@@@@B@@@@AB@@@@@@A@@@A@@@@@A@@@A@@A@@A@@@A@@@@B@@@@AB@@@B@B@@B@BAHABABBB@@@@B@@AHM@@@@@@@@BFBB@@B@@@@@AC@A@A@C@C@@B@@A@@BA@AB@@A@@@A@@@@@ABA@@@A@G@CAAC@AAAAAA@A@CB@@@B@B@@@B@@@B@@BB@@@B@@@BB@@B@@@B@@@B@@BB@@@B@@BB@@BB@@@@BB@@@BB@@B@@@BB@@BB@@B@@B@@BB@B@@B@@BBB@@BB@@@@BB@@BB@@@@BB@@B@B@B@B@@@@@B@@@B@@@B@@@@@BBDBBBD@@ABABA@@D@BBBB@DADABABABDBDBDBBB@ABABC@C@A@C@AA@AC@AAA@A@A@@@AA@@A@@@@@ABA@@BA@@B@@BB@@@B@@@B@B@@@@@B@BB@@@@B@@@@@B@@@BB@@@@B@@@D@BADBBB@B@BBBD@DBB@A@@AAA@A@@@@B@@BB@@@B@@@B@@BB@@@BB@@B@@@B@@B@@B@@@@@BB@@B@@B@@@B@@@@@B@B@B@B@@@B@@@@AB@@@@@BA@@B@@AB@B@@@B@B@@@@BB@@@BB@@@AB@@@B@@CBCAE@ABAD@FCDBDDBBBB@BA@@FD@@DBBBDADBLDFBFFDFHFHFJFHFHDJFJBPFJFFDBB@D@DBB@@DBBB@@@BAB@BBBDDBBDDDBFBD@B@BABC@CB@@ADAD@B@B@D@@AB@D@B@DBB@B@@@@@BBD@BDBDDBBDBHDD@CBCBEBABBBBHHDDDBB@DBBB@BBBBBLBF@DAHAD@DDFDBBFAD@BBBBDDB@F@N@FAF@FABCDCACA@@CAGCAIAAAAAC@CA@@AACEAC@@CCACAA@@CC@A@A@A@A@CACACACAAAA@ACC@AAE@A@CD@B@DADBB@BBB@DAFAD@D@BAB@B@BAB@B@B@B@BAD@DBB@BBCBAB@DBAD@DBB@BBDBBBB@FAHCB@B@DBB@@@B@@@@A@@@A@A@@@ABAB@BA@@B@D@B@D@B@@@BBBD@BBB@D@B@B@BBB@BFHDHBBBB@@@@BABCBAB@DAH@@@LHJJPRRRLPJLHLDLHLDHHJHDLFHAJCDKBKFIBCHEJCP@VHPHLBN@LBN@J@LDAB@@@@@B@B@@@@@B@@@BA@@B@@@B@@@B@@@B@BB@@BB@@@B@B@B@@@B@@@B@B@D@@@B@@@B@B@@@BB@@@@B@@@B@@@B@@B@@B@@@@@B@@@@@BB@@B@B@@@B@@@@@B@@@B@B@B@@AB@B@@@BAB@@@B@@AB@@@B@@AB@B@@AB@@@B@@@B@B@@@@@B@@@@@B@@BB@@B@@@BBB@@@@@B@B@@@@BB@@@@BB@@@CBAB@DABABC@AAC@ABAH@FBBAB@@BAD@BB@@@@B@@@B@B@@@@@B@@@B@@@B@@@B@@@B@@@@@BBB@@@@@@B@@B@@B@@@B@B@@BB@@@B@B@@@@GAC@ADAD@F@HDB@@@B@@@B@@@B@@@B@@@@ABA@@BA@@@@@A@C@A@@BAFKFKBIFELIHCFAF@JDDHFJHHHDLBLA@G@IAECEAG@A@@@@@@AAECAAEAAAA@@A@ADGBABA@A@@@A@@@@@@E@A@ACACBCBAHD@@F@B@BEACAAEBA@AA@@AA@A@@AA@@@A@A@@BCBA@@B@@@B@@@BAB@@@B@D@D@@@B@BB@@@@B@@@B@B@@@D@@@B@@@B@B@@@B@B@@@@@BA@A@@@A@A@@@A@@AA@@@A@@@@@A@@@A@@@A@@@@AA@@@@@@AA@@A@A@@BA@A@A@@@A@@@@@A@@@@@A@@@@@A@@@@@AA@@A@@A@@@@A@@@GDA@@@@@C@@@I@CA@CBCB@FAF@B@@@B@@@@@B@B@B@@@B@B@@AB@@@BA@@FA@@B@@@BA@@B@@@BAB@@AB@@@BABAB@@AB@@@BA@@B@@AB@@@B@@@B@@@@B@@BB@B@@@@BB@@@BB@@@DB@@B@BB@@@@BB@@@@AB@@AB@@A@@@@@A@@BA@@@A@@@@@AB@@A@@@AB@@A@@B@@A@@B@B@DHNB@@@B@D@@@B@@@B@@@BBB@B@B@@AB@@@B@@A@A@@BA@@@@@A@@B@@@B@@ABA@@F@DBF@FAD@FA@ABCCAC@E@C@E@BEFAJGBAAGACAC@C@CBGBAJGBABC@E@C@A@EDEDCFCDCDCDAFCBC@CEGBEDE@ECECAA@G@CBAA@@CA@C@A@EDEAAACAC@A@@@@@ABBB@@@BAFAB@@AB@BBPHDADGBIBIBIDGBE@CBGCCGCC@EAK@ECCAAEAGBCEEEAGBIB@BABEBEACAOEOIEEIGCAA@E@GAE@AAACCC@AGCCAEA@@AAA@C@A@CBC@IEACACAACAE@EA@A@C@C@ABGBIBAHGDCAC@ACACEECAA@ADAD@H@H@DBFB^}"]],"encodeOffsets":[[[112158,27383]],[[107604,25514]],[[112105,27474]],[[112095,27476]]]}}],"UTF8Encoding":true}