{"type":"FeatureCollection","features":[{"type":"Feature","id":"210000","properties":{"name":"辽宁省","cp":[123.429096,41.796767],"childNum":132},"geometry":{"type":"MultiPolygon","coordinates":[["@@ABABABBB@BFFD@B@D@@@B@@AB@@AAAGGA@A@AA"],["@@EBIBEFADAH@FBFFDBDBFBDDBH@H@F@BBBDABADAD@D@J@BBBD@DCFAD@FBHDBB@DA@CBCB@F@DBBD@D@BCBC@AD@B@BBB@B@DEDCDCD@F@B@BABEBCAG@EBGBGAGCCECIASBK@G@EAEGGIEEGC"],["@@B@@@BA@@@@A@E@@@@@@B@@@@D@"],["@@B@@@@@@A@AA@@A@@A@@@AD@@@@@B@@D@"],["@@A@@@@@@DB@@@BA@A@@@@A@"],["@@@B@@A@BB@@B@@@@A@@@@@@A@@A"],["@@A@@B@@@D@@DB@@@@@@B@@@BA@@@AA@@A@@@@CA@@"],["@@D@@@BA@@B@@@@@A@@@AA@@A@@@@@A@@@A@AB@@BB@@B@"],["@@@@B@@@@@@AA@@@@@@@@@@BA@@@@@@@@@@@B@"],["@@B@@@@@@@@@@@A@@@@@@@@@"],["@@BDB@B@@@B@@@A@@@@A@@@A@AA@A@AAAB@@BB@@"],["@@A@@B@@@@B@@@B@@@@AB@@@@@B@@@@@@@@@@@@@@A@@@@@@@@A@@@@@ABAB@@@A"],["@@@@@@@@B@@@A@@A@@A@@@@@@@@B@@@@B@"],["@@AAA@@@A@@BB@@B@B@@@BABA@@B@@D@BB@@BB@@@B@BB@B@@@@A@@@A@@BA@@@A@@@@B@@AA@@@@AB@B@B@@@@@@AACA@A@A@A@A@"],["@@@@@@@@AB@@@@@@@B@@@@A@@@A@@@AB@@@@@@@B@@@@@@@@AB@BA@@@@B@@@BB@@BB@@@ABAB@BCD@B@BBB@BBBB@@BABAB@B@@@@@@B@B@BAB@HBB@B@@@BA@A@ABA@@@AAA@A@@AAA@AB@AA@@@AG@A@C@ABAB@@ADA@ABAB@@@AA@@@@@@@@@@A@@@A@@@A@@@@@@@@AA@@@@@@@"],["@@@@@@A@@@BB@@@@@@B@@@@@@@@AA@@@@@"],["@@BAB@B@@A@@@@B@B@@@B@@A@C@@A@A@A@@BAA@@@BA@@@@BA@AB@@@B@@A@@@A@@@@BB@B@B@"],["@@@B@@@@@B@@B@@@B@@@@@@@B@@@@@@@@A@@A@@C@@B@@A@@@@B@@@A@@A@@AB@BA@@@A@@@@B"],["@@@@@@@@@B@@@@@@@@@@@@@B@@@@@@@@@@B@@@@A@@@@@A@@@@A@@@"],["@@@@@@A@@@@@@@A@@@@B@@@@A@@B@@B@@@@@B@@BB@@@@A@@@A@@@@B@@@@@@@@@@A@@@@@@@@@@A@"],["@@@B@@@@B@AB@@B@@@@@B@@@@@B@@@@@@AB@A@@@@@AA@@@@@C@@@@@@AB@B@@A@"],["@@@@A@@@@@A@@@@@@@@@@@A@@BAB@B@@B@@@@@@@B@@A@@@@@@@A@@@@@@@@B@BB@@@@@B@@@@@A@@@@@@@AA@@@@@@AB@@@@@B@@@A@@@@@"],["@@A@AB@@ABAL@BB@BD@@B@@@BAA@@@AA@@@@@AB@@@B@BA@@@CB@@@@@B@@A@@@@AAAAA@@@@A@A@@@@"],["@@@@CD@@ABB@@BB@@@B@@@@@BB@@B@@@@@B@@A@@@@@A@@@A@@@A@@C@@@@@@AA@"],["@@@@@@@@@@A@@@@@@@@@@@@@@@@@@@@@B@@@@B@@@@@@@@@@@@@@@@@A@@@@@@@@@@@@@@"],["@@@@@@@@@@@@@@@@@@@@@@@@B@@@@@@@@@@@@@@A@@@@@@@@@@@@@@@@@@@@@@@@A@@@@@@@@@@@@@@@@@@B@@"],["@@@@@@@@@@@@A@@B@@A@@@@@@@BBA@@@@@@@@@@@@@@BA@@@@@@@@B@@B@@@@@B@@AB@BAB@@A@@@@@@A@@@@A@@@@@@@@A@@@@@"],["@@A@@BA@@@A@A@@@CB@@A@A@A@@@@@@B@@D@B@B@B@@@JC@@@@@@@@AA@@"],["@@EBAB@@B@@B@@B@@@@A@@@@@@B@@@@@@@B@@@@@@A@A@@@@"],["@@A@A@CBAB@@@B@@B@B@D@FAB@@@@A@@@@@@B@@@@@@@B@AA@@@@G@"],["@@A@@@ABA@@@A@@@A@CB@@@@@BB@@@@@B@BABAB@@B@@B@@@BAB@@AA@@@"],["@@A@EBQDEDABAD@BBBJBFBDBB@BD@@D@D@FAD@FBBAD@DABC@A@AA@A@CBA@AA@ABC@AAAGEA@CA"],["@@AB@@@@BBB@DBDBBBBBB@@@@BBBFBDBBBBBB@B@@@B@@A@@B@B@B@B@B@B@BA@@B@@AB@A@@@@@A@@A@@@A@@B@@AB@@A@@B@@A@@B@@@B@@@@AB@@@@A@@A@@@@AA@A@@@@@@@AA@@@@@@@@A@@@A@@B@@AB@@A@A@A@@A@@@@AA@@@@A@A@A@@@A@@@AA@@A@@@A@@@@@@AB@@@@A@@@A@@AA@@@@@@A@@B@@A@@@@@@B@@@B@B@BA@@BA@A@@@@@A@@@@@A@@B@@A@@A@@AA@@@@@AA@A@@@@@AB@@@@@@A@A@@@"],["@@E@A@AB@BABA@ABA@@@AB@@@BB@DB@@B@@BB@@@BAB@B@@@BB@D@BABAB@B@@BB@@DA@BB@@@@BABBB@BB@@@BABA@CB@@AD@B@BB@B@@@BA@A@@B@BB@B@@B@@B@@B@@@@DABABABA@A@@A@@A@@BA@@B@@A@AA@BA@A@@AACCCAC@CAAAA@A@A@A@A@A@@AB@@A@@BAAA@@A@"],["@@@@@@B@@B@@@A@@B@@@@@@@@@@@@@A@@@@@@@@A@@@@@@@@@@@@A@@@@@@@@B@@@@"],["@@@BB@@@@@B@@@@@B@@AA@@@@@@@@@A@@A@@@@@A@@A@@B@@@@A@B@@@@B"],["@@AA@B@@@@@@B@@@@B@@@@B@@A@@@@@@@@A@@@@@"],["@@@@@@B@@AA@@@@@@B"],["@@@@B@@@@BB@@@@@@@@@@@@@@@@A@@@@@@@@@@@@@@@@A@@@@@@@@A@@@@@@@@A@@@@B"],["@@@@A@@@A@@@@BB@@@B@@@B@@@@@@@@@AA@@"],["@@@@ABCB@B@B@@ABA@ABA@@@@B@@@@@B@@@BB@BB@BB@D@B@@AB@BBB@B@BB@B@BB@BBB@B@BABA@ABA@CA@@A@B@@A@@@A@A@@@@AA@A@@AA@AA@CAC@A@AA@A@"],["@@C@A@CBCD@B@B@B@BCBCBCBCDEFA@CBA@@@A@@@@@CBA@AA@@AAA@@@GF@@@@BBB@B@D@B@DA@@DBB@B@B@B@B@BBB@BA@@BA@CBCBADADADAD@D@DABABCBABA@A@@BA@@@A@@A@CAC@"],["@@@AB@@A@@@@B@@@@A@@A@@@AB@@A@@BA@@@A@@@@@A@A@@A@@@@@@B@@@@AA@@@@@@BA@@BA@@@@@@@@@A@@@@B@@@@@B@@@@@@@@B@@BB@@@B@@@B@BBB@@@@@@@@@BB@@B@@@B@@@@@@@@@B@@@B@@B@@B@@@@@B@@@@@@@@@@@@@@@@@@@@A@@@@@@@@A@@@@@@@AA@A@@A@@@@@@@@@@@@AA@@@AA@@@@@@@@@@"],["@@@@AB@@@B@@@B@@A@A@@@A@@BA@@@BB@@B@@@@@B@@@@@B@@@@@@@B@@A@@B@B@@ABA@@@A@@A@A@@@@A@@A@@@"],["@@B@@@@B@@@@@@B@@AA@@@@A@@@@@@@@@@@@@@A@@@@@@B@@@@@@@@@@@@"],["@@B@@@@@@A@@@@@@A@A@@@@B@@B@@@"],["@@@@@AB@@AA@@@@@A@@@@@A@@@@@A@@BA@@@@@A@@@A@@@@@@@A@@@@@@@@B@@A@@@A@@@A@@@@BA@@@@@@@@BA@@@@@A@@@@@@@@@A@@B@@@AA@@@@@A@@@@B@@@AA@A@AB@@A@@@A@@@@@@@@@@@A@@@@@@@@@A@@@@B@@@@@@@@@B@@@@@@B@@@@@@@@B@@BA@@@@@B@@@@B@@@@@@A@@B@@B@@B@@@@@@@@@A@@@@B@@B@@@@@@@B@@@@@@@@@B@@@@@@@@@@@@@B@@@@@@@B@@B@@B@@@@@@AB@@@@@@@@AB@@@@@@@@@@A@@@@BB@@@@B@@A@@@@@@A@B@@A@@@@@@BA@@@@@@B@@@@@@@@A@@@@B@@A@@@@@@@@@@@@@@@@@@B@@@B@@@@@B@@@@@@@@@@@@A@@BB@@@@BA@@B@@@"],["@@BBB@@@BA@@@@@@@A@@B@@B@@@@@A@@@@B@@@BA@@@@@@@AA@AAA@@@@@@B@@A@A@@@@@@BA@@@@@@@@B@@@B@@@@"],["@@@@@@@B@@@@B@B@@@B@B@@@@@B@@@@@B@@A@@A@@@@@@@@@AA@@@@@@@@@@A@@@@@@@@@@@@@@@@@A@@@@@@@@@A@@B@@A@"],["@@MBKLGLAL@HJTDN@FCFIFCFAHDPBFF@J@LANCNCH@DBBFAFEFCD@F@DF@JAJCHE@E@CEE@EBEHANCHEFGFK@KAIGKGGOEMGYYECM@"],["@@C@ABCB@BABBDBDBBDBD@BBDBBBD@BAB@DCBAB@B@B@@C@A@CAAAAC@C@@@@BABA@A@AAAAECA@"],["@@@@@@B@@@@A@@@@@@@A@@@A@@B@@AB@@@B@@A@@@@@AA@@@@A@@A@CA@BA@@@@B@B@@@@B@@@@B@@AB@@AB@@@@BB@BB@"],["@@A@@@@@@@@@@B@@A@@A@@@@@@@@AA@@@BA@B@@@@B@@@@@@@@BB@@@@@@B@@@BA@@@@@BB@@@@@@A@@@@@AA@"],["@@BBB@@@@@B@B@@@@@B@@@@@B@B@B@@@B@B@@@@@@A@@@A@@@@@@@@A@BA@@@@A@@A@@A@@A@@A@@@@@@@@@@@@@@@A@@@@A@@A@@@@@@B@@@@A@AB@@A@A@A@AB@@@@@@@B@@@@A@@@@B@@@@@@B@B@@@"],["@@@B@@@B@BAF@B@@A@A@@B@@@@@B@@B@B@B@BB@AB@B@B@@@@@@@BBB@@@@@@@@B@B@B@@AB@@A@EB@@A@A@@@A@@B@@@@BBB@B@DB@@@B@BA@@BA@@@@@@B@@DB@@@@B@B@BA@@BB@@B@JA@@B@@A@@@@@@@A@@A@@@@A@@@@@@@A@@@@AA@AAACCA@@A@A@@@A@@@A@@B@BA@@@@@AB@@CB@@AB@@ABAB@BA@A@@A@@AA@A@@@AAAAAA@A@@@@A@@A@@@@@A@@@@@@A@@@@AA@@AA@@@@@AAA@@@@@AB@@A@@B@@@@BB@@@@AB@@A@C@A@@@@BA@@@B@@@BB@@@@@@@B@@A@ABA@@@@B@@@@D@BBB@"],["@@B@@@@@@@@@B@@@@AB@@@B@@@@@@@@A@@@@A@A@A@A@CB@@@@@@BB@@B@"],["@@B@@BB@@@@@@A@@@@@@@AA@A@@@A@A@@BAB@@@@@BB@@@@@BA@@@AB@@@@@"],["@@B@@@@A@@@@@@@@B@@A@@A@@@@A@A@@@@@@A@A@@@@@@@AFB@@@BB@@"],["@@@@@@@@@B@@BBB@@@@BB@@@@@BAB@@A@@@A@@A@@@A@@@A@@@@@A@A@"],["@@B@B@B@@@@A@@@@@@AACAA@@@@@AB@BB@BB"],["@@BD@@@BB@B@@A@AB@@A@@B@@@@A@@@@@A@@A@@AA@@@A@@BA@@@A@@@@@@B@@@B"],["@@B@@ABA@@@@@A@@AAAA@AA@@B@@@@@@@B@@@@@B@@B@@@A@@B@@@@@@@@@B@B@@@@B@@@"],["@@A@@@@B@@B@@@@B@@B@@@B@@@BA@@@A@@A@@AA@@@A@@@A@@@@B@@B@"],["@@@BB@@@B@@@B@@@BA@@@AA@@@A@@@@@@B@@A@@@A@@@@@@@"],["@@@B@BB@B@BABABAB@BA@@@@@@A@@A@@AA@@AAAB@@ABB@@B@B@@AB@@@@CA@@@B@@"],["@@B@@@B@@@@@@@@@AA@A@A@A@@@A@@AA@@@@@A@@A@@B@@A@@AA@@@@@ABB@@BA@@B@@@@B@@BA@@@@@@BB@@@B@@BB@@@@BB@"],["@@@@B@B@@@B@@@@@@@BB@@@A@@B@@A@@AAC@@@@AA@@@AB@@A@@B@@BB"],["@@@BB@@BB@BABBBA@@BAB@B@@@@A@@A@@A@@@A@@@@@A@@A@EBCB@BA@@B"],["@@B@DB@AB@@@@@@A@AA@BA@AA@@A@@A@AB@BAB@@@B@B"],["@@@@@AA@@@A@A@A@@@@B@@@@B@@BB@B@@AB@@@"],["@@@@@@B@@AB@@@B@@A@@A@@ABA@@@@@@@@A@A@@@@@@BA@@B@@@B@@@B"],["@@@BBJBDBBBB@@@@B@@@B@BA@A@@BA@GAA@CAAA@CAC@AB@B"],["@@@A@@C@C@ABB@BBDAB@"],["@@@@@BDB@@B@BEA@@AED"],["@@DBDBB@B@DABAD@BABA@@AAABE@C@C@CAAAC@A@A@AB@BA@ABB@@@@@B@HB"],["@@@AAACAA@A@G@ABAB@B@D@D@HB@D@B@B@DADEDA@C@A"],["@@@CACE@C@ADAL@@DBBAD@B@B@BC@C"],["@@@@@@A@@@@@@@@@AB@@B@@@@@@@@@@@@@@@@@B@@A@@@@"],["@@@@@@@@A@@@@@@@@B@@B@@@@@@@@@@A@@B@@@A@@@"],["@@BFDDBBBBB@@A@@@A@E@AAAAAAAC@ECABB@BDBB"],["@@@@@@B@@@@A@@@@@A@@A@@@@@@@@A@@@@@@@A@@@@@@A@@A@@@@@A@A@A@@@@BA@@@@B@@@@ABA@@B@@@B@@A@@@@B@@BB@@A@@@@@ABCA@B@@A@@BA@ABABA@A@@@AB@@A@@@@@AA@@@@A@@AA@@@@@@@A@@@@B@@@@ABA@@@A@@@@@@B@@@@@@B@@B@@@@A@@@@@@B@@@B@@A@@@A@@@@@@@A@@@@@A@@@@@@@A@@B@BBB@@@B@@@@A@@@@@A@@A@@@@@AB@AA@A@@@@A@@@@@@@AA@@@@@AB@A@@A@@@@B@@@@@@@BA@@@A@@@A@@@@@A@@@@@A@@@@@A@@@@@@AAB@@@@@@@@@@@@@B@@@@@@@@@@@@AB@@@@A@@@@B@@@@A@@@@@A@@@@B@@A@@@@BA@A@@@A@AA@@@@@@@A@@@A@@@@@@@@@@@@@@A@@@@@A@@@@B@@@@A@@@@@A@@BA@@@@@@@@@@@B@@@B@@@@@@B@@B@@B@@@@@@B@B@@B@@@@@@B@@@@B@B@BAB@@CBCB@@A@@@A@@A@@@@A@@@@@@@@AAB@@@@@@@@@@@@@@@@A@@@@A@@@BA@@A@@@@@@AB@@@@@@@@@@@@A@@@A@A@AA@@CA@@AA@@@A@@@@@A@@@@@@BA@@@@@@B@@@@@B@@@@@@@@@A@@A@@@@BA@@@@@AA@@@@@@AB@@@@@@@B@@@@@B@@AA@@@@@@@@@A@@A@@@@@@@@@A@@@@@@@@@AA@AB@@@A@@@@@@@@AA@@@@A@@@@@@@@A@@@@BAB@@@@@@AA@@A@@@@B@@A@@@@@AA@A@@@A@A@@A@@@AA@A@@@A@@@BA@@A@@AA@C@@A@@@@@@A@@@@@@@@@@@@@@BA@@@@@@@A@@@@@A@@@@A@@@@B@@@@A@@A@@@@@@@@AA@@A@@AA@@@@@@A@@@@@@AA@@@@@A@@@@@@@A@@@AB@@@@AA@@@@@@@@@AA@AB@@@@@@@@@@@B@@A@A@@@A@@@A@@BA@@B@@@@AB@@@@@@BB@@@@@@A@@@@@@@@B@@@@AB@@@@A@@@A@@B@B@@@@B@@@A@@B@@A@@@@B@@AB@@@@@BA@@@ABABA@ABA@@@C@A@A@@@@B@@@@BB@@A@@B@B@@@@BB@@@D@BA@AB@BA@BB@BB@B@B@@@BB@B@BAD@BABABADAB@@ABA@@BB@@@B@D@B@B@F@B@D@D@FBD@B@DBBBBB@@@B@@@@BB@@@B@@@BB@@@BBB@B@B@B@@@BBBB@@B@@BA@@BAD@@@@AB@@@@A@@BA@@B@@@@@BB@@@BBB@BA@@B@BB@@B@@AB@B@B@B@B@@@B@BA@@B@BBB@B@@AB@BBD@B@D@DBB@D@B@DBB@DBB@@B@@@@@B@BA@@B@@@B@@B@@@B@@@B@B@B@BBD@@@BB@@D@B@B@BBB@@@BB@@@@D@BB@@B@@B@B@@@@B@@A@@@@B@@@B@@@@@@B@B@@B@@@B@@@BA@@@@B@@@B@@@B@@@@@@@B@@@@@@@@@AA@@@ABAA@@@@@@AA@@@@@A@@@@@AA@@@@@@@B@@A@@@AA@@@@@@@A@@@@@@@A@@@@@@A@@@@@@@@@@@A@@@@@A@@@@@A@A@@@A@@@@@A@@@@B@@@@@@@BA@@@A@A@@@@@AA@@@@A@@A@@@@@A@@A@@@@A@@A@@AA@@A@@@@BA@@A@@A@@@@@@BAB@@@@@@@@@@AA@@@A@@@A@@@@@@AAB@@@@@@A@@A@@AA@A@@@A@A@@@@@@"],["@@FABC@KBC@A@@A@CDAHADAD@BB@@B"],["@@@@B@D@@@@@@AAAA@A@@@@B@B"],["@@C@E@@BABBDHLDBHDCHBBVFNAFBDALCBAHEBCDE@AAEA@CAC@A@EBC@U@OCE@CCEAC@"],["@@A@@@AB@@@B@@@@B@@@D@@@B@@@@A@@@@@A@@A@@@@@A@"],["@@@@B@@@@AA@@@@@@AAB@@@@@@@BB@@@"],["@@B@@@@A@@A@@@A@@BA@@@@B@@@@B@@@BA@@@@"],["@@A@@B@@B@@B@@B@BA@@B@@A@@A@@@A@A@"],["@@@@B@@@B@@@@@@A@@A@@A@@@@AB@@AB@@@@B@@@"],["@@@@B@BA@A@@BA@@@A@@C@A@AB@B@@BB@B"],["@@K@CBA@AD@DAFCBE@@A@CAAA@A@KLADADAB@BC@CBAB@B@BBB@B@BA@@BB@BD@@AD@BC@BBD@FADAFAFAFAD@DAD@JAJBF@DARGDCDCBAAAA@A@IBE@E@EAAA@E@CBEBA@C@AAAA@"],["@@B@@A@A@@ABA@AB@@@BB@BA"],["@@B@@@@@@A@@@@@AA@@@AB@@@B@@B@"],["@@B@@@@A@@B@@@B@@@BAB@@@@@AA@@AA@@@@BA@@@@@@AAC@@@@BB@@@@BA@A@A@@@A@@BB@@B@@A@@@@B@@BBB@"],["@@J@FABAJAFBHBN@H@FC@AAAAAA@A@@@@A@ACAA@GDE@A@G@CCA@A@AAAA@AAAI@A@CFC@@BBB@BB@ABAAA@A@@A@A@@C@@@A@@BCJBBB@FBDBB@"],["@@A@ABAA@B@@@B@@@@BBDBB@B@@AB@@AAA@@AAA@"],["@@E@A@@@@BB@AB@@A@@BBB@BBBBBB@@A@@B@@@BABABA@AAACA"],["@@@B@@A@@@A@BDB@@BB@B@BA@@@@@AA@@AA@@AA@"],["@@@A@AA@A@AACA@@AB@@BBBB@BB@DBB@@A@@"],["@@@@@@@BA@@@AA@@AB@@@@A@@@@@@@A@@@@B@@@@@BA@@@@@@@@B@@A@@@A@@A@@AA@@@@@@A@@@AB@@@@B@@@@B@@@@BB@@@@@@@BA@@@@@A@A@@@@B@B@BBBBB@@B@@BBAB@@@BBB@@B@@BB@@AB@@@B@@B@B@B@BA@@BAB@BBB@D@DBBBB@B@B@B@@@B@B@@@BB@AB@BAB@@@BA@@BB@B@@D@@@D@B@@@BA@@D@@@B@D@B@BAD@B@@@@BH@@D@@D@D@B@@@@AB@BAB@D@B@B@DBB@@@@@@B@@@@BBBBB@B@F@B@@@@@DAD@B@B@DBB@@BB@B@@AD@D@BBB@D@B@@@@AAA@A@@@AB@D@@@@B@@DBBBBBD@DB@@B@@AB@@@@@DB@@DAB@BDB@B@BA@C@CDA@EFEFADAB@BA@@BAACAAA@C@A@E@@A@ACAA@A@A@@@AAB@@A@@AAA@@B@@@BC@@@A@@@@@@@@A@@@A@@@A@@@AA@@@A@@@A@@B@@@D@@ABA@@@A@@@A@@@A@@@@AA@@@A@@A@@@@@A@@@AB@BA@@@AB@@A@@@@@A@@@AA@AAA@A@@@@A@@@@@@AA@@@@A@@@@@A@@BA@@@@@A@@@@BA@@@@@A@A@@@A@@BA@@@A@@@AA@@@@A@@@@@A@@A@@A@@AA@@@A@@A@@B@@@@@@A@@@@@@@A@@@@@@@@BAA@@@@@@@A@@B@@@@@BA@@@@@@@@@@A@@A@@@C@@@@@@@@A@@@A@@BA@@@@@@AAA@A@@@A@@@AB@@@@A@@A@@@@@@@A@@A@@@A@@@@@A@@@@@@@A@@@@A@@@@@@A@@@@A@@@@@@A@@@@@@@@A@@@@@@@A@@@@@@@@@@@A@@@@AA@@@@@@A@@@@@@D@BB@@@A@B@@BBB@@@@@B@@@@@B@@@BB@@@@B@@@@@@A@A@@@@@AB@B@@@@@BB@B@@@B@@@B@@B@@@B@@@@B@@@@@@BB@@@B@@B@@@DB@@@@@@A@@BB@@@BB@@B@@AB@@ABB@@@@@BBB@@@@@@@B@@@@B@BB@BB@@B@@@B@@@@@B@@B@@@BAB@BABABABA@@@A@A@@BA@@@AA@@@A@@@@A@AAA@@BA@@@@B@@B@@B@@A@@@A@A@@@@@@@@A@@@@@A@@A@@@@@@@@@A@@@A@@@@@@@BB@@@@@BA@@BA@A@A@A@A@@@@@AA@@@@@@A@A@@@@A@@A@@@A@A@@A@@@@@@@@DC@@@A@@@@A@@@@@A@A@AA@@A@@@@B@@@@B@@B@@@BAB@@@@AB@@A@@@A@@@@@@BA@AB@@A@A@A@@@@@A@@A@@A@@@AAA@@@A@@AA@@@@A@@B@A@@@@@A@@@@@A@@BA@@B@@@B@@A@@@A@A@@@@@@AA@@@@BA@@@@@@@@@A@@@A@@@@@@A@@@@@@A@A@A@@@@@AA@@@@@A@@@@@A@@@@A@A@@@@A@@@@BA@@@A@@@@AA@@A@@@AB@@@@A@@B@@@@@B@@@@A@A@@@@@@@@A@@@A@@@@@A@@@@@@@A@@A@@B@@A@A@"],["@@@A@@AA@@@@A@@@AB@@A@@A@@A@@B@@@B@ABB@@@@@@@@B@@@B@@@B@@@@@B@"],["@@@@@@AB@@@BA@@BC@AA@@A@AAC@A@@@AB@@@DA@CBIDABAB@D@BBBDDB@FBB@BDB@D@B@FABCL@BBD@D@JABCDAF@H@LBLDD@BAB@@AAI@A@ACAA@E@AAA@ACA@CAC@C@A@AAA@A@A@CDA@@@AAA@A@A@A@A@@@@@AAA@A@A@E@"],["@@B@@@@@@@@@B@@@@@B@@@@@B@@@@@@@@@BAB@D@@@BE@A@A@C@@E@@@@DAFABAB@@@@AA@@@@A@@@@@@@A@@@@@@@@B@@@@@@A@@@@@@B@@@@@@@@B@@@@@@@@@@@"],["@@@@A@@B@@@@@@@BB@@@@@@@@BB@@@@A@A@@@@AA@@@@"],["@@@@@B@@@@@@B@@@@@@@@@@@@A@@@@@@@@@A@@@@A@@@@@@@@B@@@@"],["@@@@B@@@@@@@@@@@B@@@@@@@@@@@@@@@@@@@A@@A@@@@@@@@@@A@@@@@@@@B@@@@"],["@@BA@@B@@AB@D@DABBD@@@B@AB@@@@B@@BB@@A@@@@A@BA@@@@@@@@B@@@BA@@@AB@@@@A@@B@@A@@BAB@B@B@@@B@DAB@BB@@@@@@B@@@@@B@@@@AB@A@@@@A@@@@@@BAB@@@B@@@@@@A@@@@@@BAB@D@@@@A@@@@@AA@@@@@ABA@@AC@GAAAA@@AAB@@@@A@@BB@@@@B@@ABA@@BA@A@A@@@@@@B@@A@@@ABA@ABCB@B@B@@A@A@C@@@A@@B@@@@@B@@A@A@E@@@C@C@A@@@@@@@@B@@@@B@@B@@@@@@BB@@B@@BB@"],["@@B@@A@A@@AA@A@@A@@BA@@@@@@A@@A@@@@@@B@B@B@@@@BB@@BBB@@A"],["@@B@@@@@@A@@@@@@B@@@@A@@@@@@A@@@@@@@@@@B@@@@@@A@@@@B@@@@@@"],["@@@@B@@@B@@@@@B@@@BBBA@@@@@B@@B@@B@@@@@A@@B@@A@@@A@@@@@A@@@@@AAACA@@AA@A@@CAAAAA@@A@A@@@A@@B@@@@@@DD@@@@AB@@A@@BA@A@@@A@@@A@AB@@@@@B@@@@@@A@A@@@AB@@@@@@@BBB@B@@@BA@@@@@A@@@@@@B@@@@@BB@@@@AD@D@@@B@BA@@BA@@B@@@B@@B@@BAB@BA"],["@@B@B@FAF@B@BADKACAAGIGCABEDA@A@CCIGA@UBAB@BH^@BDBD@F@DADAB@B@NF"],["@@A@C@@@@B@B@BB@DAB@B@BBB@@@FAB@BA@@@AC@EBCAC@@@"],["@@@@BA@@@@@A@@@A@@@@@A@@@@A@@@A@@@@B@@@@@@BBAB@@BB@@"],["@@@B@@B@@@B@DABA@@B@B@DADCFGBC@C@@AAA@A@A@@@AAAB@@C@@@@A@@E@AA@@@A@@A@A@A@@ACAA@ABC@ABABCB@@ABBBB@@B@BB@B@@@@D@@AB@@@B@@B@B@B@BAB@D@@@B@@@@B@@@BB@@@B@@@@B@@@BA@@BAB@B"],["@@@@BA@@B@B@B@@@@@B@B@@AB@BB@@@@@BB@@@BA@@@ADCB@B@D@DC@A@@@@CAAAA@ABA@AA@@AAA@A@ADA@ABE@ABAF@BC@@@@B@BB@B@"],["@@B@@@@AAA@@@@B@@@B@@A@@@@@AB@@@B@@A@@BAB@@@@@DBB@@@@@BAB@@AA@@@A@@@A@B@AAA@@ABAB@@C@@AA@@@AA@CBCB@B@B@B@@A@A@C@@@C@A@CD@BABA@@@@D@B@BB@@BB@B@B@B@@@@BB@B@BA"],["@@B@BB@@@@B@@@@@A@@A@@B@@@@@@AA@@@A@@@AB@@"],["@@B@B@@AA@@@@A@@A@@@AB@@A@@@@BA@@BB@B@@@BA@@"],["@@FBNEJG@ABEAACEC@GBIFCH@DABBF"],["@@B@@@@@B@@@@@@@BAA@@@@@@AB@@@@A@@@@@@@@A@@@A@@@@@ABAB@@@@@B@AB@@B@@"],["@@A@@@@@@@@@@@@B@@B@@@@@@@BB@@@A@@@@@@@@@A@@@@@@A@@@@@@@@@"],["@@AAABAB@@@B@@BB@AB@B@BB@@BAB@BA@@B@@@@A@@@@A@A@@@AA@@A@@@AB@@"],["@@A@A@AA@@AB@@@B@@@@A@@@@@@@@BB@@@@@@B@@@@@@@B@@B@@BB@B@@B@@@BB@BA@@@AB@@AAA@@AA@@@@@A@@BA@@AA@@@B"],["@@@@B@@@@A@@B@@@AA@@AB@@@B@@"],["@@A@ABABABA@A@AACACAABA@CBC@AB@BBB@BDBFDHBF@H@B@@A@@@AAC@ABABA@AB@@AAA@@A@"],["@@B@DADA@EBAB@B@B@BABCBABABC@ASSEI@CCAA@@AA@@@@@@BCAAABAACAAC@ABA@@A@AA@AACACA@C@A@AAAA@E@@@ACAAECA@A@ABAB@@@BABA@A@AAC@A@@@@CA@@AA@@BEBCBABC@C@A@AD@BBB@D@D@FA@CBAB@B@BBD@DABEBE@KDE@C@AACAA@C@C@@B@B@BDDAB@BHNJL@DDFB@DABBDDBDCFBBNHADHDDDJ@BGDEDALCPAD@FFD@F@DABCFCJADAFA"],["@@AIAAA@ABABA@E@A@ABAB@BBB@@@BA@A@ABABBD@BAB@BCB@BABABA@CBA@ADBB@BDADAF@B@DCBCB@B@B@BB@BBBB@@@B@BEB@B@B@@AB@B@@BBB@@F@DA@C@A@C@@A@A@@A@A@A@AA@ABA@A@@AAC"],["@@C@C@CB@@@B@@A@@B@@BB@@D@B@B@BBB@D@BABAB@F@@@B@@A@@A@G@@@@@@A@AA@@AA@@@CB"],["@@@@@@@@B@@@@@B@@@@@@AA@@@@@AB"],["@@C@@@A@A@@@A@@@A@A@CBA@C@A@A@@@AB@@ABA@A@@BA@@BA@ABA@@@A@A@A@ABC@AB@@ABABABA@@BA@A@C@@@A@ABA@@@@B@@A@A@@@ABA@C@@AE@C@A@ABA@A@ABC@@BA@@@A@ABABCBABABA@A@@BA@AD@@AB@B@@A@@@@@@@@B@@@@B@@@B@@@@@A@@A@@B@@@@@B@@@@@@@@@@@@@@@@@@@B@@@B@@@@B@@@@@@A@@@@@@BA@@@@@@@B@@@@@@@@@@@B@@A@@@@@@B@@@@@@@B@@@B@@@@@@A@@@@@@@@BA@@B@@BB@@@@@B@@@BB@@@@B@B@@@@A@@@@@AB@@@@@B@DB@@@@B@@B@@@@A@@@@@@B@@@@@@@B@@B@B@@@@@B@@@B@@@@@@B@@@B@@@@@@B@@@@A@@B@@@B@@AB@@@@@@@@A@@@@A@@@@@BA@@@@BA@@@@@AA@B@@@BA@@B@B@@@B@B@@@@B@@@@@@DB@BA@@@@@@@@B@@@@@@@@@@@@@B@@B@@@B@@A@@B@B@B@@@B@@B@BB@@@B@@@@@BB@B@@@@A@@@@B@@@@@@B@@@@@@@A@@@@BB@@@B@@@@@@@B@@@@@@@@@@A@@B@@@@@B@@AB@@@@B@@B@@@@A@@@@@@@@@AB@B@@A@@@@@@@@@@A@@@@A@@@A@@@@@@@AB@@@BA@@B@@@@@B@B@@@@A@@@@@@AAA@@@A@@@@C@@@AB@@@@@BA@@@@@A@@@@@@@@BA@@A@@@@@@A@@@@A@@@BA@A@@@@B@@A@@BABA@@@@B@B@B@@B@BAB@@@B@BBB@BBBB@@BB@DB@@B@@BA@@@@@@@A@@BB@@B@B@@@@BA@@B@@@@@@@@ABA@@@@@AB@@AB@@@BA@@@A@@@@BAB@@AB@@AB@@@B@@@@AB@A@@@BA@AB@BA@@@@@@@A@@@@BAB@BA@@BAB@B@B@B@B@BAB@BAB@B@@@@@B@@@BAB@BA@@D@B@BAD@F@DBB@F@D@B@DB@@@@@BL@@@@@BAB@NBB@@B@@D@@@@B@@BB@@B@@BBB@B@@@@@@AB@@@@B@@B@@@@B@@A@@B@@@B@@@B@@@@B@@@@B@@A@@@@@A@@B@D@B@@@B@@B@@@BB@@A@A@@B@@@B@B@@ABA@@A@@A@@@ABAB@@ABAB@BAB@B@D@@AD@@@@A@@@@BADABAD@B@BAB@BAB@B@B@@BB@@BB@B@@A@@@@BAA@@A@@@@BAB@@AD@DABB@@B@@@@BB@@@B@@@D@BA@@B@@BB@B@@@B@ABB@@@@B@@@@@BB@BA@@AA@@@@@A@@@A@@A@@@A@@@A@AA@@@@A@A@@@A@@@AA@AA@@AABAA@@A@@@@AA@@A@@@AA@@AA@@@A@@@AA@A@@@@AAA@@AA@A@@@@@@AA@A@A@A@@@@BA@@BCB@BCBCBA@ABA@A@@BA@ABA@A@CBA@C@A@E@CAC@C@@@A@A@@@CBC@ABA@C@@@AA@@@@@AA@@@AB@@A@ABA@@@ABABC@A@ABA@A@CBC@C@C@C@A@C@A@AA@@@AA@@@@@A@@B@@@@@B@@A@C@@@A@A@@@A@@@CA@CA@@@BADABAD@@@BB@@@@B@@A@@CA@@@@A@@@@A@@B@A@@A@@A@@@@@A@AAAA@@A@AA@@@A@A@@@@B@@@@A@@@@@@@@@E@@@@@@@@B@@@@@BCB@A@AA@@A@@B@@@B@BAB@D@@A@@@A@@@@A@@@@A@@@A@@@@@@@@@@@@B@@AB@@A@@@@A@@@@A@A@B@@@@BB@@@@B@@A@@@A@@BA@@@@@BB@BA@AB@@A@@B@@@@@@@BB@BBB@@BB@@B@BAB@B@@CBCBCBC@ABA@A@"],["@@@@@A@@@A@@BA@@BA@@@@@A@@AA@@AAA@@@AAA@@@@AA@@A@@AB@@A@A@@@A@@BA@@@C@AB@@ABA@C@A@A@C@CBA@AB@@@@A@@@A@@B@@A@@B@@@@A@@@@AAA@@@AA@@AAB@@AB@@@@A@@@A@@B@@@BA@@@AB@@@BA@CA@@@B@@@BD@@@@B@@A@@BA@AA@@A@@@AAA@@B@@@B@@ABABA@@BAB@@A@A@AAAA@@ABAB@@@B@@AB@@@@@BB@BAB@@@@@B@@@B@@B@@BA@@@BB@@@@A@@@@B@@@BBB@@ABB@@@B@@@BA@@@@@@BA@@@A@@@A@@@@@BB@B@@@@@@A@@@A@@@A@@BB@BB@@@@A@@@@@A@@@@@A@@B@@@B@@A@@@@@@@@B@@A@@@A@@@A@A@@B@@@@@@A@@@@@@@@B@B@@A@@@@@@BA@@@AB@@@BB@@@@@B@@@@@BB@@BA@@B@@@@@B@@BBA@@B@B@@@@@@A@@@@@@B@@@@@@AB@@@@@@@@@@B@@B@@@@@@B@@@@@@@BA@@@@@AB@@@@@B@@B@@@@BB@B@BB@@@@@B@@@@@@A@@@B@@@@@@@BB@@@@@@@@@@B@@@@A@AD@@@@@@BB@@@@@B@@@@A@@@AB@@@@@@A@A@A@@A@@@@@@AB@@@@@@@@@@@@@@@@@B@@@BA@@@@@@@ABB@@B@@@@@@A@@@@@@@@@A@@@@@A@@@@@@@@AB@@@@@@AA@@@A@@BA@@@A@@@@@@@AB@@@@@B@@@@A@@@@@@B@AA@@@@B@BAD@D@B@B@BBBB@@@@@B@@@B@@BB@@@@@A@@@@B@B@BAB@@@B@B@BAB@B@@A@@@A@@@@BAB@@A@@A@@@A@@@@A@@@@@@B@@@@@@A@@@@@AA@@@@@@AB@B@@@B@@@@@@A@@B@@@@@@@@@AA@A@@A@@@@@@@@A@@@@B@@@@A@@@@@@@@@AB@@@@@@B@@A@@@@@B@@@D@@AB@B@@@B@B@@@@B@@AB@@@@BB@@@@A@@@@@B@@B@@@@@@BAAA@@@@@@B@@ABAB@@@@A@A@A"],["@@AF@@@@A@@@@@@@BB@@@@@@@@@BA@ADADAD@@A@@@@@A@A@@@@@@@A@@@A@@@@@@@B@BBA@@@@@@@@@@B@@@@@@@@@B@@@@B@@@@@B@@@@@@@@BAB@@@@@@@@A@@B@@@@A@@@@@A@@@@@@BA@A@@@@@A@A@@@@B@@B@@@@@@@@@@B@@@@@BB@@B@@@@@@@@@@@@@@@B@@@B@@B@@@@@@@@@@@B@@@@@@@@B@@B@@@@BB@@@@@@B@@@@@@BB@@@@@@@B@@B@@B@@B@@@@@@@@@@@B@@@@B@@@@@B@@B@@@@@@B@@@@A@@@@@@@@@@@@@@@A@@A@@@@@@@@@@@B@@@BB@@@@@@B@@B@@@@@@@B@A@@B@@@@@@@B@@@@@@@@@B@@A@@@@@@@@@@@@B@@ABHFDB@B@@@@@@@BA@@@A@@@AB@@A@@@A@@BA@@@ABA@A@A@@BA@@BAB@@@@@@A@@B@@A@@BA@@BA@@@@BABAB@BA@@@@BB@@@@@A@@@@B@@@@@@B@@@@@@@@B@@@@@@A@@B@@@@@@A@A@CAA@A@@@@AC@@@@BA@@A@@A@@@@@A@@@@A@@A@@@@B@@A@@BA@@@A@@@@@@@AB@@ABA@@BAB@@@@@A@A@@@ABA@@@@A@@@@BA@@@AB@@AA@@@@@@AA@@@@@@@@A@@A@A@A@@AAA@A@A@@@A@@@@@@@@A@@@@B@GCC@@@@B@@@@@@@@A@@@A@@@@@@AA@@@@@A@@@@@BA@@@@@AE@@AA@@@@B@B@@AB@@@@@@@@@@@@@@@@@A@@@@A@@@@@@@A@@@@@A@@B@@@@@@A@@@A@@@@@A@AA@@@@A@@@@@@@BB@@@B@@@@A@@@@BA@@BA@@@AB@@@B@@@@A@@@@@@@@AB@@@A@@@@@@AA@@@@B@@@@@@@@@@@@A@@@@@A@@@@@BB@@@@@@@@@@@@@@BBB@@@@@@@@@A@@@@@A@@@@@@@@@@@A@@B@@@@@@@@A@@@@@A@@BA@@@ABAAB@@@A@A@A@AA@@AAAD@B@@ADA@@@A@@@A@A@@@@B@@B@BB@@@@B@B@@B@B@BABA@CDC@ABAD@BABBDBDDDBF@DLHBB@BG@EDEBEDEDSNEFGDCDADBDFHB@FFJNFFDFDDADBDBDFDDD@D@JADCFCDCBBFBD@DADAFCFAF@LAL@LADAHCJANADMA@@A@AAAA@A@A@@AA@AA@@A@@@BA@@@AB@@AB@@@@@B@B@@@B@@@@@@K@KA@@@@@@@AB@@@@A@@@@@A@@@@BA@@@@@A@@AAA@@AAAA@@A@@A@A@@@ABA@ABA@@BA@@B@@@@A@AB@@@@@B@@@@@BA@@@@B@@AB@@@@ABIDIBGFMLQN@B@@@@@@@B@@B@@BB@@B@@@BA@@B@@A@@B@B@@@BA@@B@B@@AB@B@@AB@@AB@@AB@@@@A@@@A@C@A@@AA@@@A@@@A@@AA@@A@@A@@@A@@@@A@@@@A@A@@AA@@@A@@@@@A@@@@A@AA@@A@@A@@@@@A@A@A@AA@@AAAAA@@@A@@@A@A@@BA@@@A@A@AA@B@@A@@@@@@B@B@@@@@@AA@@AAA@@@AA@@@@@A@@A@@@A@@@@@@AA@@A@@@@@A@A@@@@EAE@ABABAD@@B@BBB@@@@B@@@BBB@B@@B@@B@@BB@@@@@B@@@B@@@@@BB@@B@@@B@@@B@B@B@@@B@@@BB@@BB@@DBB@B@B@@B@@@B@B@@@B@@BBB@@BB@@@BA@@@@@AB@@@B@BB@@@@@B@BB@@B@@BB@@BB@@@B@@@@B@@@B@@ABAB@@@B@@@@@B@@BBB@B@@@BBB@@B@@@@BB@@BBB@@@BB@@BB@@@@@B@@AB@BA@AB@@@@@BA@@@@@@@@B@@@@@B@@AD@B@D@@@B@@@@@B@@@BA@@@ABA@@@@BA@@B@@@B@@A@@B@@A@A@A@@@A@@BA@A@@BA@AB@@A@A@@BA@A@A@@@@BA@@B@@@@@@@@@BB@@@@BA@@@@B@@C@A@@@A@@@A@@BA@ADAHAFGPEFCFGFIFCDCFAD@F@H@DDJBF@HEFEFGJEJAFDNDHBNHNJN@J@FEFAH@DAF@HADAHDFFDHHDJBD@FGLEJEHIDI@GBGFCDAHAFCHGJIFGDKHAJAFBJFFNDNDFFBF@FBF@FAFCDIHMFQDMBA@CBABA@A@A@AB@BA@@@A@A@ACCCA@@AA@AAE@@@AAC@A@ABA@AB@@A@A@A@CBC@@@@B@@@B@@B@@@@B@B@@A@@@@AC@@AAA@@A@@@@@@B@@@B@@A@ABA@@@@A@@@@@@@A@@@AA@AA@@@AC@@@@A@AAAAA@AA@EC@@AA@A@@@A@@@AA@A@AABA@@AAEACAG@E@I@MBK@MDKDKBK@MBGAKCI@KAK@KAEBKBGBE@IAI@I@I@KAGAGACAEAIAGAE@GBG@IAIAK@KBOBQDQBMHMDMFOJWPQNKHCDALBHBDFDJFHHDHBHAFEDADEBG@C@I@KAI@K@KDKDGDG@EACCGCGEGACA@@CDABCB@@@B@D@D@DBB@D@B@B@@@B@B@B@@CBA@A@@@AB@@@BBB@@@@@DCBABEB@B@BA@@BED@B@B@@DDB@B@DBBB@B@@BB@@BBNJHHRJLRHNFJAJEHCFGFKDIBMCEACAIEKIIEICICMGMGKCIAGAE@CBGDEFGDEBIBEAGAEGCCCC@BA@CBC@C@C@@@@BBBA@BBA@A@ADAB@B@BBB@BAB@BADAF@@A@IBGD@@@BAB@@ABCBCBA@@BC@ABA@@BA@@BA@AAA@A@A@A@A@A@A@CCAAAAA@AAA@ABA@ABA@@B@BA@CB@@EFABA@A@A@@@ADCBA@CBA@AA@@AAA@A@@@AB@B@@@B@B@@@B@@A@@@@@AB@@A@@BABABAB@@CBA@@@ABA@ABAB@@ABA@A@AB@BA@ABA@@@AB@B@@GDAB@@A@@B@DAB@D@BBB@@@@C@@B@@@B@D@@@B@@AFAB@@@BAB@B@@AB@BBBA@@BABA@@BA@ABAB@@A@C@@@ABCB@@A@@@CBCA@BA@A@E@GBC@AA@@@@A@C@CBABABCBA@CBA@EBA@A@A@A@A@A@@AE@C@AAA@A@CA@@@@AB@@@D@BDD@@B@B@B@BBB@BB@B@@@D@@@B@@@B@@BBB@@@BBBBBB@@@B@@@B@@@B@B@D@@B@D@@@@B@@EBAB@@@BE@ABCBAA@AA@A@EAAAA@A@CBCFABA@@@CB@A@@@A@A@@C@CBA@@BAB@@@B@@@BAF@@ADA@A@A@CD@@A@A@A@@BAB@@@@A@A@@@CHA@@B@@@BAB@B@BC@AAC@AAA@A@A@A@@@AAA@@@A@@B@B@DAB@BA@@B@BAB@B@B@DAB@B@BBD@B@@@B@B@B@B@@B@DBB@BBBD@@@B@D@D@B@@B@BB@@BDBD@@@BAB@@@BBB@@D@B@B@@BFDFB@@BBBBD@B@BBB@B@@B@B@@@BABA@@@@BBBB@@B@@@B@BBBDDBBDBB@@@@BBF@@BB@@@@@B@B@@DD@BBB@D@@@BBB@@AB@B@@@BABB@@BDB@@BB@F@BB@BD@@@BAB@B@B@BA@BB@DBB@B@DA@BBBB@@BB@@@@A@A@@BAB@B@BB@@D@@@@AB@B@F@@ABAD@BAF@B@BA@@B@@B@@BD@D@HABB@@BBA@AD@B@B@B@@BB@FBBBDBBBB@D@@BB@DA@AB@B@@B@B@B@@@@@@B@@CD@@@F@BBDBB@B@@BB@@@D@BB@B@FBPFBB@@@B@BD@AB@@@B@@@@BA@@BCB@DADAD@FCB@@@BD@@D@DAHABA@@AE@@B@B@DAD@B@D@BAB@D@H@FBB@@BB@B@@@@AB@D@@@BB@BDAD@B@FB@@@ABC@@D@DB@BAB@@A@@@B@BAB@@@@@@DA@DBB@@@@AB@@@AB@BNFJBD@B@@@B@@@H@@@B@BD@FDJBFBHDDFDJHDDFH@DADEHEDOFKBSBQBSBUDQD@B@@ABEDCD@B@@ABA@@@CBAB@B@BAD@@@B@BABABCD@@@BBBDH@B@@@B@DAB@B@BAD@@@@@BB@D@@@@BB@DDBBB@BBBB@BBD@BB@@B@BB@B@BB@BDBFDD@@B@BBB@@BB@@DDBD@@BB@B@@B@DAB@BA@AB@B@B@D@BADBB@FBD@@@B@B@B@@@B@BA@ABAB@D@BAFAB@BADAB@BAD@FBBCB@BAB@B@@BB@@@BAD@F@D@FBD@B@BBB@BBB@@A@@@AAAAAA@@AB@@@B@@A@AD@FBHDFHDJHHJBDCFAH@HDJDFBDDFDDFBFBH@PAL@RBTBFFDHFNBNBN@L@JANBLJHDFFJJJNFHNLLFLBJFHDFDDFFJDL@HGLGHKFKDEBCD@FBDDBDDH@HATBVANBFBDDBFDBCD@B@D@@@D@B@DAH@@@B@@D@H@B@ABBB@@@BB@@@@@A@BF@@@@@@BB@DBDBAAB@BD@H@B@B@B@DAB@BBBB@@@@@BBBFFCB@B@@B@DDDBBA@@@@BBBB@@@B@BB@BBBBDF@BBB@DBBABBBABBB@DAB@@@D@@CD@DCFGHAJALBJ@DBDBDFFDBLBLALAL@J@NBNBNBHDDDDJBHBLDDFDF@DA@EBG@ECGDEDCFCDBHBBFDHDJCJCJGLCHEH@DAFDDFBFDDDDJBHEDIFKDOHEFAHBBHDN@L@PDHBPBNBJFJFLJDADAD@DBB@B@BBBBBB@B@B@B@BA@ABA@@B@F@B@B@@AB@BA@@B@B@@BDAB@@BJDRFJLJNHNDFBBBDF@HBF@LCLCLCHB@@@D@B@B@B@B@@@B@@B@BAD@@@B@@AD@BC@AB@BABABABABA@@BAB@BAB@B@@A@@@A@CA@@@@ABA@@B@@@@AAAAAA@@@B@B@@@@@B@@AAC@@@@@A@@B@B@D@@@B@BBB@@@@@B@@@B@@@BA@A@ABAB@@AB@@AB@BA@C@C@A@@B@B@BADA@A@A@A@@@@@@@BD@B@@@BA@@@AA@@ABA@A@@@@@A@@@@B@@BBB@BB@@B@BB@B@@@@CBABA@@@AB@BB@@BB@D@@@B@B@@BB@@@AB@@ADA@@BADABCD@B@@@@@BB@B@@@BAB@B@B@B@B@B@D@@BB@BA@@BAB@@@B@B@@@B@B@B@BBB@B@@BB@B@B@B@@@@@BA@AFA@@LA@@@B@B@@DCB@@BBBBB@B@@DADAB@BAB@BABAF@@@BDB@BBBBBB@@@B@B@B@DCDA@ADABEDAB@BB@D@FBB@@@D@@B@@@@@B@@CJAB@@ABEBIDA@E@@@CDEDA@A@A@C@A@ABG@C@EF@BA@ABA@@BABA@K@@BA@AB@@@B@@A@ABC@C@G@C@@@ABCBCBCBC@ABA@@B@@A@ABCB@@A@AB@D@@BBABADABCFCBCDA@CBAB@@@B@D@@ABA@ABCBAB@@@BB@@@BB@B@@@@B@@@@@@@@B@@@@@@A@A@@BA@@@@AA@@@@BA@@@@@@BA@A@AA@@A@@A@@@AA@@AAAA@@@A@A@@@A@@@@BAB@B@@@B@@@B@@@@CD@@@B@BBB@BBB@B@@@@AB@BABA@AB@@@B@B@@@B@B@BB@@BB@DBB@@BBB@DAB@D@@@@@BADBHBB@D@DABCFCB@BADABCBAD@@@BBB@@BBAB@BCB@B@BCDAB@B@BAD@DBB@BFDBBBDBB@B@B@@BBBBDBFBHDDB@B@B@DAFADABCFABABA@A@A@CAC@A@A@A@ABAB@BDBDBBB@BB@@BD@BB@@D@BBBF@D@BB@BB@B@BBB@BBBBB@BABABCBABC@EBABEBABA@A@A@CBCBCDABCFAB@B@D@@@@@B@DBBBB@B@B@BBBB@BBB@@B@BBBHDBBBBD@BBDBDDBBDBBDDH@DBJ@B@DBB@@@B@B@FBB@DBBA@@BAB@BA@@@@B@BBDBDBBBDDDBDBBBBBD@B@B@@@@AB@B@@@B@B@B@@BBB@BBBB@BDB@BBD@BBB@@BD@B@B@BABA@ABA@ABABAB@@@D@B@BB@@BAB@B@@A@AB@@ABAD@@@B@B@@@@BBB@BBBBB@BBBBBB@@@BB@@@@B@@B@@B@B@BB@BFBB@B@BABAB@BAD@B@BB@@BB@@B@@@B@@DBBD@BB@@B@@B@@@BB@@@@@B@@@B@@@BA@@B@@@@@BABABABABA@ABA@@@A@@BA@AAA@@@@BA@A@A@@@@B@@AB@@AB@@AB@@@B@BBB@@@BB@@@@BB@@B@@B@@B@@B@@@@B@@@B@@BB@@B@@B@@@D@BA@@B@@@@@B@@@B@@BB@B@B@BAD@BAB@DABADA@@@AB@@@@@B@@@@@@@B@@@BB@@@@B@@@B@@BBBB@BDB@BBBB@B@DBD@BB@@BB@BBBBBB@BBB@DDDBBBBBBBBDDDBDBBDBBBBB@BBDLPDD@BB@BBBBDDDFBDBF@B@B@B@@@B@@@@@BBB@@@BA@B@@B@@AB@@@B@@@@@B@@@@@BDB@BB@DB@@@@@B@BBD@@@DAB@B@@@BBBBBB@@B@@@H@BAB@@A@AB@BA@ABA@@B@@@F@F@DBDBFDBBBBB@@@B@LBF@B@BADABEDA@AB@BAD@BADAB@@@BB@@B@BA@CDA@A@AAA@A@CBCBCDEDEFCBADCBC@ABC@AAA@C@E@@@E@E@C@A@CACAA@C@A@CBA@A@CBCBA@ABADABCDABCBA@ABAB@@@D@D@F@DBB@BDDDD@@@B@BABABABCBCBCBC@K@CBEBAB@D@BBD@D@BABCDAB@B@B@DABA@C@ABCBAD@BBBBLBBA@@BABA@A@C@ABA@@@A@A@@@CDA@C@E@E@KAE@CB@B@B@B@DA@CBGBED@B@B@BBBDBHBFDBBBDBHBHBDBDDDFDFFHHDDHDFHDHBHBHBNBFBFHDFBLBNBH@DBBBFBFBFFHFHDHFFDFHFF@B@B@@BBDBBBB@DDDB@@B@@@@@@@BB@@B@B@@B@@B@B@@@@@B@@BB@@@B@B@BBB@D@B@@@F@B@DAFABA@@B@@AB@B@B@@@B@@BB@B@@@DBDBDBHDHDFBJ@JBJ@H@D@DBB@BBBDDDDBF@D@F@DBB@BD@BJRBBBBDBJ@FB@@D@BBD@JFD@BBB@BBB@DB@@BB@@B@DBBBHDLFFFDBDDFJHLDF@D@D@BBDBD@F@D@DBF@BBB@BFEJADAHEDEHELEJCNK@@B@@@@@B@DDBBB@@@BABAB@B@D@B@BAB@BAD@DAD@F@B@HAB@BAB@@AAC@@@@DC@@@A@AAC@E@C@CAG@@@C@ABCEACC@@BACECAAAG@A@CAC@AA@ABA@ABADA@A@@@@CACAAC@@ECA@EG@AAAA@@A@ABA@@AAA@@CCCAC@@@C@A@ABAB@@@HBHBD@D@@@BC@A@C@@@@B@@@FA@@@@@D@@@@B@DA@@BBBBBBDDLKA@@AAA@@AC@A@@JEJFBBFB@@@A@A@A@@B@@A@@@C@@@@BABAB@B@BBB@D@B@@@@@@@F@F@D@B@FAD@DAB@@@@@AACAA@@@@AD@BABAB@BA@ABCBABA@A@C@C@A@C@ABCBABA@AD@B@DB@BB@BAB@BDB@@@BABADC@@D@B@B@BA@@@AFEBABABA@@@A@ABA@@B@B@DAF@B@DBB@DBD@BAD@DAB@HBH@DB@ADCB@@@B@BB@B@@@@@@B@B@B@BC@@D@@@B@A@ACB@FEDAD@@AD@F@BABCDCB@B@BB@@BABE@A@@B@DBHDDBB@HBFB@@BA@@@AB@@@@ACAAE@A@@BA@@B@D@B@F@BBD@BBB@B@BAB@BABAF@BAB@BA@A@C@@AAB@@AB@@AB@JDF@FBF@@@BAB@B@DBD@B@@@@@BAA@@@CA@@@AB@@@F@@AB@@@FBB@BBDBB@BAD@FCB@JBBB@DBB@@@@JAF@D@BAD@@@F@TBR@N@JBL@J@FCFGBG@KBKBKBIAMAKGIEKIMGG@G@EAGAEBGDCDGDIAECE@GBMBGDEFCNEJEHCLGLKHIFMBK@E@EDCHGJALAFIAECEEIBEFGHEFCJEHAJADCFGBEBKAICEAEDCBALCLCJCFEHEBEFEDKBKAGDGBEBI@ECICKACCCBEDEDCFCLCJALCNGJKDGBK@KAI@GFGBEDAHEJCFKFSBKFMDIFID@@A@G@CBA@@@@@@@@B@@@@BB@@BLBFBB@FBBBFD@@D@@@BB@@@B@BDD@@B@BA@AAAAACCEE@AA@@ABA@C@ABE@ABABAAA@A@A@@BA@@B@@@ACA@@CAA@@@@@@@@AE@A@ABG@CAAAA@@GAEA@A@@B@@A@@AAA@A@A@@A@@B@BABA@@D@@@B@BADB@@@@@A@@@@@ABA@A@@@@D@LBB@B@B@@@@@CA@A@@AAAA@AA@@AA@A@AA@@@A@A@@@A@AA@A@IA@@ACBEAA@A@A@@EBB@@ABABA@@@@AA@@A@A@A@@BAA@@@@AC@@@A@@B@BAFC@@@@AACCA@A@@A@@AA@AECAAA@@A@@@@BAJA@@@@GAA@@@FGFCFC@A@@@@DA@@@@@AA@@@@A@AAE@@BAACBCBA@A@@@A@@AC@@@A@@@@B@D@B@B@@@@@@@B@D@B@FC@@@@HCXERGX@ZALF@BB@@BDB@B@@@BFF@@D@BB@@@B@BFFB@BBB@DBB@BBBBD@BBBBBBDBBBD@@@@B@BBBFDDBBB@@MPERGXAJDLDJPNRPJJLLHJJLPJNNJL@R@NJL\\D^FJFFJHJZPPP@@BDDBBADBD@B@F@DAF@D@L@D@D@DAFAJA@@B@@@B@@BDFBB@@@@FBF@B@DD@@@@@BA@A@A@ABABCB@DABADA@GDC@CBA@C@A@AAC@AAABEBEBGBABCBA@@B@@B@BBB@@BD@B@B@BBD@@B@@@@AB@BAB@DAB@@@BBDBD@B@@@BB@@BD@@@B@@BAB@@@B@@BBB@BA@@@BBA@@B@@CB@BABA@ABC@C@@B@@@BBB@D@FBB@B@@@@B@@@@A@@@IBA@@@AB@@ADAD@@ABD@@BBBBBDD@@BB@FF@DB@@B@HB@@BA@@BE@@BA@BB@D@@BB@@BB@B@@A@AAC@@B@B@@@@@@A@@AC@AA@@@AA@AC@@AE@BC@@B@@@DBDBDBDDBBBDBB@DB@@BB@H@B@@@@H@BA@ABA@GB@@AB@@BB@F@@@@AFAB@BBB@@BDFB@B@@@@BBD@B@BBFDJDB@B@DBDBBBB@BB@@@@AB@BABB@@BDB@B@@@BA@@BA@BB@BADA@AB@BBBB@D@B@B@B@BABAB@B@B@D@B@BB@@BB@@D@DB@@B@@@@BBDB@BBBDB@D@F@DB@BBB@@B@B@BB@@@@@D@BB@BBD@@@B@DAJCDADAFCFAF@DAB@BAD@F@H@D@B@@AB@D@DBD@D@BBD@@@B@@@AB@BA@@B@B@@@B@BA@ABEDCB@@CBA@@@@@BBD@B@B@DBDBFDB@@BBB@@DDBB@B@@B@BBB@BAB@BAF@D@B@B@BBB@@BBB@@D@@BBB@@B@D@B@B@DBDDB@BB@B@@ADAB@@ABADAB@@@B@@DJ@D@@@BAB@B@@@B@BBDA@@FAB@@@B@B@@@DABAD@B@D@@BB@@@D@D@B@@B@@BBAD@B@@@B@@@@BB@@@@@B@@AB@@@B@BB@@F@B@BB@@@BBBB@B@B@B@D@BBFBBBB@B@D@B@B@@@BB@@BBD@DDDB@@@B@BBBBB@@@BA@@BEFAB@BCDCFCDF@DAB@@@@BB@DBD@@@@@B@B@BB@@BBBB@B@@@BA@@BA@A@@BA@AB@@A@A@A@ABA@AAA@AACC@@A@@@A@A@@AA@KFIHCNLLRJZHVNTJTHXJNDPBRJPHPRRNfKNGRCLATJTLNJNDVJXLRJPTVFNBPDLJLLHNPDP@PAP@REZA\\PRBPBLFC@A@@@@@@@@@FFBB@@@BAB@@A@ABAB@DBBBFB@BDBF@B@@@BBB@@@@BABAB@BABCB@B@FBB@DBB@DBB@@@B@@ADA@@@@B@B@BBDDBB@@BD@@BBB@@@BAB@@@@@@AAC@@@A@@@@@@B@BAB@B@@@B@BBDB@@B@B@B@@AB@BAB@@@BA@@BA@@B@@A@@B@BA@@B@@@@AB@@@B@BA@@@@B@@AB@@@B@B@B@@@@@B@@@B@@@B@@@BB@B@@@@@BA@AAA@@BA@@@@@@B@@B@@B@@@B@@B@@@B@@@B@@B@BBB@@@@@BBB@@@B@@@@@@@@A@@@@@A@@AA@@@@@@@@@@B@@@BB@@B@@@@@B@@A@@@AB@@A@@@ABBB@@A@B@@B@@@BA@@B@@A@@B@@CB@@AB@@@@@@@@BB@@@@@B@@@@@B@B@@@@BA@@@A@AB@@@@@@BB@@@BB@@@@@BA@@@@B@@@@BB@@B@B@B@B@@AB@BAB@B@BAB@BA@@B@@@B@B@B@B@B@@@B@B@B@BBB@BB@@BB@BB@B@B@BBB@D@B@B@FBB@D@B@B@D@@@BBBB@BB@@B@BB@BB@@B@B@B@BAD@@@DAB@B@BAB@B@B@BAB@B@D@B@@@BAB@B@BAB@BAB@BA@A@A@@AC@@@A@@BAB@B@D@@@B@@@B@@A@@@AB@BABAB@B@@ABBB@BB@@B@B@B@B@@@@@BA@@B@DAD@@@DBBBDBD@B@@@BABAFAFAD@B@D@DBB@DABAB@@A@@AAAAA@A@AAAAB@@ABABADADABAB@BAB@BA@@B@BAD@B@DA@@D@BABA@@@@@@BB@BBB@B@@BAB@DA@@DBBBBD@@@@ABA@CDCB@@ABDBB@BBFBHBHDDB@@@@BAB@BAB@B@@AB@B@B@@@B@@AB@@A@@@@B@@@BAFAB@BAD@B@B@@@BBBBBDBDBD@@DH@BDDDD@BBBBBBDB@DD@BBB@@BBB@BBD@DBB@HBDBB@@@DBBA@@B@@A@@BA@@@A@@@@BA@BD@@@JBB@B@F@B@B@@@B@@@@B@B@B@B@BBB@@@BB@BBBB@@@@DBDDDB@BB@@B@BBB@B@@@D@@B@BBB@B@BBB@@BB@@A@@@A@@@@@A@@AA@@@@B@@@@@B@B@@@BBB@@@B@@A@@@@B@@@@@@@BBB@@BB@@@@BA@@B@@BB@D@BB@@@@@B@B@@B@@@@@B@@@@B@@@BB@@AB@@A@@BA@@@@B@@@B@@A@BB@@@@@@BA@BB@BBB@BBB@@@B@B@BB@@B@BBB@B@@BB@@@@B@B@@B@@@DBB@@@B@@@B@BBDBBBDDDB@BB@B@B@@@BBBB@@BB@B@B@B@@@@@BB@BBBD@@BB@B@B@@@BABABAB@@@B@@BB@B@@@B@@@@DB@@BBB@BBB@BBBAB@B@B@@BB@@@@@@@B@@@B@BBB@BB@@@@BD@@B@@@B@@@BBB@@@B@BBBBD@BBB@@@@@@@@B@B@@B@BB@@@BAB@@@D@@BB@@BB@BD@@BD@D@BB@AB@@AB@@@D@D@@@B@B@B@@@B@BBB@B@B@B@B@B@BBB@@@@@B@B@B@B@@@DB@@@@B@DBDBB@B@BB@@@@@@ABA@C@AB@@AB@@@B@BB@@@BB@@B@BAB@BA@@@@@@B@@@DA@AD@B@B@B@@@BBD@BBB@BBB@BBBBB@@BB@D@@@B@BB@@D@DBB@BBB@@B@@BB@@@BB@@BB@@BB@@BB@BBB@BBB@BBBBB@B@BBBBBDDFBBDJ@DBB@B@B@B@B@B@B@B@BAB@@@BB@B@BBJFB@@B@@A@@BA@AB@@C@A@A@ABA@@B@@AB@DA@@B@@D@B@BB@@BBBBBB@@BBD@B@JBJBB@@@@@@@@@@@@@B@BBD@BBB@FDB@BBBBB@DBB@B@@BB@@@BB@BDBB@@BB@@@@BBB@@@B@BBD@@D@@@@@@@B@@@@ABAAABA@@@A@@B@@@B@B@BB@@@@@B@B@BBB@@B@B@BBBAB@B@BA@@DCB@BA@@BABAB@@@B@BAB@@@B@@@BAB@B@B@B@@@@@B@DAB@BB@@@B@D@@@DAB@B@BBD@B@DAD@D@D@B@BBBBBB@F@DBB@D@D@B@@@D@J@H@D@B@D@BBB@@@BBAB@B@@@B@@@BA@@@@B@@@B@BA@BB@@@@@@B@B@J@B@BA@@DABA@A@ABEB@@@B@BA@@B@BABA@@B@@BB@B@@@B@DA@@B@@@BBBBB@BB@@B@DAB@B@B@BABB@@B@@BB@B@B@@@BBB@FBB@DBB@BB@@@@BBDBBB@@@@A@AB@@ABB@@@@BD@BB@BB@BBBB@@DBBDBB@@BB@@B@BADAB@B@@@B@B@@AB@@@B@@BB@@AB@DAB@@@B@B@B@@@DEBABAB@@A@C@ABAB@@@B@B@@@B@B@B@BDBBBBBB@B@D@BB@@@B@B@BAB@DE@@B@@@DBB@@@BAB@@ABABC@@BA@@B@@@DD@@@@B@D@BBD@DBF@DBDBB@B@B@DBB@BBB@B@BAB@D@B@BAB@B@B@B@@@@AB@@@@A@@B@B@B@@@B@@@B@B@BB@@@@BB@@@@BB@@B@B@B@@BB@@BB@@B@@@B@BA@@BA@@B@@@@@BB@B@D@B@B@@BB@DBDBBBD@@B@@B@@@@BAD@B@@@D@@@B@@B@B@B@@@B@B@B@B@@@@@@BB@@@@B@@@B@B@@@@D@D@B@B@@B@@@@@BB@@@@BB@@@B@@@B@@@BA@CB@@A@@BA@A@A@@AA@AA@@AA@AAA@AACC@@A@@@@@@A@A@A@@@AB@@A@@@AB@@A@@BA@AB@B@@AB@@AD@@AB@@@B@@AB@@@B@@A@@BC@@@A@@BA@@@A@@B@@AB@@@D@BAB@BAB@B@@A@@BA@@@@@AB@BA@@@@BABBB@B@@BBBB@@@BBB@B@B@@@BB@@@ABABABC@A@@@AB@@A@A@@AA@A@AB@@A@A@AB@@A@A@@BA@@@A@@@A@@BA@@@@B@@A@@B@@A@AAA@A@A@@@@B@B@B@@@@@@A@A@@@A@@B@@@@AB@@@B@@@@@BA@A@ABABABABA@A@@B@@AB@DABABABAB@B@@AB@@@B@B@BB@@B@@@BB@@@@BBB@@@B@@@B@B@B@@@B@B@B@@@B@B@@@B@BA@@B@BAB@B@B@BAB@@@BB@@D@B@@@B@B@@@B@BBB@B@BBD@@@DBBBB@@BB@BB@@B@B@@@@@B@@B@@BBBBB@@BB@@@BB@@BB@@B@BB@BB@@BB@@BBB@B@@B@@B@@B@@BB@@B@@@B@@@@@B@@@B@@@@B@BDBBB@@BDDBBB@BDFD@@@@BB@BBBB@@@@D@BB@BB@@@@BB@@BB@B@BB@BB@@BB@@@@@B@@@B@D@ABAB@@AB@@@B@@@B@@@BBB@@BB@@@B@@@@@B@@@DA@@B@@@B@@@@@@@B@@B@@@BB@@@B@@B@@@@@@@@@@@@@@@B@@B@DBB@@@@BB@B@B@@BB@@@B@@@@@B@BB@@B@B@@@D@B@@@@@@@@@B@@@@@B@@@B@@@@@@@BB@@BBB@@@@B@@B@@@@@@BB@@@@B@@B@@@@B@@@@@B@@BB@BBBBDBBBBD@BB@@BBB@BBBBBDB@BB@@BAB@@AB@@ABA@A@A@@@AAAAA@@AA@AAA@A@A@A@@@@@AB@B@@@B@B@B@@@@@@@B@@@@BB@@@B@B@@@@BB@@@BB@@@@BBB@@@B@BB@@@BBB@B@B@BBBBB@B@@@B@D@BFJ@B@@@BA@@@@BBB@BB@BBBBB@@@@BBB@B@B@@@@B@@BB@@@BB@@B@@@B@B@@@B@B@B@B@@AB@BABA@@@CBC@CBCB@@AB@BB@@B@B@BBBBDBBBBB@B@@@B@B@BAD@B@B@BBBBBBB@@B@B@BABAD@BABA@C@AAA@A@ADAF@DAB@@B@B@@@BABA@@BAB@@BB@B@@@BAB@@BB@@@B@@@B@@@B@@@@BBBB@B@B@@AB@@@@@B@@@BB@@BB@@@BBB@@@BBB@@@B@@@@@BBB@DBD@@BD@@@B@BBB@@@@@BB@@B@BB@@@@BBBBDB@@B@@B@@@@@B@@DB@@B@@@@@@@B@@BB@@@@@@@BB@B@@@BB@@@@B@@BBB@@@@@@@B@@B@@@@@BB@@@@@@B@@@B@@@@@B@@@B@@AB@@@@@B@@@@@B@D@B@@B@BB@@@@B@@BA@@BAB@@CB@@CBCBA@@@AB@@@B@@AB@@@B@@@@A@AB@@@B@@BBB@B@B@@BBA@@B@@@D@B@@@@ABA@A@@@@@A@@BA@AB@BABABA@@B@D@B@BBB@BBBB@@@B@B@B@BAB@@ABADCD@BAB@@@B@@@@DDB@B@@@B@B@@@BB@@BBB@@BB@@@@@@BA@@@A@@BA@@BA@@@@@AB@@A@@B@@A@AB@@C@AB@@A@@@@BABABA@@B@@A@AB@@@@AB@@@BA@@BA@@B@@@BB@@BB@@@H@@@@@B@B@BBB@@@B@B@BB@@@@BBB@@@B@BB@@B@@@@B@@AB@BA@A@A@A@A@C@A@@@A@ABA@@@AA@@@@AA@@A@A@ABA@@B@@ABBB@@@B@BB@@@@@@B@@@@@@@BB@BBB@BBB@@@D@BAB@@@BA@A@@@@BABA@@B@B@B@@BB@@@BB@@B@@B@B@@ABABAB@@@B@B@B@@@BA@@@@B@@BD@@BBBBBB@B@@@BABCBABAB@@@@BB@@B@BBD@@B@@B@@B@BB@@BBBBDFBBBB@BAB@BADCDAD@DBB@@BBD@D@BADABELCH@B@@BDDB@D@@B@BBFAJ@B@BAD@D@F@B@D@B@B@@BBB@@AD@FAD@B@@BDBBFBD@B@@@D@FAD@B@@@DCB@@AB@BIBA@ABBDBFDBDBB@F@DBDDBDBF@DAH@HAHCLCDAD@BBB@BBBDBFBBB@@@BBH@F@D@DBDBB@B@DBD@DB@BB@@B@@@B@@AB@B@B@B@BB@B@DBNFB@D@B@B@BAFAFAB@BC@AAAAC@A@CBAD@F@HBFDFBD@B@B@DCBEDKBAB@B@B@H@JAFAFADAHCBAB@D@FDB@D@D@BCBA@AAAAA@A@AB@D@D@F@B@FCB@B@DAD@FAB@B@@@@@B@AB@@@B@@@BB@@@B@DAB@@@BC@@@AB@@@@@B@@B@@@BBB@@@@@B@@A@@BB@@@B@@@B@@@BA@@@AB@B@BAD@@@D@@@B@@@DBBB@@D@DBLBB@FBH@BABCBCAG@AAA@A@A@@B@@B@@@@@@@@@@B@@BB@B@@@@@B@@@@@B@@@@@BB@@BB@BB@@B@B@@@B@@@@BB@@@B@B@B@B@@@@AB@@@BBD@D@@@H@BBH@B@@DD@BBB@@@@@B@D@BAB@@@BADAD@@AB@B@D@B@DAB@B@@AB@@@B@@@@BB@@@@B@B@@AB@@AB@@@@@B@B@B@B@D@B@@@B@BAB@B@B@DAB@DAB@B@@AB@@A@@DABABAB@BA@@BADABABA@AB@@A@A@@BA@A@@BA@@D@BABAB@B@BAB@BABA@@B@@AB@@@BAB@@@B@@@@@BA@@@@@CB@@A@@@A@A@@@A@ABA@@@@B@@@@@BA@@B@@@B@B@B@D@B@@@B@D@B@BAB@D@@@B@B@B@@@@@B@B@B@BAB@@@B@B@@@B@@@B@B@@@B@D@B@B@B@@@B@D@B@BA@@B@FAB@@@B@BAB@@@B@@ABA@ABA@ABA@C@AB@@@@@B@BBDBB@B@D@BBB@B@B@B@DADADA@@DAB@BA@A@@@@@@BC@@AA@@@A@@@A@@@@@@@@@A@@@AB@BABA@@B@B@DBBBB@BBBB@BBBB@BBB@DBB@BBB@D@B@DB@@@@@B@@@BBB@@B@B@@BB@D@B@B@@@D@BAB@B@BADBB@B@B@D@D@B@F@B@B@D@@@D@B@B@BBB@B@BBBBBB@@AD@BAB@@@DA@@B@B@B@B@@@@@D@B@D@B@D@B@B@BB@@BBBBB@BBBB@@BB@BBB@DBBBB@DBB@B@BBB@DBHBDBBBB@BBB@BBBBDB@@B@@BB@DBBBBBBBDFBF@B@@BB@B@F@B@B@BB@@BBB@@DBBBB@B@B@BBB@DBB@D@BBB@DBBBB@@BBB@B@B@B@@@BAB@@@B@B@@@@@BAB@D@BAD@BAB@D@@ABA@@@A@EAE@A@AA@@A@@@A@A@A@@@AAA@@AA@AAA@@@A@C@ABA@@@@@A@C@A@@@A@A@@@A@C@A@A@A@C@A@E@CBE@A@GB@@E@C@A@ABC@A@A@A@@@A@@@A@A@C@@@C@A@A@C@A@A@@@C@@@CBA@C@@@ABA@ABA@AB@B@BA@@BAB@BABABABABA@@BAB@@@B@B@B@B@B@B@BAB@BAD@BAB@BAB@B@DAB@B@B@BAB@B@@@@AB@BADAB@@ADA@AB@B@B@@@B@D@B@DBB@DBBBBBBDBBBB@@@@@BB@@B@B@@@F@BBF@H@B@D@D@D@D@D@B@DBB@B@B@D@BBF@D@D@B@F@B@@@DBD@DBD@D@DBD@D@B@DBF@B@B@B@@@@@B@@@@@D@D@B@D@D@B@BAD@DAD@B@BAD@B@B@B@B@D@B@B@D@D@D@B@DAF@BA@@F@D@F@B@B@DAB@F@B@BAB@F@D@B@F@B@D@B@D@D@B@@@B@BA@@@@@@@@B@@A@@B@@@@@DA@@B@B@D@@@B@B@DA@@B@BAB@DAB@B@@@B@@@B@@@B@@@B@B@@@@@D@@AB@B@@@B@@@B@D@@A@@B@@@@@B@B@@@B@B@@@B@@@B@B@@@B@B@@@B@@@B@@@B@B@@@BAB@@@B@@@@@B@B@@@B@@@BA@@@@B@B@D@@AB@FA@@@@BADA@@B@B@DA@@BABA@@@A@@@@@AAA@@AC@@@@AC@@A@@CA@@AAA@@@@@A@@@A@@BABAB@@AB@BA@@@A@@@@BA@A@@BA@AB@BC@@@@BC@@@@@C@@@@@@BC@@@A@@FA@@@@BADAB@@@B@B@BAB@B@DA@@B@B@B@B@@@@@B@@@BABAB@@@@@B@DAB@@@FA@@B@B@DA@@B@B@BAB@@@B@BAB@@AB@@@BCB@BABAB@@@@B@@B@@@B@@@@@B@BBB@B@B@BB@@@@FBB@@@FB@@B@BBB@B@@@B@B@DBBBDBB@B@@BB@B@@@B@F@@@@@B@@@FA@@@@B@D@B@@@@@B@@@D@@@BAB@B@B@@BB@@@@@FA@@@@B@F@@B@@B@D@B@@@FB@@B@B@D@@@BB@@B@DA@@@@B@@@B@B@B@@@BA@@@@BBB@@@B@BB@@D@@@B@@@F@@@@@BBD@BBB@B@B@B@@@B@DB@@@@B@@@B@D@@@B@DBB@@@BAB@B@@@B@@A@@@AB@@@@@AA@A@@B@@A@@@A@@@A@@@A@@B@@A@@@A@AB@@@@A@@@A@@@@@@BA@@@A@@B@@AB@DA@@B@BAB@B@BAB@B@@@@@BAB@@@B@B@@@@@B@@BB@@@B@@@D@@@B@@@@@BAB@@AB@@@@ABAB@@A@@@@@A@@@@@AB@BAB@BA@@B@@@B@B@B@@@B@B@B@B@@@B@@@B@@@BA@@B@@@BA@@@@@A@@B@@@B@FBB@@@@@@@@@B@@@@@@@@@B@@@A@@A@@@@@@@AB@BA@@@@@A@@@@@@@@@A@@B@@@@@@A@@B@@AB@B@@@BA@@@AB@B@@A@@@@@AB@@A@@@A@@BABA@A@A@AB@@AD@B@B@BB@@BB@BB@@@B@@ADADA@AB@B@BA@@B@B@B@B@@@B@@@@A@@@A@@@A@ABA@@BA@@BA@@B@@@BABABAB@@ADABABADA@@B@B@BB@@D@D@B@B@@A@EAAB@B@@@B@B@@@B@@@B@@B@@BB@@@@@@B@@@BA@@BA@@@@@AA@@@@A@@A@@A@@@@@AB@@@@A@BB@@@@A@@@A@@@@@@@@@@A@@@B@@A@@@@@@A@@@@AA@@AAA@@@@B@@AB@@@@@B@@@B@D@B@D@@A@@@B@@@@@BB@@B@BBB@@@@A@@BA@A@ABA@@BA@@@@@@@@BB@BDDB@BB@@BB@@B@B@@@@@B@BBB@@@BB@@@BB@@BBHD@@B@@BB@BB@BB@@BB@BBBBBBBB@@BBBB@@@@@@@@AB@@A@@@DDBB@BB@@B@@BB@@@BB@@@@@@@@@B@@AB@B@@AB@@@@D@@@B@B@B@B@@@B@@@@AA@@A@A@A@@@A@@@A@B@@D@B@B@B@@@B@BB@AB@@@@BBB@@BB@BB@BB@@B@@@BBB@@BB@B@B@@B@@B@@B@B@B@D@B@FBB@B@B@D@D@D@B@D@@@D@B@B@D@F@B@D@HBB@B@B@@@B@B@D@@@B@BA@@BA@@BA@AB@@ABA@@BA@ABA@@BA@@BA@@BABABCBAB@BA@AB@@ABDDF@B@@@@B@BCBABA@AB@@@B@@@B@@BD@B@B@BBB@BBD@BBDBHD@@DB@@BB@@@@ABABA@@@ABA@@B@@BDB@@BB@BBBB@@BBBBBBBBBB@@BB@@B@B@B@D@B@B@BBB@B@@A@@BAB@DBBA@@@AB@@A@@B@BB@@BA@@B@@@BB@@@AB@B@B@B@BBB@@@@@@@BA@@@A@@@AB@@@BB@@B@@@B@@@@BB@@@@@B@@@DA@A@@@A@@B@@@@@@@B@@@B@@@BA@@B@@@B@@B@@B@@@B@@@@@DCB@@@B@B@B@BA@@BA@@@@B@B@B@DBB@@@BBD@F@B@BBB@B@@@@@@@B@@@@BB@@A@@BA@@DA@@B@D@D@B@B@BB@@@B@@@B@@@@@B@@@@@@B@@BBAB@@@B@B@BB@@B@@@@@@@@@@@@@@B@@@@B@@@@@B@@B@@BB@B@@BBB@BB@@B@@@@@B@@@DB@@B@@B@@BB@@BB@@BBBB@@BB@@BB@@@@@@@BB@@@@@@@B@@ABAB@@@B@@@BBBBBBBB@@@@B@@@B@BA@@B@@@@@B@BBBBBBB@DDB@@@BBBAB@@@B@@@B@@@B@@@BB@@BBDB@BB@@@BBBB@@DB@@@@B@B@B@FB@@B@D@B@B@B@@@@@B@B@B@BBD@B@DBB@DBB@BBD@B@BBB@BBB@DBD@@@B@@@B@@@B@B@@@B@B@@@DBB@DBB@@@B@@@BBB@BBB@BBB@@@@@BBB@@BBBB@BBDBB@B@@B@@AB@@@BA@@B@@@@@@@@DBB@B@B@BBB@BBB@B@B@B@B@B@BAB@B@B@B@B@B@B@B@F@B@@@B@B@DBB@B@BBB@DBB@B@@@BAB@BAB@@@B@@@BB@@BBBB@BB@BB@B@@BBA@@@@@A@A@@@A@ABABABA@@@AB@@A@A@ABE@@@ABC@@BA@CDA@A@@@ABA@CBA@AB@@A@ABA@A@C@@@A@ABA@@BABA@@@A@@@A@@AA@@AA@@@A@A@@@A@AB@@A@ABA@ABABA@@@ABA@A@A@@BA@@B@@@D@@@@@DABBB@B@BBB@BBDDF@BBDDFBDBD@BBB@@@BBB@@@@@BB@@B@@B@BB@@B@BB@@BB@B@@@BBB@@@@@B@@@@@B@B@@@@@B@@@B@BBB@@@B@@AB@B@@@B@B@B@@@B@B@BAB@@@F@DA@@B@@@B@@@@@B@@@B@@@@@@@B@@@@@B@@@@AB@B@B@@@@@D@@@B@@@@A@@B@@@@@B@@@@@B@@@@@B@@@@B@@@@BB@@@@B@@B@@B@@@@BB@@@@@B@@@@@BB@@@@@@BB@@@@@@BB@@@@B@@@BB@@@@@BB@@@@B@@B@@B@@@BBB@BB@@@BDDB@@B@BB@@B@@BB@@@@@@@BB@@@@BBB@@@@@@BB@@@BB@@@BB@@B@B@@B@@B@B@@@@@B@@@B@@@B@B@@@B@@@B@@@B@B@@@B@@B@@@@B@@@@BB@@@BB@@@@BBB@@BB@BB@@@@BB@@@@B@@B@@B@@@BB@@@@@BB@@@@@@B@@B@@@@BB@@@@@@BA@@@@B@@@@@B@@@@@B@@B@@B@@@@@B@@BB@@BB@@@@BB@BB@@BBB@@BB@@@B@@B@@BB@B@BB@@BBB@@BD@@BBBDBDDB@@BB@BB@BB@@BB@B@@B@@@@@@B@@BB@B@B@B@BB@@B@B@BBB@B@DBB@@@B@B@BBD@B@@@B@F@DBB@B@@@B@B@B@D@@@F@@@B@B@@@D@@@BBD@B@D@B@B@B@@@B@D@B@D@B@BBB@B@B@@@B@D@B@B@BBB@D@BBB@@B@@@@B@@@@@B@@@BB@@B@@@BB@@@@B@@@@@B@@@B@B@@@DB@@B@@@B@B@D@B@B@B@BB@@B@@@F@B@@@BB@@F@B@BBB@@@B@D@BBD@B@D@DBB@B@B@BBB@@@B@B@FBBBB@B@B@@BB@A@@@@B@@@@@B@@B@B@@@B@@@BBB@B@@@D@BBD@B@B@BBB@D@B@B@BBB@BBB@@@BBB@@BB@@B@@@BB@@BB@@B@@B@@B@@B@@@B@B@@@@@B@@@B@BBB@B@@@B@@@B@B@@@B@@@B@@@B@BA@@B@@@B@BA@@B@B@B@@@B@B@B@@@B@@BB@BBB@@@B@BBBB@@BB@@BBBB@@BB@@B@@B@@B@@BBB@@B@B@B@B@@@B@D@B@BBBA@@B@B@B@@@B@BBB@@@B@BBB@BB@@B@@BB@B@B@B@B@@@BAB@B@FCDCDAFABABA@ABABA@@BA@@@CB@@@@A@@@@@AB@@@B@@@B@BA@@B@@@B@@A@@B@@@B@@@DD@@@@B@@@BA@@@@B@@A@@B@@@@@B@@@@@@@DBBBB@DB@@@@DB@@B@@@@@@@AAC@@A@A@A@@BAFAB@B@BAB@@@BA@@DABADC@ABA@@B@@@B@B@@@@@B@B@@A@AB@@@@A@@A@CAC@@A@@B@B@B@B@B@@@BA@@@@@@BA@@B@B@B@B@D@B@D@D@D@B@@BB@B@@@B@BB@@B@@@B@@BB@@@@@B@@@@@@@@@@AB@@A@@@@@A@@@A@@@@B@@@FA@@@B@@BB@BB@B@@@B@B@@@@A@@@A@A@AB@@A@@BA@@B@B@@@@@BBB@@B@@@@@BA@@B@@AB@B@@@B@@B@@BB@B@B@F@B@B@@@B@@@B@B@@@B@BBBBB@@BDB@B@@@B@@@@ABA@A@A@AB@@CB@@@@AB@@@@@@@BB@@@BBB@@@BB@@B@@B@@@@@@@B@@A@@BA@ABAB@BA@@B@@@B@@@B@B@@@D@B@@@BB@@@B@@@B@@@BA@@BA@A@@BAB@BAB@B@@@BBB@@B@@@BB@@B@B@@@BB@@@@B@@@B@@BB@@B@BB@@BBB@B@@@B@@BB@@@@BB@@@B@D@@@BBB@@@@BB@@@BBBB@BB@@@@B@@AB@@CD@@ABA@C@ABA@A@A@ABA@ABA@@BAB@@@@@B@B@@@B@@@@@@BB@@@@@@B@@@@@@@B@B@@@@@B@B@B@@@B@@B@@B@@@B@@B@@@@@B@B@@@BB@@BBBB@@@BB@@@@B@@@@@B@B@@B@@B@@@BB@@@@@B@@@B@B@@@@BB@@@BB@@@B@@@BBB@@@B@BA@@@@BB@@DB@@@@@@B@@@@@@@B@@@BB@@@B@B@@@@AB@@@B@@@BB@@BB@@@B@@BB@@@@BB@@@@B@@@@@@@B@@CFAB@@@@@B@@@B@@@@@B@@@@@B@@@@AB@@@B@@@@@@BB@@@@B@@@@@@B@@@B@BB@@B@@B@@BB@@@@@@@@B@@@@@B@@@BBB@B@B@@@@@BAB@@@@AB@BAB@DAB@@@B@@B@@@@BB@@@@@@@@@@B@@BB@@@@@@B@B@@@B@@@@@B@@@BB@@B@@@@@@BB@@B@@BB@@A@@@AB@@AB@@@B@B@B@@A@@B@B@@AB@B@B@B@@@B@@@BB@@@@B@@@@@BB@@@B@@@B@B@@B@@B@@@B@@@BB@@@@@@B@@B@@@@@BB@@@@B@B@D@@BB@@@B@@BB@@B@@B@@@@@B@@@@BB@@BBB@B@@@@BB@@@@BB@@B@@@@@B@@@B@@@B@@@@@@ABABCB@@AB@@@@AB@@@B@@@B@B@BABB@@B@BB@@BB@B@@BB@@@B@@@B@BAB@DAB@@@B@@B@@@@@B@@@BB@@@@BB@@@B@@@@@B@@@BB@@B@B@@BB@@BB@@BA@@@@BAB@B@@BB@@BB@@@B@B@@@BABABAB@BA@@@C@C@C@A@C@AB@@@@AB@B@B@B@@@B@@@@AB@@A@@BA@A@@BABA@@B@@@B@@@BAB@@AB@@@D@B@B@BB@@BBBBBBBB@BBB@BBB@@@BBB@@@BB@@BBB@B@@@B@B@@@B@BA@@D@B@D@B@B@B@BBB@DB@BB@@B@@@BAB@@ABABCBAB@@@@@B@@ABABA@@BABB@@@BB@@B@@@B@@B@@@B@@@BB@@@@BB@B@B@@@BB@@@B@@@BA@@@@B@BAB@B@@ABABADCB@B@@@B@@@@AB@@ABA@AB@B@@@BAB@B@@@B@B@@@B@@@@@B@@B@@B@@@BB@@B@@@@BB@@DBB@@BB@@@@@B@B@B@B@D@B@B@BBB@@@@B@@@@@BDBBBDB@BB@B@B@@@BA@ABA@@BAB@@@DAD@DAB@D@BBB@B@@BB@@B@B@B@B@@ABC@A@C@A@ABAB@BA@@B@@BB@BB@@B@@@B@@@B@B@@@BA@@B@BAB@B@B@@BBB@@@B@BB@@BBB@@@B@@@B@@@@B@@@@@B@BAB@BCB@B@@@B@@@B@@@B@@A@@B@@@B@@@B@@@B@@@@@@B@B@B@B@B@B@B@D@B@B@@@B@F@B@B@@BB@BBBBBB@B@B@B@BA@@BC@A@A@CAA@A@ABA@CBABABCB@BAB@B@@@B@@B@B@BBF@DBB@BBB@BB@BBB@@@B@BA@A@@BA@A@AAA@C@@@CBA@@B@@@B@@@B@@@@@B@@AB@@@B@@@BBBB@@BB@@AB@BAB@B@B@@BB@@@@BB@@B@@ABABAB@BAB@B@@BB@BB@@@BBB@D@B@D@B@BB@BB@@@@@ABA@A@A@A@A@A@A@C@A@A@A@CAAACAA@C@A@C@A@A@@@@B@@BBD@BBDBBBBDBB@B@B@D@B@B@@@BA@@B@@@B@BBBBB@B@@@B@@AB@@A@A@AAA@ABA@@BA@@D@B@@BBBB@@D@D@F@D@@@BB@@@BCDABA@C@A@@@CB@@AB@@@B@BBBBBBBB@BBB@@@@B@@@DCDAD@@@BB@@@B@B@B@B@DBB@@@@B@@ABA@AB@@ABB@@BBBDBB@@B@@@B@BABA@@B@@BB@@B@BB@@B@BA@@B@BB@@BDFDB@DBD@@@B@B@BADAB@B@B@B@@B@@@BA@A@A@C@ABAB@@AB@BB@@BB@B@DAB@B@B@BBDDDDDB@BBBBBD@BBD@BBBB@BA@@@C@C@@BABA@@BB@@BB@BBBAB@B@B@@@B@@BA@ABEDA@@BBBBD@BB@FBB@@B@@@B@BA@@B@BB@BB@DBD@BAB@@CBCBABA@AB@BBB@BB@D@DBB@B@DBBBB@@BBBBBDB@BB@BAB@B@B@@@BB@@@BBB@@FD@@B@@@@@@@@A@@@A@@@@DA@A@@@BB@@@@@B@@@@@@@B@@@B@B@@@B@@@BA@@B@@@@@BBB@@@B@B@BA@@@@DBBBBDBB@BBB@B@@@@@BAB@B@@@@B@B@B@D@@AB@@@@@B@@A@@FCB@DCBA@@@@@@@A@@@@A@@AB@B@@AB@@@B@@@@@BADAB@@@BAB@B@DABABAB@FCB@BA@@BAB@BBD@B@BB@@B@@@B@B@B@@@FCDA@@B@DCD@BA@@B@@BBBBB@@@@BABAB@DABAB@@@BA@@@ADADA@A@@A@@A@@A@@AA@@@@@@@@@@@@AB@@AB@@@@@@@BAB@@AB@@@B@@AB@B@@AB@@@B@@AB@B@BAD@AAA@AA@AA@CECC@AA@@AA@AAAAC@AAAAAA@@@A@@@A@AAAA@@AAA@@@C@A@@@A@@@A@@B@@@@A@@@AB@@@@A@@@@@@AAA@@@@@@@@AA@@@@A@@BA@@@@@A@@A@@@@A@A@@CA@@@@@A@@@@B@@@@A@@B@@@@A@ABA@@@AA@@@@@@C@@@CB@@@@@B@BA@@B@B@@@BA@@D@@@BA@@@@BAB@BA@AB@@A@A@@B@@@@A@@@@@A@@B@BA@@@@B@B@@@@@@@B@@A@@@@B@@@@@@@B@B@@@B@@AB@B@B@@@@@B@@A@@B@B@@@@@B@@@@@@@@@@@B@@@@@@A@B@@@@B@@@@@@@@@BA@@@@@@B@@@@@@@BA@@B@@@@@@@B@@@@@B@@@B@@@@@B@@@@@@@B@@@@@@@@@BA@@@ABA@AB@@A@@@A@@B@@@BABA@@@@BA@@@@@@@A@@B@BA@@B@A@@A@@@A@@@@@@AA@@@A@@@@@A@A@@@A@@@@@A@@@@@AAA@CA@@A@A@C@AA@@@AA@@@@@@BAB@BA@@@@B@D@BAB@B@@@B@D@@@B@@@BAB@@@B@DBBB@@B@B@DAB@@@BB@@@@B@@@@@B@BB@AD@DADA@@DCBADAB@B@BAD@BABAB@@@B@@B@AB@@@B@@@B@@BB@@@@@@@@A@@BADCDAB@@ADAB@BABAD@BAHA@A@@A@@@@@@@@AA@@@@@@@AA@@@@B@DCB@BA@@B@@ABAB@BABA@@BA@ABAB@BABA@AB@@AB@BA@A@@B@@ABA@@B@BA@@@ABABABAB@@@@@BA@@@AB@@A@@@@@AB@BA@@@AB@@@BA@AB@@@BA@@B@@AB@@AB@B@BA@@B@@@B@@@BA@@B@@ABAB@@@@A@@BA@@B@@A@@@@@@DA@AB@@@B@@B@@BAB@BA@AB@@ADA@@BABA@@BA@@B@BABA@@BAB@@@DC@@B@BABA@@@@B@@AB@B@@A@@B@DBFFDB@@FD@@DBD@@@F@HBD@B@BBB@DBD@DBB@B@D@@@B@D@J@L@B@B@B@BBB@D@D@D@B@FAB@BBB@@BB@@@@@@@BA@@BC@A@@@@@@@A@@@A@@@AA@AEAACC@A@@@@HBD@BB@@BA@ADC@A@@B@@B@@@@AD@@B@D@B@@@@@@@BA@AB@@@B@@@@A@@B@@@B@@AB@@@A@@A@@A@@A@@CE@@CE@@@@BA@@@ADABABA@@BA@@AA@@@@@A@@@@@A@@A@A@@@@A@@@A@A@@@@@@@A@@@A@@@@@A@@@@@A@A@@A@@AAA@@B@@@@@B@@@@A@@@A@A@@@@@@B@@@B@B@@AB@@@@@@B@@B@@@@B@@@@B@@@@@B@@@B@@@@AB@@@@@B@@@@@@@B@@@@@@@B@@@@@@@@@B@@@@@@@@@B@@@@@@@B@@@@@@@@B@@@@@B@@@@@@@@@@@@A@@B@@@@@@@@@@B@@@B@@@@@@A@@@@@@@@@@B@@@B@@@B@@BA@@BAB@@@@@@B@@B@@@@@@@B@@@@@@@@@B@@B@@@@@@@B@@A@@B@@@@A@@@A@@@@B@@ABAB@@@@@@B@@@BB@@@B@@@@B@@@@@@@@@@B@@A@@B@@@B@FA@@@A@@@@B@B@B@BD@@BB@@B@@@@BB@@@B@@@B@@@@@@A@@@@A@@A@@AAA@@@@@@A@@@@@@@A@@A@@@@AD@B@@@B@B@@B@B@@@@B@@B@@@@B@@@B@@@@@B@BA@@BA@@@@A@CAC@@@@A@@BA@@@@@@@@D@B@@B@@B@B@@@BAB@@@@@@@BAD@@ABA@@B@B@B@@@@@@B@B@B@B@@@@BD@@B@@AB@@@B@B@@@B@@@BAA@@A@@A@@@@A@A@@@@@AB@@AB@@@B@B@@@@B@@B@BB@@B@@@@A@@@@B@@@B@@B@@DBB@@BB@B@@@@@BA@@@@@A@@@@BA@@BA@@@B@@B@@@@B@@@@@B@@B@@B@BBA@BBABB@AB@BA@@B@@D@@@B@@@@@@D@BBD@@BA@@@@BB@@BD@@@@@B@@@@@@@@@@@B@@@@@B@@@@@@@B@@@@@@@B@@@@B@@@@@@@@B@@@@@@@@@@BB@@@@@@@@@@B@@B@@@@@@BB@@@@@@@B@@A@@@@@A@@B@@AB@@@@A@@@@@@@@@@A@@ABA@@@A@@A@@AA@@@@A@A@@@@@A@@D@BBB@B@B@@@@AB@@@@@AAA@@@AAA@@A@@@AA@@@BA@@@AB@DB@B@@@@@@@BB@@@B@B@BA@@@@AA@@BA@@B@BC@@@@@AAA@@BA@@B@B@B@@@B@B@@@@BB@BB@@B@@A@@BA@@@@BAB@@BB@@A@@B@B@B@B@@@@@@B@@A@@@@B@@B@BBB@B@B@@BB@B@@BB@@A@@B@B@@AA@@C@@AA@AB@@AB@@@@@DDB@@A@@@@B@@@@@BB@@@@@B@B@B@BB@@@@B@@@@B@B@@@@@B@@A@@@@AA@@BA@AA@@@@AAA@@B@@@B@@AB@@@@B@@BBB@@@@@@CB@BAB@B@@@BBB@BBBBB@@@BAB@@B@@BA@AA@@@BC@@@A@@D@@@B@@@@BB@@@B@@@B@@@B@@@AA@@@@B@@A@@A@A@A@@@@ABC@A@@AA@@DC@@@@@A@@AA@@@A@@AA@@@A@@@@@@BA@@B@@A@@@@@@@A@@@@@A@@BA@@BA@ABA@@@@B@@AB@@@@A@@@@A@@@@A@@@@@@A@@@@@@@@@ABAA@@AAAAAC@@BA@@ACA@AA@@AA@@@A@@BABCB@@@AA@@@AB@B@AA@@@@BA@@@@@A@A@@@@@@@AA@@A@@@@A@@@AA@@@@A@@@@A@@A@@A@@@@A@@AAAAA@@DADA@@B@B@B@@@@@D@AAACA@@@AAB@BAFAAC@@A@@@@@@AD@DAAA@@@@A@BADAB@FCHAJCBA@AA@A@AAA@@@@@AAA@@@@AA@@@A@DCBBFCDCDAB@@@@BB@BB@@BD@@BB@@BBB@@@@@@@@@B@@AB@B@@AB@@@@AB@@@B@@AB@B@BA@@@@@@BA@@B@@@@A@@B@@@@@@@@@B@@@@@@AB@@@B@@@@@BA@@B@@@@@BABABAB@@ADCBABC@@BCBABABA@@BABA@AB@@AB@BA@@@@DA@@@@B@BA@@B@@@BAB@B@D@D@@@B@B@@AB@F@FADAB@@@@@@A@@B@@@@@@A@@B@@@@@@@@@BA@@@AB@@AB@@@@@@@@AB@@@B@@A@@@@@@BA@@BA@@@@@@B@@AB@@@BA@@@AB@@@@@BA@@@@B@BA@@BA@@@@@@@@@AB@@@@@@@@@B@@A@@B@@AB@@A@@B@@A@@@@B@@A@@@@@AB@@A@@@@@@BA@@BA@@BA@@@@@@@@BA@@@@@@B@@@@AB@@@BA@@@@B@@A@@B@BA@@@@DA@@B@@@B@@@@@BA@@B@BA@@B@@@@@B@@AB@@@@@B@BA@@BAB@BAFAB@B@B@BAB@@@@@AA@@@@@@B@@A@@@@BAB@BA@@@@@AB@@A@@@@B@@@@AA@A@AAAA@@AA@AAAA@ACAAA@@AAA@@CAAA@@AA@@CA@AA@@AA@AA@@AA@ACA@@AAAAAAAAAA@@AAA@AAAAAAAACCAAAAAAAAA@@AA@CCAA@@@@CC@@AAA@@ACA@AA@@AA@AAAA@@AA@@CACC@@AAA@AACAAAAAA@AA@@AA@@AAA@@AA@AA@@AA@@AAA@@AA@AA@@AAA@AA@@A@AAAAAAA@AA@@AA@@AAA@@AA@@AAA@@CC@@@A@@B@@@BA@@@@@@B@@@B@@AB@@@BA@@@AB@@@@@BA@@@@BA@@B@B@@@@@@AB@@@BAB@@@B@@A@A@@@@BAB@@@@@@@@A@@@@B@@@@AB@@@@@B@@@@@BA@@@@BA@A@@@@@A@@@@@@@@BA@@D@@@B@@@@@@A@@@@B@@AB@@@@@@@@A@@@@@@@@B@B@B@@@@@B@@@@AB@@@@@@@B@@@B@@@@@B@@AB@@@@@@@@A@@@@@@@@B@@A@@@BB@@AB@@@B@@@B@@@@@@@B@@@@@B@@@@@BA@@@@@@B@@@@@@@@@@@@A@@B@@@@@B@@@@@@@@@B@@@B@@@B@B@@@@@B@@@@@B@@@@@B@@@@@B@BB@@B@BA@@B@@@D@B@BBB@@@B@B@B@B@B@@@@@@@B@BBB@B@BBB@DBBBB@B@BBB@BB@@@@@AB@@@B@@@B@B@B@B@@@@@B@@@BA@@@A@AA@BA@@@@@@B@B@BAB@@A@ABA@@BA@AB@@@B@@@B@@@@@@@B@@@@@@AB@@@BA@@B@BAB@@AB@BA@@BA@@BA@@@AB@@A@@@@@A@@@@A@@@@@@@@@@AA@@A@@@A@A@@@@@@AA@@@A@@@@B@@@BA@@@@@@@A@@@@@@@AAA@@BA@A@A@@@A@@@@@A@@@A@@@@A@@@AAA@A@AA@@CAA@@A@@A@@A@@@A@A@A@@AA@@@A@@@@AA@@A@A@A@@@AAC@C@A@@@A@@@AA@@AAA@A@@@A@AAA@@@@@@@AA@@BA@@@@@A@@AA@@@@@@@@@@A@@@A@@@A@@@A@@@@@A@@@@@AA@@A@@@AA@@A@@@A@@@ABA@@@AB@@@@@@@A@@@@@A@@A@@@@@AAA@@@@@@@@@@A@@@AB@@A@@@AA@@@AA@@A@@AA@A@A@A@@A@@A@@AA@@@A@@A@@AA@@@@@BA@@@@@ABA@A@@@A@@@@BA@A@@@@@A@@@@AAA@@@@A@@@AA@@AA@@A@@AA@@@A@@A@@@A@@AA@@@@A@@@AAA@A@AAA@@@AA@@@@BA@@B@@AB@@@@AAA@@@A@@@A@@@A@@@@@A@A@@A@@@@A@@@@@@@@@A@@BA@@@@B@BAB@@@@@@@@A@@@@AA@A@A@@AA@@@A@@@AB@@@BAB@@@B@BA@@B@@@D@B@B@B@B@B@B@BBB@B@@@B@B@B@@AB@B@@@BBB@B@B@B@B@@AB@B@@@B@B@@AB@@@BA@@B@@@@BB@@@BB@@@@BAB@@@B@B@@@B@@@B@B@B@@@B@B@@@B@@AB@BA@@B@@@@@B@@@B@@@B@@@@@B@@@BA@@@A@@BA@@B@@@@@B@B@@@@BB@@B@@BB@@BB@BB@@@B@@@BBB@@BB@@@BA@@@@@@BA@@@@B@@@BAB@@A@@BA@@@@@A@@@A@A@@@@AA@@@A@@@@@@AA@@@@@AA@@A@@@A@@@@@@@@@A@@B@@@B@B@@@@@B@@@B@BA@@B@B@@@BA@@B@@AB@@AB@BA@@BA@@@@@AA@@@AA@@@@@AB@@A@@BA@A@@BA@@@@@A@@B@@@B@@@@A@@@A@@@@@A@@@A@A@A@@@@@A@@@@AA@@@A@@AE@@@@@A@@@A@@BA@@BA@@A@@A@@@@@@@A@@B@@A@@AA@@@AA@@@@AA@BA@@@A@@@A@@@@AA@A@@@@BA@@B@@@BA@A@@B@B@B@@@B@B@B@@@B@BA@@D@@@B@@@@@@@B@@@@@@BBB@@B@BBB@BBB@@BB@@BA@@B@@BB@@@@@B@@@@ABA@@BA@@B@B@@@@@B@@@@AB@@AB@@@@@B@@@B@@A@@@@B@@@@@@@B@@BB@@@@@@@BA@@BA@@B@@@@@@@B@@B@B@@@@B@@B@@B@@B@@B@@B@@@@B@@@@@B@@B@@BB@@@@@@B@@B@@@@@BB@@@@@@B@@@B@B@@BB@@@B@@B@@@@@B@B@@B@@@BB@@@@B@@@B@@@B@B@B@@BB@B@BBB@@@B@@BB@@@@@@@BB@@@@@@B@@@@@@@BA@@@@B@@@@@@A@@B@@A@A@@AA@@@@@@@@@@B@B@B@@@B@BB@@@BB@@@@@@B@@@@AB@@AB@@@@BB@@@@BBB@BBB@@BBBB@@BB@B@@B@@BB@@B@@@B@B@@@@@@BBB@@@@@@B@@@@@@@BAB@BA@@BB@@B@@A@@B@@AB@B@B@B@B@@@B@@BB@B@B@B@@@B@B@@@@@BABA@ABA@@B@B@BA@BB@@@@@@B@@@B@@@BB@@@@B@@@@AB@@@BA@@@BB@@@BB@@BBB@@BB@@@@@B@@@B@@@B@BA@@B@@@BB@@BBBB@@@BB@@B@B@B@@@BBB@@BB@B@BBB@B@@@B@B@@@BAB@B@B@B@B@@@@@BB@@@B@B@@@BB@@@B@@BB@@@@BB@@@B@@@B@BB@@BB@@@@@B@@@B@@@B@@@@BB@@B@B@@@B@BAB@@@B@@@@@@DBB@@@@BB@@B@B@B@BBB@@@B@@B@@@B@B@@BB@@@@BBB@@@B@@B@BB@@BB@@@@@BA@@@BB@@BBB@BBB@@@@BBB@BB@@BBBBB@@B@@BB@@BB@B@BBB@@@@@B@B@@ABA@@B@@A@@BB@@BB@@B@@BB@@@BB@B@@B@@BB@@@BB@B@BBB@B@D@BBB@B@@@B@DBB@@@B@@B@@@@AB@B@@@B@@@B@@BB@B@@@B@@@@B@B@B@BBB@@@B@@AB@B@@BB@B@@@@BB@@B@@B@@BB@@BB@B@BB@@@@BB@@@B@@@@A@A@A@@@CB@BA@@@@B@@@B@BB@@B@B@B@B@B@@AB@B@B@@BB@@@@@B@@@@BB@B@@B@@BB@B@DBB@BBB@B@DBB@B@B@@@B@FAB@BAB@@A@@BAB@B@@@B@@@BB@@@BBB@@@B@B@@@B@@@B@@BB@@@BA@AB@@@@@B@@BBBBD@B@@BB@B@BB@@@@@B@@@@@@@@AB@@B@B@@@B@B@@@@B@@AB@@@B@BBDBB@@BB@@B@@BBB@@@@BB@@@@@@@BB@@B@@@B@D@B@B@B@@@BBB@D@B@@@BAB@@AB@B@B@B@D@B@BAB@B@@AB@@@B@@@B@@BB@B@B@@BB@B@@B@@@BB@@B@@@@@@B@@@BAB@BBB@@@BBB@@@BBBBB@BB@@B@@DD@BBB@BBBB@BBBB@BBBB@BBBBB@DB@@B@B@BBB@BBB@@B@@@BB@DDB@BBB@BBB@@@DBBBB@@@DBBBB@@@@@B@B@B@B@B@B@B@B@B@B@D@B@@@B@B@DAB@B@B@BAB@B@B@@@HBFBB@@@@@BB@@BBBBDB@@@@@@B@@@@B@@@B@BBB@B@@@D@@@B@@@BB@@@@B@@@@@BB@@B@@@B@@B@BB@@BBB@@BB@BBBBB@BBBBB@BBBBB@DBB@BBB@BB@@BBB@@BB@@BBBB@BB@BB@@BBB@@@B@@@B@BAB@B@B@B@BBB@B@@@B@@BB@@B@BBB@@@B@BBB@@@B@@@B@@@B@@@@@B@@BBBB@@BB@@@@@B@@@B@B@@@BA@ABABAB@BA@@B@@@B@B@@@B@B@@@B@B@BBB@B@BBB@B@@BB@@@BB@B@@@B@@BBB@@@D@@@B@B@BAB@@@B@D@BBB@BBB@BBB@B@@@B@B@BB@AB@BA@@D@BA@@B@BAB@@@B@BAB@BA@AB@BAB@@@B@@@D@BBB@B@B@B@@BB@BBB@@@BBB@BBDBB@BBBBDD@@@BB@@BB@BBBBBBB@@@B@B@B@B@@@B@B@BAB@@@BABA@@B@B@BA@@@A@A@@@@AAA@@A@C@@BA@@@@@AAC@AB@@AA@@AA@AAA@EA@@AAAAA@AA@AA@A@@AAA@@@AB@BA@@BA@@@A@AAA@AAAA@AAA@@A@@BA@ABA@AB@BA@@@ABA@A@E@CBA@E@A@@@AAA@@BA@AD@DA@@@A@@@A@ACA@@IECAECCAAAAA@A@AAC@AAAACAA@AAACAIAEA@@A@@A@ABA@A@A@A@A@AAAAA@A@@B@@AB@B@DAB@BA@CBAA@AAA@EBA@EBC@C@C@A@C@C@CC@@AAAABAAA@A@A@AB@BA@@B@B@B@BABC@@@ABA@AB@@A@ABA@AB@BA@@B@BAB@B@BABCBA@A@A@C@AB@@AB@@AB@@A@@A@A@A@AA@@A@BA@@@A@A@@BA@@B@BAB@@@@A@@@A@@AA@A@@@A@AB@@@B@@@B@B@@@BAB@B@@@BABA@@@ABA@@B@@@@@BA@@@@@@AA@@A@@@A@@@@@A@@@@@AA@@@@@@@@@A@@@@@@@@@@@AB@@@B@@@@@@A@@@@AA@@@@A@@A@@@@BAA@@A@@@@@@@@@@@A@@B@@A@@@@@A@@@@@@@@BA@@B@@@B@@@BA@@@@@@@AB@BA@@@@BA@@A@@@@AA@@B@@A@@@A@@A@@@@A@@A@@@@@@@AB@@@@@@A@@@@@@A@@A@@A@@@AB@@A@@@@A@@@@A@@@@@@A@@@@@AB@@@@@@@@@BB@@B@@@@@B@@@B@@@B@@@@@@A@@@@@A@@@@A@@@@@A@@@A@@A@@AAA@@@@@@@@@@@@@BA@B@@@@B@@@B@@@B@@@B@@@@A@@@@B@@@@@BA@@@@@@@A@@@@@@A@A@@@A@@@A@@@AA@@@@@@@@@A@@@@@@@@@A@@A@@@A@@@@AA@@@@A@@@@@@B@@@@@@AB@@@AA@@@AA@@@@@A@@@@@@AA@@@BA@@@@@A@@B@@@@@@A@@@@@@@A@@@@@@@A@@@AA@@A@@A@@A@@@@@@@AB@@@B@@@B@BA@@B@@@@@@@@A@@@@@@A@@AA@@@@@@@@A@@@@B@@@@@@AB@@@@@@A@@A@@A@@@@@A@@@@@A@@@A@@@@AA@@A@@@@@A@@@A@@@@@@@@A@@@@@@B@@A@@@@@@@@@@AA@@@@@A@@@@@@@AB@@@B@@AB@@@@@@@AA@@@@@@@A@@@@@@@A@@@@@@@@@@A@@@@@@@A@@@@@@@A@AA@@@@A@@@@@@A@@AA@@@AA@@@@@@A@@B@@@@A@@B@@@@@@A@@@@AA@@@@@@A@@A@@@@@@@@@AB@@@@A@@@A@@@@@A@@AA@@@@@AA@@@@@A@@@@@A@@@@BA@@A@@A@@@@@@@@A@@@@@@@A@@@@@@@A@@A@@@@@@@A@@@@@@A@@A@@@@A@@@AB@@A@A@@AA@@AA@@@@@@@A@@@A@@@@@@@@@@@@B@@@B@@@@@@@B@@@@@BA@@@@@@AA@@@@@A@@@@@@B@@AB@@@@@@A@@@@BA@@@@A@@@@A@@AA@@A@@@@@AAC@@@AA@@A@@@@@@A@@@@BA@A@@@@@A@@@@@@@AA@@A@@@@@@BA@@@@B@@@@@B@@A@@B@@@@@@@BA@@@@@@@AA@@@@@@@@@A@@@@@A@@@@@@@@@@A@@@@BA@@@@B@@@B@@@@@@A@@@@@@@AB@@@@@@AB@@@@AB@@@@@A@@A@@@@@@@@@A@@@@@@BA@@@A@@@@@@@AA@@@@@AA@@@AA@@@B@@A@@B@@A@@@@@A@@@A@@@AA@@@@@@A@A@@@A@@@@@@@@@A@@B@@AB@@A@@@@@@@AA@@A@@@A@@B@@A@@@@@@B@B@@@B@@@BAB@@@@A@@@@AA@@A@@AA@@A@@@@@@@@@A@@@@@A@@@@@@@@@A@@BA@@@A@@@@@@AA@@@@@A@@@@@@@@BA@@@@@@@AA@@@A@@@@@AA@@@@@AB@@@@@@A@@@@@@AA@@@AB@@A@@@@@@@A@@A@@@@A@@@@@@B@B@@@@A@@@@@A@@@@@A@@@@@@@@@A@@B@@@@AB@@A@@@A@@@A@@@@@@B@@@B@@A@@@@@@@A@@@@@A@@@@@A@@@A@@B@@A@@@@BA@@BA@@B@@@BA@@@@@@@A@@@A@@@A@@@@@A@@@A@@@@@A@@B@@A@@@@@A@@@A@@@A@@B@@@@AB@@@@@@@B@@@@@@A@@@@@A@@@@@A@@@@@A@@B@@A@@@@@AB@@@@@BA@@B@@@@@B@@@B@@@B@@@BA@@@@@@B@@@@@@@B@@@BB@@B@BB@@B@@@B@B@B@@@B@@@@@B@@AB@@@B@B@BA@@B@B@B@BA@@B@BB@@B@BB@@@@BB@@B@@B@@@@BBB@@BB@@BBB@@@@@B@@@@@@BB@@@@@B@@@@@BB@@@@B@@@B@@@@@@BB@@@@@@@BB@@@@@B@B@@@BB@@@@B@@@@@@B@@@@@@@B@@@@AB@@@@@B@B@@@@BB@@@B@@@@@BA@BBA@@B@@@@@@A@@B@@@@A@@@A@@@@BA@@@@@B@@@@@B@@@@@B@@B@@@@B@@@@@BB@@@@B@@@@@B@B@B@@@@AB@@@@@B@@@B@@@B@@AB@@BB@BBBDB@B@B@BA@@BA@@BABABA@AB@B@BA@@@A@@B@D@@@BAB@@@B@@@@@B@@@@@@AB@@@@@B@@A@@@@B@@A@@@@@A@@@@@@BA@@@@@@B@@@@@B@@BB@@@B@@@@@B@B@@@B@@@@@B@@@@@@@BA@@@@@@B@@@@@B@@@@@B@@@B@@@@@BA@@@@B@@@@@B@@@B@@@B@@@B@@@B@@@B@@@B@@@@@B@@@B@@@@AB@@@B@@A@@@@B@@A@@@@@@@@@A@@@@@A@@@@@@@A@@B@@A@@@@@@@AB@@@@@@A@@@@@@@A@@A@@@@@@A@@@@@@@A@@@@@@B@@A@@@@@@@@@A@@@@@A@@@@A@@A@@A@@A@@@@@@@A@@@@@@BA@@@@B@@@@A@@@@@@BA@@@@@@@A@@B@@@@@@@@AB@@@@A@@@@@@@@B@@@BA@@@@B@@@@@B@@BBA@@B@@@@@B@@@B@@@@@@AB@@@@@BA@@@@@@@A@@B@@A@@@@@A@@@@@@@AB@@@@@@A@@@@B@@A@@@@@@@A@@@@@A@@@@B@AA@@@@B@@@@A@@@@@@@@@AA@@A@@@@@@@@@@@A@@@@@@@A@@A@@A@@A@@@@A@@@@A@@@@A@@@@@AA@@AA@@A@@@@A@@@A@@@@@A@@B@@@@@@@@@@@@A@@@@@@@A@@B@@@AA@@@@@@@@@@A@@A@@@@@@AB@@@@@@A@@@@@@BA@@@@@@@@@A@@@@A@@@A@@@@@A@@@@@@A@@@@@@@@@A@@@@@@@@@A@@@@@@B@@@B@@@B@@@@@@BB@@@@@B@@@BA@@B@B@@@@AB@@@@@@@@A@@B@@@@@@@@AB@@@@@@@BA@@B@@@@@@@@AB@@@@@@AB@@@@@B@@AB@@@@@@@@@@@@AA@@@@@AA@@@@@@@@@AA@@@@@@@@@@A@@B@@@@@@@@A@@@@@@@@@A@@@@@@@@@A@@@@@@@@@@AA@@@@A@@@@@A@@@@@A@@@@A@@@@@@@@@@@A@@@@@@@@@A@@@@@@A@@@@A@@@@A@@@@@@@@A@@A@@@@@@@@A@@B@@@@@@@@A@@B@@@@@@A@@@@@@@A@@@@@@@A@@@@@@A@@@@AA@@@@@A@@@A@@@@@@@AB@@@@@@@@@@A@@BA@@@A@A@@@A@@@@@A@@@@@@@A@@A@@@@@@@@AA@@@@@@A@@A@@A@@@@@@AA@@@@@@AA@@@@@A@@@@@A@@A@@@@A@@@@@@@A@@@@@A@@@@A@@@@@@@@@@@AB@@@@@@@B@@@@A@@B@@@B@B@BA@@B@@@@@@AB@@@@@BA@@@@@A@@@@@@@@A@@@A@@@A@@A@@A@@@A@@@@A@@@@@@@A@@@@@@@@BA@@@@B@@@BAB@@@BA@@B@@@@@BA@@@@@A@@@A@@@@@@@A@@@@@@@@BA@@@@@@@@BA@@@@@@@@@AB@@@@@B@@A@@B@@@B@@@@AB@@@@@B@@@@A@@@@@@@AB@@@@A@@@@BA@@@@@A@@@@BA@@@@AA@@@@@@@A@@@@@@@@@A@@@@@@@AA@@@@A@@@@@A@@@@A@@A@@@@@@@@AA@@@@@A@@@@@@@@@@A@@@AA@@A@A@@@A@@@@@A@@AA@@@A@@@AA@@@@A@@@@@A@@@@@@@A@@AB@@@@@@@@@@A@@@@@@@@@@@AA@@@A@@@AA@@@@A@@@A@@@@@A@@@A@@@@@A@@@@@AA@@@@@@A@@A@@@@@@@@@A@@@@@@@AB@@@BA@@@@@@BA@@@@@@@A@@B@@@@@B@@@B@@@B@@@@@B@@@B@@@@@@@B@@@@@B@@@@@@@B@@@@@B@@@@@B@@@BB@@B@@@@@B@@@@@@@BBB@@@@@B@@@@BA@@@@@@@@@BB@@@@@@B@B@@@@@B@@@B@@@B@@@B@@@B@@@B@@@BAB@@@@@B@@AB@@@@A@@@@@A@@@@@@@A@@@@@@@@@A@@@@@A@@@@@@@@@@@AB@@@B@@@@@B@@@@@@@B@@@B@@@B@@@B@@@@@B@@@@@BA@@@@B@@@@@@@D@@AB@B@FAB@BA@A@A@@AA@@A@@@@C@@@ABABA@AB@@AFA@@BA@@AACECEAA@@@@@@FC@A@A@@AC@@CAAA@AAA@@@A@@AA@A@@AA@@B@BAB@DC@A@AB@@A@BD@BB@@D@@ABAB@DC@@B@@A@@B@@@B@@@B@@A@@@C@A@A@A@@BADAB@B@D@@@D@@@B@@@B@@BB@DBB@BB@@@@@BB@@B@@B@B@HBDBBBBBBAD@B@@@BA@@BABAB@B@DB@@@@BBBB@@D@@@B@@@BB@B@@H@B@B@B@@@DBB@BAB@F@B@B@DABAFAF@@@@A@@@A@@@ABABE@A@@@A@@BAA@@@A@@@@A@@AAA@AA@@AAGA@@@@AA@@BAB@BABABABAB@@A@@AAAACCA@GEC@AACC@AAC@@@@FADA@@@AB@@@@@@A@@@@@@@@@AB@@@@A@@@A@@@@@A@@@A@@@A@@@A@@@A@@@@@A@@B@@@@A@@B@@A@@@@BA@@@@@A@@@@@@@@AA@@@@A@@A@@@@@A@@@@@A@@@@@@@@@@@@A@@AA@@@@@A@@@A@@@@A@@@@@@@@AA@@A@@@@AA@@@@@A@@@@A@@@@@@@A@@@A@@@@@@AA@@@@A@@@@@A@@@A@@@@@AA@@@@@A@@@@@@@A@@B@@A@@@@@A@@@A@@AA@@@A@@@@@A@@@A@@AA@@@A@@@A@@@A@A@@B@@A@@@@@A@@BA@A@@@A@@AA@@@AA@@@A@@@@@@@A@@@A@@@A@@@A@@@A@@AA@AA@@A@@A@@@@@A@@@@BA@@B@@@@AB@@@@AB@@@@AB@@@BA@@B@@AB@@@B@BA@@B@B@@A@@B@@@B@@A@@@@@@B@@A@@@@BA@@@A@@B@@A@@@@@AB@B@@@B@@AB@@@@@@@@AB@@@B@@A@@@A@@BA@@@AB@@@@A@@@@@AA@@@@A@@A@@@A@@@@@A@@@AB@@@@@@A@@@A@A@@@A@@@A@@@A@@@@AA@@AA@AA@@@@@A@@@A@@@@@@@A@@B@@A@@A@@@@A@@@@A@@@@@AAA@A@@@A@@AA@A@@@A@A@A@AA@@@@@@B@@@BA@@@@@@@A@A@@@@B@B@B@BB@@B@B@H@@@B@B@@@@@D@B@@@B@@@B@B@@@BAB@@AB@@ABA@@BAB@B@@AB@@@BAB@B@@@@@@AB@@@B@@AD@B@B@B@@@BA@@@@@@@@@C@@@A@ABA@@B@@@B@@AB@@@@@BA@@AA@A@@@A@@@@AA@@@@@@@A@@@@@AB@@AB@B@@AB@@@@@B@B@B@@@B@B@@@B@@@@@B@BA@@B@@@@@B@@@@@B@@@BAB@B@B@B@@@B@B@BAB@B@B@DABA@@B@@AB@@@@A@@@@@@@A@@@A@@BABABA@@B@BC@@@@BA@@B@BA@@B@BAB@@@B@@@@A@@@A@A@@A@@A@A@@@C@@@@@A@@@@A@AAA@A@CCAA@@A@AA@@@A@@@@@AB@@@@@BAB@B@@@B@DAB@@@B@BADA@@B@@@DAB@B@@AB@BAB@@@@@B@B@@AB@@@B@B@@@B@DA@@BAB@BAB@B@@@B@@@B@B@B@@@B@@@B@@@BAB@@@B@@A@@@@BAB@@@@A@@B@@ABAB@@@@AB@@A@A@@@A@@@A@@@@@AB@@A@@@@@A@@B@@AA@@A@@@@@A@@A@@@@A@A@@@@@A@@@@@@@@@@BA@@@@BA@@B@@@@@B@@@@A@@B@B@BA@@B@@@B@@@@@@@@@B@@A@@@@@@@A@@BA@@@@@AA@@@@AAA@@@A@@AAB@@A@AA@@@@AA@@@@A@AAA@@@AA@A@A@AAAA@@@@@AA@@AA@@@@A@@@ABAB@@A@A@@@@@AAA@@AA@A@@@A@@@AB@DAB@BADA@@B@@@B@D@BAB@B@@@@@BA@A@@@A@@@@@@BABA@@@@BA@A@@@@@A@@@A@@@@@A@@@A@@@@A@@ACAA@CA@@AAAA@AA@A@@A@@A@A@@@EB@@A@@@A@A@@@@@AA@@A@@AA@@@@@A@A@AAA@A@AAA@A@A@AA@@A@@AA@A@@BA@A@@BA@@A@@@A@@@A@A@@@A@@@@B@@@@@BA@@@@B@B@@A@@@@@A@@@@BA@@@@B@@@B@BAB@B@@A@@@A@A@@@@@A@A@@@@@A@@@A@A@@@AA@@A@@@@BA@@@A@@@@BA@A@@BA@@BAB@@A@@@AB@@A@AA@AAA@@@AA@@BAA@AC@ACAAA@@AA@@@@@A@A@@@C@ABC@A@@@A@ABA@@@@B@B@B@B@@@B@B@@@B@@@B@@AB@@@@AB@@@@@BB@@B@@@@@B@@@B@BAB@B@B@B@@AF@D@@AB@BA@@BAB@@@@@B@D@B@B@B@BAD@BA@@B@B@@BB@@B@@BB@@@AB@BAB@@AB@B@B@BBB@B@@BBB@@@DB@@B@@DB@@B@B@B@DB@@B@BBB@DDDBBB@@@@BAB@BA@@BAF@BADAB@B@F@@@B@@@@BB@BB@BB@@BBBB@@@@@B@@@@@B@@A@A@EBA@AB@@@@AB@@@B@BABA@@@@B@@@@@@@@@@@@B@@@@@@@@@@@@@@@@B@@@@@@@@@@@@@@@@@@@@@@A@@@@@@@@@@@@@@@@@@@@@A@@@@B@@@@B@@@@@@@@@@@@@@@@@@B@@@@@@@@@B@@@@B@@@A@@BA@CBA@@BABCB@DAB@BAD@BAB@B@B@@@@@B@@@@BB@@@@@BA@@B@@@@@@AB@@@@@@AA@@A@@@@@@@A@@B@B@B@D@B@@@@@@A@@@CAA@@A@@@@@@@A@AAAB@@@A@@@@@@@@@@AA@@@A@@AA@@@A@@@AA@@@@A@@A@@A@@CAA@AAAAACA@@AA@A@A@A@@@A@A@@AA@@@@@@A@@@@@@@@AA@@@A@A@@@AB@@@@A@@@@@A@@@@B@@A@@@AB@@@@@B@@@@@B@@A@@@@@A@@@A@@B@@A@@@A@@B@@@BABAB@B@@@@@@AB@@A@@@A@@@A@@@A@A@AB@@A@@@@B@@A@AAC@A@@CA@AAA@AAA@C@AA@A@C@A@@@AAAA@A@@A@AA@@@@@@B@@@B@B@@@B@B@B@@@BA@@@@B@B@BA@@B@B@@AB@@@B@B@@AB@@@@@B@@AB@@@BA@@B@@@BAB@DABA@@B@@@B@B@B@@@@@B@@@BA@@@@DB@@B@@@@@@A@A@@B@@@@@B@@@B@B@@@@A@@@@A@@@@A@@@@A@A@@AA@@AA@@A@@@AA@@@A@@A@@A@@AA@@@A@@@A@@@@@@AA@@@A@A@@@AAA@A@AA@@@@@A@@@@B@@@B@B@@@DB@@B@BB@@B@B@B@B@@@BA@@@A@A@A@@@@@A@@BA@@@A@@@AA@@@A@@@@@A@@AA@@@@@AA@@@@@@A@@@A@@@@@@@A@@@A@@@AA@@BA@@@AB@@A@@@AA@@@@@@@@@@@@AA@@@@@A@@@A@A@@@A@@@AA@@A@@A@@@@@A@@@AA@BA@@@A@@BA@@AA@@@@AAA@A@@A@@@@@AB@BA@@@@@@@A@@A@@@A@@@AAA@@@@@AAAA@AA@@A@@@A@@@AA@@@A@A@@@A@@A@@@@@@BA@@B@@@@A@@@A@@@@B@B@@@B@@@B@BB@@BB@BB@@@B@@@@@B@@@B@BB@@BAB@B@@@B@BB@@BBBB@DDBBDDB@B@@BD@DB@@B@@@@B@@@@BBB@@@@BB@B@@@@@BB@@@B@@B@@@BBB@@@@@B@@@@B@@BB@@BB@@B@BB@@B@@BB@@B@@@@B@@A@@@@BA@@@A@@@@B@@@@@@BB@@@@BAB@@ABA@A@@@@@A@@A@@@@@AA@@A@@AAA@@@AAA@@@@@A@@BA@@B@@@BA@@@@@A@@@AAA@@@@@A@@@A@A@@AA@@@@AA@@A@A@@A@@A@@A@@AC@A@@@A@@BC@@@ABA@A@@@A@@@AA@@AAAA@@A@@@AB@B@@A@@B@@@@@@AB@@ABA@A@@@AA@@AA@@@AA@@@@AA@@@AA@@@A@@AA@@@@A@@AA@AB@@A@@@@@A@@@@AA@@@@@A@@@@@@@A@@A@@A@@@@@A@@@@A@@A@@@@B@@@@A@@@@@@@A@@@@@A@@B@@@BA@@@@B@@BB@@@@@BA@@@A@@B@@A@@@@B@@B@@@@@@BB@@@AB@@@BA@@BA@@B@B@B@@@B@B@B@@@@@D@B@@@B@B@B@B@B@B@@@@@BB@@B@@@@@B@@B@@B@@B@@@@@BB@@@@@BA@@@@B@@@B@@@B@BA@@B@@@BA@@@@B@B@B@B@@BB@@@B@B@B@@@B@@BD@@@B@B@@@BB@@@@B@@B@@@@BB@@@D@@@BBB@@@@A@A@@@A@A@A@@@ABA@A@@B@@@B@@@B@@BB@@@@BB@@@B@@@@BB@@@@@B@@@B@@BB@@@B@@@B@@@B@@B@@B@@@@@@@B@@@B@@@B@@@@@B@@@B@@@@AB@@@B@@@@@B@@@@@B@@A@@B@@A@@B@@@BA@B@@B@@@@B@@@@A@@B@@@@@@B@@@@@@@@B@@@@@@@@@@@@@B@@@@@@@@@@@@@B@@@@@@@@@@@@@@@@@@@@@B@@@@@@@@@@@@@@@@@@@@BB@@@@@@@@@B@@@@@@BB@@@@@B@@@B@@@BB@@B@@@@@@@B@@@@@@@@@BBBABAB@BAB@@@BAB@@@B@@AB@@@B@B@B@B@BAB@@@B@@@@@@@BA@@BA@AB@@@@@BA@@@A@ABA@@@AA@@@@@B@@A@@@@B@@@BA@@B@BA@@B@@@B@B@B@B@@@@@@AB@@A@@BA@AB@@@BAB@@@B@@@BA@@B@@@@@@A@@@AB@@@B@B@@@B@DA@@B@@AB@@@BA@@@@B@@@B@@@B@BA@@B@B@@@B@@@B@BAB@@@B@B@B@B@B@@AB@BAB@B@@@@@BBB@@@B@B@B@B@B@@@B@B@B@BAB@B@@BB@@@BBB@B@DBB@@@@BB@@BBB@@BBBBB@@B@@B@@@@@@@@A@@B@B@@@B@@@@@@@B@@A@AB@@@B@BA@@B@@ABA@@@@DABA@@@A@@@@@@BA@@B@B@@@BA@@BA@@@A@@AA@A@@@@B@@@@@B@@@B@B@B@B@@ABA@@B@@AB@BA@@@@@A@@@A@@@ABA@@B@BAB@B@BA@@@@@A@@@@A@@A@A@AAAAA@@A@@@@AA@A@@@A@AAA@@AA@@@AAA@@@A@@A@@AAB@@A@@@@BA@@@A@@@AA@@@A@@@@@A@@BA@@@AA@@A@AA@@@@@@A@@AA@A@A@@AA@@@@@@A@@@AAA@@@A@A@@@A@@A@@@A@@@A@@@A@@@A@@@@@ABA@AB@@A@@@@@@A@@@@BA@A@@@A@@@AA@@A@@A@@A@@@@@A@A@@@A@@@AA@@@AA@@A@@@A@A@@A@@@AA@A@@AA@A@@@AA@@A@@BA@A@A@AB@@@@AA@@A@@@@BA@@BA@A@@@AB@BAA@@A@@@A@@AA@A@@@A@@@A@A@A@A@@@A@@@AAAB@@@@@@ABA@@@A@@@A@A@A@@@A@A@@@A@AAA@@A@@@@@AB@@AB@@@BA@@@A@A@A@@@@@AB@@A@@@AB@@@@@FA@@B@DA@A@@BA@@A@@A@@@@BC@@@A@@@A@AA@@A@@BA@@@A@@@@@A@@A@AA@@@@A@@AA@@@@A@@@AAA@@@A@@@@BA@A@@@@AA@@@AA@@@@A@@@A@@@@@AA@@@AA@@@@A@A@@@A@AAA@A@AA@@@@@A@AAA@@@AA@A@AA@@@@AA@@@AB@@AAA@A@@@@AA@@AA@@AA@@@@A@@A@@A@@AA@@AA@@@AA@@A@@A@@@@AA@@@@@@CCA@AA@@@AA@AAA@@A@@AC@@AA@@@@A@A@AAA@AA@@A@@A@@AA@@@@@AA@@@@A@@A@@A@@A@@AA@@@AA@@@@AA@@@@@@AA@@@AAAA@AAA@AAAACA@A@@@@@@@AB@B@@AB@@C@A@A@A@@BA@A@@@@@A@A@@@A@@@A@@@@@@BA@@B@@@@A@@@@@@A@C@CAA@EAA@IACACA@@A@ABCBAB@@E@A@A@@AA@@C@@@A@C@CA@@@@AAAAC@AAAC@EACACAA@C@A@AACAAAAC@@@A@@@@AAC@CACBC@C@@@CCA@C@IA@@@@A@@AB@@A@@AA@C@A@AAACAA@AC@GAA@@F@B@HABADC@@B@DBB@D@B@BAA@B@@ADE@@BCBABABABAD@B@B@FAB@DAB@B@@@@@BADAB@FAJ@B@D@D@@@DAB@BCBA@AB@AA@A@@@A@ABABC@@@@A@A@E@I@@BE@E@@@@@ABAAA@A@CA@@A@CBA@@@A@@@A@@@A@A@AAC@@@A@@AA@AA@@@@A@@@A@A@@AA@A@A@A@EA@@AA@A@A@@@A@A@@@@@@AA@@B@@@@@@@@A@@@@@@@@@@@@@A@@@@@@@@A@@@@@@@@@@@@A@@@@A@@@@@@@@@@@@@@@@@@@@A@@@@@@@@@@@@@@@@@A@@@@@@@@@@@@@@@@@A@@@@@@@@@@@@@A@@@@@@@@@@@@@A@@@@@@@@@A@@B@@@@@@@@A@@@@@@@@@@@A@@@@@@B@@A@@@@@@@AA@@@@A@@@@@A@@@@A@@@@A@@@@AA@@@@@@@A@@@@@@@@B@@A@@@A@A@@@@@@@@@A@@@@@A@@@@@@@@AA@@@@@@@@@A@@@@A@@A@@@@A@@@@@AA@@A@AA@@@@@@@A@A@@@@@@@@@A@@A@@@@A@@@@A@@@@@@@@A@@@@@A@@@@@AB@@@@@@@@@@A@@@@@@A@@@@@@@@@@@@A@@@@@@@@@@@A@@@@@@@@@@@@@@@@@A@@@@A@@@@@@@@A@@B@@@@@@@@@@@@@@@@@@A@@BB@A@@@@@@@@@@@@AA@@@@@@@A@@@@@A@@@@BA@@BA@@@@B@@@@A@@@@@@@@@@@@@@@AA@@@@A@@@@@@@@BA@@@@B@@@BA@@@@@@A@@A@@@@B@@@@@@AA@@@@A@@@@A@@@@@@@@AA@@@@@BA@@@@@@@@@@A@@AA@@@@@@@@@@@@A@@@@@@@@@@@@@@@@@A@@@@@@@@B@@@@A@@@@@@@@@@A@@A@@@@@A@@@@@AB@@@@@@@B@@@@@@@@@@@@@AA@B@@@AA@@A@@@@@@@@A@@@@A@@A@@@@@A@@@A@@@@A@@@@A@@@@@@@@AA@@@@@@@@@@A@@B@@@@@@@@@@@@@@A@@@@@@@A@@@@@A@@A@@@@@@@@@@A@@@@@A@@@@@A@@@@BA@@@@@@A@@@@A@@@@B@@@@A@@@@B@@@@@@@@AA@@A@@@@@A@@@@@@@@@@@@B@@@@@@@@@AA@@@@@@@@DC@@@@@@B@@@@@@@B@@@@@A@@A@@@@@@@@@@@@AA@@A@@@@A@@@@@@@@@@BA@A@@B@A@@@@A@@@@@A@@@A@@@A@@@A@@BA@@@@@A@@@@A@@A@@@@@@@AB@@@@@@A@@@@@@B@@A@@@@@@@@@@@@B@@A@@@@@@@@BA@@@@@A@@@@@A@@@@B@@@@A@@@@@A@@@@@@@@@A@@B@@A@@@@@@@@@@@@@@BA@@@@@@@@@A@A@@B@@@@A@@@@@@@A@@@@@A@@BA@@@@@@@@@A@@B@@A@@@@@@BA@@@A@@@@@@@AB@@@@@B@@AB@B@@@B@B@BA@@B@@@@A@@@@BA@@@@@@@@B@@@@AB@@@@@@@@A@@@A@@@@B@@@@A@@@@B@@A@@@@@A@@@@@A@@@@@@@@@A@@@@A@@@@A@@B@@@@@@A@@@@@@@A@@@@@@@@@@A@@@@A@@@@@@@@@A@@@@@@@@B@@@@@BA@@@@@@@@@@@A@@@@B@@@@@@A@@B@@@@@@@@@AA@@@@@@@@@@@AB@@@@@@@A@@@@@@@@@@A@@@@@@@@@@@@@@B@@@@@@A@@@@@@@@A@@@@@@@@@@A@@@@@@@@@@@@@@AB@@@@@A@@@@@@@@@@BA@@@@@@@@B@@@@@@A@@@@A@@@@@@@@@@@@@@@@@BA@@@@@@@A@@@@@@@A@@A@@@@@B@@@@@B@@@@@B@@A@@B@@@@@@@@@@@@@@@@@B@@@@A@@B@@@@@@@B@@@@B@@B@@@@A@@@@@@@@B@@@@@@@@@B@@@@@@@B@@@@@@@B@@@B@@@@@@@@@@@BB@@@@@@@@@@B@@AB@@@@@@@@A@@@@@A@@@@@@@@B@@@@@@@@@@@@A@@@@@@@@@@@@B@@@@@BA@@@@@@BB@@@@@@@@@@@A@@BA@@B@B@@@B@@@@A@@@@B@@@@@@@B@@@@A@@B@@A@@@@@@@A@@AAA@@@A@@@@@@@A@@@@A@BA@@A@@A@@@@@AA@@@@@@A@@@@AA@@@@@@AA@@@A@@AA@@AA@@AA@@@@A@@@AB@@A@@B@@A@@@@@AB@@@@@@@@@@@@@A@@A@@@@A@@@@@@@@A@@B@@A@@@@@@@AB@@@B@@A@@B@@@BA@@@@@@@@@@@A@@@@@@@AA@@@@@AAACAA@A@@A@@AA@AA@AA@@A@@BA@A@@@A@A@A@ABA@AB@@A@@BA@A@@@A@A@A@@@A@A@@AA@@@AA@@A@A@AECAECCACAA@A@AB@@A@C@@@A@@AA@@@A@AA@@A@AAAAAAAAC@@AA@A@@@A@A@@@A@@@A@@@AA@@@@AA@@@@A@@@@BA@@@@@AB@@@@ABA@AB@@A@@B@@@@@B@@@B@@@@@@@BA@@@@@@B@@@BBB@@BB@BB@B@@B@@@@@B@@@D@@AB@B@@@@@B@B@@@B@@@B@@@@@B@@@@@B@@@BA@@B@@@B@@@@@BB@BBB@@@BBB@@BBB@@@B@BB@@BAB@BBB@@@B@B@@@B@B@@@B@@@B@@@BA@@@AB@@@@@B@@BB@DBB@BBB@@@@BB@@@@B@@B@@BB@B@@@BB@BB@@BB@@B@@B@B@@@B@@@BBB@@@B@@@B@B@BAD@@@B@D@B@B@B@@BB@@@@@B@@B@@@BB@B@B@DBB@@@@AB@B@B@BA@@BBB@BBB@B@BB@@B@@@BA@@@AB@@AB@@AB@@@BABAB@@AB@@AB@BA@@@@BA@@@AB@@AB@@@BA@@B@@@@AB@@@@AB@@@BAB@B@@@BA@@@A@@B@@@BBB@B@@@B@@@B@@@B@B@B@B@@AB@BBB@B@B@@B@@BA@@B@BA@@B@@A@@@AA@@@@A@A@@@A@@@@BA@@@@@A@@@A@@@A@@BA@@B@B@B@@@BA@@BA@@@A@@AA@@AA@@A@AA@@AA@@@@@A@@B@@AB@@A@@BA@@@A@A@@@A@@@A@@B@@AB@@AB@@A@@B@@A@A@@BA@A@@@@@@B@@AB@D@B@B@DAB@B@BA@@@@@AB@AA@AAA@A@@AA@@@@@@@A@@@AA@@AA@A@@AA@@AA@@A@@AA@@A@@AA@@AA@AA@@AAC@@AA@@AA@@A@A@AB@@A@A@@AA@A@A@@AA@@A@@AA@@@@@@A@@BA@AB@@A@@@A@@A@@AA@@A@@A@@A@A@A@@@A@@@A@A@@@AB@@AB@@@@A@@@AB@@A@A@A@@@A@@B@@AB@@A@@@@@@@AB@B@@@@ABAB@@ABA@@BADA@@BA@@@AB@@AA@@AAA@AAC@@AA@@@A@AB@@A@AB@@A@@BA@@B@@AB@B@B@BA@@BA@@@@BA@@BA@@BA@@@@B@B@@@B@@A@@B@@@BA@@@@@AAA@@@A@@BA@@@A@AB@@A@@BA@A@@BA@@@@@AA@@@AAA@@@@@B@@AB@@@BA@@@@@A@@@@@@@AB@BBB@@AB@@@@@@@@A@@@@@AB@@@BAB@@AB@@AB@@@BA@@DA@AB@@@B@B@@@B@B@B@B@BAB@B@B@B@BAD@@@B@@A@@@@@@@A@@@@A@@A@@A@@A@@@C@@@A@C@@AA@AA@@AA@@@AAA@@@A@A@C@A@A@@@@@@A@@@A@@A@@A@@AA@@@A@A@A@A@@@@@@@AB@@ABA@@@@@AA@@@@A@@@@BABA@@@@B@@@BABA@@B@@@DA@@B@D@BA@@@@B@AAB@@@A@@A@@@@@@@A@@B@@A@@@@@@@A@@B@@@@@BAB@@AB@@@B@BA@@@@@A@@@@BA@ADABADA@A@@@@@A@@@@A@@AB@@@@A@@@A@AA@@@@A@@A@@@@@@@@@BA@@@@A@@A@@@A@@@@@A@@@@@@BA@@B@BB@@B@@@B@B@B@B@@@@@B@B@B@@@B@@AB@@@BB@@B@@@B@@@B@@@@@B@@A@@@@BA@@@ABA@@@@@AB@@@@AB@@@@ABA@@@A@@B@@A@@B@B@@AB@@@@A@@A@AA@@@A@@AA@@@@@A@@@A@@BA@A@A@@@@@A@@@@@@@@A@@@@A@@A@@@@A@@AA@@@A@@@@@@@A@@@@@A@@@@@A@@@A@@AA@@AA@A@@@@@A@@@@@A@@@@@A@@@AB@@AB@@@@A@@B@@@@A@A@@BCBA@@@AA@@@A@@@AA@@@@@A@@@@@A@@@A@@@@@@AAA@@@AA@A@@@@@A@@BA@@BABA@AB@@@@A@A@ABA@@BA@@@@BB@@B@@@@@B@@@B@@@BAB@@@@@BA@@@@@C@@@A@@@AB@@@@@B@B@@@B@@@@@@A@@@@@A@@@AB@@AB@@A@@A@@A@@A@@@@@AAAA@@@A@@@@@@@A@@@@@AAA@A@@@A@@@@B@@@@@@@@@B@@@@@B@B@B@@@DABAB@@AB@HAB@@@B@B@F@D@D@D@B@B@@BB@B@BAD@@AB@@A@ABCBC@CBCBCBAB@@A@AAACCCACCAA@A@CACBCBEBADAHCDAFAD@B@JHVDJCJCNMTSFKAMEKIGC@GCKCDE@@@A@@@@@@B@@@BA@@BA@@@@BAB@BA@@B@@A@@B@@ABA@@@A@@B@@@@@B@@AB@@@B@@@@@B@@@AA@@@@@A@@@@BA@@@@@@@@B@@@@@@@B@@A@@B@@A@@@@BA@@@@@A@@B@@@@@@AB@@@@@@AB@@@@@@@@@@A@@@@@A@@@A@@@A@@@@@A@@@@AA@@@@@@@A@@@AA@@@@A@@@@@@A@@@@A@@@A@@@A@@@@AABA@@@A@@@@@A@@@A@@@A@@@@@@@@@AB@@@@A@@B@@@@AB@@@@@BA@@@@@@@ABA@@@@@A@@@@@A@@@@@@BA@@@@@@@AB@@A@@@@@@BAA@@AB@@A@@@@@@@@@A@@@@B@@@@@@@B@@@B@@@BBB@B@@@B@@@B@@BB@B@@@@@BB@@B@@@B@@@@BB@@@B@@@B@@@B@@@B@@@@@BB@@@@@B@@@@@@@B@@@@B@@@BB@@DB@@B@@@@B@@@@@B@@@@@B@@@@@@@@B@B@@@@@BB@@B@BB@@@@@@B@@@@AB@@@B@@@@@@@@@@AB@B@@@@@B@@AB@@@@@B@@@@@B@@AB@@@@@BA@@@@@@@@@A@@@A@@@@@@@A@@@@BA@@@@@@@A@@@@@@@A@@@@BA@@@@@@@AB@@@@A@@@@@@@A@@B@@@@@@A@@@A@@@@@@@AB@@@@@@@@A@@@@@AB@@@@A@@@A@@@A@@@@@A@@@@@@@@@AB@@@@@@AA@@A@@@@@@@@@AB@@A@@@@@@@@@A@@@@@AA@@@@A@@A@@@@@@@@@@@BAB@@@BA@@B@@@@@@@@@BBB@@@@@B@@B@@B@B@@@B@@BB@@@B@@@@@B@@@B@B@B@@@B@@@B@B@@@B@@B@@B@@@B@@@@@@@B@@@@A@@B@BA@@B@@AB@@AB@@@BA@@@@@@B@@@@@B@B@@@B@B@@@B@@@B@@@B@B@B@@@B@@@@@BB@@B@@@@@BBB@@@B@B@@@@@B@@@@@B@@@B@@AB@@@BB@@B@@@B@B@@@B@@@B@@@@@B@@@@@B@B@@@B@@@@@@AB@@A@@@@@@@A@@B@@@@A@@@@@AB@@A@@@@@A@@@@@AB@@@@A@@@@B@@@@@@AB@@@@@B@@@@@@@@@@@B@@A@@@@BA@@@A@@@A@@@@A@@@AA@@@@AA@@@@AA@@@@@@@A@@@A@@@AB@@@@AA@@@@A@AA@@@@@@@AA@@AAA@@@AA@@A@@@@A@@@@@A@@@@@A@@@@AA@@A@@A@@A@@AA@@A@@@@AA@@@A@@@@@@AA@@@@@A@@@@@AA@@@@A@@AA@@@AAA@@@A@@A@@@@@BA@@@A@@@@@AA@@@@AA@A@@@@@@A@@@@BA@@@@@@@A@@@A@@A@@@@AA@@@@AA@@@@@@AB@@@@A@@@@B@@A@@@@@A@@@@@AB@@A@@@A@@B@@AA@@@@A@@@A@@@A@@AA@@@A@A@AB@@@@@@AB@B@@@B@@@BB@@B@@@B@@@D@BA@@B@DA@@B@@@B@BAB@@@B@BA@@B@@@@@B@@A@@@@BA@@@@DA@@B@@@B@@@@@B@@@B@@@@@B@B@@@B@@@B@@@B@@@B@@AD@B@BA@@B@@@B@B@@@@@@@B@@@B@@BB@B@B@BB@@@@@@BA@@B@@@@@@@B@@AB@@@@AB@@@@@BAB@@@@@B@@AB@@@@A@@@@AA@@A@AA@@@@A@AA@AA@@@@AA@A@@AA@@@@AA@@@@AA@@A@@AA@@@A@@@@@@A@@@@@A@A@@@A@@@A@AA@@A@@A@@AA@@A@@@AAA@@@AA@@@@AA@@@@@AA@@@@@AA@@@A@@@A@@@@@AA@@A@@@@A@@A@@AA@@@AA@@A@@A@@A@@@A@@AA@@@A@@@A@@BA@@@A@@AA@@@@@AA@@A@@A@@A@@@@A@@@@@A@A@@@A@@AA@A@@@@@@AA@@@@AA@@@@A@@A@@AA@@@A@@@A@@B@@A@A@@@A@@AA@@@A@@BA@@@A@@BA@@@A@A@AA@@A@@@A@@A@@@@A@@@@AA@@@A@@A@@A@@A@@@A@@@@@A@@@@A@@A@@A@A@@@A@@@A@@A@@A@@A@@@@@A@@@@@AA@@AA@@@@AA@@@@A@@@@@A@@@@@@@AA@@A@@@@@AA@@@@@A@@AA@@@@@@@A@@A@@A@@@AA@@@@@A@@@AA@@@@A@@@A@@@@@A@@A@@@@A@@@A@@@@@A@@@A@@@@B@@A@@BB@@B@@@B@B@@@@@B@@@B@@@@@B@@@@@B@B@@@@@B@@@@@B@@@@@BA@@@@@@B@@@B@@@B@@@@@B@@A@@B@@@@@B@@@@@B@@@@@B@@@@A@@@@B@@@@AB@@@B@@@B@@@@@@@BA@@@@@AB@@@B@@@@AB@@@@A@@@A@@@@@AA@@AA@@@@A@@AA@@@@@A@@A@@A@@@@@AB@@A@@@@A@@AA@@A@@A@@@AA@@@@@AA@@@@AB@@A@@@@@@@A@A@@@@@A@@@@@AA@@A@@@AA@@@@A@@@AA@@AA@@@@AA@AA@@@@A@@A@@@@@@@AB@@@@A@@@@@A@@@@@AA@@@@@@A@@@@@AB@@@AA@@@@AA@@@@AA@@@@AA@@@@AA@@A@@AA@@A@@A@@AA@@@A@@AA@@@AA@@AA@@AA@@@@@AA@@A@@@@@@@A@@@@@@AA@@@@@AA@@A@@@@@@A@@A@@@@@@AA@@@@A@@@@@@@@A@@A@@A@@@A@@@@A@@A@@A@@@A@@@A@@@A@@@@@A@@AA@@@A@@A@@A@@@@A@@AA@@@@@@@A@@A@@@@AA@@@A@@@A@@@@@A@@@A@@@A@@AA@@@A@@A@@A@@A@@@@AA@@A@@AA@@@@@@A@@@@@A@@@@@@@A@@@@A@@A@@@@@A@@@@@@@A@@@@@@BA@@@@@@@A@@@@@A@@@AB@@@@A@@@@@A@@@@A@@@@@AA@@@@@@A@@A@@A@@@AA@@@@@@@@@@@A@@@@@@B@@A@@@@@A@@@@@A@@@@@@@AB@@@@@AA@@@@A@@AA@@@@A@A@A@@B@BA@A@A@@@A@@AA@@BA@ABC@@BA@@@AB@@A@@@@A@@AAA@@@A@@@@@A@A@@@AA@@@A@@@@@A@@A@@@A@A@@A@AAAA@@A@@@AA@@ABA@@@A@@@AB@@@@ABA@AB@@A@@@A@@@AAA@A@@@A@@@AAA@@A@AA@@@AAA@A@A@AAA@AAA@AA@@AA@@AA@A@@@A@@@ABA@A@@@@@A@@AAA@@A@@AA@A@@@AA@@@AA@@@@AA@@@A@A@@@@@A@@@@@A@@BA@@@@@A@@@@A@CA@@A@AAAA@@@AA@@A@A@@AA@@AA@@A@@@A@A@A@@BA@@@A@@@AAA@@@A@ABA@@@A@A@A@A@AAA@A@A@A@A@A@@@AAA@@AA@A@A@@AA@@AA@@@AAA@A@AA@@A@A@@A@@A@AAA@AAA@@AA@A@@@A@A@A@@AA@@@A@@@@A@A@AB@@A@@BA@A@@BAA@@A@@@A@A@A@AA@@A@@AA@@@@ABA@@BA@@@@@AABEAECCGGCIAEBEDEJAF@JDRHTJPDNDJBJ@LADAFBBDBB@F@DDBFBFAHAFGHEHCNCLEJEJKLOJMDEDI@C@AGE@AA@@AAACC@@CAA@AAC@A@C@C@@@@@A@@@BA@@BC@@B@@@@A@@@@@AA@@@@AIKCECAEEECCA]MUEKMGKCIDKFG^KZCPENGJOAICCKASBY@SAOAQCC@UCYHKHEF@B@JBH@JW@KEMIOMQMIKAMBE@KEU@ACCCECAKC@@_D_CEBMDSCMGKMQIGGAM@CAMEK@OCA_AE@M@MCEAACCEAC@IHMFKBM@MCAIAOAIFOPW\\ODGCQGKAEAWMOAIBe^KFWEE@OEEAGCEGCOAK@IIMCEGAA@MAO@KAKBC@E@WDUC]GOGOGSOQKIGuYUOWCQEaCICUG[KGEOIEAMAOGCEKOKOEIFaPGJAF@VBBEAGBAR@FABGBUAEIAMCG@CBC@@@AD@B@@BD@FBB@DABC@CACCAACAA@E@@@@@GBEDEBEBGBC@C@CAGAGEGGKEIEKCKCKCG@IAOBUDCBGFCJ@T@BAHCBABGBA@EAAAIGMUQWCCCCAAKMMIMKKM@AA@CA@@AACAA@CA@ACAA@AA@@A@@A@@@B@@@@@A@@@@@@@@@@@@@@@@@@B@@A@@A@@@@AA@@@AAAAAAA@@@@@@@E@@AA@@@@@@@@B@@@@@@@AAACAA@CCECA@@AA@@@AAAAA@@@AA@@@@A@@AA@@@@@A@@ACAA@AAA@A@@@@AC@CAAAA@A@@@A@EAC@@@A@@@@@A@@@@A@@A@@@AAA@A@@@A@A@@@@@B@@B@@@@@@A@A@@A@@@@A@@@@@C@A@@AGA@@KAMG@@IEEA@@IEKIEECGCKAI@A@C@AAC@CAIEQ@@@A@@@@@@@A@@@@@AAA@@@A@@AA@@@AA@@A@@@AA@@@@@@@@AA@@@AA@AA@@@AA@@@@AA@@A@AA@@CA@@@@A@AAA@@@@@A@@@@@AA@@A@A@A@@A@@@@A@@@CA@@@@@@@B@@A@@@@@@AA@@@@@A@@@@@@@@@@B@@@@@@@@@@@A@@@@@@@@A@@@@@@A@@A@@@@@A@@@@@A@@A@@@@A@@@@@@@@@@@@@@@@@@@A@@@@@@@@@@@@@@@AA@@A@@@A@@@AA@@@@A@AA@@A@@@CAA@@@AA@@@@@@@B@@@@A@@@@@@A@@@@A@@@@@A@@A@@A@@@@@A@@A@@A@@@A@@@AA@@@@@@A@A@AA@@EAA@A@@AA@@@@@@@@@@@@A@@A@@@@@@@A@@@AAA@@@A@@@A@@AA@@@A@@@A@@AA@@@A@@AA@A@AA@@A@A@@@@@AAA@@@A@@@AAA@@@A@@AA@A@@@A@@@AA@@A@@@A@A@A@@@AB@@A@@@@AA@@@@@A@A@@@A@@@A@A@@@A@@AA@@@A@@@@@A@A@C@@@AA@@@@@@A@IA@@@@@@@@@@A@@@@@@@A@@A@@@@A@@@@@A@@@@A@@A@@@@@A@@A@@@@@@@@@@@@A@@@@@@@@@@@@AA@@@@AA@@@@@@@@@@@@@@@@@@A@@@@@@@@@@@@@@@@@@A@@@@@@@@@@@@@@@@@@@@@A@@A@@@@@@@@A@@@@A@@@@@@A@@@@A@@A@@@@A@@@@@@A@@@@@AA@@@@@@@@@@AA@@A@@@@@AA@@@@@@@@A@@AA@@@AA@@@@@@@@@@@@@@@@@@@@@@@@@@A@@@@@@@@@@A@@A@@@@@@@@@A@@A@@A@A@@@A@@A@@@@@@@@@@A@@@@@@@@@@@@@@@@@@@AA@@@@@@@@@@A@@@@@@A@@@@@@@@@@@@A@@@@@@@@@@@@A@@@@@@@@@@@@@@A@@A@@@@@@@@@@@@@@@A@@@@@@A@@@@@@@@A@@@@A@@@@@@@@@@@@AA@@@@@@@@@@@@@A@@@@A@@@@EA@@@@@A@@@@@@@@A@@@@@AA@@AA@@@@@@@@@@@@@AA@@@@@@@@@@@@@@@@@@@A@@AA@@@@@A@@AA@@@@@AA@@@@@@A@@@@@@A@@A@@@@@@AA@@@@@A@@A@@A@@@@A@@@@A@@@@@@@@@AA@@@@@@@@@@@@@@@@@@@@@@@@@@AA@@@@@@@@@@@@A@@@AA@@AAA@AAA@@@@@@@@@@@@@A@@@@@@@AA@@@@@@@@@AA@AA@@@@@AA@@@@@@@@@@@@@@@@@@@@@@AA@@@@@EC@@@@@@@A@@AA@@A@@AA@@@@@@@@@A@@A@@@@@@A@@@@@@@@@A@@@@@@@@@@@@@@A@@@@@@@@A@@@@@@@@@A@@@AA@@@@A@@@CAA@@AA@@@A@@AA@@@A@A@@AA@@@@@A@@@@@@@@@@@@@@@@@@@@@A@@@@@@@@@@@@@@@@@A@@@@@@@@@@@@@@@@@A@@@@@@@@@@@@@@@@@@@@A@@@@@@A@@@@@@@@@@@@@@@@@@@@@A@@@@@@@AA@@@@@@@@@@@@@@@@@@@@@@@A@@@@@@@@@@@@@@@@@@@@A@@@@@@@@@@@@@@@@@@@@@A@@@@A@@@@A@@@@@@@@@@@@@@@@@@A@@@@@@@@@@@@@@@@@@@@@@@@@@@@B@@A@@@@@@@A@@@@@@@@@@@@@@B@@@@@@@@@AA@@@@@@@@A@@AA@@@@@@@@@@AA@@@@@A@@@@@@@@AA@A@A@A@@AA@@@A@@@@@@@@@@@@A@@@A@@@@@@AA@@@@@@@A@AA@@@@@@@@A@@AA@@@A@@@@A@@A@@@@AA@@@@@A@@@AA@@A@@@A@@@@AA@@@@@@@@@A@@@@@@@@A@@@@@@@@@B@@@@B@@@@@@AA@@@@@@AA@@AA@AA@@@@AA@@@@ACA@AA@AAA@@A@@CA@AAA@@AA@@@AA@@A@@A@@@@A@@AA@@@A@A@@@A@@@A@@@@A@EA@@@@A@@@A@@@A@@@C@@@AAAAC@@AA@A@@@@@A@@@@@@@A@@@@@@@A@@@@@@@@@@@A@@A@@A@@@@@@@A@A@A@@@AAA@@@@@A@@@@@A@@@A@A@A@@@@@AA@@A@@@@@A@@@A@@@@@@@A@@A@@A@@@@@@AA@@@@@@@AA@@@@A@@@@A@@A@@@@@@@@@@@@@@@@B@@@A@@@@A@AA@@@@A@@A@@@@@@AA@@@@@@@@@@@@@@AAAA@@@@@@@@@@@@@@@A@@B@@@@A@@@@A@@@@A@@@A@@@@@A@@@@@@@@A@@A@@@@AA@ACCA@AA@@@@AAAA@@@@@@@@AAAA@AA@CECE@@@@AA@@CCA@A@GAEBCA@ACAGCCA@@CCA@ACAA@AA@AAAC@AAA@CAAA@@AAA@@AA@@@AA@@@AA@@@AA@@AIIOGA@CA@@A@AA@AA@AA@@CCCA@ACAAACECCA@@@@AAA@@A@@AAA@@A@@AA@AA@@ECCA@AAAGGAC@@@A@@@@@@@@@@@AA@@A@AAA@@@@AA@AA@@@@A@@@@@@@@@@@@@@@@@@@@A@@@@@@@@@@@@@@A@@@@@@@@@@@@@@@@AA@AAA@A@@CGAAAE@CBG@A@@BA@ADCDCB@BAB@B@B@B@@@B@@@J@@@@@B@@@@@@A@@@@@@B@@@@@B@@@@@@@BA@@@@@@@@@@@@@@B@@@@A@@B@@@BA@@@@@@@@@@B@@@@@@@@@@@@@@@BA@@@@@@DC@AB@@ABA@@@@@@@@FI@ADG@@BA@A@@@A@@@@@A@@@@@A@@@A@@@A@@@C@@CGCOAEIMCC@AA@@@@A@AAA@@@A@@@A@@AA@@@A@@@AA@@A@A@@@@@AA@@@@@@A@@@AAA@@@@@@@@AA@@A@@AEE@@@B@@@B@B@B@@@B@@@B@@@D@B@B@@@D@@@B@@@@@B@@@@@@@@@@BB@B@B@@@@@@@@A@@@A@@@AAAAA@A@@@CA@@AA@@A@C@AAA@AAA@AAC@@AA@A@AA@@AA@@@@BA@@@@@@@AA@CCAA@@AAAAA@A@AAA@AAAAA@@@A@@@A@@@@@A@@@C@AA@@A@@@A@@@@@C@AB@@A@@@@@A@@@@@@@@BA@@@@@@@@@@@@@A@C@AAA@@A@@@@@@@@@@@A@@@@@A@@A@AAA@A@@@@@@@A@@@A@AAAAA@@@@A@@@@@@@ABA@@@@BA@@@A@A@A@@AA@A@AAA@@@A@@@@@@@A@@@@A@@@@A@@@AB@@@@AB@B@@@@@BB@@BA@@DAB@B@@@@@@A@@@@@@@AA@@@AA@AAAA@AAAA@A@@@AAA@@@A@@@@AA@A@@A@@A@@@@AA@@@@C@A@A@A@A@CB@@A@CB@@A@C@ABA@A@C@A@AAA@@@AAA@A@C@@@C@AAA@@@@@A@@@A@A@@@AAA@C@AAA@A@AAC@A@AAA@@@AA@@AAA@@@AAAAA@AAAA@AAACA@AA@@@@AA@@A@@A@@@@A@@@AAA@@@AAA@A@@@A@A@A@@@@@@@@@@A@@@@@@A@@@@@A@@@@@@@@@@@@@AA@@AAAA@@AA@@@B@@@@@@AA@@AAA@CAA@@@A@@@@@@A@@@@AA@@A@@@@@@@A@A@@@@@A@@@@@A@@@@@A@@@@@@@AA@@@@@@A@@@A@@@@@@@@@@@A@@@@@@@@@AA@@@@@@AB@@A@@@A@@@@@AA@@@@@B@@@@@@A@@A@@A@A@A@@@@@@@@@@@A@@@@@@B@@@@@AA@@@@@@@@@A@@@@@@@A@@@A@A@A@@@@A@@@@@@@@@B@@@@@@@@@@@@A@A@@@@@@@@@A@@@@@@@A@AA@@@@@@A@@@@A@@@@@@@A@@A@@@@@@A@@@@A@@@@A@@@@@@@A@@AA@@@A@@A@@@@@@A@@@AA@@@@@@A@@@@A@@@@@@A@@@@@@@A@@@@@@@B@@@@@@@@@@@@AA@AA@@@@@@@@@@AA@@@@@@@@@@@@@@A@@@@@@@@@@@@@@@@@@@@A@@A@@@@@@@@@@@AA@@@@@@A@@@@A@@A@@@@@@@A@@A@@A@@@@@@@@@@@A@@@@@@@@@@@@A@@@@A@@@@@@@@@@@@@@@@@@@@@@@@@A@@A@@@@@@@@AB@@@@@@A@@@@@@@@@@@@@BA@@A@@@@@@@@@@@A@@@@@@@@@@@@@@@A@@@@@@@@AA@@@@@A@@A@@@@@@A@@@@@@@@@@@@@A@@@@A@@@@@@@@A@@@@@@@@@@@@@A@@A@@@@A@@@@@@@@@@@C@AACAAAM[@A@EEIYOiK@GN@PXvGJSCkGWIMEeEKCuIG@EBeHSFULIHOD_AcBsF[@iF]HODO@Q@QGOIcA[AyEkKcII@GBEFCPGJGFSJM@KCOKAMD]GKe]UMWE]AEDCDAJABE@C@ACEE@AAA@ABE@CAAACCCACC@GAE@AAGA@CAAE@CBEHAFFDFB@RCJEDAFABIFC@AACCA@K@CCAUACCA_@CABMCAOECBKHGCACAEAO@CCAC@G@WBECCGGMCCA@C@CD@@C@kEAACAoIGDEND^DXAJKDWAACCUC@ABATCBE@ICCE@IACACG@C@CDAFCB_EiAIBCBCFEBE@E@I@GAEC@CNOBCACMGE@EBIDMNKDCBEACAACBCBCDALBHCNCXSBA@CIG@C@ACE@A@AB@BABCD@F@B@@@@ABADAFCDEBC@A@@A@ABAACE@ADA@AA@ABA@AAA@C@CDABC@CAAAEAAAAAWEA@CFADCB]DIBG@G@CAEAACAEBCBCDANADCBC@EAECAGAAAACAEACA@CACDCDCBg@C@ADEBI@UBEACCCCGKM[EEGCI@GBCB@D@DBH@B@BIHcZEFGBC@AAAC@CHO@CCAA@G@MDAAACAAEBCBCBA@AD@F@BA@A@YCAA@CAAQCABA@AJA@G@CAGCGEBCBEDCNEDCBCCEKAI@EDAF@FCPEBIAKAKE@A@EVO@CCCQAMCIGMMKEIECE@Q@ICGGGIAGFGFGZEDG@IAUEAE@IDEDE@_CG@E@EBMDE@E@KEAABG@ACAGEACBIFKAGMIcOEDGPGJIBKAs]CCEGECMEE@I@EAeMG@O@I@ECCCcoEEEAE@IBOJIDG@OCECCCGcCECGGGIEKCGAUCGAGCMMCACAWI@@ggKMg_GC]KKAS@OGCIEAmAOFGFGFDMCSG]IEEC@ED]@ECCE@EBEHGLEFI@GAsqGICI@@EM]}GGIEç}IEGGMWECIAY@G@ECAEBELEBC@EI]@G@IBEFC[FC@E@ECEGAcDKAIAQCMGMIKIKK[[EAGAoBIAECAEAGDIFIfcDEAKEGEAI@VODK@cGICCEaCCG@G@jIFGHCDEBC@KGCE@E@ERCH@FERcBEACACECECGAEBOJADDHADGDEAQAG@qTIBE@ECAE@EHGjYNETINEJEBCAGEI@G@KDGFAPCJBDA@CKGGEOAMAIEk[ECI@mJMFGDAFBHFH@FCFEBMIK@OHCDADDJ@HALWpAD@FBFADCBwNGACCAEBGHEFEBCAEECoMGAK@IBWBKBADDDDDADGBCBA@AA@A@C@AAA@AC@GBGBC@IAEDEDA@ABA@C@EICAE@K@A@AABADAbGDC@EAI[kAAA@A@C@A@IEAAAC@AA@A@OBC@CA@AAA@EAACACAE@C@G@EA@A@ABCBGBEBAB@BAF@pTF@D@D@JC^G@@BAAGBCDCFAHCQHG@U@A@ACEAA@A@AAA@A@@A@AAAAAAEGAA@A@@@ABABA@A@CAA@@AAAA@A@@AA@AAA@@BA@AA@@@@@A@@@@@A@@@A@@A@@@@A@@@A@@@@@@@AA@@@A@@@@@@@@@A@@@@@@A@@@@@@@BA@@@@@@@@A@A@@@@A@@@@@@AAA@@@@@@@@AA@@@A@@@@@@@A@@@@@@A@@A@@@@@@B@@@@@@@@@B@@@BAB@@GAA@AD@B@BABBB@BA@A@@@@@AAA@A@@BDB@@@@@B@@A@@BA@@@A@@A@@@AA@AA@A@A@@B@B@BA@CAAC@A@@AA@@AA@@A@A@A@@AAA@@@@@A@@B@@@@A@ABA@E@A@@@A@@@AAC@AACA@@@@@@A@@@@@@@@@A@@@C@AB@@A@@@@@A@@@A@@@A@A@C@A@A@A@@@A@@A@@@@A@@B@@A@@@AA@@@B@@A@@@@@A@@@@@@@A@@@@@A@@@@@A@@@@@A@@@@@@@AAA@@@@@@@@@A@@@@@@@AD@@@B@@@@@@A@@@@@@@@@@@@@@@EAA@@@A@@@@@@@AB@@@@A@@@@@C@@@A@A@@@AAA@A@@@@@A@@BA@A@@BAB@BA@A@@@A@@B@@AB@BA@GDA@EBE@EBG@MBWAC@ABABA@A@A@AA@AACAC@AA@CCAAC@C@C@CAA@AAC@A@A@J@BABCACAAEA@CCCE@GEECOMAAACCKACEGEEGECCCA[GA@C@AB@DBBDD@B@B@BC@ABCAGASEOEE@G@G@KBE@E@GAE@KGCAC@}DMBIDSFSDODMAGAQCICIECC@A@E@C@AACACUOKEIAE@EBEBEAE@CAGAGAKAKAIBG@CAQSCESQECQICAACACAG@GCGEGCEIIIGKGIAK@I@YBcBQ@KBEBCB@DM|ELGHOTAHBHDFHDHBHBFF@LGNIJGPCHAJEp@JBLDHDFHDTLBD@B@BABABCB@B@BBDAB@DCBG@aBIBGBIHCHALBLDRFLJLJFJFJFHHDJFFFFHD¬BNCLCHEFGFMBABAb@D@DBDBFNDFFFBBF@FBXBTDLDDDDFDJDBFB@@\\BB@P@FADAFCBAD@B@BBPBF@DBBDDDJDF@FDBDBB@D@DEXADCBE@QCC@EDADCLADBFBDFBDAFAFDBDBH@DDDDBLBD@DDADCD@D@DFFFDHDJAJ@FBDFDPDFFDHBL@FCBGDGDEhUDCBEBEBCDA\\AF@HBHBF@`FDAFABEDCF@xLRDLHj^NHPFVJHNHFJBTBHDjnZ`NHXBNIAI}CG@CBADA@@FDHFHBH@JAJ@HDBB@BAH@BDBNFZJB@D@FGD@B@F@FFZXFH@HAFEJKFCBEDEJEBCFAF@D@F@DABCBA@A@AAC@A@A@A@ABCT@@A@@@C@AAA@AB@@AB@H@B@BGDI@MAeBI@GFERIPCDCDAH@HBHDDHDNDBD@BCDMFCDCFAHBDDFHBHBH@VAdGB@@B@DABOHADBDBBDBF@LGDBDBFD@DABCDE@E@A@ABC@A@AACAC@ABAACBADGNEDEDGAECEIAAC@CBADGX@HBJDHFDHBH@^AF@BDBHBDF@^IFCF@FDJFF@FAHGHEH@LDPJBF@FCFEDE@SEEBEBAH@DDDDBDD@DAF@FDBFBNHfRJBTOHAFFB^CDMD@HHLNPDJ@F@FEBICIEMKYIACACECG@GBM@_IiKSQIC¥IIDIAECEGAIECeUQKaAHSJAJ@FDVIHkHGD@^EZILMH_IG@KDSJEDqNG@K@[GKCI@EBCDAH@TGFM@eQ_MGAGAC@EBCBADALABIFGBCB@DAD@DBBBDFDPJBB@D@BCFGFCBABCF@D@FBDDBD@LAF@J@DBDDBDAFAN@F@BFHFDNJZZNPFL@LGDCDGFEHEJCHC@C@CCEICAEGAQGGO@EDIVEHQHMHKJCHAFAP@RBJD^PVTRf^`TbLDBD@F@RELAJAH@lNJBH@L@^@P@XDPDRHLHFBP@VBVFHJDF@H@FCDKBEDAD@F@DBFDDHBX@R@HBHBF@DDNHHJFNAJENDFDJFFBHAFEFOLCDMRCDEF_RCDAHBDDDjPJFDJBNAJCJGHOLCJAL@JDJBFFBLBNBNFNLJJJJFJDHJDLHFDBFDJBRBFJDH@LCPGNEJ@dF~VNFLPBD@F@HBFDDJFL@RCH@FB\\\\DFFFNLXLPBJAVAb@Z@XENDJFFJFTBRDFLH^JXFTFNHLLFHLHBDBDCDI@kGSBGJELJL^TBHCNFDNDTBNEHBFDDLLJ\\ALDFFFFNJ\\RFHDDFTFNFJFHDFTP^\\FJDBDBFAD@^SFAF@DBFBJFHLV^@DBB@FERCLCFA@A@G@SAE@EBCBkhQX]HJÔDPCNDTTFLCxCZD\\DP`HrPRCJMPQFANBJHLNbZCBC@IBePIPJXZPXCROPQXB^N@FIJIFAF@FHLJB`MD@J@BF@HAHKTIVATBFFFFDJBLCPAPGJAH@^ZNRANQRBHdXLFH@PI@@DBBDAJGDO@SDYCGHSbDJ\\JAJāÌKNIPKXANBLJHZlDL@HAHIJE@YIUQqMC_Jqj¡CuR_~KJXLVDVENKF[@eBcFiZULKLCBABAFANBDDDFDDBCHEJEDMDEBGFEDCHAJEPCNCPEFOBGAOC]QaWQMACBWAEE@EBMREBAAAC@MCKGCSEQ@UCIE@GCCSC@YFEH@JKFi@KAOEQ@KAACGKCGYOICG@CB@BADBDPRHP@DCFADAFGBM@MCUFMLAJONWTcFAkFyDcJgNcF»]WGWCEGGaOQi@_Po^SFmAQCSG[iOKOECEAADG@AACCEEEEEGAIAAAACTcAEG@EDIB]IMDK@KEUCECCGAKGAGBILCZCVKDQAMLAJIBAA@@BA@C@@@AAEAAACIE@A@C@ABCBADADALAFAFAJIBCDG@E@EACGCQEACCGAGAK@MBCBABCBAD@B@D@D@D@FF^@b@DCBAB]BCF@FA@AAA@C@E@IAEACA@EAK@OAK@M@E@EDIFEBE@EAEAAEACECECAA@EAAAAA@C@IBC@E@GACCEGGECAG@G@UA]@M@KAC@C@A@CAA@AAE@A@A@A@A@ICC@C@ABA@A@E@A@A@ABABA@A@ABAAWCICICGCCCACAA@CBGBEBEFEDI@G@GEGEICGASAQ@KCMEKMMQKOKw_iGQ@MCQYMOCKACBO_KSGMCEECIC_BW@OCMEKECGAEBQ@IAIBIBUCKQSUIAE@E@CDCJMBKBOCOEIGGKIOIWKoOQEKIIMISAUFYBS@QAKMCKKCICQGICKG[KSQUQMQG]CDgBYC[Geµy«c·[wkUA]DaDÇcqKyEQCQEGCCCCCEKAIAG@I@KAE@CEGGGKIMIGEIAKAM@S@uDI@IAA@"]],"encodeOffsets":[[[123724,41503]],[[123686,41445]],[[124520,40833]],[[124383,40756]],[[126761,40743]],[[126805,40737]],[[126567,40718]],[[126004,40598]],[[126034,40592]],[[126165,40585]],[[125997,40498]],[[126000,40479]],[[125604,40466]],[[126062,40455]],[[126019,40435]],[[126066,40453]],[[126046,40452]],[[126034,40434]],[[126023,40434]],[[125999,40432]],[[126035,40427]],[[126043,40422]],[[126048,40413]],[[126052,40407]],[[126062,40384]],[[126066,40383]],[[125507,40245]],[[126001,40217]],[[125943,40216]],[[125960,40214]],[[125981,40210]],[[125957,40191]],[[125357,40167]],[[125540,40148]],[[125441,40165]],[[125387,40163]],[[125441,40163]],[[125749,40161]],[[125352,40153]],[[125545,40150]],[[124409,40135]],[[124393,40128]],[[125244,40142]],[[125535,40141]],[[125356,40140]],[[124506,40125]],[[125364,40115]],[[125365,40112]],[[125243,40092]],[[126117,39963]],[[124072,40023]],[[125369,40344]],[[125122,40106]],[[124756,39852]],[[124751,39807]],[[124640,39820]],[[124549,39785]],[[124542,39790]],[[124534,39769]],[[124519,39728]],[[124438,39756]],[[124446,39754]],[[124450,39753]],[[124457,39755]],[[124030,39815]],[[124224,39938]],[[124241,39937]],[[124530,40104]],[[124525,40194]],[[124588,40250]],[[123893,41727]],[[123510,41367]],[[124009,41817]],[[124594,40229]],[[123937,39805]],[[124743,39803]],[[125762,40195]],[[125967,40214]],[[125974,40213]],[[127350,41055]],[[125322,40140]],[[123988,41794]],[[126729,40706]],[[126686,40700]],[[126543,40731]],[[126039,40610]],[[126035,40605]],[[125896,40502]],[[125898,40494]],[[125885,40462]],[[126041,40374]],[[125724,40191]],[[125718,40180]],[[125715,40179]],[[125725,40174]],[[125710,40167]],[[125708,40173]],[[125699,40166]],[[125693,40166]],[[125584,40168]],[[125685,40197]],[[125453,40165]],[[125435,40192]],[[125464,40187]],[[125398,40201]],[[125399,40200]],[[125362,40214]],[[125395,40160]],[[125296,40179]],[[125232,40220]],[[125280,40291]],[[126177,39975]],[[125772,39977]],[[125774,39997]],[[125729,40018]],[[125757,40020]],[[124961,39970]],[[124919,39901]],[[123880,39896]],[[124096,40033]],[[124415,40183]],[[123664,41442]],[[123669,41413]],[[126786,40742]],[[126798,40742]],[[125976,40496]],[[125822,39993]],[[124141,40044]],[[125663,40220]],[[125509,40217]],[[125709,39956]],[[122731,40949]]]}}],"UTF8Encoding":true}