{"type":"FeatureCollection","features":[{"type":"Feature","id":"130602","properties":{"name":"竞秀区","cp":[115.470659,38.88662],"childNum":1},"geometry":{"type":"Polygon","coordinates":["@@CEII@AA@AAEAAA[MDG@M@@@@@@BGAAQ@Q@@POABMB@@A@EO@@FABA@@HEAEACAEAGAAIACOAGAOGBC[@ABDD@BAAA@AHGABHABG@@BK@@DADEBGBBDE@A@ABABBBJ@PBHDNJAFBJE@CBABAFEBFB@@A@EBAAM@@BGBKBBTA@BFCB@BBBJBBB@BE@ABBBDDBPH@@BRBBB@PBDB@BH@HAFAH@@H@@HD@D@@B@@GBBHDFHABDABC@BFF@BDBBBJGB@BBB@HBFH@@BCB@F@@R@BB@BR@HA@CL@BEB@N@DCBEFBDBD@L@@EDARBLBBB@@@DDA@HD@@@BB@D@@@@@@HA@A@@BB@BD@DCBC@G@ABEDIDAB@BD@FRDDCDEBI@CBMD@@CB@B@AEF@@AAKC@@AD@@CF@BWBCBI@IA@@A@AB@@EBCCMGIECMO@@"],"encodeOffsets":[[118248,39792]]}},{"type":"Feature","id":"130606","properties":{"name":"莲池区","cp":[115.500934,38.865005],"childNum":1},"geometry":{"type":"Polygon","coordinates":["@@@GB@FC@G@@BAEU@E@@AG@@@EFABAD@@ABC@CDEDAF@@CC@@ABUE@@FAFCBKBCE@IK@AEA@@I@@EA@CBCB@B@@C@AC@@OD@@EG@@EQ@DaD@@A@GHCB@AAC@@EA@C@A@@C@EA@@CC@@AA@@@@@U@EC@EWA@@@AQ@@AAAK@ICG@@AG@AAA@ABGB@B@@@@@@@@@DABA@ABGJG@@B@@E@AFC@C@@EM@@@G@EE@@A@E@@A@@@A@@@AFB@A@A@@A@AAA@A@AAI@AA@AK@@C@AI@CBABAF@DA@CAC@ABAHCHCBKACB@JMGIBECCA@A@GCCKE@CE@GCGCABDBK@EBE@BDCBAA@HA@@DBDHABB@B@Z@BEAADPHHBPBBDBJHBFBDBFBFB@GB@BA@EP@@F@BA@ANPB@OR@R@BBAH@@@@@@@NCH\\NBBFBBBB@@BJJDF@@NPFDHJDNAD@FA@@B@BB@@JAJADAXE@@DC@@BD@BL@BE@BFA@BDB@BD@@@HADCB@ZDABTDD@CH@@AJ@D@AQDADAHA@A@CB@@@D@@DPA@AHA@EBCDANABH@BD@H@HAFDNCLA@ALA@ANAD@B@HMDENADABC@@@@D@"],"encodeOffsets":[[118364,39852]]}},{"type":"Feature","id":"130608","properties":{"name":"清苑区","cp":[115.492221,38.771012],"childNum":1},"geometry":{"type":"Polygon","coordinates":["@@BBDAACF@FAL@CABAHDHDF@@DLFDD@H@BDBFDJANH@IDALBDADGBGBAD@DBB@@CBEBADAJ@@B@DL@@BBBJ@BBB@B@BBB@@@@B@BEA@B@@@B@@@BF@B@@@FFH@@@N@@FD@D@BEF@@@@AH@HIBAB@BA@C@@@@@@@@@AHABAB@BBH@@BH@JDL@BB@BR@@B@@XB@FFDV@@@@@B@@BD@@DB@@F@DB@D@B@@FD@BBA@GD@H@BC@CbR@@FH@@FC@@PD@@B@DA@A@AD@DFB@@@JB@BFL@@JDFLADABE@EF@AV@BD@@DE@CBCF@DAD@BC@ABEB@F@@BH@@@FFVAB@@@HEDA@@HL@@DB@F@BJRCXHVERAZDhATEJIDDBB@BBCDE@@@A@@AC@@B@@AB@B@@@DBD@ACA@AIDAH@@@B@BD@EEE@A@AB@D@@A@C@ADADA@@@ABA@@DABA@CB@@AD@D@BAB@D@TCB@AE@@B@DB@@DAB@@@FBBBB@@@@B@@ABRADAD@F@FBDABADEAAA@@ABABE@ACGEAIG@A@EGBED@A@AIG@@@BC@CA@AGEA@A@A@C@A@ABEAA@ABEECBA@@@CCI@E@CAABCBGAA@C@@CA[U@@KF@FAACJABAAC@ACACICEA@GBCB@@aWCAAB@LA@A@EEAECKD@DDDGAAAAAGBEGIFAJ@XCD@@CPA@A@E@@AEDABBBFD@CGAA[D]D@BBBH@LA@B@B@@@F@BGB@GE@@DIB@@E@AC@ABC@EECCIGCBGAACB@ILABED@@BB@B@B@AEAAAEBGAKA@E@YACAE@AA@I@AD@AC@CBA@GBA@E@AC@BGCAAE@CACG@DODAH@L@D@JEFCBBB@@A@AFAB@@B@@@CBA@BD@@AA@@EC@AGGCACE@@DGA@FA@UAA@@DGA@CECGAG@CACGEECA@ABE@@BA@EOAAABGA@EAE@CMA@EAAC@ACAE@@GCAMCAG@GH@@@@C@ABMGWKEMC@@@@qMSCcIQAUAQEM@CA@EAMM@C@BJM@EACGEAE@IBC@AF@F@@CBG@@EE@AB@JEBBHGBCC@DA@IBQ@BMEAK@@@ADU@A@AIaFACKBIAAACGCCC@E@GGCCE@ABA@A@@A@@AAA@A@@A@C@@AAU@CBIHAD@FA@ABAH@LD@@LADEFCDA@@F@BRR@HBBAFINAD@@@@OZCN@PCPMHO@WJ@@@@@@GHAL@B@@@@BLBT@D@RGDADAFCDC@IACB@D@@K@C@AB@PDB@B@F@NAHER@ND@BBF@PB@@@BB@V@DBBBH@FD@A@KD_@AH@HDDDDH@LBD@@BF@NBBD@D@BDBHDFFBH@PADBBF@BBB@F@PB@JDDDADLD@@@DBBZAF@DABAAAFC@@@@DEB@`ABBFFPCBHFABD"],"encodeOffsets":[[118151,39719]]}},{"type":"Feature","id":"130607","properties":{"name":"满城区","cp":[115.32442,38.95138],"childNum":1},"geometry":{"type":"Polygon","coordinates":["@@B@B@BB@@BB@@BBBB@@@BB@B@@@@A@@@@@@B@B@@@BB@@B@B@B@@B@@BAB@B@@@BBBBB@@BDBBAB@@@B@BB@@@@B@@@@BBA@B@ABB@@@AB@BAAA@@AABA@C@@BA@@F@BA@@@@@A@@B@BABADC@@@@BADC@@B@@BBABB@@BA@B@@B@@@D@B@B@B@@@BB@@@@B@@BBB@@@@@B@@@@BB@@@@@BB@@@@@BA@BBAB@@@B@@A@@B@@AB@B@@AB@@@@A@@@@@A@@DCBABC@@BC@AB@@AA@@A@@@A@@@@@A@@@@B@B@@@B@@A@@DC@@B@@AB@@@BA@@@@@AB@@A@@A@@AAAAAA@@A@@@@@@@A@ABABA@ABA@@@A@@B@BADC@@BABAB@B@BBD@BB@@DBB@@A@@@ABA@@@@AA@@@A@A@A@@@A@AB@@AA@@AA@A@@@@AA@A@@@@CB@@A@@FA@@@@BA@@@C@A@@@@D@D@BB@@B@B@@A@@AAA@@A@@@AB@B@B@D@BAFB@@B@AB@B@@B@@BB@@@B@@BB@@BBBD@B@@@BBB@B@B@B@BBB@B@B@@@B@B@B@@@@@D@B@B@DAB@@@B@@BBB@@B@BB@@BAB@B@B@@D@@B@DBD@@@B@@B@@@B@@BB@@B@@@BADAB@D@@A@@@@AC@@@A@A@@@C@ADA@@@AA@@@@A@@D@@A@AB@@@@@@@@@@AB@@A@@BAB@B@@ABABAB@@@BB@@BABAZBXATFJLFJHLHJLHZEJEJKNGPIZBZFJFFLCNEJGR@JBLPLLJLJJFlN\\FPCNCNBR@NBCIQYIOCMBYFc@KDIZOB@BB@@B@@BA@@D@B@@@@BB@@DAD@F@D@BAFB@@@@B@FD@@B@BA@A@@@@BAD@@@B@B@@@@@BB@BB@@BA@@@@D@B@@BB@B@@BBB@@B@@@D@@@@BBBA@@@@B@@@BADABC@@BABABAD@B@B@@ABA@A@@BAA@DCD@@@BA@@@A@@@AB@@@@A@@@A@@A@@AD@AE@@@@B@@@@AB@@A@@@AD@BD@B@@FC@A@AD@@AH@@AG@@A@CIB@@@B@@GB@@@@@ACB@AA@@@B@@A@@@@B@@@B@@E@CF@@AE@FOLGRGh@H@@@@@NATEJE@@@@LGPOPOLcD@BM@@A@CCASCB@YDABC@G@@ACA@ACA@@DC@AN@DAJCFCDQC@EACA@CBCJAF@B@HADCDC@@AAA@@@BGB@@@@@@@CAA@@C@@GCB@C@@AAKAQACB@FK@C@CAEAAFCDM@A@AFK@@DGBQ@@AAAQ@@@@EDA@AG@AE@GAA@AHAAIAAACE@AED@BAACGBCEAGHA@@@AC@C@@GG@@@BGBE@GAGA@AC@OAAQA@AG@AOCCAABAF@@AAAIAAA@ADAAEB@ASLAHA@AN@BBFAB@@@EAFABEBADAF@AIBEMIGCOAI@AABABAB@F@ACHAFABC@CL@@AH@BAAGHBBGB@BB@ACCBA\\@FB@A@Y@AAAGBAC@CB@@GACEBAGODEEAA_BA@CF@@@@EDBBABCBE@YBAA@C@@KCBCCCICA@@O@EAA@AAECAOBG@EACEAGACC@C@AA@MAE@@AC@KCGCCGCG@@BC`@L@BECG@AACAU@A@@A@@OA@JA@AB@LDDDNCDCAC@@JABCBFN@@D@DB@LFRBJBHDBFBHA@B@DRAD@BHG@BLE@AB@DAFEFDNALEDEJEBEF@PFFFFHFFFR@HBNH@FDANNAPCHJND@@D@DEHEHCDIDK@@@@@CAAAACCC@@CA@@@A@AM@AWS@E@CB@BA@@BA@CFCBC@SFEHGTGH@JBBDL@FA@CBCCECC@C@CFEFK@GBCBEAGBCB@BFH@DGHMR@BBJJ@FDBBDD@@BHAB@FADA@ADGPBJADA@BBA@@@AA@@@BCBA@@@A@@BCB@@@@@BC@@@@BA@@@C@C@AB@AAB@BA@@@@@@AA@@@@B@@EAAA@@AA@@CB@@@@A@A@@BBB@@@BC@E@K@A@C@A@CB@@A@ACA@@AAA@A@@BC@@A@@AA@AAC@@@@@@A@@@@A@ABEAA@A@@BAAA@@@A@ABA@A@@AA@A@@@ADC@ABABABA@@BA@@@@@A@@@@BA@A@CBAB@@ABA@A@A@@B@@A@@@A@A@@B@@@@ABC@A@AAA@AACA@@AAAA@@@@@BABC@@@A@AAA@C@A@A@A@@AA@CAAB@@A@AAA@A@@@CA@@CA@@ABBB@@@B@@C@A@A@A@AA@BE@A@ABABA@@@@B@BA@AB@@@B@@@@AB@@A@CBA@@@AB@@A@@B@@AB@@@@A@CCA@A@@AA@@@AB@@EB@@@@@@CA@AA@@@A@AAA@@@@A@A@@CA@@@@@@@@AD@@AB@@@BA@@@C@A@A@@@A@A@@AC@AB@AA@ABA@@B@@@@@B@@A@ABA@@B@@AB@@@@EB@B@@@BA@BBA@@B@@A@ABA@@@A@@@AB@@A@@@@BBB@@A@@B@@ADA@@@CB@@@BC@AB@A@@@@A@@@@@@AA@C@@@A@A@AB@BAAA@A@A@@@A@A@@@A@@@AA@BA@@@A@@B@BA@@B@@@B@BA@@B@@B@@BB@@@@@@BB@@@@B@@@@A@@@@BA@@B@B@D@B@B@@AB@BABBB@@ABB@AB@@@@@B@@BBB@@@@@BB@@@@@@@B@@B@@B@@@@B@BB@@AB@@BB@BB@@@@@BB@@@BBB@@A@BB@@@B@@@BB@@D@@@BBB@@AB@BA@AB@BAB@@@@@@A@@BA@ABA@@@A@A@@@@@@B@@A@AB@@@@AB@@@B@D@@@@AB@@@BB@@@B@@B@B@B@@@@@B@@@@@B@B@@AAA@@@@BA@@@A@@@@BAB@@@B@@@B@@@@BBBBBB@@@@B@@@BB@@@B@B@@@B@@@B@@B@@B@@@BA@@@BB@@BB@@@B@@"],"encodeOffsets":[[117721,40052]]}},{"type":"Feature","id":"130624","properties":{"name":"阜平县","cp":[114.198801,38.847276],"childNum":1},"geometry":{"type":"Polygon","coordinates":["@@JCXELAV@LLFPF\\^NRH\\HPADIBIDSDMFKBEDI@CBAB@B@@@B@@@B@@@@A@@@@@@@@@@B@@@@@@@@@@AB@@@@@B@@@B@D@B@@@@B@@@@B@@B@@@@@@@@@@B@@B@@BB@@@@@@B@@@@@@@B@@@@@@@AA@@@@@@BA@@B@B@@@@@@@@@B@@@@@B@@@B@@@@@@A@@@A@@@@@@@AA@@A@@@@@@B@B@DAHEJCHO@KDOLSdATDRHXHVCJEHEJGRANDRHZNPLB@DAD@B@BBD@@@B@@@B@B@B@D@D@B@DBBDB@BBDBB@@BBBD@B@D@B@@@H@FA@@B@DA@@@@DB@@F@B@BBD@D@D@BBB@F@B@B@D@D@@BDBDBB@BBB@DBBAB@DA@AB@@@FB@@BADCB@B@FADABABAB@@@@@BBBBDB@BB@@@D@DBB@BBB@B@B@B@DABA@@F@@@B@B@BB@@B@B@@@BBD@@@DA@BB@B@@@@@DABAB@B@B@@@BBDAVCbG`CN@NABADABAB@@ABABA@@BABABABA@CBABC@AB@@A@BB@B@DBD@B@@BB@@@B@BAB@@@DAB@BAB@F@B@BA@@BAD@DAB@B@@@BA@A@@BAD@@@@A@@AAAA@@@@BABB@@@A@@@AAC@A@@DABCDA@AB@B@DABA@@@@BA@@@@@AAEB@@ABAAA@A@AB@BA@@B@B@@@B@B@@@B@B@B@B@@B@@B@D@fAPCNENMLSB_@QAOCKK[EKEIJMFKAKWCK@K@M@BOLWHKJMHODIBQDO@IAKDKHKHIHIDMAIEOAK@OCKAIEGIGKCKC@@@CACA@CCKBCDG@G@AAAAG@@@A@A@AB@@IFA@EAA@DKBCBCCACAEBKDUJCBUFS@I@C@AC@E@E@AFCFCD@@@BA@@BAB@B@@@@A@EBC@CAGAE@A@@A@@BC@CAA@@A@@@AAEAACCAACCEM@ILMcGSGQGMESCeDMDMNONQFK@¡OUEQCMAgGKAMCUGYKM@Q@OCEBC@C@CDABC@KCA@EEKECAAAAABA@CAGCAC@CBGBCAGC@AA@MBCDEBCAKAE@A@@CABEDAB@@EH@H@DKBA@CAGAADALABM@CBCDBDADA@KCKGA@A@ABAB@@E@@BCDBDABCBA@AAIGAAIACDCBABA@GEC@C@@AA@CAAAA@AACCC@AAABABADCD@@A@CBG@CBABABABABABCF@@AB@BAD@@CD@@ABEBA@A@CAK@A@A@CBABC@@@E@C@E@C@C@CBE@ABBDDBAJ@FCDQHGFCBGFEDCDADCBEFEBGDEDABA@@BCBAB@BA@CBA@C@C@C@GAGBGACBMFULGDCB@J@LCJCJ@RBRHLNJNFHPCVKHQLKHOBUFQHMJKLEJCLOLMP@L@X@TANAJCTANCTCRDVFPJRNFHAT@TBNLPPJJHHRJNJJHLJLHPLPHLNBNFNTFVEXCT@FPJNDJFJLNZN"],"encodeOffsets":[[116697,40040]]}},{"type":"Feature","id":"130609","properties":{"name":"徐水区","cp":[115.64941,39.020395],"childNum":1},"geometry":{"type":"Polygon","coordinates":["@@D@@A@IBCB@AGF@B@AQBEH@P@@AB@BAbK^GdKPCbGZFTDRDPD^DTBVENCZQRGPCLCPARBR@NANIDK@KBOFYBKBI@@@@@ABK@ICK@KAS@GFOPKLIIKEMKQAYEQIIIGKIIMCDA@IU@AB@AGC@@CDALCDEHE@AB@@A@@A@@A@CAU@ADBBADG@ECK@AB@C@CBQBBA@@@A@@A@AAEA@@A@CB@@CAA@@@BFA@SDC@A@ABC@C@@BA@@DABCB@@AB@B@@CBCB@B@D@BC@A@@B@BFF@FACA@@@G@CBBJB@BDC@CA@@A@A@@BA@@@BD@@@B@@CFAD@AAACCIJSFgBYCQBUFWGQDAIE@A@@CK@C@@@@@ADCBMBCFGNA@C@MB@BKB@BKBMDECGBG@C@@AAGMBCBAD@FGB@BOB@CC@@@A@@D@BGBCBCBBRC@I@@BG@@DB@@@ANC@KdOPOPKH@@@@IFSFMB@@@@G@g@QHKHEPF@@BE@@D@FA@@@A@@@@@@BA@@@B@@BDA@B@@@@HA@@@A@@JA@D@BH@@BG@@BC@@B@BED@@@AACC@@B@@@BA@@B@@A@@@@@BFC@@BB@@@@B@@@B@@A@@B@@@B@@AB@@C@CDB@AB@@@BAB@BA@A@C@ABABAB@@ADCBAB@@A@@@@@ABAA@@@@@C@@@AA@AA@@@AAA@@@A@C@@B@@AA@@AAA@@@@A@A@@@C@AB@@@@@BABA@@@ECA@@@@@EAABC@E@C@CB@@AA@@@@@A@CB@@AA@@@AAA@YPCJ@LEdAZDNJPRZDJXXRHRLPHT@VANEVGTCNFJJJLFHLJdLR@LARGNMPFFB@@"],"encodeOffsets":[[118285,40101]]}},{"type":"Feature","id":"130626","properties":{"name":"定兴县","cp":[115.796895,39.266195],"childNum":1},"geometry":{"type":"Polygon","coordinates":["@@BAB@FAAEJ@BA@ED@@GBA@EB@@EFC@AB@FCFBDA@A@EJA@BBDFBH@FE@BH@D@@BF@@DB@NA@CB@B@@HNAJBP@@DB@F@@CL@B@@DBAJA@DD@@DBBD@@GLB@GHBB@@@H@BAAGF@@@@EG@BCHAACA@[ICU@C@CDCBECBAGFBDCB@B@CFFEBA@ABCB@DCFABBFAB@AEH@HC@@JCNG@GCAABCACABEB@DABABCDEDDD@CA@C@CBAD@HCHAB@@BBB@FAB@B@BRB@Q@CAEH@FABAACJ@@GDA@@H@FC@GM@KAACAC@C@ABAD@@A@IAED@@CBC@KAAE@@CEgBAD@AGGB@ABC@GBEBCEQCIEOCKCIOEKC@@@@MEc@UHOJGJEPT\\U@SGcE@@@@C@YCKBOAUAUAA@@@A@eEQ@OCIMSQMBQ@QAOBKDODQHYRMDUFSA]COCQCSCYEaHODcL]HaLABA@@BO@G@AFBRA@E@BHA@AD@J@BC@JBPHHH@@@@FDFJ@L@NAPCPBRBLLPLLVN@@@@BBZNPNTLJJBDBJDD@DI@@DBBH@BFI@DFB@BHR@B@@BLA@CBAPBR@BDD@@F@BV@CHC@@DG@@B@DE@AB@JBBBDD@H@DDFDBBF@B@B@B@BC@ADAB@D@HBTFJBB@BBB@D@B@BAB@BABCBA@@BABCBAAA@AAA@AACDAXIHAD@DDNHNZFNBBH@^AX@FBBHFBD@RFJBTBFCB@"],"encodeOffsets":[[118571,40274]]}},{"type":"Feature","id":"130628","properties":{"name":"高阳县","cp":[115.778878,38.690092],"childNum":1},"geometry":{"type":"Polygon","coordinates":["@@BEGA@GE@EC@ICEBAKCA@@GJIDMDCF@F@@CBAB@@DB@BIBBFIC@CA@GAAA@A@I@BE@SJAAMA@BCF@@IB@BDF@D@ACCKACHBH@EY@CD@DGBSAEACMAE@BE@@eE@D@@@EF@DB@@BGFIFCDB@ABCBADC@CBA@A@@@@@AAA@A@AAC@I@@AA@EACBE@EACBCBEHMCAE@EAC@C@C@IMC@CE@CIAAAACBA@@ECBC@CC@@CDAF@@EBABAB@@EA@@A@E@@@EC@@DCB@ECBBDA@@EA@C@AD@@@AA@@BE@@EGB@BA@@AACEBAGC@WBE@AAECKDABBF@BEBEBBBABABK@EGCE]BGACCD@BBTCFAB@AA@AHCRK@ACECAC@MB@DA@@@C@@BCBQDCDE@CB@CE@KDGBK@AFBP@PBXFTDRJ^HN@NIVGHORSVKFM@K@QAWAQAmDGHILMHQCQE[BWNOBG@A@KA@AC@GBADABG@E@AB@FABE@@JC@ABAFC@BDHDBHD@@FB@@BC@@AAB@D@@@AA@EB@B@BA@AAEDIFC@K@G@CBCPH@BD@DBFDBAHD@@B@FAB@HAB@DBDC@@B@JBBF@DBZBF@B@BLAHBFBBBF@BFCLLJ@BDDDB@BHDBJABFBBDBH@B@AEJ@AM@AA@KB@AAC@EAAC@AB@BC@@AAC@KAGA@NE@CDA@DJCFCBBB@@CD@@DB@@CBABP@@B@@CBABFHAHBDABAHADFDADADADFDF@@FA@DDAF@B@@DBJPA@DBDABIBDHH@@JFPC@@FBBD@PGBCB@FABDD@\\GB@@AJAB@@BD@DHD@B@BNBBDDF@@DJ@B@@FD@@HB@@EJ@D@@C@GLEBGB@J@F@DA@AFCNEHAHAB@DFFFHADDVFPDH@DEFM@@TBD@BABE@EB@@HDBLB@AZDFAFBCH\\NA@@D@@LDDAACAAIA@CDEDOB@DDB@XG"],"encodeOffsets":[[118744,39687]]}},{"type":"Feature","id":"130629","properties":{"name":"容城县","cp":[115.866247,39.05282],"childNum":1},"geometry":{"type":"Polygon","coordinates":["@@PERAPCHBD@BHH@B@BBBAFFFAAE@AB@DABEJCJCF@N@F@H@H@DCFCJCFCDCBC@A@AA@@AMBFCAACEG@@ACEDCBA@A@CDK@@BE@BDBBGLBB@DEBC@E@G@ABABEBAFAJCICBCB@B@B@F@B@D@B@BABC@@AAEC@A@@@A@@@@@@@@@ABA@AF@B@H@D@@CF@AC@C@AI@ACOBMDACCQA@AAAC@E@ADABA@AD@@C@@E@@CBE@EGBA@AGCEJADAEGC@@GA@@AAAUGE@GBAaAAA@ABBLOBAB@HKDCBCF@FON@FBHFFFHBJJ@@D@FCBA@CJA@C@CHc@@CAAA@EBE@CA@ECACBDJCBUDCAACEBE@KCC@@D@DFA@BFRABMH@H@@CBSDaCKKGMKOIKMEWGYESEWIkU]QaM_BBZLRFNJLKJOLEP@HBT@LDL@JAL@B@@@@AJALEZAP@LCLMJTRJNPDR@fFB@@@B@VBVBPBLAZDD@@@@@dFTHV@S[FOHIPIVGd@NF@@@@LDPFDJ"],"encodeOffsets":[[118733,40051]]}},{"type":"Feature","id":"130627","properties":{"name":"唐县","cp":[114.981241,38.748542],"childNum":1},"geometry":{"type":"Polygon","coordinates":["@@IMKASCUBKLCJ@@@@ADCJENQFMB@B@@HBHFARC@EFCPAFCFIDKHC@@DAFGLCBGBE@EBEDCDADCBKBIFAFAHBF@DEFCFALBJDBFAB@@BBBAB@F@@@BHBERDDHBADCBIDGDIEC@KDCBGHKN@FDJBDJ@JF@FFDFDDB@ABA@A@A@A@A@AB@B@DBB@NDFH@@Q`CDEBA@AB@@@B@BEF@B@@DD@@@D@B@B@DA@@B@B@B@DABABBB@B@B@BAB@@B@@@BB@@EBCAEICCEAEDCBAP@VBTA\\GVIVKH@@@@EBSDSB]CW@YFIFYFSF[HSBQDQDUJWJSJDLBP@RA`KTMNMFODeBC@A@@@@AA@A@A@A@@@A@A@@@A@A@@@ABA@@B@BBBAB@BA@BF@B@@@@B@@@B@@BB@FB@@DD@BB@BB@@BBB@@B@B@@BB@B@@@@DD@@B@@B@B@B@@BD@@@B@@@B@@DB@B@@@B@@@@@B@@BB@B@@BBBBBA@BB@@@B@B@B@BDBB@@@BB@BB@@BBB@B@@BABABAB@@@BBB@@B@B@B@B@@AB@@@@@BA@@B@@@@A@@@AB@B@B@B@VBNA`DPLBJBTBJJTVVLHLFVFLDNFNHNJPPVPNBTDRBN@TBTATAVAVCLEJENKRSJGTKTGL@Z@LAPAPERCTEdGFWBAB@BABA@@@AB@B@@@B@@@BB@AB@@@B@B@@@B@@@B@B@BA@@@@B@@@BABA@@@A@@@@@A@@@ABAA@B@@A@A@A@@@AB@@AB@@@@@B@BA@@@@@@BA@@B@BAA@B@@A@@@@BA@@B@@@@@B@@@@@BA@@@@B@BA@@@@@A@@A@@A@@BA@@A@BA@@@A@BBA@@BA@@B@@@BA@@D@@A@@@A@AB@@@@A@@@A@@@@@AA@@A@@A@@@@A@A@@A@@A@@AAA@@@@A@A@@AA@@@@AAA@@@AC@@@AA@BA@@AA@@@@AA@@@A@AA@@@AA@@@A@@AAA@@A@A@@@A@A@@A@@@BAA@@AC@@@CA@AA@@@@A@A@AA@@AEAAC@@A@A@A@@@A@C@@@AB@@A@@@A@AB@@ABAB@@AA@BA@@@@@CA@@ABAAC@C@@@@AA@@AA@@@AAA@@@@@A@@A@@@A@@AABA@@@@BA@A@@@@B@DA@@@AB@@ADABA@@BABA@@B@B@@@B@@@BAB@@ABA@@B@@A@A@AD@FIFEFAB@@A@AAA@@BAB@@@AA@@HEF@LABGDEF@PAPDJDJIBA@E@GCEMGAC@ADGGGKG@GA@GCCC@C@GBCBAHABCBAC@BA@AAABCDAFAHCHEDEFCB@DFF@D@BDFDDADEDIHCPOHI@EAABINELIBAACCC@@@ALCDCBA@IBANIH@NI@ADA@AAC@ELEF@^FB@BDFBFFB@F@BBD@DD@@B@B@B@HOFAJ@HBD@AG@E@CB@L@@AAIDK@EAIACD@FB@MAA@@CAA@@BAA@K@GRK@GBIB@BG@IDEFC@AAGAAEAAA@GO@EE@EF@@Ae@GB@E@EEAB@BA@@AIACBC@@@@@@FA@GPA@ABC@GA@BKACE@ECEAAC@E@AF@H@@K@CPBXB@@BBB@@[@]@CAAMC@UF@FBBEAUKECEEC@A@@@CAE@@BAACC@@@GA@EA@C@@CA@@DGBDBA@C@C@CDCF@DHDABF@@@FFBF@@@@BH@BD@BFC@E@A@@CC@ABG@M@C@AAAE@MBGB@AAAAG@CA@G@@Q@SAEBAB@LO@ABBHJDD@@BGB@BBBA@@BHFBB@@EBAD@BD@BH@PG@AAC@CH@DBBCD@B@@ADA@C@GCQ@@@@CAAO@WB@IA@@EAAOCAAE@@CA@KBABABADC@A@A@@AA@KDS@EB@FGFAGA@MBKBGD@DQ@@AG@A@C@AA@@@@AAAC@ICAAKAAAC@C@A@@"],"encodeOffsets":[[117604,39575]]}},{"type":"Feature","id":"130631","properties":{"name":"望都县","cp":[115.154009,38.707448],"childNum":1},"geometry":{"type":"Polygon","coordinates":["@@@MFQBG@M@E@ACA@OBAD@L@@@@CDAJBD@DCBEBCHC@Q@CASAK@@@@@ABKHG@@@@@@XIP@NGDO@ODMPY@@@@BCJMBEAA@GQQ@A@EB@DCFEBC@KC@@KBGBAB@@EBCGCGECKBKDKFKBKCMQGOAK@M@SDQJIJINGLGVEPAXARDJBJAR@@@@@HENMH[TMFMHMJ@@@@ABONIJ@@@@QNcBCICMAKEKAA@@@@KGA@@@@@OKQCQ@CBCFGHGBGCMEEAM@UBKB[JED@BD@BDAB@@BF@D@@@BFDDFLFBVAFEAE@@VNDBB@D@^@\\A@AA@@WAOA@D@LG@E@@B@FBDFBFDF@BDALB@@HAD@BOB@HEB@@@@@@ADBDBJ@@ABA@FB@F@FHAf@@BE@@FFFP@@HBBFBBBBH@BEDCF@JAHA@AJ@HQL@H@LBB@AB@DB@@BBB@B@B@DAD@D@FAJ@@@@@DABBB@@@B@@BB@@B@@@@@BDA@@D@@@@@DKA@@CFCHBAQF@BA@C@K@EB@AC@@JEH@H@DDFBDCHAL@DA@CDCJ@N@`@D@BFN@T@TB@B@DL@FIBE@C\\G@GAEBCFEB@@@HCFCB@LCH@D@BDD@"],"encodeOffsets":[[118000,39675]]}},{"type":"Feature","id":"130632","properties":{"name":"安新县","cp":[115.931979,38.929912],"childNum":1},"geometry":{"type":"Polygon","coordinates":["@@B]FGB@DCGCFE@@FBBB@AAAFE@CRC@CDCD@JAFDFBHSLBDCBEHADBJFBB@DA@GAA@ABBFRHB@DEDALFH@@AD@@BD@@AB@B@B@@FD@@FH@@B@BB@B@BIA@AADGB@CEAA@AB@DDDK@AA@[IDI@A_BA@U@ICCAEA@CA@KCGASAMGEBGEEEBAJED@EGBA@ACGA@NED@@ECWCKKWAEGUHGNKACCCEGA@C@QDC@EAA@AAGCCAOMCEMEDA@E@CGBAA@CBGE@EEBADCBAEAAAC@ECEEBCA@@@A@CBCIGEA@GB@CBACEAACAKBWHA@CCA@CPCF@DJBBBBDCBKC@@@CB@[MDGEAEBYC@BKACA@GA@@FAFABC@SA@@ENCFG@OCUECCGBEECEA@GBGBMFED@BCBE@I@A@AHKF@H@DC@I@@FA@@GC@@EA@I@@CE@CCAAAMA@C@CGC@@AA@IB@BA@[HC@ACEBA@ADOHC@AA@ED@EO@IG@CGJABAAC@COBAI@CA@E@CB@CEB@@CECECBCBCBCEGBABCBGAGBAEAB@DA@@@AOAB@DA@@CC@@DA@AAEDID@CCB@DMFB@BH@LBD@BD@@ABAD@BB@FBD@BLAB@@BBNI@BFA@G@CAAAAEIBCAAGA@CCACI@KKED@AA@A@A@@AC@AFKB@JDABBAHHDDJFD@FAD@BBDF@@@JA@CF@@HHA@A@E@@@A@AKBG@AA@A^C\\CBBDHC@AEAACBBF@@@F@BOB@DC@WDI@EBHJAFBHBBBBCHCCC@DLBFFFB@B@@KBADBbX@@DAHAB@DFDJDB@BBDABIBBDEBE@@LV@B\\@DD@B@HBDABADBF@J@DD@@B@DAFFBAB@FBBAB@D@B@B@B@HF@BDBD@@A@@JH@B@BFCHA@F@BJHFBDH@BAFAB@BB@BBCFABCBEAE@A@@BDL@FCHABCA@BBV@D@BB@@@@BA@@BGFCFKDCB@DD@BHA@@BJVB@DCJNLJJHJJFR`AbN^RlVXJTFZFXHNFJLLPHNLLbDTCDA@@@GNGBAEQ@AEB@C@CD@LDF@FABDDBVCDACIDADB@FDBF@FAB@BB@Dd@DGD@B@DIB@DA@E@CI@AIEGEEAG@EPM@EDEDALC@GBAPAAKBAB@BBBbHA"],"encodeOffsets":[[118815,39905]]}},{"type":"Feature","id":"130635","properties":{"name":"蠡县","cp":[115.583631,38.496429],"childNum":1},"geometry":{"type":"Polygon","coordinates":["@@D@BEBAD@@IF@BA@EBAF@H@BABCHAD@@BLBB@H@PAXM\\ARFRDNGJKHGnCRBXBRBL@N@LETUPQHGJU@MGMI]CQESAW@OAOKBMBMCKG@@@@EA@@@@ECKIIKGKIMOKKAOAUIKMGKGIMQMKCUNcDKDMBIDIDIAKEIAAC@]GCOE@@CBE@E@@E@@KE@@IAAE@KGc@CBC@EAAGAAKB@@@CA@O@GD@FCBE@UBSFKBYNCNDPFL@L@@@@@J@PENGLILKHUHOL@N@LKPOFSDcNEP@@@@@@DR@NERGPENQVOPQRMZGRCRELRFVBRBdJTDrN@@@@NDLFHXAN@B@D@@G@@HBHNDDB@HF@DB@BBDFBB@DNF@FBB@AHBBPB@FAB@@AF@BDBFFDHDBH@HBFD@DHB@CB@VBB@@EHB@CF@"],"encodeOffsets":[[118421,39596]]}},{"type":"Feature","id":"130634","properties":{"name":"曲阳县","cp":[114.704055,38.619992],"childNum":1},"geometry":{"type":"Polygon","coordinates":["@@TIXIVIRCRCTA\\GTEZEJEZEX@^DTATCFA@@@@LGJUHUB[AS@UBODAFCFBDDFJDBFA@@AA@@A@@@BA@A@A@AAABABA@C@A@A@AB@@C@A@A@C@@CC@@@AFE@A@A@@BAB@FADCR_@@EGMCA@CAA@A@@B@B@B@B@BAB@BCAECEC@EIEI@ACCI@ELMHGDALCD@JFHCJCDABCGACCFQGA@A@@@EBAAA@AA@EBCAAIBKDEFE@CAEBGBEJELADABCDCFCFAF@HADAHKBE@CD@LGJCDEBEDOFED@BQGEGA@@@ANAREFMDIBC@@@@DILKVATDLBJNpUVIHEDEGEICEGBAFIBCAMCBCCCE@G@AJCTEGMKOIEC@A@AEM@@EC@AA@CBADAJABCAAGB@@AGBEAI@A@@@@A@CED@AIA@E@AAIBA@@AAMA@@EKAAGA@C@@IAEG@E@O@AE@CCAI@E@AA@EDCB@D@BA@KAAC@@A@CEDgFODS@QASESI@@C@QEKAGBQJ]CWIQIOKABAFGLILQTADAHEFMLGBEBCDCDILGJAFBH@BEDABC@CDAFCHEFENEFGFCDADAFCHCFCDADELAPA@QCGABACAEBGCKFMCE@EDEBOKGGCLBDFDJDLFNJFJ@HKPAFCFGHEDAJ@P@@BHIBSH@@KLELIJIJEB@@@@CDaNUJIHIDQHQKMAYJIJKN@JFNDDBBDDBBBF@B@@@BB@DBD@@AB@@@@BBFBH@DAD@F@B@@A@A@AB@@AB@@C@EDED@B@F@FBDD@J@T@VEDAVILCFADBDBADADCLB@FBB@JE@@BAB@B@@@H@BBBBH@H@DCLADDB@BD@D@@LDLDJHFHBJDL@PBLFPBJCNGJGJGLCLBL@JCPARCJGPINGLKXAPN@L@L@XDBLELINFJFLL\\"],"encodeOffsets":[[117279,39894]]}},{"type":"Feature","id":"130636","properties":{"name":"顺平县","cp":[115.132749,38.845127],"childNum":1},"geometry":{"type":"Polygon","coordinates":["@@@@@A@@AA@@AA@@B@@A@@@AA@@@@A@@@A@@@A@A@@AA@@A@@@@@AAAAAA@@@@@A@@@A@@BA@A@@B@@@B@@A@@B@BB@@@A@A@@@@@A@@@@@A@A@AA@@@A@@A@@BA@@@@@C@A@@BA@@@@BAB@@@@A@@@@B@B@@@B@BAB@@AB@@@@@@@BA@ABAB@@ABA@@AA@A@@@CA@@A@@@A@@AAB@@@AA@A@@AA@@@@A@@AAA@@BA@@AAA@@@@@@AA@@@@A@@@@@@AA@@@@A@AA@@@A@@@@BAA@BA@@AABA@ABA@@@A@A@C@A@AB@@A@@B@@@@@@A@@A@@A@@@@A@@AA@@@@AB@@A@A@@@AB@@A@AB@@@B@@ABB@@B@@@B@B@@@B@B@B@BB@ABAB@B@@@D@B@@B@@@@B@@@@@@BBAD@@A@@DA@@B@BC@@@AB@@@AA@A@@B@@@BA@@B@@@B@BAB@@@@AB@AAB@@A@@@AFA@@@@BA@@@AB@BAB@@@@A@@@@@AB@BAB@@BBAD@@BB@B@@@B@B@D@@@B@@A@@BA@@BC@@@@@@@@DB@@@B@B@@B@BBB@@@B@@BDB@@@@@@FA@@BA@@B@@BB@B@DDB@@@@@BA@@@AB@@@BA@@B@DAB@@@BA@@@@@A@@BAB@@A@A@@B@BABAB@F@@ABBB@B@B@D@@@@A@@AABA@@DB@@DB@@B@B@BBB@@@BADBB@@BB@B@B@D@B@BBB@@@D@BA@A@@@@BBBB@@DBBBB@BBB@D@BA@@@@@AB@B@@@B@@@@AB@B@B@BA@@BADAB@B@@A@@B@@@@@B@@AB@BABABAD@BC@@B@B@@BB@B@BAB@@@B@BB@AB@B@FBBAB@@@@@@B@@@@D@BBB@@BB@@@AD@@@BBB@BB@BDB@@@DAB@D@B@L@F@D@@A@@AA@AB@B@@@@@DA@@BB@@BBFB@@@A@@B@@B@@@@B@@ABA@BBAD@D@@@B@@A@@D@@A@@@@DA@AB@@@B@DA@A@@BB@@B@AAB@BCAIHOBCB@BC@EBAAG@@CCAAECI@AI@ANQHG@CEG@ADAHAFBDAHAL@FEDED@D@FDDDDAB@@ECKAA@IHGHSFGTED@DADEB@@AB@@ADAF@T@BXN@@B@B@@DB@@DDBDBBDB@@@@L@JCDCFGFG@C@CC@IMDGBOMMCB@EMGGAQ@EEGEEEEE@OFEFAFIFCBKCMFEBE@CBAF@AKH@AGC@QB@C@AGBEACAAGAIEQ@KCAC@@@EMDABA@ID@DBDCCMCC@KBAB@@IE@AAC@C@ACC@G@KDA@EDGD@@A@EFADBF@H[H@DAFEJK@@C@ASAS@M@AEC@_@M@I@CD@DCBK@GBCDEACCG@G@IF@@BDA@@F@L@DABE@BRGAED@DB@CL@@@@C@@@CB@A@@@@@AA@@AA@@@A@AACB@@@@I@EBC@C@CBA@A@A@@NEAC@BDBJ@FCLBJ@BK@A@@D@FBHC@GAI@EBGPA@A@A@@@CCC@AAE@A@EEEAACA@]EE@KF@FBD@BCB@BMJG@MJAB@JABCDKD@B@@DDBDABKJMFAJBB@FGJOPGDCJCFCBECACC@E@CEA@EDCFGFGDEBCBADBB@BABD@ABADGBABAD@H@DDDHDB@@HLHHHCH@BBDNHDF@H@FABIJICOCOBE@CFAHKBE@GF@@BB@@A@AB@@BB@B@BA@EBEFEJC@@B@B@BA@@@AB@BA@AB@@A@@@A@A@@@ABAB@@ABCB@BA@@B@@CBA@@@@@@BAB@@@@ABBB@@@B@@@BB@@@@@B@BB@@B@@BB@@B@@D@D@BBBA@@DB@@@@B@@ABB@@BABA@@BAB@@@B@@@BA@@D@B@@@B@B@B@@@BDFB@BB@@B@B@B@@B@@BDB@@D@@BB@AB@@B@@@@B@B@@@B@BB@BB@@@B@@BB@@B@@B@B@@BB@@@@BB@@ABB@@B@@BD@@B@BB@@@@BB@@@B@B@@B@BB@@@BB@@@@B@B@@B@@@@BB@@B@@@@@B@@@B@@A@@B@B@@@BC@@@AB@@A@@@AB@@AB@A@B@@ABB@@@AB@@@BB@@@@B@@@@ABA@@@@@AB@@@@A@@@@@A@@@AB@@@@@BA@B@ABA@@@AB@@@@@@ABA@@@@@A@@BA@@B@@@B@B@BA@B@AB@B@@@B@@@@@B@@ABAB@@A@@@@@ABA@A@@@A@@@A@A@@@A@@BAA@@A@@@A@A@@B@@ABABA@ABEXRAP@LB@BB@@@@BB@@@BB@@B@@@@BBA@BB@@@BABB@AB@@@BB@@B@@@B@@B@@@@B@B@B@@@B@B@B@@@@@@@B@B@@@@B@@BB@@BB@@B@B@@@BBB@B@DBB@@@BB@@@@B@FA@@BAdNpH@AB@@@D@B@B@B@@@@AB@@AB@B@@@@@@C@@B@@A@AB@@A"],"encodeOffsets":[[117721,40052]]}},{"type":"Feature","id":"130638","properties":{"name":"雄县","cp":[116.107474,38.990819],"childNum":1},"geometry":{"type":"Polygon","coordinates":["@@BUJGHKHG`OPELIHILQFMBI@KC]@ABWBCB@PDF@EGCEA@AFE@AGY@A@CCCGAGJ@H@BAACEBAA@AFA@AMFE@ACCGEKFAAEB@HC@@AED@B@EILABDHAFDBFFBBACEBAB@HHLGLGCC@ABCFC@@@@A@@A@AAC@AAA@@AAA@@@CB@@A@CIAA@AAAAAAACAECA@@A@C@@EDMFABDDKHEBAAAAIM@A@aAAECC@AACAEAC@C@E@AAKEKECBCAEC@CYGE@AFPDBB@B@VC@@HOAAKMAAW@AB@H@@EAAAA@@G@EAA@IAI@EAMFWNGBCBCBABCDiLGDADCBABOG@CEAACGCKCOAAJA@A@@A@AG@@EC@@EA@A@A@@BC@@AC@@BG@KECBCFA@QGAEBAB@HBB@@CAAIECAGBAFCDKAGTEAECIBC@CD@DQD@DEFBB@BAAEA@@EFHDCDA@EHA^F@VHBB@BB@@HD@FHCBIBDFBHB@HA@FAF@DF@@@@DC@@BABCB@B@FBDBBB@DRBDNCPABDJ@@B@DBDE@@DC@G@A@E@@BAB@B@@@@@@@@@B@@@BFDBB@@ADABA@C@A@E@A@A@A@ADJDIDEBABAFAB@B@H@FADCFA@KAAHCA@AAF@@CL@D@BABCDDF@BH@DFBBEDNA@BB@@B@BADCDEDID@@BDD@BBH@ADLCBBAPFB@EBAH@F@PAPEBFD@RARFFL@NEPALCRFJLNLJNHNDZA@@@@J@B@@@@@PAP@L@@@@@H@RAN@`IdQZ@fILCTCLA"],"encodeOffsets":[[119053,40078]]}},{"type":"Feature","id":"130637","properties":{"name":"博野县","cp":[115.461798,38.458271],"childNum":1},"geometry":{"type":"Polygon","coordinates":["@@BMBCACC@E@@EAAMDaF@DEBC@@EGBCAAAA@EBAA@CE@A@@FC@CBKBA@BD@F@BIBABKFA@@C@ACB@BC@A@@C@AD@B@@W@@AAUAABA@@FADC@GBBDA@A@CAA@AAAMC@@G@EAAO@ADA@A@BE@AC@G@W@EBAB@@F@@B@BCAADBJFBAF@@E@AB@HBLAD@BBFBH@J@DABE@MBKBBDC@GBAA@MD@@ACK@IACECK@AA@@AB@BCBE@CEGBABF\\LA@DFFDBF@B@DJBN@DA@IBA@CH@HDRB@BPBF@@FA@B@LXA@J[D@BkF@BKBBFC@IB@@C@AAAIDC@GAAMESB@@@@C@UHCHKNOHMDCLER@@@@@@CVCNCVIPMLKLINEN@PBNBH@@@@@DQXKDG@AAUAEFE@AAI@A@@@@@@@I@@@AAABCN@JV@BB@@@D@BB@B@BB@@@BB@B@BAF@DDHHF@D@DDDHBBJBLABDbEBJB@V@BC@@L@FBANR@JAB@@CDDHAAGFA@IBAF@@FH@DA@@@EBED@JAF@FBDHFBN@AID@N@BN@FDBN@FKDQHQNYRQPORUFMHOFQ@MCQ@@@@@@FOdMTCPELO@K@MPKVGLGJKHKFM@O@I@@@@@KEKCODMZMLATEVAF@DA@EHC"],"encodeOffsets":[[118426,39261]]}},{"type":"Feature","id":"130682","properties":{"name":"定州市","cp":[114.991389,38.517602],"childNum":1},"geometry":{"type":"Polygon","coordinates":["@@@AFC\\ILAVAN@FBNFHDHAHGDEDAR@RDPL@@@@B@LH@@@@BBFLBLDNDJdARM@@@@JIPMBA@@@@NINGNE\\SNGFM@G@@@@BQAICIBQBWFOHUHKJMJIRIKOGIGMIIEIAEAABAPQF@BB@@@CBABCB@@A@AA@E@AAE@A@A@A@ACAC@CACCCADABEBCACOAMCSBAH@CQCKCCcAMBA@BDA@CB@A@C@ANEH@@@D@B@@@B@@@@@@@@A@@@@@@@@@@@AB@@@@A@@@@@@@@BA@@@@@A@@@@@A@@B@@A@@BA@A@@DAC@CCAE@GA@EAC@@DC@MA@GGCCIA@CBKC@GBAG@CACCJA@AFGHARADA@@@C@ADAREFSCE@@EC@@FK@C@ACI@CBAHCVG@CCK@A@@DC@A@ABAL@FADC@E@CF@BABC@@A@SOIMGGECHECEAEDA@AECAIAGEGCAC@A@CSCBACAAIB@BA@G@A@C@EDAHG@@J@BCBI@BBI@EFA@@FEFQAOCMB@@@@A@KBQBMDMDOBULIFMHKNCJGJA@A@M@KECC@@BCHGFE@EAGB@D@@MAAOKCAA@CBCBA@AAACAAC@C@BFBB@BA@ABC@A@CH@@MBQAOCOEIGCGODCBCDDNANADEAIBEHG@BDGAC@BD@@I@QCQAEFIBQDG@EEGG@GI@@E@GBAACKC@BUBYDABCD@BBF@F@@CF@FBHDFHBFHB@HBDBD@DBB@@B@JFRJBJDHD@BF@FTBDDBD@JA@@DHFLDL@BA@IAEBA@@HABA@AB@D@DC@@HBDBF@JADA@E@@JCHALBD@DEHK@GDA@@DBBB@@DA@@D@@BBABO@ABAD@@@@A@@B@@@@SRCD@@@@AFIHYL@@AFC@C@@EA@@HA@GAAAAAA@ADAF@FBDBABBBH@@@HCJCCEBGDAFBFGBCACM@CB@CO@@AO@AEAI@@TGDCBIFBN@DLA@@@@@@FBDDBJ@@G@EHCPEPGJCB@D@BD@BB@LABC@A@CD@FBBF@J@DB@DBFP@F@H@BF@JD@B@BHLB@FB@BN@BB@JABBF@B@BJC@DFB@@@@@@BBJAFBH@@HABBADIBCBAB@DBBD@@FN@BFB@D@JFLPHNSFID@B@HDFDDDABNADEJABFHJDHFCFGFUJoV@@@B@DBDBBBLDB@JBDBB@@@@BBD@B@H@@BR@@CHCLANAB@BHHE@EFAT@LCB@@BB@B@D@BCBABALAB@@DF@BBPDBB@FB@@JXAP@BB@D@@R@HDD@B@BC@@@ADCAA@CDGD@BBH@@OAGC@@ABCFA@@AAGE@AB@AA@AHA@AC@ICAGBAP@@KBAFATBR@@@@HDBH@BBBBA@AH@NBFBBD@N@H@BAD@@DB@F@D@AEC@@AAG@@@@AEEE@@E@BAGC@CDEDCD@D@B@CAHA@CB@@DD@B@@FHB@@"],"encodeOffsets":[[117806,39552]]}},{"type":"Feature","id":"130681","properties":{"name":"涿州市","cp":[115.973409,39.485765],"childNum":1},"geometry":{"type":"Polygon","coordinates":["@@@@@@@ADEBA@CBCBCBABAB@B@B@FDB@DB@A@@@A@@@AA@@AA@@@@A@@B@D@B@D@@@@A@AB@@@@AB@@A@@@A@AD@B@@@BAAA@AA@@A@@A@AA@@@A@@B@@AB@@@BA@@@@CA@AB@@A@@B@AA@@@ABCBC@C@A@AAC@AAAB@B@AC@A@@@AB@BBBA@@AA@AA@@A@@@@@A@AC@AA@@@A@@@AB@BABA@@@A@@@@A@@AA@@@@A@@G@CB@AIGCIACAAGCEABLEB@DQBIAABCE@CA@@GYC@@AIG@G@CC@A@MAAEBA@ACE@@KI@CAAAAEACA@EA@@I@C@EOCG@KCEAAEIEGCGJAACAAF@@EQB@C@E@GBQ@OACAE@A@A@AAAAA@A@AAECGCECAAA@AECACAA@C@CBE@CH@@EWKOAS@ODKDKF[JK@QEMEICSBODODYD@@EGM@@C[@FPUB@@@@KBgF]AU@]@iFCB@@@@eDADCBEBEDOEAHIAU@@EA@@@AB@AC@WCAA@GA@K@@BC@@AIBBLF@@FHFP@D@EDAHKLGJABFBBDALOAAFE@BAC@C@ABAHKPEJKN@FILABEJADA@AHEFIBA@@DG@DF@DB@FAB@@BCHDFB@BA@@@FBHHADAEVBBBABA@@FBDDDBFCBCJCD@B@@DABCH@B@DGJBLEFAB@@AB@@DAB@B@@@B@DCF@B@@BBAD@BAB@BA@@BA@@B@@@B@@@@@D@B@B@B@@@BBBAB@B@@@B@H@B@D@D@@@B@@@ACF@@BCBABJ@@AD@@@DAB@@@B@B@B@B@B@B@B@@@B@BA@@B@D@BAB@@@@@@@DDA@@BC@@BD@@DA@CBAAA@AA@@@@@DC@@BADB@B@@@@@C@@@@BA@BBH@@DABC@@BC@@@D@A@@DA@@BAD@B@B@B@@B@@@@@@@@@@@B@D@@@@BBB@@BB@@@BB@@@A@D@@BD@@D@D@B@B@@J@H@B@H@@BB@@@@@BBD@@DBF@D@@@B@@@@DAD@@DD@@DF@@@@B@A@@BA@@BABAB@@@@AB@@ABA@@@@@@FBBB@EB@@AB@@@@@@@@@@@F@D@@@@@@@@@@B@@@@B@@DHA@@B@J@@FHABDBDC@@BB@B@@@CB@@F@B@B@B@@D@H@@@@@@AB@DAAAD@D@@@B@@D@@@FBB@@@FAB@@BB@@@@@@@@@@A@@B@B@AABABBD@@AB@B@@B@@CB@@B@@@D@@@B@@@D@@BA@BBBDA@ABB@@@@BDF@BBF@@@@A@DB@B@@@@MB@B@DB@@BAB@@CBBD@B@@@@@@@B@@@@@@@B@@D@@B@D@DBB@@@A@@BA@@B@@@@@B@B@B@@@@@@@@@B@@AB@B@DA@@@@B@@@B@B@@@B@@@AA@A@@@@@@BA@@@@J@@A@@B@@@@EDA@C@@B@BB@C@AB@AEB@@@@AF@@E@AJ@@E@@F@DCB@@B@G@AB@BEH@@CF@@C@A@@@@@@D@@@@@@@@@@@@@@B@DH@@@@DFA@@B@@D@DB@BDD@@@F@BA@@B@@FD@@ABBA@@BCD@B@@@BB@BD@B@DA@@D@F@HB@@@@H@@DB@ABA@@@@@@B@@@@@@@@@B@@@@@@@B@@B@@@@B@@@@@@@B@B@@@@@@A@@@@@@@@@@@@@@@@@A@@@@@@B@@B@@@@@@B@@@@@@AB@@@@@@@BB@@@@@A@C@A@@B@AE@@@A@@@@B@DEF@AG@E@@HB@@D@B@D@@AD@BB@@B@BB@@BD@B@DB@@@@@D@B@@B@@A@BD@B@B@@B@@@B@DAB@@A@@B@@@@@@@@@B@B@@@B@BBB@@@B@@@@A@@@AB@@@AC@A@@@A@AA@@C@@@@B@@@@@@AAC@@@@@@BA@@D@BB@@D@@@@AB@B@@@@A@A@@@@B@@AB@@@@@@@@@B@B@@@B@D@@@@@@@D@B@FBF@H@H@@@B@@@@@@@@@H@@@B@@@@@@@B@@@BBT@D@F@B@LBH@J@J@@@@B@@@B@@@BB@BAB@@A@B@DAB@@@@@@@@B@B@BCB@BA@A@@@A@A@A@A@@@A@@@@@@B@B@D@D@@@@@@@B@@@@@@@B@@@@@@@@B@@B@@@@@B@@B@@B@@B@@@@@BB@@@B@B@@@B@@@@@@@B@@@@A@@@@@@@@@E@@@@D@D@DA@@D@B@@C@@B@B@BB@@F@@@B@B@@@@@@@@@@BBB@@@@@B@@B@BAB@@@B@@@@@BBB@@@@B@@@BBB@B@@B@@GB@@BD@@B@D@BB@@B@B@@B@@D@D@BBBBD@@DA@@AA@@@AD@DB@@D@@AH@B@@@DBD@DBB@@@@@@@B@H@@F@DB@D@@@B@B@DBB@@CB@DBBAB@B@@@@@@C@@D@B@@DF@@E@@D@@FB@@E@@@@@@BF@@@EB@@F@@@E@@@FDA@@@G@AB@B@B@@@@A@A@@B@@@@A@@@A@@@AB@@A@@@@B@B@B@@@B@B@B@@@BBD@B@B@B@@@B@"],"encodeOffsets":[[119011,40529]]}},{"type":"Feature","id":"130684","properties":{"name":"高碑店市","cp":[115.882704,39.327689],"childNum":1},"geometry":{"type":"Polygon","coordinates":["@@@ADB@@DC@A@AD@@A@ACC@ABADABJBCHCBEB@H@DFJAH@JBL@LABBL@BA@CJADBFD@B@FD@F@FALKDIFIFIDKBKAUGYAO@M@SB[AIIYCIGKGMEKBKJILBRIFMCK@IAYBQDKDILIJIY@cR_JM@QBG@@@@@K@O@OB@@@@A@I@@@@@YBMCMGKIKMEIDQBKFO@MEKQEQBC@AEOFOBE@G@AB@FEABOAAKDBCG@AAC@AC@@EDCDG@G@E@M@E@IDIDAFCBA@@BBFEBEEABAAA@G@AGC@GAODQBOFDLFPDJFRADAF@HAD@BHABHC@ABFh@DF@BB@LAD@DC@BF@J@BC@AB@B@DBDBDLBN@@HEDG@@@CB@HI@BDABEBG@BF@D@RQA@A@ABA@EAA@AA@GBGDC@AB@D@DDBC@CCCFADABCBA@AFDBDBBADB@HMHID@@GDG@BFA@EBAAEBCDA@AD@BABEFDEA@A@CDEABHDAAFCD@D@DDV\\JB@BDGBADH@@F@@E@BHABG@@@A@GA@HKA@HC@AA@CC@@CIBAB@CA@K@@DE@A@@CO@IAMB@GA@A@@DMBA@@CE@@AC@G@@AEFG@EAAC@AIB@F@BCBEAEDA@@BED@FA@@FAB@HC@@FABI@BFEBA@ABBH@BA@@FA@@DJ@@HDDH@ADP@BBBBAHBLL@D@@BBFCDA@AB@@@@EF@BD@BHEDK@@BB@@HBBXDD@@BBA@@B@@FV@JBBGPFFCFADABCfC@@@@DAjE^@V@^BhELA@@@@VAEO\\@@DN@FH@@ZCPCPCTAJDNFRFL@\\ILELCPCT@PBXL"],"encodeOffsets":[[118909,40310]]}},{"type":"Feature","id":"130683","properties":{"name":"安国市","cp":[115.33141,38.421367],"childNum":1},"geometry":{"type":"Polygon","coordinates":["@@@IDMBABB@@J@@@@@@@B@J@BBF@FEVBBBH@LCRW@C@@@@AGAM@OFMJMLKNKJODUDMDU@@@@@@FQDKNCPGLMDGVGD@@@@@TANFBB@HCDBJBBD@@@JAD@AELA@AlE@A\\C@IWB@K@AEB@@AEAOA@CQ@GDGB@JAB@@CAMCIA@E@CAEE@CKBE[BAHAAGFBHAB@BG@CAAIBCBKDE@EAAAAC@@_FO@EBSFGBCFCAGAGAEA@GA@@MAAEEIBKHB@CHCAO@@C@AGG@A@CHB@ADgB@DBF@@@@IBC@AHB@A@KCCIA[AADC@C@ACAGC@ACC@@GK@BQ@AD@BE@EAAG@CACCCGCAMCUA@@BDADI@@@MCK@EAECCCACBC@CAAU@[HIDCD@DDP@HABIFC@C@ABCH@H@HH@IPIJEHOH@@ADABE@@D@FCDEBK@AB@B@BCD@@@BDL@DUHGDAB@DDJ@B@DEL@@FD@@DFETQFCB@B@D@@CBQBGBEH@BIBDDDBH@AB@HLDDAB@DJHD@HNBD@@CD@FBB@@HBFDDD@CB@@@BAB@@@BA@@@@B@@@@@B@@@@AB@@@@@@@@@B@@A@@B@@@@@@@@@@@B@@@@@@A@@@A@C@@@G@MF@B@D@BDAB@ACB@NAdBDDDLDRG@ABDTBNDPDBFABABCDDBD@DBDBDB@B@B@F@BBF@B@@B@BA@ADAB@D@@AAE@ORABBBBFFJJJHNHJLPTCN@L@PBRHDNALELCLALDLHFHDJGDA"],"encodeOffsets":[[118083,39476]]}},{"type":"Feature","id":"130623","properties":{"name":"涞水县","cp":[115.711985,39.393148],"childNum":1},"geometry":{"type":"Polygon","coordinates":["@@@@@@@AA@@AA@@@@A@@A@@A@@@@@AB@@A@@@A@@@A@@@@@@@AA@A@@@A@@@A@@@AA@@@@@AAA@@@@@AA@@@AA@@AA@@@@AA@@A@@@AA@@@@@@@A@@A@AAA@A@@@A@@@A@A@@BA@@@A@@@A@@@A@@@A@@@A@@@A@@@A@AA@@A@@@@A@@@@AA@@A@@@@@A@AA@@A@@@A@A@A@@@@@A@A@@@A@@AA@A@@@A@@@A@@@A@@@AA@@A@@@A@A@@@A@@@A@A@AA@@A@@@A@@@@AA@AA@@@AA@@@AA@@@@AA@@@@A@@@@@@@@@A@AB@@@@A@@B@B@@A@@@AB@@@@AB@@AB@@A@AB@@ABA@@@@B@@AB@@A@ABA@@@@@@@@@@B@@@B@@A@@@@@@@AA@@@@@@AB@@A@@BA@@@@@A@@@A@@@A@@B@@A@@@@@A@@@@@@@A@A@@A@@@@A@@AA@@@AAAC@@@AAA@@A@@@AA@@A@@@AACA@@AA@@A@@@AAA@@@A@AA@@EA@AA@AAA@AA@@A@A@C@A@@@ABA@@@AB@@A@A@AB@@A@A@A@@B@@@@@@@@@@A@@@@@@AA@A@@@AAC@@@@@@@@@@@A@@@AAA@A@@AA@@@@@@A@A@@AC@@@AAA@@@@AA@@A@C@A@A@@@@@@@@A@@BC@ABA@@@@B@@@B@BD@@@@B@@@B@@@BAB@BA@@@@@@@A@A@CA@@@@A@@@A@@BA@AB@@@@A@A@A@A@@@A@@B@@A@@@@@@@AB@@@@ABA@@@AB@BAD@BAB@@@B@@@@@BAB@BAB@@@B@@@@@B@@@B@@@@@@@B@@AB@@@B@@AB@@@@ABAB@@@@@B@@A@@B@@@B@B@@@@@B@@@BA@@BA@@BA@@BA@@B@@B@@B@@@@B@@BB@@B@B@B@@@B@@@DA@BB@@@B@@@B@B@@@@@B@@@B@@@B@@AB@D@@@@@B@@AB@BA@@@AB@@@B@B@@@B@@@@@@A@@@@@A@@@@@A@@A@@AA@A@@A@@@@@@A@@A@@@A@@@A@@@@AA@@@@@@BA@@BA@@BA@@@A@@@AA@@@@A@A@A@@@AB@@@@A@@@@@A@@@@@@@A@@@@@A@@@ABC@@@A@@@A@AB@@@@@@A@@@A@@B@@A@A@AA@@A@@AA@A@@AA@@A@@@@A@@B@@@@@B@@@B@@@B@@AB@@ABA@@BAB@BA@@@@@@@@@@@@@@B@@A@@@@@@@A@@@@@@@@@@@@@AA@@@A@@@@@@A@@@@@@@@BA@@@@@@B@@@@@@@@A@@B@@@A@@@@A@@@@@@A@@@@@A@@A@@@@@@A@@@@@B@@A@@@@@@B@@@A@@A@@@@A@@@@@@@@@@A@@@@@@@@@@@@@@A@@@@@@@A@@@@@A@@@@@@@@@A@@@@A@@@@@@@@@@@@@@BA@@@@@@@@@@@@@@AA@@@@A@@@@A@@@@A@@@@@@@A@@@@@@@@@A@@A@@@@@@@@@@@A@@@@@@@@@@@@@@@@@A@@@@@@@@B@@A@@@@@@@@@@@@@@@@@@AA@@A@@@@@@@@@@A@A@@@@@@@A@@@@@@@@@@@@@@A@@A@@@@@@@@@@BAB@BABAB@@A@@@@@@@AA@@@@@@AA@@@@@AA@@A@A@@A@@A@@A@@A@A@@AA@@AA@@A@AA@AA@@@A@@@@@AA@@@@A@@@A@@@@@A@@@@@@A@@A@@@@@@@A@@@A@@B@@A@@@@@A@B@@@@B@@@B@@@@@B@@@B@@BB@@@BA@@B@@A@@B@@@B@B@@@B@B@@AB@B@@@B@@@B@@@@B@@@@@B@@BB@@@@BB@@@@F@D@D@BA@@B@@@B@@@@@B@DC@ABA@ABC@@@AB@@@B@BA@@B@B@@A@@@A@@D@D@BAB@@A@@A@@A@@BA@A@@@CA@AA@@@AB@@A@AB@@A@@AAA@@@BAB@@A@C@A@A@@@ABA@@@@AAAAA@AA@@AACA@ACA@AAAAC@A@C@C@@BC@@@ABC@CBA@A@@@C@@@AA@@A@@@@@AB@B@B@@@BB@@BB@@@BAB@B@@@@@BDBF@BBB@BBDBDBBB@@@BABB@@B@@BB@BD@@B@@@@@B@B@@@B@@@B@@DBDBDDB@DBFBB@DCB@@A@@DABABABA@C@@BABAB@D@D@B@BABAB@@A@ABA@@@A@@@@BA@ABA@@B@DAFC@@B@@@AAA@@A@@@A@@@@@AA@@A@@@@D@B@B@FABAB@B@BBB@DAB@@@BB@@@B@BBB@BFB@BB@BBB@@@H@BB@@AB@@B@@BBB@@B@B@B@BA@@B@D@B@JBBBB@BB@@B@B@@BB@@@BAD@B@BCBAB@@A@@D@B@FA@@B@@@B@@@B@@@@@@@@@@BA@@@@@@B@@B@@@@@BB@@@@@@@@@BA@@B@@@@@@@B@@@@D@@@B@@@B@@@@@B@@AB@@@@@B@@@B@@@@@@A@@@ABA@@@@@A@@@@B@@@B@@@@@BA@@@@@B@@B@@@@@@@B@@@@@B@@@@@BB@@@B@@@@@@B@@@@@B@@@@@@@@@B@@@B@@@@@@A@@@@@@@@@@B@B@@@B@B@@@@@@@@B@@@@@@@BB@@@BB@@B@BB@@B@@@B@BB@@@@B@@B@@@@BB@@@BBB@@@B@@@@@@@B@@AB@@@@@@BB@@@@@B@@A@@@@@@B@@@@@@@B@@@@B@@@BCFGDABADAFADAFAB@BABA@@BABC@C@@@@BAAA@A@ADCDCBCBA@A@A@@@@@A@AA@@A@A@@@@@@@@BA@@@@@@@@@@@@@@@@@@@@@@@A@@@@@@@@@@@@@@@@B@@@B@B@@B@@@@@@@@@@@A@@@A@@@@B@@@@@@@@@C@@@B@B@@@@A@@B@@@@@@A@@AA@@@@@@@@@@@A@A@A@A@@@@@A@@B@A@@@@@@@AB@@A@@@A@@@A@@A@@@@@@@@@@@@@@@@@@@A@@B@A@@A@@@A@@@@@@@@@B@@AACAFCB@FAD@D@D@B@@@AA@@B@B@B@BA@@@B@@@@B@@@BB@@BAFAB@@@@@@@@AB@B@ABD@@A@@@@A@@@@@@@@ABA@@BA@@@A@@@@@AB@@@@@@AA@@@@@AB@A@@@@@@BAB@B@BA@@B@@@A@@A@@@@A@@@A@@@@@@@B@@@@@@@AA@@B@@@@@@A@@A@@@BA@@@A@@@@@@@@@@@@@A@A@@B@@A@@@@@@B@@@A@@@A@@@@@@A@@BB@@B@@@AA@@A@@@@@@@@@B@B@@@@B@@@@@@@@@@@@@@B@D@@@@@@@@@A@A@@@@@@@B@@@@@@A@@B@B@@@@B@@@B@@@B@@A@@B@@@@@BA@@@A@@@@@@@B@D@BA@ABB@@B@@@B@BA@B@@@@@@@@BAB@B@@@BAB@@@@B@@@@@@B@B@@@@@AA@@B@@@@@@@@A@@@@@@@@@@@@A@@@@@A@@@@@@@@@@@@A@@B@@@BA@@@@@A@AB@@@A@@@@@@@@@@A@@@@@@@@@@@@A@@@@@@@@@@@B@@@@A@@@@@@@@@@B@@@@AB@BA@@@@@@@@@@@@@@@@@A@@@@B@@A@@@@A@@@B@@@@A@@@@@A@@@@@@@@@@@A@@@@@@@@@@@AB@@@@@@@@A@A@@@A@@@A@@@@@@@@@AB@@A@@@@@@BA@@@@@@@@@A@@BA@@@@@@B@@@@@@@BA@@@@@@@@@A@@B@@A@@A@@@@@BABA@@@@B@@@@@@@@@@A@@@@@@@@BA@@@@@@@@@@@A@@@@@A@@@@@@@@@@@A@@@@@@@@@@@@@@@@@A@B@@@@@@B@@@@@B@@@@@@@@B@@@@B@@@@B@@@@@B@@@@@@@@@@@@@@@@@@@@@@@@B@@@B@@@@@@@@B@@BA@AB@@@@@@@@@@@@@@@@@@@@@@@B@BBB@@@B@@@D@BE@@BA@@@@BA@A@@B@@@@@@@DDABA@@BA@@@@B@@@@B@FEAKHI@C@ADGBA@CA@C@IDADEDCACCEA@@ABABAAFUCBGBAG@E@@ABA@CEDG@AA@EBA@@CCEH@@CB@JAFEBGB@BCFIBAJK@ELMFILOBGBAD@D@ABF@BEPBBKACEABAHILKBGFCC@O@GE@EE@AKJA@BD@@AL@@AL@FCAGC@@AFE@@@@BAB@DCAE@AC@K@AKBGAAAAO@BCG@CC@GI@@CB@@EB@@AAGA@EDSAIAQEC@EAAGEAW@]BG@AAEMMYMGCCC@GBWJCBBD@BBB@BBBABADAB@@ABADABA@ABA@C@A@AAA@IASEGAC@A@CB@BADA@A@A@E@AAECCCG@C@A@CBABABCDCBEDCDC@C@@DFFFDBJ@FA@QHKHADCR@BDDC@G@@LCDHBDBB@BBDFD@B@H@DDBDBNABIDKDKAM@IBKLAJ@BFFBHBFCJARARCDMTEDCDEJAN@J@FALIL@DBHBHMHQNBHEDABA@OAQ@CFI@ABEDOBCBCA@@E@A@A@GB@@AAA@A@@@EB@BCB@B@BA@@@A@@@A@E@A@ABEF@D@@A@@BADAFB@@BB@@B@BA@A@@B@@AB@BCB@@@@@B@@@B@@ABA@ABA@@B@@@@CB@@AB@B@@@BAB@@@BB@@D@@BB@@AB@DA@CBABABGDA@CBA@GBE@A@CAA@@A@@@@@@E@AAAA@@A@@A@@AAC@@@A@@AA@@A@CA@@@@C@A@@BAB@BCBA@@A@@AAA@@AA@@AAB@AAAA@@A@@AAC@A@@@A@@CAACA@@A@@BA@A@@AA@@@@@A@ACAAAC@CB@@ABA@AAA@@@@BA@@@A@A@AACAA@A@A@@@AAA@@@A@A@CAA@@AAA@@A@AAEC@@CAA@A@@@ABA@A@@@@A@@AABA@A@AGCA@A@AAA@@@BA@@@A@CAA@@AA@@@A@@A@CAE@C@C@A@A@@BA@@@A@A@A@AB@BAB@B@B@B@@@BC@@BA@@B@B@@ABA@A@ABAB@BA@A@AA@@AAE@A@CDCDABA@A@@BA@@BABAB@B@@@B@@BDBB@D@@BBB@BBBBB@D@DB@@BB@BAB@@@B@@ABA@@@ADAB@B@B@@@@AB@@A@E@C@A@@B@@A@@B@B@@@B@BB@@B@@@BA@A@A@AB@BAB@B@@C@@@A@ABA@AAA@CBA@AACCCAC@A@@@A@@@AB@@AAA@A@CDCBABA@ABCDABA@EBABA@A@@@@@AA@@@@CBA@A@ABA@CACBIBG@A@C@C@G@I@ABCBABA@E@@@ABAB@@A@AA@AIACAA@ACAAAC@@@A@A@@CC@ACCC@A@GDC@C@@B@@@B@BAB@@@BBD@F@BABCBCBGDEBCB@@A@CBIDC@A@A@AA@@A@@@ABA@A@CBA@ABABC@A@A@A@ABAB@@AB@AA@@@EAM@@BA@A@ADAB@B@B@BCB@@A@A@ADA@A@A@IAA@A@A@CBCDGD@@CBA@ABABA@@@E@@@C@@@C@A@A@@B@@@BA@AB@@@@ABABCBABCBABA@@@@C@@@AAAA@ACACCCAAACA@CA@@@@@A@@@@BA@@@ABA@@DABA@CB@BAB@@BB@HBB@@@BBB@BAB@@@BBB@DAB@BA@A@@@A@@@E@A@@@AAACC@@AABA@@F@@@HEBAB@DAFCBA@A@A@AAAEEA@C@A@BCA@AA@CA@@CAA@@E@A@@AA@@AA@AAA@ABC@@@A@A@A@CAC@@@A@@BCD@FA@E@G@E@CAC@@@C@ABCAA@A@A@C@A@A@ABC@CBC@CBEAaAOEA@AACA@@@BAB@BA@C@IBCBCBA@@@@DA@@@CBA@@B@@ABGBABA@@@AB@@A@A@A@@@A@CBABAB@BC@@@AD@@@BB@@@B@@D@@@B@@@BB@BBD@BBB@B@BB@@BB@@@@BBBB@BBD@B@BDB@@D@@B@@@@AB@@@@BBDD@BB@@@@B@@@BA@ADABA@EBA@C@A@@B@BA@ABA@AB@BABA@@B@@BB@B@@@@@BA@AB@D@@@BBD@@B@D@FB@@B@DAB@B@@@BB@@DBB@BB@@BBDBFDBBB@@@D@B@@@DBBBBB@@BBB@@@B@DBBBDBFDBB@@@D@D@@BB@D@BB@@@BBB@BABBDBBB@B@@B@F@BBB@@@@BB@@DAD@@@B@BAB@FWNMNCHGTELGNGPHJHHTJRDj@PAbG^GXIJGPEJ@DCHGXMNEHAB@JBDBFFBDBXCLAHBDBBD@N@PCF@NFTHDDXRFDHJDHJFB@BB@@@D@@BBDBFB@@B@@ABA@@B@BBDBBA@@B@B@B@B@DBDDD@B@B@DB@@BBD@@BB@@@DBB@FBB@B@BBBBBB@BBB@BBB@@DD@BBBBB@B@D@@@B@BDB@BB@@BBBBBDBBBBBDB@@@D@BBB@@FDBB@BB@B@FB@@B@@BADB@@BB@FBBBD@@@DBF@B@LDDBB@FA@@DBDBD@@@@B@BA@@@C@ABABA@ADAB@@AF@BCFCB@@A@BBBFBB@BB@BBFBBBBBBBFB@@@@@D@@DD@B@@@BAD@BAB@B@L@@@B@B@@@B@BBD@B@@@BBBBB@@D@BB@BBB@@BD@@@BB@DBB@@@@@DBDD@@@BBBBDBB@@BB@@@DBB@BBB@B@@@BBD@@@BA@@B@B@@AB@@@@BB@@@B@B@BED@@@@BD@B@BBDB@@B@BRBX@PDNFDZJPDN@BJTL\\FBBFBBBBDB@@B@B@B@@BB@@@B@B@B@D@@@DD@@@@B@D@BAB@B@B@BCBA@@D@HA@@BA@AD@BCB@BAD@@@DABA@@BABBBAB@B@BA@@B@D@@@DA@@@@B@@@@AD@FAB@@@@ABA@ADEBABABA@A@A@A@@@@BAB@@@BA@AB@B@BAB@@A@AB@@AD@DB@A@@B@@@@@@@@@@@B@@@@@@@@A@@@@@@@@@@@@@@BA@@@@@@@@@@@@B@@@B@@@@@@@@@B@@@@@@@@@@@B@@@@A@@@@@@@@@@@@B@@@@@@@@A@@B@@@@@BA@@@@@A@@@AB@@@@AB@@@@@@@B@@AB@@@@@@AB@@@@@BA@@B@@AB@@@BA@@BA@@@@BA@@B@@@BA@@@AB@@@@A@@@@BA@@@@AA@@CA@@@AA@@A@@AA@AA@@@AA@@@@A@@@@@AA@CA@@AA@@@A@@@AA@@@A@@@A@@AA@@@@@A@@@@@AB@@A@@@@@@B@BA@@B@B@@@@@B@B@@@B@@@@AB@B@@@B@@@@AB@BAB@@@BA@@B@@@BA@@B@@@B@@@B@@@@B@A@@@A@@@A@@@A@AAA@@@AA@@@@@A@@@AA@@A@A@@@A@@A@@@@@A@@@A@@BA@A@@@A@@@@@A@AAA@@@@BA@@A@@A@@A@@A@@@A@@AA@@@AA@@A@AA@@A@@@@AA@@@A@@@AA@@@AA@@@@A@AA@@A@AA@@@@@@@@@A@@B@@@@@@A@@BA@@@@@A@@@A@@BA@@@A@@@@@A@@@@B@@BB@B@@AB@@@B@B@BAB@@@@@D@@@BAB@B@@A@@@@@@BA@@BA@@@AB@@@@A@@@@BA@BB@@@B@B@B@@@B@@@@@BA@@BA@@B@@@B@@AB@@@B@@@@@B@@@@AB@@@@@B@@@B@@@BA@@B@@A@@@A@A@@B@@@B@BA@@B@@@@AB@@@@@B@@AB@B@BA@@B@@@B@@@B@@@@@BA@@B@BA@@B@@@BAB@@@B@B@@@@@B@@@BA@@@A@@@A@@@@"],"encodeOffsets":[[118343,40769]]}},{"type":"Feature","id":"130630","properties":{"name":"涞源县","cp":[114.692567,39.35755],"childNum":1},"geometry":{"type":"Polygon","coordinates":["@@HOHMFKHSDGNMXM@EBA@A@A@@BC@CA@@A@@A@AAE@A@@@@AAACAAAABA@AA@@A@@A@CAA@@@C@C@@AAECCAAACAA@@@A@AA@@AAAACA@@A@C@@@A@AAECCAAA@@AAA@CA@@AA@@A@A@CBA@@@EAC@A@@@AC@A@@@CBAB@@A@@@@@AAA@@@AB@BA@ABAB@BAB@@A@AB@D@B@FAB@BABCB@@A@@@A@@A@@ACCAA@@@@BA@@@@@AC@@@CA@A@AAC@AAAAA@@@@AA@@AAA@A@AAC@AAA@@A@@@A@@@CA@@@A@@A@@BC@@D@@ABABADAB@@@B@B@B@@@BA@@B@BAHABA@@@AB@DA@@B@@C@@B@DADAJAD@B@@ABA@A@@@A@@@A@A@A@AAAA@A@CA@@@A@@A@CC@@@AA@AACA@@CAAAA@@A@@AACAAA@@@@@@@@BABA@@@@@AA@@C@@@ABA@A@@AAA@@AA@@@@A@A@@@C@C@AB@@AB@B@@A@@@@@@AA@AAABABA@A@AAA@@@@B@@@BA@@@AAA@A@@BAD@@AB@@C@@JABADB@@B@@@@@@@BAB@@@BADAB@@@B@@A@AB@@@B@DAFBD@DBB@BABABC@@BA@ABA@@@@D@@@DA@@B@DBB@F@@BB@F@H@D@@@DC@@@A@A@@B@BA@@DBBBB@D@B@B@@@@A@@@CBA@@B@@A@@@A@A@A@@@@@AA@@@C@@@AAAA@A@A@AAA@@@@BC@@@AA@@AAE@@A@C@AC@@AA@AA@EACA@@A@@C@@AAA@A@AA@@@AAAAECCA@C@@@A@G@C@@AA@A@C@A@G@@@AAC@EBC@ABAAA@@@@@AA@@@A@@@A@@AEAE@@@@@ABADCDA@EBA@A@@AA@@@@@@DC@AFC@@BA@@AC@@@C@@BA@ABADABA@@@A@A@@CCCCAA@@AAA@AA@A@@@A@AACAACCA@C@@ACA@AA@@@@C@A@A@@AAAA@A@ABA@AAA@@B@BABAB@BA@AAABA@C@ABA@@AA@A@ABA@A@@DA@A@@AA@@ECCEAAOEAAAACAC@AACAA@C@A@AA@@A@CAA@C@G@@AE@MIIIQQMKIGIGKGODIHKHIFMHK@MKGIEIK[GIKIGIIEOCMEIICK@KBMDQPS@@B@B@D@@@BAB@BA@@B@B@BAB@@@@@@C@@BA@AA@AAAAAA@A@AAA@ACA@A@@@@BC@AB@AA@A@@@A@@B@BAA@BA@A@@@A@@BABADCDCB@DAB@DCDAB@H@BAB@D@JAFA@@@A@A@AA@CAA@@AAA@AA@AAAC@A@@@A@AAA@AB@@@A@AAICAAEAC@@@AAAAGA@AA@A@@@AACEACCC@A@@@A@@BAAC@C@AA@@AA@B@@A@A@@AA@A@A@@AA@@@@BADC@AB@DAB@HAB@BAB@BADEBA@@@A@@@AFCDCB@B@BABABAB@@A@C@AAA@@@ABA@AB@ACBAB@@A@@AA@@@A@@A@A@@@@@@@A@A@A@@@A@A@A@@@@@@AA@@@A@@@AA@@A@@BAAAB@@A@@AAB@A@@A@@@AA@@A@@A@@A@@AKAO@QBcHSFQDOFOBKBY@K@SHSLIHQTMLIFKFUDUBSBSBSAM@QASCMAUOOOMIMGMEKCUEKEKGUUISAIASAIOK_CMBUAA@A@A@A@@B@@@B@@A@@@AB@@@@A@@BA@A@A@A@@@AA@A@@BABABA@AA@A@AA@@AAA@@A@@AAACA@A@A@@@A@@AABAAAA@@@AAA@@@A@@@@@A@@@ACA@@@A@@@A@@AC@@@A@A@AA@@@CC@@@@@AAA@@@A@AA@AA@@AAA@@ACC@@EAA@@AA@@@A@AB@@@@ABCBA@A@@BCBADCB@@@BBD@B@@@B@@AAAB@@@@BBBB@@@B@@C@AB@@@BAB@@A@A@CBC@AB@@ABA@E@A@ABA@CB@@A@ABA@@@A@@AA@C@CAA@A@@A@BA@@BADAB@DABABABAB@@ABAB@BA@ABCBABMBM@_DaHUDCBAA@@A@A@A@ABCB@@@@A@A@@ACB@@@B@@DB@@BFB@BB@B@@@@BBBBBB@BBB@B@@BBB@@BBD@@B@@BBDA@@@@B@@@BBB@B@@@@BDB@@B@@BBDD@@BBB@@B@BBDA@@B@B@@@B@B@B@B@@@@AB@B@@BD@BCF@B@B@DABCFA@EDDNJPLTLTRRPCVAXENDBBBAB@@AB@B@BBB@@DB@B@D@B@B@DAF@@@B@@DBB@DBD@D@@AD@@@B@@BB@@@B@B@B@@DDB@@@F@BB@@B@BAD@BAB@B@@AHC@@B@@@B@@BBBABBB@@BBB@B@@@BB@@BDBD@BBD@@@B@BAB@@@@@B@DABBB@@@@BB@BBB@@@B@BB@@BBD@@AB@DAB@@A@@@A@@BABA@CDA@@D@@A@C@CBA@A@AAAA@@A@@@A@CD@@@@@BA@AB@@A@A@A@A@A@@BA@@B@@CAAAG@A@AB@@C@A@@@AB@@A@ABGBABA@CBAB@B@@@BB@@@@@@BA@@@@BA@ABA@A@ABA@@BA@A@BDBB@@BBD@BBB@DBD@B@@@@BB@BFBB@@@@B@BB@@BB@BD@@B@BDBBB@B@BAB@@ABEBC@@@@B@B@@AB@BA@@B@BA@@BA@@@AF@BAB@B@BB@@B@D@BA@@B@B@@@@DDBB@BABB@BBDD@BD@BBAD@B@@BB@@AB@BAD@B@@ABAB@@@B@BB@DB@BBB@F@D@BBBB@@@@@B@B@@@@B@BBBDABBD@BBDAB@BB@@@@@DBD@@AB@@@BBBD@@BB@B@BB@@FABAB@B@@@BBDBB@BA@@@BB@@@@B@B@@@B@BBB@B@@@D@@FDBBD@BBB@@@@BA@@BBBDBD@@BBB@D@@BBA@@BA@ABGBC@ABA@ABBDDLANAL@PCLBL@LDPFHHJNPRRFJLb@B@BB@@B@BBB@@@@@D@BABB@@B@@@BB@AB@DABADA@@FBB@@ABB@DB@@BAB@BBJDB@BAB@BBBBB@@@BBDBBDB@@@DB@@JAB@BB@@B@@B@@@B@@@BBBBB@@@@BBB@@D@B@B@BB@ADB@BD@B@BAF@D@D@B@@AB@B@@@BB@DDDFBBDDBDDD@BBBB@BBD@DBDDBB@@@B@@@F@B@D@B@@DH@BAF@BAB@B@BBBJFBB@B@@ABBBBDB@BD@B@B@D@B@@BB@@BB@BBBBDBBBD@B@BB@BD@BB@HDB@DBBB@@B@B@@@B@@ABA@AB@B@DAF@BAB@BCBA@A@A@@@A@@B@@ABABADCBABABAB@B@B@HAB@B@B@@@B@BA@@@@ACA@@C@@@AB@FAB@FAD@FCB@D@D@@@B@@@B@@BBFBBBDDB@@BB@D@BDF@DBBBFBJ@HFPLLPCHO^AbFN@PF@LANBPHHPDdITBR@PARGNCRAfDVARGPaNEHFDRJNTJRXPLRNPLPJRHPJRLHHNDNBNAJBRJPJTD`CPCHLJJHR"],"encodeOffsets":[[117785,40647]]}},{"type":"Feature","id":"130633","properties":{"name":"易县","cp":[115.501146,39.35297],"childNum":1},"geometry":{"type":"Polygon","coordinates":["@@MAQ@MAMDOD[EkMIEKIKIOKAK@IHQFIDMEKIEYEYAOJMHILIFYFKGGIGKEIIKSEWBYAABAB@@AA@@A@ABAB@BA@A@AB@@@BA@@B@@@@@@@@A@@B@BC@@@@B@@B@@B@@CB@B@D@@@B@B@@BD@@@@@BC@A@CBAB@@A@@@AA@@@A@@@AA@@@C@CAA@@@@CA@A@A@AB@@AAA@@@AA@AA@@@A@CBA@A@C@@@@@A@A@A@@@A@A@A@AAA@A@A@A@AA@@A@C@AA@AA@@AA@@@A@@AA@@@@ABAA@@@EAABC@A@A@A@@B@@@BB@BB@@@BA@A@@@AAC@C@@@@@@B@D@@AB@@@@EB@@@BA@@D@@B@B@@B@@B@B@@BB@@BA@@B@B@@@B@B@B@@BB@@@@AB@B@@@BA@CA@@AAC@AAA@A@ABAB@@CDABA@@@@B@@AB@BABAB@B@B@@@@@@@BB@BBBB@BB@@@@BA@@B@@@@AB@@A@@BA@@@CD@@@BA@@@A@A@@@@@@B@@@@@B@@@BB@@BA@@BAD@@ADABCD@@@B@@@@@B@@A@@BA@A@@BA@@@@BA@@@A@AB@AAB@@@@A@@A@@@@AA@@@@@A@@@@AA@AA@@@@@AA@@A@A@A@C@@@A@@@@AAB@@AAAB@AA@@@CDAB@@@@CDABABA@@@@B@@@@ABE@@@AB@@@DABBB@@BBABA@@B@@AA@B@AAB@A@@A@@@@@AAA@@@A@ABCA@AA@AAAA@@A@A@AB@@@AA@A@A@@@AA@@A@A@@@@@@@@B@@A@A@@A@@AAAA@@AA@@AAA@A@@BA@@B@BA@@@@D@@@@A@A@@BA@@B@@A@A@A@C@@@A@@BoGcMAB@@EBA@@@@@AA@@A@CAA@A@AA@@A@A@@@AA@BA@ABBDA@@BAB@B@@BB@B@D@BA@ABABABA@A@CDED@B@@@B@@ABCFABA@ABA@GBA@CBA@@BCDAB@@@@BB@@@B@BBB@@@B@BA@B@@BB@@B@DBDAB@@@B@@@BDDBDDFBB@@B@B@@BHBBBBB@@D@FBBBJDBBB@@@A@@BBB@B@B@@@BBDBBB@@BBB@BB@DBB@@B@B@B@@EBIBC@A@ABG@A@CBCDA@CBA@CDCDABAB@@@B@@@BABB@ABA@@@@B@@@BBBA@@BAD@@@@@BDB@BBB@B@BBBBBBBB@@BAB@@@D@@@@A@ABA@A@@@ABA@AB@@C@A@A@@@OTCRAN@LDLJJNFPDJFHJLJHJL\\FJHJNLL@NGJELGJGPCLHJHJHNLRRJJNJF@@BH@D@B@DBB@@@BBB@D@B@DBBBD@DBBBBBPFBBDFFD@@BB@@@BCB@@@BAB@B@BBB@@AB@B@DABBB@BABA@ABABA@@@BB@BAB@B@BBBBB@@@B@B@D@@B@@BDB@BD@B@DDBBBD@B@B@@@BBBB@BB@@BBDDDD@@@B@B@@ABCBAB@BAB@@@D@@BD@@AB@@ED@BCD@@@@@@BB@@@BAB@FCBCDAB@B@@@@BFBF@@@B@@@B@@BB@@@@B@BBBAD@FAD@BB@@H@B@D@B@B@@BD@H@B@@@D@B@DDBFBB@B@@BBB@B@BB@@@DB@@@DBFBB@@BBB@@BDD@B@@@BF@BB@@B@@AD@@@@BB@B@B@BBBBB@@D@@@B@@B@@@@@B@B@B@@@BA@@@AB@D@@@B@@A@A@C@A@AACA@@ABA@@@@B@B@@CD@@C@G@E@A@@AE@A@CAA@@@CB@@C@@@@@AB@BAB@@ADABABA@CAC@EACBA@@@A@@B@BA@@@A@CBAB@@A@AB@@@@@@A@@@CAABIB@@@DA@@BC@AB@@@BBB@B@@AB@@A@@@@@BB@B@BABABBB@BBB@@@@@@@BA@A@@BA@@B@D@D@@@B@B@@B@@BB@BB@@@BAB@B@@@DB@@B@@@@ABAB@@@@@@@@BBDBBB@@@BB@BBDB@@DBBBB@@B@@DDB@@@@B@@DBB@B@BB@B@B@B@B@@@BDBBBB@PFbBFBDAD@DAD@BAB@B@D@B@B@B@DBBAD@@@D@DBF@H@F@B@@EDC@AB@@@D@DBB@B@B@@@D@BAB@BBB@@BB@@BB@F@@@BB@DB@@DBBB@ADB@D@B@FFBB@B@B@BABEDCBA@ABGF@@E@@@ABBB@@DDBB@B@@@B@F@@@B@@@BABA@CBA@AA@@A@ABA@AA@@A@GAA@@AA@ABA@@DABCB@@AB@B@@AB@@@@@B@@@@DBB@BDBBDDBDBDB@BB@B@@@D@@B@BADABADABABA@@@@BAB@@A@@@AB@B@D@@@D@@@F@@@B@BABAB@DA@@HCDCDAB@B@B@JBB@B@B@BCB@B@@@DA@A@A@ABABCB@B@@AN@FB@@B@@BBA@@BABAB@B@B@D@BABAB@DAB@B@BA@@B@@@BBB@B@D@JCDAB@@@DAFAHCDADABA@A@EAC@A@@BA@A@A@@@AD@D@HCB@D@DD@BDD@@@B@B@@BDBBBDB@DBJB@BBBB@@@BABA@@F@B@BADABAJ@H@D@D@B@H@JADADBB@BAB@B@DA@@@@BB@@@@B@B@BAFAB@BADCBAB@BADADCB@B@BB@@BA@@B@@@B@D@DBDDBBB@DAB@BBB@BAB@@@D@@@@ABA@ABAB@B@B@@A@@@AA@@A@A@@@A@AB@@@@AB@D@F@B@@@BA@@@@@A@ABABC@@B@BA@@@A@@BA@AAA@@CAC@A@AAAAA@AA@@@CAAAC@@@A@@@ABABA@AB@@AB@B@BADCDCB@F@BB@@BBB@B@@ABABAB@B@BA@@@A@AB@@AD@@A@@@A@A@ABA@ABAB@B@B@@@B@@AB@B@D@D@F@DBB@@@@B@@BB@@BB@D@B@@AB@@B@BBB@B@HD@B@BABBB@@@B@@B@B@BA@@B@B@DB@@FDBBB@@@BB@BB@DBB@B@@@B@BB@@B@B@B@DBBBB@B@@@B@@A@@B@BBB@BA@@DAD@BBDB@B@B@@@@BB@@@BAB@@@BB@BDDB@@@B@@@BBD@BB@@@BBBBA@BB@@BB@@BB@BB@@@ABADA@AB@@@B@D@@B@@D@BB@@BB@@@D@BB@@@BB@@@BBBBF@@@@@@@@BB@DBB@F@HAB@DAB@HCBABADAB@@CBA@@AA@@@CA@@A@@BA@A@@@ABA@@DA@@@@@AB@BAB@BA@@@A@@@A@@@@DA@ABA@@@AB@B@@A@AA@@AA@BEBC@AB@@@@CFEBAB@F@B@@@B@@@B@@A@ADA@AFA@@B@B@BB@@HAB@B@F@@@DBDAPAFCBAJ@DER@PBB@BAFCAGRMNGAGAG@CJKBK@E@IBMFIDCFCNSDCBQBQDIAEAGEE@ABILKJAN@LBLCJCBAAMACCCG@A@C@CEAAA@CAGADC@KH@D@CC@ADQBCLGRGB@@EAIECEE@CD@D@DCFCDADCBABADAB@ACAA@IBAF@@C@AH@@CD@DGU@@A@EC@ACQ@OAAB@DKB@AA@Q@AGA@CEJ@AEG@AA@CJ@@CCCAIACIISKOMYMAA@@@@UMKKKOAKAQDOBO@M@KEIEC@@@@GGOGIA@@EAOEMNQHKBQ@cKKIEGIKIIMESDUHMFUBS@OGQKQGWW"],"encodeOffsets":[[118112,40064]]}}],"UTF8Encoding":true}