{"type":"FeatureCollection","features":[{"type":"Feature","id":"130903","properties":{"name":"运河区","cp":[116.840063,38.307405],"childNum":1},"geometry":{"type":"Polygon","coordinates":["@@@ACC@C@@@AF@BAB@@A@@ACA@A@AAC@C@AA@@A@@@HGB@@A@AAAAACCA@AA@A@A@C@C@A@A@@AAA@A@C@A@AAA@@A@E@A@@BABADABAD@BA@A@C@A@@AAA@@BABCB@@A@C@G@C@@@AA@@@ABADE@AFADC@AA@CAA@@AB@J@@AAC@A@@B@@@ACAE@@@@@@@AAC@CAA@@@AAAAA@A@AAA@AA@@CAA@AAA@@@@@A@@CC@@@@@@@AAA@@@@@A@AA@@@@A@@@@@@@@@A@@@A@A@AA@@@@@@@@C@@@@@@@A@@@@@C@@@@@@@@@@@AAC@A@@@A@@@A@@BA@A@@@@@A@@@@@ABC@A@A@@@@@@@A@A@@@@@@BC@@@@@A@A@@BA@C@@@A@@@AA@@@A@A@CBABA@@@AA@ABC@ADEBADC@A@@AA@@K@C@@@AA@A@ABCBCDA@AA@CACA@A@@@A@@BAH@B@B@@A@@@@AAECACAA@AA@@AA@EBA@@@A@@ABEAA@@A@CBA@@BA@ABA@ABA@A@A@CAC@A@ABA@@B@B@B@BABABA@ABAAA@AAAAA@@AAA@C@AACA@EAAAAA@AAA@AB@@CBABC@AA@@AAAA@A@EBC@ABAAA@AA@A@AAAAAC@EAAAA@@AACB@@ABABAAA@@C@A@A@A@AAAAA@CCA@UJ@FIDLRN`EBBFBBDAJXHABLH@@HS@Y@BFG@AB@D@FBBL@DHBBDAHDB@DHKAA@BH@@ABE@DH@DE@@FA@@D@@B@HBB@@B@BBB@@BBBBBBD@LB@FEBAFABABB@@B@HCDDLBFDD@@DBDBJDDDNL@BBBBDBBBB@DBBDFBFDF@BFLDCB@DDDLBB^VA@@BNJCBBFF@BHH@DHDBbEBAAC@AH@PC@@B@"],"encodeOffsets":[[119695,39328]]}},{"type":"Feature","id":"130902","properties":{"name":"新华区","cp":[116.873049,38.308273],"childNum":1},"geometry":{"type":"Polygon","coordinates":["@@FADBF@DAFADLF@BBIBAHDAHABDAFD@B@BFB@@CH@DCJ@DA@AJBFCLADFJ@AGHA@K@E@ADAJAhI@@CAGCB[E@AAEM@A@@BII@@S@AFDBA@A@EGABACA@ADCACAABC@@F@@ACEIDAAAC@KAGIBC@CGKFA@AAAAACMBI@@A@APA@UCAGACAA@C@A@A@@A@A@@AA@@C@C@A@GBA@CCA@A@@BC@C@DPGBS@AFBBJBBJHB@BGB@FC@A@@BK@BB@LE@AAAED@@CA@E@@AE@ABCF@BAD@BBB@@B@BADAB@B@@@B@@B@@@B@@@DAB@@@B@B@@@@AD@@@@@@@B@B@@@@@@@B@BAD@B@@@@@B@@@@@BAB@@@B@@@B@@@BBD@B@@@@@@@@@@@D@@@@@B@@@@@@@D@@@@@@B@@B@B@B@@@B@@@@@@@@@B@@B@@B@B@@@@BB@B@@@@@@DD@@@B@@@@BB@BBB@DB@@BBB@B@BBBBB@B@@BB@DBD@B@@@@@@BFBD@@A@@@@BBD@BI@A@@BB@DBB@@B"],"encodeOffsets":[[119680,39273]]}},{"type":"Feature","id":"130923","properties":{"name":"东光县","cp":[116.542062,37.88655],"childNum":1},"geometry":{"type":"Polygon","coordinates":["@@B@R@B@@DH@BHDAAAB@rCB@AEB@D@H@BBDBJBBDNBTBPBPAVQLQNMHGN@H@B@ACAA@AB@@CBCD@@AAEBAD@BDBBDA@CBAF@@FHABBBDDABCACNGBBDH@@HA@ACCBAJAH@V@AIBCNFDBDBH@@GF@D@BAHALDDB@ABAB@B@BDRCDDDBB@HC@FFDRKB@FGFCJC@BB@R@BI@CXGDAJA@KCAAIACAABAC@ACAE@EHCNANA@CDABCCGAM@EA@@GBIBAB@ACG@C@EA@A@C@E@AAGF@L@FAJA@CBCRCDADBBEDABCBOBQBKBIC@G@IAGAIAGAOEMAEAEAE@C@EBC@CBEDGDABE@E@A@@FMAAJG@EB@BC@ACA@@AG@E@BAAAAAC@@@@BACC@CEB@@@EA@@F@@CD@EKA@@CBAAABAMIQMGGIKEE@@C@CC@@CD@@A@@AA@EAA@@HA@AIA@@AD@AEDADAH@AIFAAK@KAIA@CMEICAAAABCAA@C@ABA@@@@BGACBDDGBBFMDAEEB@AF@ACC@AGH@CAAC@ABCL@@AI@@AB@ACBCDCKGOIAAABC@ABBB@DE@@D@@@AA@@@@@@AA@@BB@@B@NDBBF@BE@@BQDEDBDEB@DOBAAAIACA@GBAEC@WB@B@BCBCCGB@@@DAD@F@BABC@CDBFUD@EGBAGC@@EB@@A@AA@AEAA@@GBC@@IC@IBBBI@CD@B@BA@A@@@AB_FBFABA@GB@DEBGB@BBDADABE@EB@BCBCBA@OBAEEBAEABC@KB@BA@GDKBA@A@IF@CA@BDA@A@CEC@KD@DE@BDA@UBA@@AC@AC@AGBA@CKCAKFEBGQ@AJA@EA@A@G@@BBDABACC@DFA@@B@BCJ@@DD@B@@BB@DCF@@BBBDB@@@CHAFA@ABG@A@@BBBHFF@BB@BABCDAB@BDDFHDFFHBDBDABABGB@@@DBDBF@@@BEB@B@@HJBB@@ABEBC@ABAD@@@BBD@P@@BBB@B@FCDCBADAFA@@B@@@@HBB@@B@LED@FDBBDAJADAD@BBB@ABEHGFA@BBB@HDDBBB@BADAF@B@DDFBF@FDDB@LFB@@BDB@BA@CD@B@@@BBBD@F@D@DB@B@B@DCD@B@BBBBBFB@@BBBBAD@D@DBFBBDBDBDB@BAH@DBDJHBDBJBFBF@BFHBD@HFLHH@D@@CF@BDH@PAFBBAPAJBBANBD"],"encodeOffsets":[[119362,38935]]}},{"type":"Feature","id":"130921","properties":{"name":"沧县","cp":[117.007478,38.219856],"childNum":1},"geometry":{"type":"Polygon","coordinates":["@@LOBIAQBQFKJGNGNI@@@@@@HQEKIMMQIWIU@SDMDKDMDSBUKKQK@KN[XKPGFE@A@C@A@C@CBC@C@EFGBAD@@@N@RARGJGMkAAHMBAEE@MAMEMCM@OBMEGKMGIIGGKCSBO@ABGJ[AAGBAABE@EBAHCH@BCHBBDHABCJBBADAFKASEBU@@DIK@AABEDA@@MA@AFA@CCCEBCCCC@AA@ABA@G@CM@ACC@@D@@S@ACEBAA@GACO@@@BCG@BJCFEAOCMAOCWEECDEIEOIEEECICWGAAAB@BABA@KBAABEA@C@ABEBE@@@DAACE@ECC@AE@AC@A@AB@@Q@EC@K@@E@@FG@ACC@ADI@BADG@@S@@B@DAB@BFB@D@@@@@@G@AHABC@BJE@E@@@A@ED@FBFI@CBMBO@A@AIEAEBADA@GAaBCJCLBJ@FEBABABDF@FDBBDBP@FG@ABCAAAKEE@E@CBADE@GB@BA@IBSAAACAACBCC@MBC@C@BGA@G@CBAB@BI@@HDBBABDAJ@BEA@FEJGDBF@@QHEBE@CEODDFMDA@C@CBCBADBDA@BB@@BB@@@D@BADEDCEA@ABDDABWH@BIKEGA@GBEBCBEGQFMHCA@F@BI@@@ABM@ABAD@D]HDBIBICABA@EDAD@DDD@B@@@@A@@FBBD@@@@DC@ABADUGMCI@A@@BABCCAB@B@AA@C@E@QCKEC@GBCDEAAABAAGEC@A@D@@KBM@A@I@@C@ADAAAEC@@BA@AAAAAAA@@C@G@C@C@GCIAE@A@E@GA@AG@@@ABEAC@ECA@CCAACDEAABAHBLM@BH@@@@BXE@@B@BG@KAA@E@DB@B@BC@@N@@G@@JCJB@F@D@BBDN@BC@DFEDKDFBEFCD@DMBO@ADADA@CBAAABCBCAAA@@@@KAA@CAABAD@FBDDBBHF@BHBBBH@DA@DN@D@D@FADBHA@C@@FA@@BFd@HH@@FFABDHA@HBFJABB@DF@B@BF@BC@@DJAB@BFFAD@@BFLDNBL@J@N@NHHLHRDR@NBHD@@@@NFFJDJJJVFLAJGFIHMNBFAL@@EBBBBF@@FDDD@@FHHV@HBNBBADAH@BB@@@AAIH@BEHCAMBADGFCFA@GDBDBD@JBDEDAHD@CHBJF\\F\\BXDRHJHHHHDDFJBJ@BA@A@@PCDAAA@@HE@CJABAAAHAF@FJDBFBDADATBDBBHB@@BNBDB@BCFD@FDJAAAACLEBDBAACBEXGDAMI@AB@]UAACKCCA@CDEK@ACEAECEAA@CAAAAACAA@AMKCCICCACA@@CCAECKDC@G@AA@BABABEFA@EKAC@AAAAAA@@AA@A@AA@GAA@@@@CB@@EF@@CCGF@BA@@AGB@LBCGA@GCCBAACGK@AA@E@CBAH@AEZ@T@@GG@AKGBIWCBAAAEFAM_KQJC@EVIB@DDB@BBBBB@B@B@D@@@BBABAB@BA@BD@BB@BBFBD@BBBB@B@BBBB@BBBAD@FAB@B@BB@BB@@BADAB@DA@@BBB@BBBBBFBB@BD@B@DBB@BB@BBBBB@BBBAB@BABA@A@A@A@AB@BAB@D@DBB@B@B@BAB@BAB@@AB@DAB@@@BBAF@BB@@@B@FAB@@BB@@BBBBDFDBB@@@@@BA@A@G@AB@@@B@@@BDBDBB@@BCBADAD@B@BBB@@D@L@@@BB@@@BCDF@@BF@B@@DC@BFBBF@@KAAL@@AB@D@@EHA@AGAAIIAAABET@HACOD@D@@AB@B@DDB@HAB@D@D@@@BB@@@B@BB@B@D@B@DBHBDB@VOB@B@BJ@NABDBBBBB@LEDHD@JABH@LBDBBJCDF@BE@@@ADBBBDCD@BDBABHB@F@BABEC@B@TJ@AJ@@@BFNBBF@A\\HDDB@@gJIBCB@B@F@LGBBHI@CEKBEDIA@BCBI@CDG@@DA@AEA@C@BEACGBCBBGJAAAE@CKEBCBE@CAEBCDEB@BCFAB@B@@BB@@D@H@D@B@@@DABA@AB@BB@@@B@D@BABC@ABCBABAB@@@B@F@BB@BBB@D@B@B@BB@@@B@B@D@D@B@BBBB@DDBBBB@B@BA@GH@@B@@@BBD@D@BBB@B@BD@@@BA@ABE@@B@@@DDD@BBDBDBB@B@@ABAB@@@@BBBDBB@B@@@BA@CB@BAB@@@B@BB@@@H@BB@@@B@@CDCDCB@BBB@BDD@D@BBBAF@B@B@B@D@DBB@D@B@D@BAF@D@DADBD@B@@@@@D@F@F@B@B@BABCFFBJDBH@B@@@@DJFFBBD@DADIBGFE@A@@BAFADGH@DDPB@GBC@@BBDBRAAJB@BA@ABC@@B@@BB@@FBBHBJHNDBB@BBBVDJDFA@@NDVFD@PD@C@AF@DBDF@H@DBDABGA@D@DDBNDBBB@PJXFVDNFNJHHTF"],"encodeOffsets":[[119896,39470]]}},{"type":"Feature","id":"130924","properties":{"name":"海兴县","cp":[117.496606,38.141582],"childNum":1},"geometry":{"type":"Polygon","coordinates":["@@AAg_GEQIMEAAAA@C@G@C@AA@AACCCGCEEGAEBCBE@CCIAGCCCCBABABAFCD@F@@AB@@@@A@A@@@@AACAA@A@AAAC@A@@A@A@@@CBABA@EAA@@@CBC@@@AAA@@A@AAA@@AAC@@@A@@@ABA@@BCA@ACCAC@CBEDGDO@IAICCICE@GAAAC@OEECEECGEEGGACAC@E@IAGCEEAMICAEEGGGCE@I@YFIBC@GAECCCCCEAC@G@KBM@WCM@MCE@EBKDEBI@OAI@GAECGGC@@@AAA@A@A@A@A@A@C@@@A@AAAA@@@A@@BA@A@A@@AA@@@@@@A@AAA@@@A@ABA@A@@@@@@A@@BA@@@@@@@@@@@@@A@@@@@@B@@A@@@A@@@AA@A@@@@A@A@@@@A@@@@A@@B@@@@AB@@B@A@@B@@@@@@A@@A@@@@@@@@@@@@@@@@@@C@@@A@@B@@@B@@@@@@A@A@@@@B@@@@A@@@@@ACCAACCCCGECCAACC@EAE@E@CCE@@EEGGCCEGCCCGCE@GAG@EAG@EAKACAEAGACAEACAGAECC@CCA[D@@ECEBMFA@AC@CE@@BA@AGAAODEABCC@@B@DABCJALFB@@CH@@LJBBDFDF@D@F@@@BI@OFCBAFUAG@ABAFAEA@IBABBBJNwBOBCH@F@FEDBFL@CLA@G@AB@LAH@HC@AE@AGCY@CTCNN@B@@HL@BLRBFBIPAHgA_B@daCHFJHLL@@@@HFE@AB@D@BBDABA@CB@DIA@DGAGDABBBABAAIEEACBDF@BABGF@@BJNHC@CD@BB@HB@B@DLFRRBJBBBLBB@FC@@EABEHBDGDT@BDDBBABAB@BB@DH@BFGBAB@BHA@BABE@@HD@@BBLB@D@DBAFH@HD@BAFBHBBF@JB@GB@FDD@DGDHCH@BC@ADADEB@DA@@FEA@CGBDRCHD@HBB@@@@DDBBB@DD@PDBA@E@@B@BB@BDBB@CC@A`BB@ADB@F@@ADBF@FA@@@AB@H@@@F@@DEB@BB@D@HAF@@E@ABAF@BBBBNB@A@CDCJAFAF@HA@EDC^BVBTB\\FTHRHPF^EPDJFPLLDNFPAL@@DAD@@E@A@@N@FBBF@N@AFEDAF@BF@AdP@B@J@ZBN@H@lB@@DDT@xGREdGFA@@@@TEvcLHHBF@FCJCFAF@DDNHJBI@@"],"encodeOffsets":[[120677,39174]]}},{"type":"Feature","id":"130925","properties":{"name":"盐山县","cp":[117.229814,38.056141],"childNum":1},"geometry":{"type":"Polygon","coordinates":["@@@@HEBA@ACEDAFBJFBBBAAABAHCHB@CJB@CDAB@BAAC@A@CBAF@GE@@@@KKIGGEbD@c`AhBBGJOEAQAAKK@@GA@M@DMDSZ@HD@BBFD@@GBG@KBAH@B@DKK@AEFC@E@EDGPAxAIMAABAJAB@BFBEBAH@VBBEDAPEJ@@A@@@E@CCECEAAKI@@DG@@EABKDIBA@C@AD@ADFBPCBBBHB@@AF@@DBDB@NEFAFD@@\\C@@AACAMIGEECECEGGICCGMGKGMCGGIEGIKGKEEEIEGGIGCGCGAGCIAGAIAEAGBCBCBIDGFGBCDCBI@IAI@E@EBEBCBGFIDGBE@E@[AI@AAA@CAYOEAEAGAE@EAEAQIICECG@G@YDI@[BiDGBEBGBKDGBEBEAE@ECCAEECCCAC@CAI@I@G@KBKBKBUDcHOBC@I@Q@K@MAGAICEAKEABMCDECACF@@EAAD@NABG@AD@@BDADBNI@A@CD@B@DBBDHDFLD@JC@@BAREB@F@RARBN@JHBB@@fBBJ@@FADAB@FEACFCDIBCBAFEFABCAIFC@C@@DCBE@ALBBF@HDBDBDBHFBJBPDFBBDDANCNEHC@ABAB@FEDADGHQNGPCTCVCR@NDTBPGLILCXGNAVAL@ZHTNDHANANALEPCNALGPMNIFKNIPCJGJEL@L@NJPJLLLHLLRFLDPLLPLZDfBX@RATCXCXEbID@D@BCLADCAHBDLA"],"encodeOffsets":[[120141,39024]]}},{"type":"Feature","id":"130926","properties":{"name":"肃宁县","cp":[115.835856,38.427102],"childNum":1},"geometry":{"type":"Polygon","coordinates":["@@DABACB@CB@@CB@@@@CEKAECBA@CSEAC@ACGI@EDGJ@BIDAB@ACHA@GF@D@FFBBH@BDB@B@BED@DB@BBBD@H@H@X@H@BAF@NAAG@@TCD@DDB@JAHA@ACB@ADAAKJ@DACSD@DACIDABEB@J@AEBAD@DAAGH@ACCCEAK@AOGAEG@GBCJEFABBD@TAFBJAB@BGC@IIIEEKDADAGID@BEEIAI@ADACIHACI@C@CBBBBB@AACABAICAEOGAEEMHCCE@CBA@EAAG@A@KEAEE@@A@@O@@@DDA@GFK@AFA@E@@DC@A@ECC@AHG@GFEDA@IECD@@ADG@IGCE@QCGAAI@EAACAGIGC@ODK@ACAIAKC@ACC@@DGAACAIAEA@E@@AAGA@C@A@AGICGACBCBAFCNC@GH@@DF@@@@A@EB@DBD@D@BCAA@@D@F@@EDE@A@AAACBA@GA@@BA@IB@DI@ABE@BFBDDBF@B@@JCJCAABADDFBTBDD@@BIBBFE@BHE@@DC@SBA@@CA@Q@GBCA@@AAOBSJGHMHSDQB@@@@C@SBAB@FBJABE@@AA@I@E@CAAICAAEACEAG@C@CDEAEBEDGB@DADABE@@DF@DP^HD@BBFJBLCJCJAJCNCLMdDVNLNRHJHLLNVJPBLBPLJNHLJLLJFD@@@@FB@@@@LHNDNALABEL@HALCF@@DDAF@DCRCDA@AD@@@B@@CNAD@DBDF@BQLGD@BBBA@EBSDAAC@DDHB^ADFFHL@BABAAAFAFA@AAEBALCFDBBF@XAD@BHFABD@BB@@AHA@FF@@AB@@B@@BCD@B@@FB@ACDA@FDA@CD@"],"encodeOffsets":[[118724,39456]]}},{"type":"Feature","id":"130927","properties":{"name":"南皮县","cp":[116.709171,38.042439],"childNum":1},"geometry":{"type":"Polygon","coordinates":["@@BAB@BEEIBCBAFIBCBGGEFAACECIABMBEBAFBF@B@@C@EPCJA@GFSHBBA@CKA@GCCCA@CMAAEF@BCBO@AFCD@BBBCAIAGG@@AAAH@ACEIACEAOCIAEAAGACACGCE@AABKF@DA@CD@D@JEDBBAFEBEDAJADCDEFB@EBABC@EI@AA@eA@GA@IAMBQ@Q@EFABQ@AD@@IKCCECGAA@C@ADCB@J@AMBCAC@@BCH@BA@MBC@AAA@@AA@AB@AAGAI@G@KBI@E@GBIBUFQDGBG@G@KAM@EAE@EBA@E@A@@BIBE@KDKBGBI@OAM@K@GAAJALARAPADCBAFCACBQDAD@DIBEBK@E@BH@B@F@D@BFBD@H@BDA@ABAJ@HB@@FBNDHADCB@DMBMBGD@FBFBDD@ABBBBDBJDB@LIBCBWH@DAJQ@A@@AIDEDEHA@QLEC@EGDA@CACCQDACA@A@AB@BCAKCGBABC@E@@HG@CACAMEADBJU@G@IBABDD@BGB@@CGAAMHBDADCBACAAGB@EE@AB@DCBAAACC@ABBF@BC@AD@DA@@BBBBDA@G@M@GHMNKRUROBOASAMAACIACAAAG@C@A@BFA@qDA@BBCBAGG@@CA@Q@A@@DAB@@ABC@@@ABA@AFABAF@FAB@@CBABCBCD@BBB@@BBB@@@D@RCFDB@DAAA^EAIPABHH@@BFPB@BB@BABJJ@AJAPAD@@DB@HC@CEGBEPAHND@HAFDD@B@B@FA@CHAF@FB@H@@ANBBB@@HDFDBND@B@DCDRFHBADGB@FE@BHE@ABAH@@I@@DGCCBCDAB@FADB@EFABA@ABICADABIEADAAABCAADCACBADFDBF@@BD@BB@D@B@DADADAB@B@B@@BBB@B@B@BAB@BB@BBJFBBB@@BABAB@B@BBBB@BBB@HAD@D@@@BB@@BH@B@@B@B@D@BCDABAD@B@BB@@DD@BD@F@DBB@B@@BB@AB@BCD@@ABBB@@D@F@DAB@B@@BB@@B@BBB@@H@F@B@@BBB@@BBF@FBD@BBB@DDBBDBFDHDJBDB@@B@BB@BABE@AB@@@B@@BB@@B@B@FCB@D@@@@@BB@@ABABABAB@@@BDBB@BBB@D@@B@B@@@BAD@BB@@@B@@@B@BCB@D@B@BB@B@BAD@B@@BBB@B@@@JEDAB@ACBCDADAD@B@NCCEPCDFF@FARG@@AEHCFI@EFB@ABIACABCA@GJ@@ABADAH@B@AHD@D@NAD@ADBDDBBBTBJAB@@AHAF@BCDAF@F@LFBBDBBAH@@EAOACCA@ECEBABAFA@EAIDKDIbAHBB@BCFAFBBJB@P@NADAJ@AE@EFCB@@@F@F@AID@BABGH@@@@@@@@CEA@ABA@C@AT@@@CHABJ@BCD@BDH@@EF@@@@LFDR@@@BAB@D@@BBFD@FDF@BDCB@@F@FABAD@B@AFBBLAB@BA@ABABBXH"],"encodeOffsets":[[119827,39018]]}},{"type":"Feature","id":"130928","properties":{"name":"吴桥县","cp":[116.391512,37.628182],"childNum":1},"geometry":{"type":"Polygon","coordinates":["@@@A@@@BA@@AC@@CD@BAGCBC@@BAGCKA@DMC@@@BE@AA@@B@@EAAADAC@@CABAAAAE@AESI[EKACEGEEECCDKEBHG@@DC@ACC@ACACDA@EH@GIFACCCEACAAAAACEECCACCCCEGECEEECCECEE@@HEGCCDAAECCAAA@@A@AAEA@@@@@@AAA@CA@@A@A@AACAA@AACAA@@@@AC@CAAAAACCCC@AABOGCEABCCHABDFCCAACAACCAAAAAACACACAAAEAAA@AAA@C@EAAAEAACAECIAICGCCCCCAAEG@@CGCGCCACA@ECCACAAAAACAAACCCCAACEACCAAAA@CAC@GAKAC@C@CAAAA@CAAAAAA@AACCAACEEIACAECKCGAG@EACACAAAACAAAMJGHGFILEJKTGJKFMFCBEJADA@AAAA@@@@@@@BB@@@@@A@@@AAA@@@GBDBC@E@@B@B@@@@AB@ACBBDABDDEDFH@@DDBBB@@BBBD@DD@BA@@BC@@VC@@@A@@B@@@@@@D@@@A@@@@B@@BB@@@@@BB@@AF@@@@@@@A@@BB@@DWFDFKDCEACAAGBEICBDFOBC@BBBHE@BDA@AB@@@@@B@@@@CB@@A@@@AB@@@@@B@D@BABA@A@A@A@DJ@P@NBRRDVDXBTJFNANDTI@ONDRLPLPNVLXHTNPJJHHBDHJPPLJHTPNVJLVFFHAH@B@B@@@B@CED@BDBAAC@AH@B@B@@FIB@BHRFALEDBDLB@HA@BBDD@@BB@VAB@ACF@@CLCD@DFB@B@ACB@@DJEB@B@LAHCB@@ALAD@BABFFABFPAB@DADA@AFAF@BABCAC@AHAFA@CHAB@BAAE`EBA@@B@B@@A@ADCJ@AAJAD@@JD@HA@@BBBFB@@B@BA@@FD@BHHA@FVCAEDCD@BA@A@EBC@C@@HADDDA@A@AXAD@BFHAB@BDBJBBPA@CFAACFCRC@AF@@AAECA@M@AA@@A"],"encodeOffsets":[[119503,38646]]}},{"type":"Feature","id":"130930","properties":{"name":"孟村回族自治县","cp":[117.105104,38.057953],"childNum":1},"geometry":{"type":"Polygon","coordinates":["@@HCACFGBA@FD@@EAAAKAAAIQQKE@C@AGAA@@ADCD@MGAIKBACBGCDKBADC@C@aJWFWDSDQBW@eAYCOKKKCOEKKQGKKKIKIO@M@KFKHIDIJOLMJENMHOBKDMFOBKBMBMCGSMYGK@UBMBWHKDKJOHSAMCQ@UDSDODMHGRCHCBEFA@AB@BGDMFMDCBFJBDG@BB@BH@BHBJADAAC@ED@BAPADE@BFNB@DDBDD@HLB@DABGAET@HIBOD@F@DA@E@EAABAFANJBFDBDEBHFAHADEJABADFJAFA@ABJDFDFFPJJFCFFDXFPDNBPDFBDEAIH@AD@@P@BD@HBBFABDT@@@@CD@BDN@@D@HAB@BBBD@DDADDFDDB@BEB@@NB@FCBA@BJL@CV@FABTELCBABIAADGBACGAADG@GDAB@FAFBBHABBI\\AH@BAPDTHLJHHJLNPSFMFKLG^ANCLGJGFGPSLOLKJI\\@VDVDPDTCFIHIHGLCD@B@FABADBFACA@ABAD@FDDDHDD@@CDADDV@FAH@D@LC@EB@@FD@"],"encodeOffsets":[[120160,39074]]}},{"type":"Feature","id":"130929","properties":{"name":"献县","cp":[116.123844,38.189661],"childNum":1},"geometry":{"type":"Polygon","coordinates":["@@A@@ACA@IAEF@CEAAI@AAAA@EDCA@GI@EI@BEE@C@C@IACAGA@HABCAMJMPGJKAQ@WBM@OBKEIGWGQJSEMIKEGCCDEA@BA@A@AAAAKJACICC@@BG@G@AA@@GA@FBDBHD@B@@DC@@BKBKA@D@BABKA@BA@A@@A@A@CAAEC@EF@@CAEACAEC@@A@KAC@G@A@IBO@SAOGIMGWGgOQIIKMEUAA@ABC@AJC@E@CA@A@CGB@BKB@AA@EDGBAFE@@CUA@@I@@DI@A@@CBC@K@KAEGBAAC@CE@IAACABGICABGFIBAACBACIFIA@D@@@@@@GC@HIEUCGAEAEEACGBBDEC@@@@@@ACA@AEK@BEAA@AC@@E@ASBE@KGAB@D@TABK@A@ABDHI@BF@@M@@DK@BDBD@B@DABCDAD@DBFBDFDHFHFDDDB@BDBFJDHBJBH@F@BA@@@C@A@A@@BBB@DAJ@BABC@MEGCA@EBA@CAIIKBG@IAEEIGGAG@BD@@C@A@GECCEBEBABABA@ABADC@AH@AACC@@B@DD@A@AB@BA@O@@DMB@BC@[DCF@HBB@HAH@HCH_AC@@BA@CDAADAA@BE@AKAEC@AKAAB@@ANI@ADCBGDBFBHDFB@HDBBBBBD@@BJ@XQ@EBBH@BC@EB@JEBSBABBDBPG@ELIB@DBFIBADDFD@DBDF@FBB@DIFCFG@@B@FGBEF@D@@QBABCJBBF@@DE@BBADBJKB@HC@BDD@BFFA@DDDH@@DF@BAJ@@CJAB@@AB@@HABBDBBB@F@FC@@@E@CB@DB@A@CAC@CFAB@@@@@CE@@HGD@DMBEDADAHBJDBHB@D@B@BH@BF@B@BFBJBDHB@CD@BDD@BLBJBDL@PCD@JHBHBDFBJ@BBDH@RDFJHH@BC@@DCJFB@FCHEH@BGD@FDB@D@@CF@B@BEL@HEB@CC@@P@@@@BF@BFLFB@H@BB@FFAPAXBBA@AZAHAJCRANAD@BCD@@DL@DADCVATLDF@@@@FJNNNFV@lAFJLTDJHPPJTDLANENG^CVARA^GB@B@DBB@FIH@LA@AB@JPFAAGDAFACCDAB@@A@AH@@AF@CCJATE@FH@@DN@BB@BEBCD@LBBRJHBH@LAJBBBHAB@@ABADAF@DADIBADADAB@@AB@@DD@@A@EJAB@@DJABDFBF@@AVA\\ABFBJHFBAACBAFAFBH@FE@CCW@GB@B@@CACAOA@BCFAF@AA@ABCH@AGF@@@AGXC@AB@@ED@B@AGBC@E@C@CCMB@@CAGAAAGE@AGCAAC@EBCBADBB@LB@@@@BBDBDABABBDAB@BCBCP@NA@CDCFEEALCFCCED@@ACMAAC@E@A@DI@IH@@@@MD@@A@ACA"],"encodeOffsets":[[119299,39134]]}},{"type":"Feature","id":"130981","properties":{"name":"泊头市","cp":[116.570163,38.073479],"childNum":1},"geometry":{"type":"Polygon","coordinates":["@@BALHF@TA@B@FD@@BBBAFL@BFB@BD@@@@@@FDACHABDFFFBHBVDJF@GHD@@@@@@@CJBJEBDDABBJAHEBAJDAHDBBB@JDFD@BBHABF@L@LAD@DB@J@@CJ@@@VB@DF@BEHAFCB@@BLA@AHA@D@BDBF@D@BID@BAB@VBNFJLRJhPXHNHHJBP@TAP@J@B@HBD@L@BD@BFBDBF@DE@@FFDBB@D@B@BB@B@@ALBBA@A@CLBLA@AD@@CA@C@AGAC@EHB@@BBH@H@@AD@JDBDLIBBBBB@B@@AFBDCHDLFNJTFRIXHJHLFPAN@XAR@LBHINONIDBBA@GHBDBJBD@D@F@AFJ@@FHJB@CD@FBBBBJ@BBDFE@BF@JDB@BB@F@B@LBH@@A@AF@AW@@@@AGN@AKBGBAFBDCBBDDB@FDD@FBBA@@H@@BHBF@B@F@JBHDD@D@H@D@@@BBBBBB@BAB@@FDBBCB@B@DJ@B@N@LA@@@C@BFDBHABBBFBDCHAD@LFRDF@D@B@@B@ABADDBA@AB@J@NDVHBCBAD@@C@@C@AA@EB@@@@@@ACC@CBCFCB@BAJDJACA^G@CBCBAN@BA@@J@@A@EDBNGREFHDAFAHAB@FHJL@AXGBACCBAB@DFFCBC@A@C@@AA@@AACBIF@@A@A@AA@@@ABC@A@AAAA@C@A@ADA@@@A@@@A@@ABC@A@@@A@AC@A@AAA@CA@A@@BABABABA@@AA@@@@C@A@EDA@A@@@AA@@@A@@BAF@BA@AAAA@@@CAIAGCECCAAACCA@AAC@EAE@AA@@AA@AA@E@G@@@AA@A@AA@@AA@A@CBE@C@@@AABA@@DC@ABAA@@AA@A@CAE@C@@ACC@@AAA@C@ABCBADC@A@A@@@@AAG@@AA@@C@C@GBA@AAA@AA@A@ABABA@AA@AAIEAAA@@ABA@A@A@AAA@AA@A@A@CBCBCBA@C@A@@AAC@@AEECBCDADBBCDBBABBBCJFBABCJDBAB@BAFEA@BC@EBADCDAHD@CJ@@@BGBAF@AGF@@EHABCGAQEDC@C@AMCCACE@GA@AABM@@@GEAE@GB@DEBA@A@C@ECGBC@GMOBAFFH@DGDA@@CC@OBIB@BIIBA@AAAA@EO@AG@AGOBBJ]FBBCBA@ECQDC@@@A@AA@@AA@ADCDABADA@@BA@EBEBABEB@BA@@D@BA@@BA@CACa@A@EAIBAAI@IAKAA@@B@BABGACAAA@AA@KBBDGAAEC@ACCBED@@AFGBCBBHEBAACGBEAC@AC@AGCBG@ABBHBB@DMHAMACA@@A@@KAcA_COASBOFMBWFUDS@S@MCWMIEIKEKGKIKGIQKMG[MQCSAKFMAEIcIK@KFIHKHOFOF_GEIAMEMEOEUEGMKSGg@]EQ@K@@JFNHJB@BBB@@ADB@@@@B@DFBD@BBBJHB@DNBBD@D@@B@BK@OBI@AACDKJIHIPKNKLKVCNCPINOLIL@LB@@BBDFLB@BA@BB@D@DCAABADAJ@JBBB@@ABFJIFA@AAA@EBCDBFCBIDC@@FFADF@BABBB"],"encodeOffsets":[[118841,38974]]}},{"type":"Feature","id":"130982","properties":{"name":"任丘市","cp":[116.106764,38.706513],"childNum":1},"geometry":{"type":"Polygon","coordinates":["@@C@A@@MEAA@EDAEHE@G@GFA@M@AECAABEHCDSAA@AHABA@ANBBGBBLDJBDEFIF@@ADAFAHA@G@@AMDEJCBAHAB@VEDBDC@AHA@CEMLABCBAAAACAAA@KDCIfIj@PAB@@CB@BDHAZEREVIVEPC@@@@NCNEXGPI\\UJMHOBODKBQEMIKIKMISKQESCQEQEGO@WHUQAMCOCER@F@BC@CCA@MBM@ABABABCAE@@HC@@EAAAAKBCGCCG@EDEBAAKDCGCB@BKBA@SKEIAA@@@@CIEKIMUOOIUGSA@@@@@@Q@G@@CAACAI@C@A@QBAAB@@CBAAA@A@@BCA@ACAA@CAAA@AC@@CCAA@@@A@ABA@AB@ACBENADAEOC@EAIB@@@A@AGECEAALCCACB@@CBAAACD@@ACB@ABC@AE@BJEBEBCACEHC@AAAC@ABBDABEB@D@DKBCBEBCDCAADMCO@C@BDBDBA@AB@@DABEBE@BABA@AECQCA@@JM@GDCB@@WI@DEBCAWBC@C@@C@CEG@E@CFBBGAAG@@GID@@@@A@AFA@@DA@AA@DCA@B@@D@@@ABA@BJI@BFC@BBB@@DA@@@AA@BA@ACCAE@AEAACCEBBI@@@CB@BEIA@DA@G@@CE@KMOCSHMJMHSDSFFBF@DBGNAFADBD@FAFBD@FBB@@@JBD@B@BBB@B@@@@@BAB@DCDABAD@BCAEDEJAH@@CAE@@F@@@CfF@@AFF@NBBDBFATCHC@@DFZG@GABDDLBDC@E@ACA@@JE@ADB@BNIB@TAFJ@B@B@BB@HDBD@EJAAAJA@@CA@AB@DE@E@CDCNIJ@HB@LDABDF@JFDF@@HHBAFLADBBBDFAB@DHAB@HFDJDAB@@@B@ADFFFDD@BBFBABCDABFFF@AH@DBBHA@D@FCBNFDFPNDBHDBBB@FBD@RCD@B@FHDDBDMLGHHVBFLXDLDX@FC@MFB@DH@BABFHC@IFABFFHFFANHTBHBLDB@@DFBDBJDV@B@`A@BCJ\\JB@@BCLCCA@@BBBDFA@CHBBB@PBLDHDBDFB@DPHBADABCHCjKDCBADADAHAXMNE"],"encodeOffsets":[[118999,39856]]}},{"type":"Feature","id":"130983","properties":{"name":"黄骅市","cp":[117.343803,38.369238],"childNum":1},"geometry":{"type":"Polygon","coordinates":["@@@BBBD@@E@@@BBB@@BB@@@@@B@B@@B@@@@@@@@@@B@D@@@@NB@@@B@@@B@@BB@@@B@B@@BB@@@B@B@B@@B@@BA@@@@@@@@@B@@@@@@@@@BB@@@@@@B@@@@@@@@B@@B@@@@B@@B@@@@@B@@@B@@@@@BB@@@@B@@@B@B@@@B@B@@@@@B@@@BA@@B@B@@@B@@@@A@@@@@@@@@A@@@A@@@@@@@@@@@A@@@A@@@A@@@@@@@@@@@@@@@@@A@@@@@@@@@AA@A@@@A@@A@@@@@@@@@@@@A@@@@@@@@A@@@@AA@@@A@@@@@AJBJ@B@@@B@@@@@AA@@@@@@B@@@AA@@@@AA@@@AA@@@@AA@@@@A@@A@ACH@@ABEBB@@@A@@@@@@@@@@B@@@@@@AB@B@@@@@B@B@B@@@B@B@@@@@D@@AB@B@@AB@B@@@BA@@@@B@B@@@BA@@B@@@BA@@C@@@B@@A@A@@@@@@@A@@BABA@@@@@A@@@@@@@@B@@@@@@@@@B@@@@E@A@A@@@@C@A@A@@A@@@ABC@@@@@@@@@A@@C@CACAE@CA@@@@AAAAAA@AAAAA@@AA@@AA@AAA@@@@@A@@A@@@@@@@@AB@@A@@@AB@@A@B@@B@@@B@B@@@BBB@B@@@B@@@BB@@B@@@B@@@B@@BB@@@D@B@DBB@B@@@@@BB@@B@@@@@B@@@B@BEA@@@A@AA@@@@A@@@@@A@@@@@@@A@CAA@C@@@AAC@AAA@A@A@AAA@@@A@C@@@@ABA@@@@@@@A@ABA@@@@@AB@@A@A@@BA@AB@@A@@@@@@@A@@B@B@@@@A@@BA@@BA@@@AB@@A@@@@@@@@@A@@B@@ABA@@BA@ABA@@@@FDHDFD@@@@@@@@B@@@@A@@@@@A@@BC@@@A@@@@B@B@B@@@@@BBB@B@@@B@@@B@@B@@@@@@@BB@@@B@@@B@@@@@B@@@B@@@@@@@B@@@@@@@@@B@@@@@@@@@B@@@BB@@B@@@B@@@B@@@B@B@@@@@BBB@@@B@B@@@B@@@B@AT@@@@B@B@B@B@@@@@@@B@@@B@@@B@@@@@@@B@@@B@@A@@BA@A@@BA@@@AB@@ABA@@@A@@@@@@@A@@@A@@@@@@@AB@@@@@@@@@@A@@@@@@@@@@@A@@@@@@@@@A@@@@@A@@@@@AB@@@@@@@@@B@@@@@B@@@@A@@@@BB@@@@B@@@@@B@@@B@@B@@B@@@@@@@B@@@B@@@@@@@@BB@@@@@@@@@B@@B@@B@@@BB@@@@B@@B@@B@BBDB@BB@@@@@@@@BB@D@@@B@@@B@D@@BB@@C@@B@B@B@B@BBB@D@@@B@B@B@B@B@B@@@@ABA@@@A@@@AF@@B@@@BB@@B@@@B@@@B@@@@@@@@BBB@@BB@@@BBBBB@BBCNA@@B@D\\D@Q@M@CD@JDDBD@DBHBDBDBB@DBDBDBFDBBFD@@BBDDB@FFA@@@@@@@C@A@A@@@@@ABA@@BCB@@RLBA@@@@B@BA@@B@@AB@@@BA@@DDBBB@BBBBB@BBB@@BB@BBB@BBB@BB@@DBB@@@@@BB@@B@B@DB@@D@@@B@BBB@B@B@BBB@B@BBB@B@B@@@DBB@B@BB@@B@B@BBB@B@B@DBB@B@@@B@@@@@@@B@@BB@@@@@B@@@@@@@B@@@@@B@@@@B@@B@@A@@B@@@@@B@@@@A@@@@@@@A@@@@@@@@@@@@B@@@@@@@@@BB@@@@@@@@@@@B@@@@B@@@@@@@@@BA@@@@@@B@@@@@@@B@@@@@@B@@@@@@@@B@@B@@@@ABAB@BAD@@@B@@BAB@@@@@B@B@B@@@@@B@@@@@B@@@B@@@@@B@@@B@@@@@B@@@B@@@@@B@@AB@@@B@@@B@@@B@@@B@@@@@B@@@@@@@@@B@@@B@@BB@@@@@@@@@B@BB@@@@@@B@@@@@@@B@@@@@B@@@@AB@@@@@@@@@@A@@@A@@@@A@@A@@@@@@@@@@@@@@@@@@B@@@@@@@@@@@@@B@@@@@@@@@@@B@@A@@@@@@B@@@@@@@@@@@@@B@@@@@@@@@BB@@@@@@B@@@@@@@@@@@B@@@@@BA@@@@BA@@@@@@@@@A@@B@@@@@@@@@@AB@@@@@@@@@@@@@B@@@@@@@BB@@@@@@@@B@@@@@@@BB@@@@@@@@@@@BA@@@@@@B@@@@@@B@@@@@@@@@@BB@@@@A@@B@@@@@@@@AB@@A@@@A@@@@@@@A@@@@@@@AA@@A@@@@@@@@@@@A@@@@@@@@@@@A@@B@@@@@@@BB@@B@@@@@@@B@@@@@@@@@@A@@@@@@@@@@@A@@@@@@@@A@@AA@@@@@A@@@@A@@@@@@@@@A@@@@@@@@@A@@@@@@@@B@@@@@B@@@BA@@@B@@B@@@@@B@@@@@B@@@@@B@@@@@@@B@@@BB@@B@B@@@@@B@@B@@B@@@@@@@B@B@@@@@B@@@B@@@@@@@B@@B@@EL@@@BB@FB@@@@DJB@BB@@B@BAD@F@B@DADCrJ´PJgBYMq@sDaPgTEZGRCRGLMFQFo¦©rMBrJzNhHfJ\\GPOA]Q_mimuGKCKGGEG@@JIAMGCCE@EBIDEDE@GAKGudSF@@@@EBcHQFwHS@CC@@kAG@M@YAI@A@O@BcE@@ABEFCBEM@E@AA@E@MB@F@@@BC@CK@OBMEKCOKIEOC]FOEQGSG[ESAUA]ACD@FGBE@EBIBCD@D@BMAAAAAE@AB@B@FE@GBC@A@@AFA@CE@@@G@A@@B@@EBE@CA@BE@A@BCA@_A@BDDA@CA@AAAA@@@@FABOCC@@CAACA@C@@A@GAC@DGCQHA@DFB@EB@@CFABCBCD@@ADGCGCHC@ECA@@HIAE@AAAGBE@AGCG@BECAC@A@AK@AC@@GF@BA@AGB@ABAHAAEG@@CAAA@ABABCAACS@C@@EA@@FKDC@G@EBU@CCCB@DC@GCCCECC@AB@BDBEBCAABEBA@C@KDGHGJEJSDOCUCUC[@IJKLKPOTEHIHKHMD]BKHELENOTFHAN@PDNFNBN@NFFABGNBBNlIHQHQBM@@@C@ABEH@F@DAD@D@D@B@D@BEFOHWLM\\@LRLLLAVCTCNCLCN@TJVJXNRJNFLGR@@@@@@MJMHIHELARBRAJKPHZFJDNDJFL@HAF@@B@D@@@D@DAD@B@B@BA@@@B@@@@@B@@@B@@@B@@@B@@B@@@B@B@@@@@B@D@D@@@D@@DA@B@@B@@@@@DBB@B@@@@B@@@@@@@B@@@@@@@@@@@@B@@@@@@@@@@@@@@A@@@@@@@@@@@@@@@@@@BDA@@@@BB@@@B@@@BB@B@@@B@@@DAB@B@B@@@B@@@B@B@B@@@@@@@@@B@@@B@@B@@@B@BA@@B@@@@@@BB@@@@@@@@B@@@B@BB@@B@B@B@@B@@B@@@@@B@BBB@@D@BBA@@B@B@@B@@@B@@@@@@@B@@AB@@@@@B@@@B@@@B@@@@A@BBBBB@B@@@D@@@@@B@B@@@@@@@@A@A@@B@B@@@@B@@@@@@@B@BD@@A@@D@@ABB@@@@@@B@B@@A@@@A@@@@@@@A@@@@@@@@B@@@@@@@@@@@B@@@@BB@B@B@BB@@B@@@@@@@BBB@@@B@B@@B@@@AB@@@@@@@@@@@@@@@B@@BB@B@@@B@@ABBB@B@@@@@@BAB@@@BB@B@@@@@BA@A@A@A@@@@@A@@@@@@B@@@@@@@@@BB@@B@@@@@@B@B@@@@@@@B@B@@B@@@B@@@B@F@D@B@@@@B"],"encodeOffsets":[[120011,39550]]}},{"type":"Feature","id":"130984","properties":{"name":"河间市","cp":[116.089452,38.44149],"childNum":1},"geometry":{"type":"Polygon","coordinates":["@@BK@MDOHUDOFGPOLGLCTGPEJGFGACACBAH@rKACKUPS@CIBC@UEACA@A@E@AA@@AGB@DA@ACC@GB@HAAICE@CDABDB@DHTBD@@@D@AEC@@CNACOCE@@E@@E@A@AD@@GD@DAAEDCDBHAFAAE@GBCF@D@FAFDJGHA`AD@FAHA@B@BTA\\HLHZDPAJI@CEIBADAB@B@@CEA@CLMB@DA@BH@@AD@H@ABAF@DD@BD@BD@@EB@D@@FH@@DB@@C@AD@BEAQF@B@@@@IBAB@B@@FDDD@JABFFBF@BDP@@BFBL@@@@AACH@AIBAB@@AF@AEF@@AAIA@CG@@DAAAE@A@@C@@B@@A@@A@@ABAC@@IABC@@EG@@CAGC@KA@ECAC@AGBCJ@B@CCAAAA@AGG@EC@CC@EE@AAAA@FK@EBMAGNEJIHKBUEIICIEIME@@@@GCMAQ@QCKGGG@M@M@IAKCMEK@AC@EBAEA@IB@CD@@AAEA@E@@CAAIBAE@GGBACEB@EG@@GEcWDBH@@E@BHG@AD@BBBE@EBADB@BPBD@DA@A@@HDX@DEFG@EAEBABBDABGEAIAE[BUB@BE@EAACIB@CA@IB@F@BC@@CA@@BA@CBCBABCJCBE@CBAB@BA@GBAAIAKBG@GAQIAA@KDCFA@AAAM@@CG@@ESFIBDDE@@BG@@B@BA@CBDDEBCBBHEBIOA@@BKBG@EJA@CAA@A@]HQBUB]DMHMFKBSCOIGOCIKSEIkBU@MEMMEI@@@@CESKUBCDCBK@@CC@ADC@MBQBIDGBYB@BABWAOBEBAB@DDFGDFNBFPHBFJDABDBBBA@AAAA@D@DDJGBDJCB@BBJFJAFC@HJCBCBFLJFJJD@AHA@IBEASBC@AAEBIFAD@HFHHBBPL@FBDDBDG@BHCBC@ABBFI@A@AFCBDJCBC@DTCBI@BLCB@BDA@BGBIBA@CCC@SD@@BHMBE@ABG@W@G@G@C@AA@ACAC@AFA@A@ACG@AAEEC@E@@HGBBDA@CBAJI@CH@FHJBDD@FBDTB@DABFFL@D@@A@@DA@@DDAABCB@F@@@F@BB@@FA@ABAB@FE@CB@DD@@DADFD@@ABBDBBJB@DDFD@JND@D@D@TETCNGNITGPDLNF@@DH@B@@CJBAFA@@D@@AJFADDBBBFF@DBBDB@@ABB@@B@@CA@AAD@AEJ@AIB@BA@@C@@@@ADB@CBBB@@CB@BEB@@@@@JC@HH@BBAHEA@D@FFH@D@DD@D@XADBFA@CXJ@@DAHCN@@IB@RDFD@BABABF@FABA@CA@@BABACACD@P@NDBCDBDCFADALA@C@CFABAACBAD@BB@BGDDFDBFAFAAIF@@BAD@BDA@BC@BDBBDA@@DADBKDBBDFHF@B@B@@JAFBD@FPCBMBAFBDA@@BAB@B@B@@BBDD@@BDB@BB@DBBBDB@AD@@@BBBAB@DA@BBRAB@D@J@DBBB@DH@R@@@@@@@TBVHPJVPJNFLDJ@@@@BBFJTLB@LA@ADADHLCBBFAFCH@DDDHLABBBB@FD@@GF@DBBABABAN@NAB@DDD@@A@EFQPDNDRB"],"encodeOffsets":[[119164,39591]]}},{"type":"Feature","id":"130922","properties":{"name":"青县","cp":[116.838384,38.569646],"childNum":1},"geometry":{"type":"Polygon","coordinates":["@@B@B@B@BB@@B@D@@@B@B@BA@@@@B@@@@@@@B@@AB@@@@@B@B@B@@@@@B@B@@@B@@AAA@@D@@@B@B@@@@@@@BB@@@@B@B@@@B@@B@@@B@D@B@@@@B@@@@@@B@@@@@B@@@@D@@C@@A@@@B@@A@@@@@@@BB@@AB@@@@B@B@B@@B@B@@@D@@@BAB@@@D@@@D@@@DA@@@@B@@@@@B@B@B@B@@@@@B@B@BAB@@@@@B@B@@@D@F@@@B@B@B@B@D@@@@A@A@@D@BB@@D@B@@@@@@@D@B@D@@@B@B@@@B@@@B@DA@@B@@@B@B@B@@@B@@@B@B@B@B@B@B@B@B@@@DF@@@@DBB@B@B@@@B@@@B@@@@@@@@@@@@C@@BA@A@A@A@ABAA@@C@A@A@A@C@AD@AC@CAAAC@AA@@AAAB@B@AC@A@@@@BA@@@@B@@@B@B@B@@@B@@@@@@A@A@AA@@@BAD@@@@@B@@@AAAC@@@@@A@@@A@@AA@@@A@@@@BA@@@@@@AA@@@A@@@@@@A@@@@A@@@@@@B@@@@@@A@@B@@@@@@A@@BA@@@A@@@@@A@@@@@@@A@@@@@@AA@@@@@@@@AA@@@@@@@@@@@@@@@@@@@@@@@A@@D@B@@A@A@@@@@@@A@A@@@A@@@@@A@@@A@@@@@@@A@A@A@@BA@@B@@@@@@@@A@@@@@@BA@@B@B@@@@@B@@@B@B@@@@@B@@@B@B@@@B@@@BB@@@@D@@@B@B@BA@@B@B@@@B@@@@A@@@AD@@@@@@@@@@@@B@D@@@@@@@@D@B@@B@@B@@@@@@@B@@@@@B@@@BB@@@@B@@@@@@@BB@@@@B@@@@@BB@@@@@@@@B@@@B@@B@@@@B@@@B@@@B@DBB@@@B@@@@@@B@@@@BAB@B@@@B@@@@@@@@A@@@@A@@@@A@@@A@@AA@@@A@@@@AA@@@AAA@@B@B@F@BBD@D@@@@@@B@B@@@B@@@B@@@D@B@@@@BBB@@@@@BA@@@@@@@@B@@A@@@@@@@@@@@@B@B@B@B@B@@@B@B@@@D@D@B@D@@@@@B@@B@@@@BB@@@B@@@@B@@@@@B@@@@@@@B@@@B@@@@BCA@@A@@@@@@@ABB@B@@@B@B@@@@@B@L@RDJBVBJBB@@@@@B@B@@@B@B@@BB@B@@@B@@@@@@AA@@A@@AA@@@@@A@@@@@@@@B@@@B@@@B@@@B@B@B@BA@@B@@@B@@@B@@@@@B@@AF@D@D@B@B@B@B@@@@@@@@@@B@BBB@@@B@B@B@@@@@@B@@@@B@B@B@@@@@B@B@@@@B@NDJBPDHBD@B@@@BAB@@@@@AA@@@@AAAA@@AA@@@@@@BC@@AA@A@@AA@@@@@A@AA@@C@@@AAA@A@A@@@@@A@@B@@BB@@@@BB@@@BB@@B@@BB@B@@B@@@A@A@AAC@@@@@A@@@@@@@A@@B@B@B@B@B@BB@@B@D@@@@@BAB@@@AC@@B@B@D@@@DA@@B@@@B@B@@E@@D@B@D@CCEEAAAAAIAAAKAE@A@@AC@C@@@@@@@@@@@@@C@@@A@@@A@@@@@@@A@@@ABA@AAAAAA@@@A@@@A@@@@@AA@@B@@@@A@@@@@A@@@@@@@@B@@BB@@@B@@@@@@@@A@@@A@@@A@@@@@@@@B@@@B@@@@@H@@@@A@@@A@@@AA@@@@AB@@@@@F@@@DKDGDQBQBAT@@@@@B@B@B@B@B@@A@A@@@A@A@@@A@@@@@@@@@@@@@@B@@A@A@@D@J@B@D@@@@@@A@@@A@@@@@A@A@AA@CAA@@@@A@@@A@@BBB@@A@A@@@AD@@@@@@AB@@@@A@A@ABE@GEKCICMEIGYSEGGMIMEUCWEOIA@AAMCCA@C@CHBBAAC@C@GCECAE@@B@DOCC@UEMC@@EBICUCAA@AAAMCIGGAAA@EA@@AA@@@AD@BABA@BIQBCAAA@@AD@HOACCG@CHEBAB@@@BEFAHCJCBC@AAEECI@@@@@AAGICEADEBA@A@A@A@E@E@C@@@@@AACBC@C@CBE@A@C@A@CAA@C@C@A@A@ABEAA@A@CCC@AAA@ADADCDC@@@A@@AAG@@@A@@A@A@@BA@ADAB@@A@@@AAAACAA@@@@BABA@@@AAAACACA@@@ODG@@BBDABaFCACGG@AGE@AEWHAFBDABACKFBDBBIBECC@DE@ACAMA@AA@AGCASACBCBEACAEIE@GBBBABIB@DGF@@BBCBOD@@@BABI@IACEGCGGIGQGWC[A[EIEGA@DGCCBCFIAC@CACA@HEBEDCHABBNGDAFG@BJ@B@@AAG@CBABMAGAU@@BBBBBDDA@I@ADBHD@DB@FLBD@BH@DH@@FD@BA@JD@AB@BB@@@@BA@@@@DB@F@BBCB@@DHB@BJ@BE@BFE@@BA@ABBJG@BD@B@@K@EA@AO@ACE@EAAEIBC@CC@EA@A@AB@J@@A@E@BRAFC@@B@DA@@@AFFDHB@GB@H@@A@CFB@CLBAA@CH@@GH@FB@B@DI@BFAFCBB@BD@BABA@ABB@@DBAD@B@B@BB@@DHBABDDDBBBD@B[DDLDABBDDBFR@CIT@BCF@JABHJ@@DDDB@@FADJ@BD@FBDFDHDBF@LDBFB@FCFCAIAA@@FGBA@CBADG@AD@FCDA@CG@AEBDJGCA@@HD@@HXABDH@BDVA@CBAD@@BCFEJC@A@@HDFEBEBABFJHJDBH@H@DABD@BDDBBFJB@IBCBABRHDFBBBBB@BACCBCJJHHZSDBHFHB@AH@JBHJCFLBCF@FB@CDABJ@BD@BPDH@AABAJBFA@C@EBAB@@JAFHDDJ@BBBFNBNALGNCF@@@B@@AB@B@@@B@@AB@B@@@BAB@@@BB@AFHB@B@D@@ADB@@BMF@@@B@@@B@B@@@B@@@B@@@@CBEBBBCACCA@@D@@@@A@C@I@A@BFRABB@FF@HB@LFBBH@D@FA@EAAFBB@@EHBBHBADD@@@@D@BB@@F@@"],"encodeOffsets":[[119569,39672]]}}],"UTF8Encoding":true}