{"type":"FeatureCollection","features":[{"type":"Feature","id":"150802","properties":{"name":"临河区","cp":[107.417018,40.757092],"childNum":1},"geometry":{"type":"Polygon","coordinates":["@@BAD@DABA@@A@@@BA@CBC@ABA@C@ECMCOB@B@DCHCBAPKLEBADAC@GA@C@AA@@A@@BAFC@@@A@A@@B@BAB@@@@@C@@ADAA@@@@@@@@A@@AAAB@@AA@BAB@@AAB@@AEBAC@DA@BAA@BCJ@DB@@@@@AF@FA@@@A@AB@@C@@CA@@E@@AAECGACCO@E@A@EAAAA@CAAAAEI@@AEAE@AAACWLQTaHI@@@@BE@@@@FGRQNOFGBSHB@@@A@@@A@@AA@AA@AE@A@A@@BAB@@@ACAAACB@BDBD@BB@@BB@B@@@@@CC@@@ABA@@@@A@@@@AD@@@AA@@B@@@ACAAACAAAABE@CBA@CBE@@@A@A@@@AA@@A@A@@@@CECKAC@@ACCICG@BABEA@C@ADG@AAC@@AAH@BA@A@@AA@C@A@CAEAC@@AAA@@ACACAA@C@@AACA@ABA@CA@@AG@C@@HGDC@@@CAIGC@ABA@@@CCEAACCAA@@BC@@A@K@AGA@A@ABGAE@EAGCAAAAAACGAACAAA@@@@@@AA@@A@@@@AA@@@@A@AAAACCAMGCCC@CAA@A@BA@C@@@@CA@@BC@@@@ABA@@@CAA@A@C@CDC@CA@@@B@@A@@A@@@@@A@@@ABABAA@AC@@@@ABAA@A@@A@@@A@@@ACBA@@B@AA@@B@B@@A@@D@B@D@F@HA@@@C@C@AB@B@DADCFAFABCB@HCNANAHAB@@@B@NB@@@@BBB@B@D@@@BAIc@AAC@A@C@A@ABC@C@@@AAAAAAAA@GCKEEACACCEEEEAA@@AA@@@AA@@AA@@ACAA@CAAACCAAA@CACACCAACAECEACC@@A@AAAAEAECCAAAAA@@A@@ACA@AAACACAAACCA@CAAAAA@@@@BA@@B@DBD@@A@ADEDGFG@@@@B@BBD@BBB@BBBBBBDCBABCDCBA@CBC@@E@CBC@ABCBA@C@C@A@EAEAECECCAEACAAACA@ACACGEIAE@A@A@ABEDGBA@AAAAAGCGEQGKEECCACAACECCAACAAAACEEEECACCAEAEACAA@A@C@E@EBCBCBCFEFCBA@ABABCBC@E@A@GAE@EACACCCACCCCCCCCAAACAEAEACAACCEACCECCAAAC@GAGAIAIACAGCCAEAEAAAAAA@CEIGEEEEEECCEECACACAA@EAC@A@G@G@G@GBA@IBKDKBKDE@E@C@E@GAECC@A@C@A@CBCBEBA@ABCDABCBCBCBE@E@EAC@AAEAACA@CCACAECCAICCAGEKCGCGEGCGCCCECCCEAA@AAC@AAC@@ACCGAECGAGAC@G@E@EAEAC@CAAAACAC@C@A@E@EBCBE@ABABABCBEDEDEDEBCBCBEDGDGDEBCBC@C@CBC@C@C@C@A@CAA@CCCACACD@B@@AB@@A@@@A@@B@@@@@@A@AAAA@@CBCFGPEF[FIBCDCFAB@DHTDNBHJNDBFDJDdLBDDP@BHFBD@@@@@@@D@BA@Q@I@G@KB@BAB@DABAFEHADCDEZEPEPCPETCREXCR@D@@BB@@@BAD@B@BDD@B@@@H@B@D@@@@C@@B@B@B@@B@@B@D@@@B@@BF@@@@ABAB@@@B@B@@BB@@AD@@BBD@@@@@@@@FAH@@BB@@BBAB@BA@A@A@@@@BBB@@CNETAB@B@@@BDH@@A@EB@@AFB@BB@@B@@B@@@@ABA@@@C@@@LHNHB@BABB@BD@@@L@BABAB@HBD@B@B@DE@@DAB@BAB@@AB@@A@A@@BA@@@@@ABCBA@ABA@@@B@@B@BAD@BADABAB@BA@@@@CCC@AAAA@C@@C@A@@@@@BA@AB@@@@@B@BA@@B@BBB@JBBB@ADA@@TD@B@@AB@@@BB@DBDBB@@B@@@@@BB@D@@@@B@@BBB@DBB@B@DABA@B@@@B@BB@F@B@B@BAB@@B@@B@@@B@@BCBBBABABEDCB@FCHAB[PQHGDA@ABBH@BFJ@B@B@DD@BADA@@@@@@@@@@B@@BABB@DB@ABBJI@@@@@@HEFA@ABH@D@D@FA@@DD@ABC@GACB@@@@@@C@@BB@FDLH@@@@@B@B@D@B@D@B@FDD@B@B@FNHPDTDRHBR@ZDHFXDHDFFNBF@BCBBBDA@BAD@@B@@DA@@BEF@@B@@DBDH@B@BFBFDDFHHH@BBBBDBFHRHRBHDJHRFPDDBDBHFFDDHFRTLFB@BBH@F@BA@@DBFFDBDBBBBBBBDDD@BB@BBDDFDN@@DHHZNlF@B@@FH@TB@@@BAD@@BBB@LBP@@B@DAF@F@@@@D@HBB@A@CFCDGF@J@DA@BBBFDFBHBB@B@BBHBH@BBHABLH@DBBAB@@@@@@AB@@@F@HBHBHBFBDBDBBD@@@B@JDH@F@BDB@FB@@B@@@BADAB@BAB@B@LFBBB@@B@DB@B@@@B@D@@BDB@@NDB@LCB@@@BABADCB@@@DAFBB@PFBBFBNFRHBBB@D@D@DADABABADC@@DADA@@FCB@@@@BB@BBB@D@@@@B@@BB@@B@B@FABAD@B@D@D@B@NHJBDBB@@D@@B@BB@@D@H@B@DBHBB@B@BBH@@@B@B@@AB@@@D@FD@@@@BBB@@@DBB@@BBB@DBBB@@@FBDBBBD@LB@@B@@@BDBBBBD@DBDDBBLBB@D@DBF@DBD@FDFBB@FDB@DBD@BCBADADC@C@CCCBCBCBCFCFCFCFAD@F@B@DBFBBB"],"encodeOffsets":[[110255,42248]]}},{"type":"Feature","id":"150821","properties":{"name":"五原县","cp":[108.270658,41.097639],"childNum":1},"geometry":{"type":"Polygon","coordinates":["@@BFANDJDRLENCPGLE^IVIDATMXOPQPMLIPIPIVMQCFKPDZ@ZIAKEMHGRDLDPDPB\\D\\G^CZFLHNJNFLFPBN@AIEICQHMJGPBLDPFLJTPZDF@HIJCJ@LFLN@NCJDLFHHBLBLADIFAL@FDTPDLBJBJDHDDHIAIAG@IBELKJAL@J@LFAFGLGHMHCFCDCHDHFBNBNAPGHGBEPKHEDCFABCREBT[LBNIPCdCTGdDP_FEHBRFF@JKPBZLLGXDhEVIPDXMXPbC®PVCajDJA`@LEDETgBCLOBCFCJ@JFLHHFNJFBLBDADADCAAAAcUIECEBALIHCLEHAFBFFHFD@LEHGAGEEGAOCMOFK@EGGK@GDMBKDGBECCGEEIAUIOAEAG@{HHGB_FGHGDA@EDAF@@@@AAA@@@C@@@@AA@A@AAA@@@@A@@A@@@A@G@A@@BA@@B@@@B@@E@EBC@AA@@AC@A@BABAmGC@E@EAWOUCCEaI@C@AAA@AA@G@KAC@@@A@BG@@@@CBCB@@@AAAA@@ABC@ACC@A@@@I@@A@YGMCC@E@E@G@A@A@A@I@OAC@IAGAcEAAC@AAAA@A@AAA@AECCA@@@A@CCAA@@ACACGUIMAC@U@I@iCUCKEeScAM@@@@@@@@@@@M@MA@@@@@@@@@@C@A@@@@@A@@@@@K@GAIBEAA@AAB@BAD@@@@A@C@EAC@CAABC@C@AAAIAGAECGGG_AAEAAC@CCG@CBEAA@AC@@@G@M@E@EAO@M@KAWCS@OBOFKDE@CAIECGA@AAC@EAE@EBCBEDQHGBKBK@C@EAIEIEA@IG@@C@IBC@A@A@A@AFEHIJSNGDEDK@A@CAICKCIAMEEAA@EAEAC@GACACAA@AACACAC@AAA@AAA@A@C@C@A@ABA@A@E@A@A@ABA@A@ABCBCDEDCBA@CBABCBEBEDEB@@CBA@ABABCBABABABCBABCB@BA@AAA@A@C@CAA@CACAAACAAAA@AAAAAA@@AA@@AAAA@A@@AA@A@A@@@A@ABA@CBABABCBC@@@A@@AAAA@@CCAACCA@AAA@CAAAA@C@A@@@A@@BABA@@BAB@DABCBABABABA@ABABA@A@CBCBCBA@A@ABA@A@A@C@C@ABC@EBCBCBA@@@C@CBA@CBC@ABC@EBA@C@EBA@A@A@@@A@@@A@@@C@A@@@C@AAA@C@CAA@CAAACAAAA@AAACAAAAACAAAC@EAA@A@A@C@C@A@A@A@C@ABEBC@CBCDCBCBABC@A@A@AAA@AA@CAA@C@E@GBCDGDEBGBEBA@C@C@AAAAACAC@E@E@C@CBCBG@CBCBC@ABEAC@A@CACAEACAEAAAC@@AACCCAAACCCACACAC@EAC@E@C@C@C@A@A@CBCBEBEBEDCBEDEBCDCBCBEBEBCBEBAD@DABCDADABCDAAAAAAA@AAC@AAA@@@@@EHCHCF@B@BC@CAA@@@AB@@@@BBBBDBB@DDBBDBDBBB@BDB@BB@@@BBBBDBFDFBBBBBB@@@DDFBFDDBBBDDDBDBB@BBDDBBDBB@DB@BB@@BB@@B@@BB@@BBFFFFDDDBFBLFHDB@BBBBBB@B@@@DAD@B@B@D@BBD@BJdAB@@C@A@A@AA@@@@MAA@@@A@GBMBMBGDA@ADEBEBCDCBA@A@@B@D@D@@GBE@C@A@C@@@@BA@A@@@BBA@@@ABBD@@B@@@B@@@@BBBBA@@@@BDB@ABAB@B@@@B@@@@@BB@@@@A@@DBD@DCD@B@B@DB@@B@BA@@@@AD@@DB@@@@@DABB@B@DBD@DDNHDBBDBB@B@B@@B@@B@@B@@@BB@@@@@@BBDBBBDHBBBBBBHDFBF@HBBAB@B@BHL@B@@@AD@@BBDDBBDF@D@@AB@BHDBJ@D@@CDGH@@@DBH@@DBB@BAB@BD@BD@B@DBDB@BB@BB@@BDBF@D@B@DBB@@@BABG@BB@@BD@BCH@B@DFBBA@ADHDJBD@@BDDLDF@@@@@B@BB@@B@@@B@B@@AF@DAB@DAFBBBBBDBBBD@@A@@@BB@@C@@B@@B@@@@@AB@B@@DD@@@@A@A@@AA@@AACACA@BDBBBD@@A@AB@@@B@BBFB@@BBB@@@B@@@B@@GAATEHMPQREH@@@@AF@@@@GJSbKRDXBB@BBFBF@@FJBBBB@DBBBB@F@B@FDPBDDHBF@BF@@@DB@@@DA@@B@B@@EBE@@B@@@@CAI@ADB@ABB@@CBDFA@BA@BB@@BA@ABB@@BABB@@@B@@@@@@B@CB@BD@@@@@A@ABA@@@@B@B@@EDAB@@@BB@@B@DHBD@CBABKFOLABGDCDA@A@DPDN@F@DAB@BAD@DAB@@B@@@ABCBC@AB"],"encodeOffsets":[[110255,42248]]}},{"type":"Feature","id":"150822","properties":{"name":"磴口县","cp":[107.006056,40.330479],"childNum":1},"geometry":{"type":"Polygon","coordinates":["@@F@XAXEFAD@NBR@FBF@FAFCD@JAP@H@F@LBD@L@DBJBN@D@HAJ@H@HAJCH@DAR@NABAJ@D@B@@ADBDAJAJCLCHAHADCHAHEDAJBNENGVAVCX@L@L@F@VCTAREPGjIHCJGHOJMJ]HKFKBMbDTETITITAbJ`BdCZ@LCLMAWDYDOFMB@@@@A@A@ADC@AB@D@HAD@LAD@@@BABA@ABA@@AAA@@A@ABA@ABADABA@CBCBC@ABAB@@@@@@@@A@A@@@@CI@A@@@@@CDA@@@CAEAACI@YAAA@@I@@AAA@ACCC@AAC@@BABA@@@@B@B@BFB@AO@E@EB@BC@@AICGAC@@HADAB@@@DIBCB@DA@BBB@@B@D@B@B@B@@@BA@@@@@A@@@@@A@A@@@ABABA@@DA@@BAB@@AB@@A@@@A@@@A@A@@@AB@@AB@@AB@@ABC@ABC@@@A@A@A@ABA@AA@B@BAB@B@DAFALCREAAAAAEACAAAA@A@@@A@ABC@E@@BCBADEBC@ABABABAAG@CBCBALUFW@GAE@GGIEGGECAGCA@AAC@C@A@SHEBABC@A@CAAAAAEIGEGCICWAE@C@EACACEACEKCIAEAAACCA@@EA[AGAGAIGECCCCEEKEICCCA@A@@@G@A@C@EAMAM@CAICSAICICEOGQKOQKEIECAGGIKIGOEGGUGKEAASGUKCAQGMKIIIMMEM@M@OA@H@Z@@I@K@yCY@GAABQBT_FKZq GL~`hVTLB@DFpvPRDDVXPRK^[DëRIBkDWBI@ÏFÇU_E__YUqk]DOPABOPGH­Ac@m@UA@@SXajMPW^GJ]dIJINCDEFajEHCBAHAFGRCLCFMhEN@@rClCLAHA^A@LBrdKtONCPCLCHGFCDCVUVSzBFLApG`FFC^QCTCRKxAF@B@ZO@@TB@@WLKDSJKFEDV@@qPAAEBA@A@CDABA@IBEDIBC@C@EACACAAEAAA@A@C@E@G@IDC@CBA@@BAAA@@@A@@BABCDA@C@@@A@ABAB@@@B@BABABA@A@@@AB@@A@@AA@AD@@CA@@@@@BBB@@A@@@AB@@A@ABAB@@BBA@@BA@A@BB@@@BA@@@@@@B@@ABAB@@A@AB@@@B@@@@A@@@ABB@B@@B@@@B@@AB@@G@GBABA@@B@@Jt@BA@@@@B@@ADED@DAJIHKBE@IBC@EDWB[^EFW\\mSE@VRZNDDDBDD@BLNJPHPHRDNJNJZB@HBD@H@D@B@FA@@DB@B@@DBBBCB@B@@@B@@AB@B@@BB@@CD@B@@BD@B@BBBAB@@BBBB@@@BAB@@@@F@FB@@BB@BFHB@BBDB@B@BBDBB@H@B@BBDDB@@@BBB@B@@@BBBDDBBGDCDKFEDCBGDADCBAB@B@B@@D@B@DCD@DCFADCB@B@@B@@@BCD@@ABABB@@BBBBBF@B@B@NDHBLOHKB@DDBD@@B@DB@BBB@@B@@B@B@@@BB@@@@@B@@D@@B@B@@@@@@BABABBBAB@BKBGB@@AFSl@@BBZFR\\HLDHB@JAVCF@@@BD@BB@B@B@BADB@@@@@BAB@@BDBBB@BB@@BB@BB@DBDHB@@BB@@BA@ADA@A@ABAB@B@@DBBB@@DJ@@DDBDB@@@BA@ED@F@F@B@D@D@@@BBD@DBB@BDABBBB@DBB@ABCDCBA@EBA@@B@@@BDBRDD@DAD@DAHBHADA@@B@B@B@@AB@@@@@J@B@DAB@B@BBD@B@B@@@NBB@JCB@JFJDB@FJ@@P@V@B@@@@ABG@EBEBGBCBIBE@E@I@EB@@@DCFELGB@@@A@@@GAWCMACA@@AA@@@A@AAAEC@A@C@A@@B@BA@@BA@A@@@A@C@CB@BADADCBA@CD@B@@@FDDBD@F@BAB@PBB@FALCLCB@BE@@FAB@@A@AB@@AFADCBCBABA@AA@GGCC@ADG@A@CTMD@CCGCCAA@@A@A@C@A@A@C@C@@NEJCDEBADIBC@ACCAGAACCEIAA@A@@BEBE@ADEDG@@BCBABA@CDAB@FABADABCBCDCB@BAD@FAD@JAB@LAB@B@HIHEXD^DbF"],"encodeOffsets":[[109153,41742]]}},{"type":"Feature","id":"150825","properties":{"name":"乌拉特后旗","cp":[107.074941,41.084307],"childNum":1},"geometry":{"type":"Polygon","coordinates":["@@¶C~\\fTtTh^¤j¨nĖ¢ff^nTŪjNĘ¤dlPɘþxXŪ¢Äl~VƢ¦Ƕl|FnFȄAA@ABA@A@@@C@AA@BA@AA@BAAA@AAACAAC@@@A@C@@BCBCBCBE@CA@BC@AB@DCBEBA@ABCBCBCBCBA@@AACI@ABCDGBADEFEBADAFCBA@@@A@A@A@E@A@C@ABC@ADEBABABABADCBCDGDEBADEFKBGBG@@@CKIAM@OHQTQPKVQR[NQLSPSLSPWFONSNYDMRWRWHKNKNOLQRUZYXUTQJK@A@A@A@A@@DA@@BABABC@@BA@@BBBBB@@A@@@@@A@@@A@AD@BABCBC@@B@B@@@B@B@BABABA@AB@B@D@DBB@D@BCDOLaMPYFGX[HGRUVWDEDKDKP{BCHYBGHYBG@A{KAIAKAiCWUEE@@GE_AUAOAaCE{[]MMooKKIIAAAG@CCQAUAC@KAKEEDAB@@AB@@CBAFCDCBA@@BA@AB@@ABC@@D@D@B@BBB@B@BAB@BBB@D@BAD@B@@@B@B@B@B@D@@@@@BA@@B@@@@BBB@@@@B@@@BA@@BABA@@B@BB@@@AB@@AB@@@DAD@BA@@@A@AAC@@@ABABA@@@AB@@A@@A@A@A@AA@@@@B@@ABA@AB@BA@@BA@@DA@@BA@A@C@C@A@@@@B@@@B@@@@ACA@A@@@@BAD@B@BA@@BAB@@@@A@@@A@@AEAA@@@AAA@A@A@AA@@AAACG@A@A@A@@BAB@AA@@ACAE@C@A@@BABA@C@A@AA@A@@@@AB@@A@A@I@AB@B@@A@@@A@@CE@@@@@ADC@@@AE@C@@A@A`KHCNCB@BAPeDGL[LEdMCIAGE]CK@CCEWkO[EIEIGOCA@mkU@@EAMEAA@@@@BADABA@@@ABA@@@C@@@@@@CAGACAGCAAA@GEA@@@@A@@@@AAA@A@A@@@AC@AA@@AAAAAA@AA@@@ABAFCDC@@@A@@@@B@BAB@B@DADAB@B@BA@AB@B@B@@@DAB@@AB@@@@ABABA@A@AB@@ACACCAA@@II@AA@EAECC@G@AAEACAC@OAIAG@AAAB@@A@A@AAA@A@@@CBA@M@ECAAIOACGKCEACGEOOGEAC@@BCAA@@CA@@AC@@AA@@B@DAB@@A@AEAOI@BG@@@A@@B@DA@CBCC@@KFEBC@CCGIGIAAECEAG@GBA@E@CDABCFABABEDW@OCE@IAIEMKSKKMSCSAQIGICMDO@KK@MAGKCMQBMHMF]BMESIOGCIGGIIQUEI@KMEIIGAGCCCCAMMCA@@@AMMEGGIGECECEEEY[IKACACAGOBU@E@CACACAEAECGAGAIAKASEEAE@GAK@MAOASAEQGMIKQKQOWKM@YCEEDIDIDG@AB@N@FBDBBAIKEMGSACIGECQGIAG@[AEAOCeKWEEAQQII_S@@@@@B@B@@C@@@A@A@@@A@@B@@@B@@@@A@@@@AA@AB@@BB@@ABA@iCAAAIECAGCGGGCECEAI@I@AAA@A@A@A@C@C@CAA@C@E@C@EAM@IAI@CAA@@@A@A@E@C@GBA@CA@@A@A@A@C@@AC@CAA@@@A@CA@AICA@AACECCACGI@ACCAC@ECCCMAC@CAC@C@C@E@ADI@A@C@CAA@ABABCBCBA@C@CAE@EACAC@AAAaE]CWCGFGJA@A@KBA@IBC@EBC@ABA@CDADADCBABEBA@CB@DABABAD@@CHCF@BAFAF@@@BBBFJDDBBBHDD@BADCJABCFIDMF@@@D@D@B@B@D@B@BB@DBHDDDC@SN@D@BCH@BDDHHB@@BABABADCDEB@BA@@B@BA@EB@@AFA@KDKDEBA@OAA@ABE@C@CAEC@@A@C@@DABCDCBABA@@D@D@B@@@BAB@@ABA@@@@B@D@BFDBB@B@B@@BB@@DBNBXDHB@@B@@@A@KHEFCD@@A@@F@J@FAFAJADAHAF@FAH@B@@A@U@O@@@EIA@ICIEA@IDA@MA@@A@A@C@AAA@A@CBA@I@@@@@A@@BA@A@A@@@CBGBGACBC@CBC@QCCA@A@@@AB@FAB@DADCBAA@CAA@AABAACA@CAC@AA@@C@C@A@E@E@C@@FAB@@A@ACCC@@CI@@AACA@@@ABABAB@B@BCB@@AA@@AA@CGCAA@@AAA@@AAA@AAAC@@BA@A@@@@CAABA@A@A@@AAC@@E@UDIBA@CGGKQ[YEAA@@TkBE@@HALA@ABAAABABA@A@@@@A@A@@@@CA@@@@@A@@A@@@A@AA@@@AA@ACAA@@@ACCCA@GLKPGAMCA@A@E@AAAA@AA@BABA@@DC@A@@@AA@A@CDEBCDC@CDA@C@@@@A@ABADABCHCDAFCLEDCHCAACCAA@A@@@AAA@A@@CAAC@A@A@GAAAC@A@ACAAAA@EG@AAA@@EAE@@@@@BA@A@@AAAA@@BAAA@A@AAC@@@ADC@@AA@@@ABA@@@A@@@ADAAACA@@@ACA@@EBA@C@G@C@GAA@IYIMCMGQGOIOKM@ACCCACCYMUQCCifMDYJsFSB[B]DIDCBSFE@SFGAKBG@U@eBJQDZYHwRm^¯HcLTuRKRWJWBUTwjßi^nQJt«vC\\EXA`C\\ENEFKVc`YXOLIJebRTJJFFAHEXEZADOAFAHWjGLCHADIPCFCFIPITMXCFQ`CJCDCHCFKVEJGNITELUvEPDTBLO ARATI|AVCRC^ARAPJ~F`JtJ~F`DTDVBHDjBLDlBJBR@L"],"encodeOffsets":[[107760,42754]]}},{"type":"Feature","id":"150826","properties":{"name":"杭锦后旗","cp":[107.147682,40.888797],"childNum":1},"geometry":{"type":"Polygon","coordinates":["@@QFKDEBCBA@A@ABA@B@@BAB@B@B@B@B@@AD@BAD@BA@@BA@@BA@@B@@@B@B@@@B@@@BA@@BA@AB@@CB@@ABAB@B@@@B@B@@@@@B@@@@AB@@A@A@A@C@A@@@AA@ACBA@ADCJ@@A@CBGB@@BDDHBJ@@ADA@@F@FBPA@AEA@A@@@@@ABAB@@BD@BDDBDB@BB@@@JB@BB@ZDJBBBF@D@@CB@D@@@@@BDJ@@@@@B@B@@@@@@A@AB@BADAD@DABCBAB@BAB@B@BB@BB@@AB@BABAB@@C@KBC@GBC@A@@BCD@B@B@B@@A@ENCPCZBXKNKDY@cD_AaISBSJSJSFaCANELGLI^INGPIHGDiJOHQFSBUDE@K@K@W@UDUBMHMFIACBGFGBCDGBGBKDIDIBCBCA@BA@C@I@ABMBQ@CBG@IDGBG@I@GBC@M@IACAK@C@KAE@G@O@IBC@EDEBE@EAQ@MAC@EBWFWBE@BB@BBDBD@FBF@D@DABADADAB@BBB@D@D@BCJ@B@F@D@DBD@DBDDNDD@FBDDD@BHJBDDDDFBBB@JD@BDBB@@@B@DBD@@BD@B@B@B@@@DBB@HAD@F@B@B@@@B@DBJ@JBN@FBD@F@D@B@DBD@D@B@B@B@B@BBJ@J@FBFDHDHHHDDBJFBBDBjB@BA@@AA@@BAB@@B@@B@@@@@@A@@@AB@@@B@B@@@D@@@@A@A@@@@`TJJRRFBXFfLPDFB\\BH@JBRHFDJHBDHTFNJLABCAEAM@A@@BCHCJCJFFZDN@XLRPRLJLHNFRTBPBNBL@HBF@FBTFLBJBHBHBFDFBDBDBDBF@V@PABHBDBDJLZ\\FFDFDFHFHJFHNN@B@@DBNNDBDDHDHBJJNF@LFJRVJJHHDJPHTJNF^ANENGRADNHLNBL@@LCPDNHJRJTBTDLNTLNLJFJBF@PDX@FCBABADEBADCF@B@HAH@FBFDBBHJHJDDD@FALE@@DDDAB@@C@AB@@@H@@AH@B@B@B@DBLHD@@BDBBBH@D@AEAGAG@G@E@@BA@@@@@@BAAA@CKGBAAG@AAGAG@A@AAAAGCEAEAAB@@C@IHEDCDEB@A@GAC@@@@@@EBE@C@AO@KAA@AA@@BC@A@@SAG@@EA@E@MkGYCG@@CMCEAC@AAAC@CCAAAAAACACAEECA@@ABE@G@AAA@KEQSGECCEEAGACCCEOGQCIAGGQGQAEACAA@AGGEGCCAEAEA@G@AC@CA@@@FE@AB@@CA@@@BC@ACBAADA@AAEEMCECGEWCG@YAQQGSCOCMG@E@A@ACC@E@A@C@A@C@A@A@@@@KGECA@@AD@@@@@@@DAHBD@BAC@@CB@@E@C@CAG@BEBGF@@@@@@IJAA@BCAA@BA@AA@@@@@@@@@@@CBABC@@C@A@AEI@AAGBAB@HCRG\\OBADG@EDAFCBABAAADA@AA@@@A@@@@AA@ABA@A@E@A@@A@A@@@AABCBA@A@CAA@AA@@@A@@C@A@@A@@@@@AA@CACAA@@A@@BA@@@ASC@@CB@BAAIAA@AAA@@@ABA@@@@@A@@BAB@@@@B@D@@@@DBBBBD@DD@@@@ABA@ABCBABC@ABA@@@@A@@AB@BABAD@B@@@@AB@@@B@BA@@BA@ABA@CB@@CFA@A@C@GAA@ABABK@@@C@@AAAABA@MGKG@@D@@@B@BA@@@@@AA@@@AAA@BE@@FAB@@@CG@A@@@ABAFSDM@@AA@A@@B@B@B@@ABAAA@@AA@@BG@E@@@@@@C@AA@@BC@@AA@@@A@A@@BABA@@@@AE@@@A@@@C@AA@@@@A@A@AD@@@@@@C@A@G@@@ACC@A@ABC@A@@AA@@@CDQFWDQFSDOFOFOFYDCBCFGBEBA@CBA@ALAH@J@R@B@@A@C@@@@@@ACGE@ACOACcKICECCAIMAGCMGS@CBADEDCJA\\EFEHODEDA@@BBBBB@@@@@@@@AB@@@B@@@BA@@@ADC@@AAA@A@@A@@@C@CAE@CBC@CBC@A@AAA@ACE@C@CAABCDC@AAAAEAEAE@E@A@E@@HEFAHAJED@BAPGHCJCJCFA@A@C@C@@@A@@ACAACCCCAAACAAAA@AAA@AAAACACAA@AAAAEAA@AAAAA@@A@@@@B@B@@ADBBAB@@@B@@C@AB@@A@AAA@AA@@AAAAACA@AA@@CAAACAA@@AAAA@@AAA@A@AAC@A"],"encodeOffsets":[[109733,41432]]}},{"type":"Feature","id":"150823","properties":{"name":"乌拉特前旗","cp":[108.656816,40.725209],"childNum":1},"geometry":{"type":"Polygon","coordinates":["@@@@HA@@FKDC@@@@BDDDDBDBD@HB@@B@AN@HCLEPB@@@tBRBBCB@D@DAD@B@B@B@D@BADBD@DBJ@F@DAD@B@B@B@B@@B@D@@F@LAFAFAFCRCNCPWHBhHHB@BA@@@@HBBD@JFP@@FB@HAB@AFC@@H@@BBLNHFHBFDHDHDBBTLFDLJDDHH@@BBDBFDHFDBJFDBTHBBB@B@DBHDB@FBbFB@FBRBH@F@HAXADBHBF@DBHBBBDBDFHFBBHBDBBDPLD@B@NDDBF@DBBFB@@@B@B@BABAB@B@B@B@B@B@H@BBBBBBFD@BBB@@B@AD@B@@BB@@B@@BB@F@@@@ADBFD@@B@H@B@FAHADADAF@B@@@B@B@D@F@HAFAB@B@BBB@B@F@B@FADA@AB@@@H@B@LCB@DA@@B@BCFADAD@D@F@JADAB@D@BA@@F@BAB@BAD@FAFA@@BAFE@AFANGTEPBRFTLNDPAJCBA@ABA@@@@DBD@B@B@BBB@BBB@B@D@BA@@D@BBB@@@B@B@@@DA@AAA@@@AB@B@DBD@JD@@B@RAJHHDDBBA@@A@AE@A@GJAJAD@HADAB@BA@@GE@A@@DADCHAFAJC@@NEBCBCFEDGDBD@B@BABABABCBCBCB@@@JBF@HBD@F@J@BBB@FBB@HDD@B@D@FDHD@@@@@B@@BBFBPDDBPBHBBB@@@BBBF@FBBBD@BBB@BAB@LDD@@@@B@@B@D@D@B@D@B@B@@@BBBBB@B@B@@@B@D@F@N@H@@@B@B@D@BBB@BBB@B@BBBBDDB@BDBBFFDBBDBDB@BBD@F@D@H@D@B@D@@@F@FAF@DAD@BABA@A@@@EBAB@DAD@B@D@@EBA@@BAD@D@@@JEDAB@BAHGFAB@DAB@HBB@DAD@H@B@@@D@@@B@HHDDD@DBD@FAB@B@B@@A@@BA@A@AAAKECAGCAAAACC@ADAB@D@H@B@BB@BBFBBB@B@F@B@B@DBD@D@F@B@FAJ@JBHBJBJBF@F@VABE@C@@AACAA@B@D@FANCFA@@BBB@DAB@BABH@TBLBDFHJRNTHFNDPALIHKBGFKHGJAJ@RAP@JDRWBMBIHKPGJMBKHYTWNQTKTQDYMSSEWCQ@QMCK@MDOJQHMAUBOJOTMNCRAX@P@TO@O@MHIPALHHJPBLE\\EPCTERMFMBOBI@M@EBABABA@@@A@C@ABAFODIBA@@BAHABABABAB@@AB@J@DAFAD@BABAHIBCJKBAB@DADARLFA@UGCCC@@HE@ECKJILGNMFMCIIESFKAOEIK@E@AAACCA@@AA@A@C@A@A@A@AA@A@CACA@C@E@EBA@AACACAAAACACAI@ABA@C@A@ABABADA@@@A@G@ABEAA@ACACGCCC@AA@@AE@ABABAB@GCCAEAA@@AKEID_@SBQCIEQKUEQ@cAg@cDCC]GE@OAA@W@EAA@C@CBCBCBCBA@@@A@QAK@K@FWMIEUBMBIDCBIDOHEBA@ABABGDIEECOMOKGEKIGIQIUCWMKQBODIBGEQKQEIBYBIHQFIJILGXIPELGHKGEQBSBMKFMJIPKHMCGEGOOCGHILCHGDKGI@@@@AA@@AA@@AA@@AA@@@@@AA@@@@@@@AA@@A@@AA@@AA@@@AA@@@@@@AA@@@@@@@@@A@ABCB@DADABADA@@@@B@@@@@@@B@@@EKGWQcCGIQEICAC@CBGFCDCD@B@D@D@BFDDFBD@DABE@MAIAKCKCG@Q@SBSDIBGDA@CFADMTGNCDA@E@KEQC[AUBOBKFEBEBMAKGEGCICEAAE@G@AB@B@LBHBR@@@JAF@BCFAB@@A@KA@@UESAU@O@G@ABA@ABADAFCJEFIHGFEBG@A@CA@A@CBEDC@C@C@EAAAAC@A@C@A@ABABGJCJCDCBC@IB@@OCUCS@G@CAE@C@A@AB@BCH@L@HADADCDGHE@A@C@A@AA@@AE@ACA@AG@EAC@I@GBM@M@EAKAEA@@SAE@KCIEKGGEAC@CAAAA@@A@E@ABCBCBABMHIFA@C@@@CC@CGIAAC@GBGD@@ABCBAHCFADGBQHA@YL_HODCBE@E@GCUECAG@G@A@IBEBEDOJA@KJEBCB@@CAE@ECCAAEAI@CCAGCIAI@E@C@KAK@E@CBEDCBGH@@EHAFALBHBHJPFJNVDH@F@BADABEBC@KBEA[EOAGCC@C@CDKLOTEHSNMFIBEBGAWC@@_EO@G@EBEBAD@B@@FBHBDBBBADAFABEDCBEBU@MAKCE@EBCBEFAB@D@@BFFFDDFD@B@DADEFSRIJCFCDA@EDA@EBA@GACCGCAAC@I@CBABADGHEF@@@BDBBBJBNBHBFDBB@B@@@B@BCFMHEHCFCBCBA@UAM@O@EBGFCDCBG@cA[@A@C@ABA@@B@BDJFJBD@DAFKNADGBGBGDCBUNIFMHCHELCFMFSFIBA@KAA@KBYBC@EBMHMLE@A@EAOKA@IAI@@@IDWLMBSFQDkEKAICG@QDUBQFEDGFIN@@AF@DBLBHAFAHCDIBI@SD@@MHSLGBMDA@H`HHFDHBJBBB@B@DADBB@DBD@F@D@B@@C@ABA@BBB@FBJAHBL@@@@@B@@@@@B@D@@@@@@@@@@@NBN@@@@@@@@@@@N@dBfTLFVDjDJ@V@D@NBVJDHDB@BB@DB@D@B@@DBFD@BBB@B@BBBBBD@BBdFHBJBD@PBJ@B@B@B@H@F@F@D@NDZHB@@@@J@@@BDD@BAD@BB@BB@B@@DADA@@@@AHB@@@D@LBH@B@@BBB@B@DbJDFVDXPFBF@D@nHABABB@D@@BB@@BAD@F@FA@@@A@@@AB@@@B@H@B@@@BB@@@@@BB@B@BBB@@@@@D@@BB@B@@E@CB@FCBGHEHA`GH|GH@FBPBVJJBFFDHFDHALCNAHCL@HH@FELNPPDHBFFBHGHKFC@GEEEEAGBKFGDKJABDFJFdVBBBBCDCBCBKAEAMIGEKGIEI@EDADKPAD"],"encodeOffsets":[[111170,42128]]}},{"type":"Feature","id":"150824","properties":{"name":"乌拉特中旗","cp":[108.515255,41.57254],"childNum":1},"geometry":{"type":"Polygon","coordinates":["@@ShCFKF_@IBiCbUD­OaDWOWNOCUJgFWCKHYKOAILE@QEGAEFO`cCSHcDODMJKAS\\AQFADEBCDGFOLAFGHOHMBMAEACGDGDCDENGHGHKBEKEI@K@IBKLAF@JBHBJGJCCCGAIAICKSOECK@EBCJKBKAGAEGCKDI@MKMKEI@IDGJE@YCSOKIOEKCOAIHGNDRFJBJM@OAKEMEMIKGYE]D[H[COAOCKCQCGHFNBLYJY@OCELRDUNOJOJKJONORWPSNCBUJ]JKFOHMDKFCQCIBMAEAAEACAA@E@C@EBEDEDEDADADADDD@D@DCDCBABADC@CAA@ECA@EAECC@CAE@CAC@A@KAAACCCAC@AAAAAC@@A@@@KAC@AACAEA@@A@AA@CAA@AA@CA@@A@AA@@@@ECC@@@A@@BA@A@@@G@AAA@A@GACAA@G@C@@@AAA@@@@CA@CAIAMGA@C@C@A@C@ABEBA@A@@@AA@@@A@@C@A@AAA@@A@@A@ED@@CBCB@@CDABABCBCBC@C@A@AAQGMEEAAAOEA@EACB@@A@CDABAB@@A@KDA@MC@@CA@AC@A@@@A@A@@C@AA@AAKEA@A@ABA@CBAB@@A@@@EAA@ACE@G@ICA@@@C@AAACACC@G@AACA@AC@KGCAA@A@A@G@PJFB@B@BA@CBA@@@BB@@BD@@DB@@BBAD@@BDHFPPHFBDDFHLBDJPBBFDN@B@DA@@B@B@BBB@B@@@BABBH@JBPBD@DBFBBBH@D@FDFBB@@BJJ@@BBDDDB@BA@@B@BABAB@B@@A@@BA@CB@@A@A@A@@BABA@A@CBCBA@A@ABA@@@@@@B@@CDEDAB@B@@BBB@BBBB@BB@@BBD@@B@B@B@BB@@@@@B@@B@HFB@BBHDDBHBDB@@@@@@@D@@AB@B@@ABCBAB@@@@BBNFFB@@lV@nDBHPFJFJP\\XlDF@DDLF^BHDJcNKFK\\CHOfABA@MDGD_L@B@BD@F@@B@@CD@B@@@@DF@@@B@@@BA@A@@B@J@B@BA@@B@@B@B@@B@B@DABAB@@@B@DBFBD@@BBA@AB@@@B@B@BDHBB@BB@@B@B@BBB@B@@BBBF@@@B@@@B@@A@AB@@ABA@C@AB@@@@@BDB@B@@A@@@A@@@@@@B@D@D@BAB@@CB@@AB@@ABA@@BAB@BA@@@@@BBB@B@B@@@@BA@@B@@ABAB@B@@BD@B@B@@ABC@CB@@A@@BA@@B@@AAA@@@ABAB@@AB@@A@@@@@AA@A@@A@@@AB@@@@C@A@A@A@A@@@A@C@ABC@A@AAA@ABA@A@AAA@C@C@@@AD@BA@@BAB@@ABCDEDAB@DA@@BA@CBFFBL@LBDBVDR@DBHBBJJLLppNN\\^F|bDPBVB`BHF@@FFXVjDLBJBLB|@BAHGZAHGZADO|CLCLCFUXQVGHW\\EHOZNKbCPADC@A@CAC@A@A@@BABABABA@A@@@A@A@@@ADADABC@@B@B@@@B@@@@@BA@AAAA@@AB@@ADABAB@@CB@@@B@B@B@BILSRWVYZQVKRMPMLGLQXQXCNMZMTEPOXKTOTKTMRQ\\UROLSRGR@PBNLJ@D@@AHAHELCFABCFCHADCDABABABABCF@BAD@B@D@B@F@B@B@B@@ABEDCBABEFCFABCHAD@BDJBB@@ABADADADAD@BABAFCDA@@BADB@@DAFADADAD@@@D@B@@BDDBBB@BBBABB@@BABB@@B@D@@@BAB@BBBHRdVJV¬bÐfCÖƌDC¦C¤GCZApRrB^P`PJHZB°DfHJªRNVAVCg¸@¶F´F¾A²Q´UO\\CZB@BRGnK^S¬f¬j\\bH\\GZTbA²I¶K¸I¢GXAdA\\H`D^B¢JRIXIjITKDSBM@C@@@@HIFKBK@IEK@EDILINCFI@GAGBGJGFKAG@EHKFCLEJG@MGILSJMJOR[DC@@@AB@@ABODKBIDMH[BKDMJcJ]BEFUDK@GHUeKKC@CCEAEACAGEIAGCKEIEMCEAGO]KOEGEGEGEEKMCEW_KMEGGGSYakQWMOYcEEKO[IGIIIMQMMSGKCaEOAQGKEGGCI@I@EFI\\YTaBCDEHMHODMHCtWDEbukkCCBATODAFEDCPMBAFEPK@EHKJCHCPMDKAK@IHMJMLKJGBIAI@CBMBIFMFIDEHUDQDKBMFMBUEIKSKICEBGDGRKXEFALQ@@@@CCACKIdG@@D@HAJCL@xD^ER@R@XA\\E`@PBVBPBPBl@^@TBBMCI@OCMEKOQGICIAAAA@A@EAC@CAAAAAAA@CAEAG@C@@A@@@A@ABAHEBABAFCFAFABCBABABADAFCFCB@@ABAAA@@ACAA@AB@FEFEBAB@@ABAB@D@D@B@NAJAFABABA@A@C@EBE@AB@DAD@L@DA@C@Q@CBEDEDE@@AAE@@@AA@@@C@AB@@@@AA@A@K@A@@A@CBC@A@IBADC@A@CAAAACADCFO[@C@CBABA@C@AACAIAC@C@E@A@@@AC@K@AAA@ACC@@C@A@A@ABGJABCB@@AB@@A@A@AAECCA@AC@@@A@AACCCC@AAA@@@ADA@@@@@A@@BABA@AAA@@@@@A@AB@B@B@@@FB@@BA@@@A@C@AAAAACEAA@@IAA@A@AACC@@AE@C@ABADEBADADAB@@A@AAE@A@@D@BA@@@C@AB@FAB@BCBAB@BSFMHIJCFCICO@QBI@IBGHELAHGLKJOBMCGEMSIQEGACAK@SAGABA@CBA@AA@@EBMDEBC@A@B@DBBB@@@DAFUBE@E@IAIAGAIAI@EBA@E@C@C@CAA@A@E@A@A@AAAE@AAAA@G@C@A@CB@BDDBBBBHDDBLFBB@B@BAB@@@BA@A@A@EBC@CAC@CCGGA@@@C@@@A@G@C@CBA@GAA@CBA@EBGHABA@CBIF@@C@C@AB@@AB@FC@A@C@CBA@AB@F@@@BABABC@CBE@EBE@@@C@A@C@G@C@E@C@AAA@ACACCAEEAAACA@CCAAAAA@A@AAA@AAC@A@A@@@G@M@E@C@A@@@A@A@A@AAAA@@A@A@C@A@C@C@A@@@@A@@C@KCA@ABA@AAC@AAEAE@AA@A@@AAGAOACAOCEAAA@@@A@@@@GCECC@A@C@GCA@EAA@AAI@E@C@GAE@IA@@A@ADADADABABABA@C@CACHEFADADMF@@IDEBGBCDCB@@@BHF@@ABA@CBGBC@IBIB@H@BBFB@@@ABCAGCIGQBA@@@ICC@CAA@A@@B@@BB@BCB@@A@A@@@A@AAC@@@ABC@A@A@AAA@AAA@A@C@CA@@@@AB@BABIDOBMCSKQEOASFMHEB@BEFAB@@EBEBC@ABA@ABE@@@ABC@A@CBIBE@C@C@CBEBADA@@@CBA@KDA@G@@@A@@BCBEBA@E@A@A@AAA@A@EBGBE@C@A@A@@@A@E@CBCBGBEBA@G@A@@@ECCA@B@@E@A@@AA@@@AA@@@ABCA@@@AA@AECAAAAAAG@A@A@A@A@A@A@ABABA@A@@@A@AECAE@CAMCA@C@OKACCAGAAAGECECAAAGACAE@GACAWBGBE@G@QAEAA@aEEAA@GCCAA@A@AASGCAIECAGEECCAAA@@GGCCKIECSKAAGCGCECGAGEKMAA@@@GD@BEA@GBA@@EO@IEC@AA@G@@B@@AGAgGGAOXMDQDEDEBEBKBE@@@@C@AA@A@A@A@C@CBE@I@CAC@CAABC@A@A@A@C@CBC@A@ADQAsA@@A@FODK@GBMA@@@GAC@CACACCAC@@@@CDEL@@GB@@"],"encodeOffsets":[[111170,42128]]}}],"UTF8Encoding":true}