{"type":"FeatureCollection","features":[{"type":"Feature","id":"211102","properties":{"name":"双台子区","cp":[122.055733,41.190365],"childNum":1},"geometry":{"type":"Polygon","coordinates":["@@GEGEGHAB@@AAA@@@BIB@@@BABABAB@BA@ABAB@@@AC@@B@@A@A@@@A@@@A@AAG@@IE@@C@KAk@@@I@A@A@C@@A@CBA@CG@@@K@BH@@@D@@BD@@@B@@@DC@ABCBBD@@@B@B@@@BCFMA@@@DCBCBE@@BA@@@@B@@@@@BA@ACEIECDCHCDCBC@AAACEA@AAC@A@CBGFA@A@@@@JJHMH@@A@@BAB@@CB@@AB@B@@@@@@FBADEADF@@FFGB@@B@HHB@@BB@DABB@@@@GB@JE@@HJ@@@D@@@@@@CD@DDB@DB@D@@@BABDFB@B@AAD@BDD@B@BD@@o@EJ@BDBVHDBFBF@DJBH@@@BDABDAB@B@B@@@@F@@B@@DAB@HA@@B@@@@@BDBAD@B@JCB@BDBBBCBA@@@@HGBCJKDBF@@@B@F@B@@@B@@CB@@A@@CCGCBABA@CFD\\LFBD@LDB@@@DC@@AAA@AA@CA@@EH@PGDHHC@@B@DB@@DDBB@@@@B@@AAA@@CCC@AC@@CC@@CCAACCCCEC@@@@@ATFBB@@@@DBB@@@@@BAAAAAAA@AAAA@AAAA@C@@AAGACCAAGE@@BCBA"],"encodeOffsets":[[125013,42177]]}},{"type":"Feature","id":"211121","properties":{"name":"大洼县","cp":[122.071708,40.994428],"childNum":4},"geometry":{"type":"MultiPolygon","coordinates":[["@@DFA@eC@@A@A@CB@EQFBBEB@BKDAAYHDDIB@@@@ID@@@@GBøDCJEnUPEPGBMAYDOLIM]EBA@OF@@@@ABEBACA@@AXG@CABMUDAAAB@@BB@ACB@ACJCFJBDFA@@E@@@@@@@AC@@CE@@MWB@ACA@@@@A@@@@EE"],["@@B@BB@@@DDADD@BC@@B@@BB@@BB@@BD@@BDBABD@@@BDA@DA@DFDABDDA@@B@@B@@@B@B@@BBAB@@A@BDBA@@@@BBC@ABC@@@@@A@AAAA@@BA@A@@@@@@@AB@AAEBFH@@BB@@B@BB@@ABA@CBCBC@AB@DFA@BD@@AB@@@B@@AB@@@AABAD@@BDDID@@A@N^JGFUAaDWDYBYDECABCBA@CB@BDADLE@@@@A@A@@@@@C@@CB@AADDABFD@HRA@@@@BCBAA@@CGA@@@A@EKGDBBABBDHAAA@@@C@@JN@B@D@@BDFF"],["@@BA@DBABBDDC@BD@@@BD@TE@@A@DFK@A@A@A@@BBD@D@DABADCFEDEB@BAB@B@D@ACAC@ABABA@@B@BADBF@FBJHHDBBB@DA@@@A@ACEEIAEGCGEKAEAE@GBGBEBA@A@AA@A@ABEDCFCFATCHCDABA@@@C@AACA@OECCAA@E@EDEFI@A@CACCACAG@A@CBEDEFC@A@C@AA@@£Ö"],["@@PF@@@@XJJD@@@@JA@@@@FAD@@@B@FAJA@@D@DALAF@DA@@BA@@LAPEXCZGZKPG÷ID@@KDCE@@JCACB@@A@@AC@A@AbKDFB@BBABBFZGCENC@BHA@BREBEHAEIFABDD@BDHAACE@ACFABBHCAABAB@B@BCAAD@@AC@ABAAB@C@@@EBEI@A@AD@¤ÕAA@A@ABCJEFCBC@AAAAAAAEAE@@@AA@@BAB@B@F@L@B@DABABC@@@I@GACAAA@KBKBCB@@@BBDFJ@B@BCDC@C@G@GE@A@C@EAEAEEGOQOKKIKKAAC@CDGHABE@EBGAG@OGEAM@IAEAAAGQAACAA@CBGBGDOLKNMNEDC@C@CAAAACCIAQBGFKHIHGBG@A@AAACACAEBSDSJGBE@CAGEQUGIKGiSOGGGAC@ABCFCRKTGTGNGXQ\\OVIRGFCBCNCBCD@BABBB@D@HAFABA@ADA@ABA@ABC@KACAICCCCEEFCHA\\@B@B@^@PBV@RAHEDCBE@K@AECQGQGMEM@G@G@C@GBCBEBQFKDQDQFSTKHGDE@E@GCECAACIAIDWK[E@YIUQqMC_Jqj¡CuR_~KJXLVDVENKF[@eBcFiZULKLCBABAFANBDDDFDDBCHEJEDMDEBGFEDCHAJEPCNCPEFOBGAM~ALAJDNFJTNf`RJLJRXh@BB@T\\L`BHCFEDWBe@QAm@C@ABCHCF@FBDDFHFRLRDJBHBF@F@DBFBDDFFDFFHHFJBF@F@DADCHID@B@D@@BBBDDBB@D@NBLBHBJBD@B@DBDBDBDFH@D@@DAHAHCD@D@F@D@B@H@F@BAB@@C@A@EAA@ABABAF@FAHGDA@@DABBFBD@D@DDB@B@B@@ABAD@B@B@BBB@FAF@LBB@XDHBB@DA\\CF@DABBNJJCBBB@BCGABAH@A@D@@@B@BACA@@@A@A@@CADAB@@@F@@@DB@A@@@@@@@AAC@@D@@CB@@CA@@AB@BA@@@BDADB@A@@@@@@@@AU@AEG@@LA@@F@FAF@D@FBLD@L@@@@@XRB@C@@L@@IJB@@@@H@BHJACXBNJAFA@@@@BN@@@@@BL@@PGDdN"]],"encodeOffsets":[[[125217,42012]],[[125220,42015]],[[125206,41986]],[[125067,42138]]]}},{"type":"Feature","id":"211103","properties":{"name":"兴隆台区","cp":[122.071624,41.122423],"childNum":18},"geometry":{"type":"MultiPolygon","coordinates":[["@@B@@@JCCC@AC@ABBB@@A@@BA@@@A@@BC@@AEBWH@BB@BDFABA@@@@PEB@FA"],["@@@AABAC_HA@UD@@AAGB@@BD@B@@@@DF@@@@@@IB@D@@BB@@BAD@B@BALTDF@@@@DHP@ISCKAAFCHAAEHACEB@@@LA@DNCAA"],["@@ACEIIDBDA@BDA@@AA@BBCBNVBABAD@DADAB@BA@@AAA@@@AA@@EG"],["@@BBA@@B@@@@@@@BAB@@BBBBB@@@@@D@BAD@AA@@@@ABACB@@@BAAA@@@A@A@@@AA@@@CBACCBCEB@@CCB@A@@ACABAC@@AC@@AA@@AA@@@AD@@ACCCB@C@@AAA@@@@@@B@@B@BDA@NX@@DF@@BD@@@@@@F@@@"],["@@AEBAAAA@CEaL@B@BBD@@@BA@BDID@@DFLC@@JCHA@@@@JC@@@@JACC"],["@@D@AE@@KDBB@BHA"],["@@@AGB@AMDDFBBLC@AFAAA"],["@@@FDAB@B@@@fDB@CEAC@@@C@AIM@@@D@@BBGBGBACC@ACEBFJGBAF"],["@@FLB@@@B@DH@@BBDA@A@@B@GQC@AECBA@A@ABBB"],["@@AAEBBDF@BAAA"],["@@@BDA@@@D@@@@@B@B@@F@CKCBC@BB"],["@@B@@@SFA@BBBAD@DAB@DABA"],["@@HAB@B@BA@@J@JA@@BBBBHJBD@@DTE@]F@@@@A@@@@@BH@B@@@@ACAAA@EAA@C@G@]LFDDA@AB@B@@BBD@B@@BC@ABE@C@@B@@DB@B@BBBDBFBFDBBNXDH@@BA@CBA@AB@BAAA@ADBNBL@B@KO@@@@BA@@@A@CIJ@AAB@FCD@BC@@@C@@BG@@@E@A@C@AB@@@@E[AIgFABBBB@@B@B@@AB@@C@@NACEBEA@@@AA@A@@@ABA@A@AACCAB@@AB@BAA@@AAC@AF@JBBB@F@HBDLBH@JBL@ZBHBHBDB@@B@B@HEDAB@D@BBB@DFBB@BADCDGDCDFDFJBDB@@A@@@@@A@@B@@AF@DADA@C@@NBDE@A@@@A@A@@ACDABAD@@C@@@A@@AC@@@C@@AGL@@@H@@DAB@D@BD@B@B@J@@@l@LBD@@@JF@@BH@B@B@@@B@@@B@BA@@@BD@@A@AB@BABA@ABABAB@@A@AJ@@B@BB@@BAHGHFHFBBB@JBB@F@JCH@H@HBFDDBBKC@BKA@@G@AL@@KF@@E@CEB@A@@@GA@@IdCAC@CcMHC@OK@@A@@@@AM@@@@EBIBAMDWIBAGG@@@@@IA@JK@@@@DQA@W@@@@@KKCEAC@E@EBE@@@KB@@FH@BBV@@@@@@@@@BCACB@A@@ABA@@BB@@DA@@DC@@@BD@B@@@@@@@BCA@@E@@@A@CBDB@@@B@B@@DBABA@@@C@B@G@ABHBADA@AAIDMIAACBE@[DCBA@GAWCA@KAE@EBA@AAA@A@C@AB@BA@A@A@CCC@C@EAAACB@@CBGHEBE@ABAB@BBB@F@B@DA@ABE@G@A@C@E@C@C@GDGBCB@@@CEGACACAC@C@AACAIAGAK@M@CAACCAA@AC@A@C@GJDDB@@B@@@@BB@@@@@B@B@@A@CH@A@B@@AD@BA@@B@B@B@@DH@B@@EDCKKKAPD@BF@@AB@DDD@@GB@D@BEBAC@N"],["@@@@A@CB@EACE]D@TA@MCSLABOCEEEACBAGEEGCEEECCEACAE@E@GHCFADEDGAC@CBEBCBCBAB@D@BABCDCDEBGBCBAFCDABCBABABADCH@BA@ABAD@DABCBEBA@A@A@@B@BDFBBDBDBB@F@D@BB@DABCDC@EAEAA@ABBBBH@B@BBBB@VIDCB@BAB@BBHF@@BB@@BAB@FEBBDB@DDDF@HBF@BBNVBDBBDBFB@BCFBBHB@BABC@EDAB@DALDDJDF@BB^"],["@@A@A@@BA@@@@DA@@DDABAB@BCAA@@@@"],["@@@@CBA@@@@BA@BDHEAA"],["@@@A@@ACD@CCAAAB@CABC@@B@BFJFA@@"],["@@HC@@@AB@@@@@@@B@@A@@@@A@@ABA@@@@@BD@AA@@@AA@CB@AA@@CA@@AA@@CYFFLFA@DB@@@BFHA"]],"encodeOffsets":[[[125234,42049]],[[124636,42025]],[[125231,42036]],[[125234,42035]],[[125164,42022]],[[124666,42020]],[[125186,42014]],[[125195,42011]],[[125211,41998]],[[125207,42000]],[[125214,41994]],[[125221,41989]],[[124803,42125]],[[124798,42145]],[[124935,42230]],[[124945,42241]],[[125210,41992]],[[125184,42335]]]}},{"type":"Feature","id":"211122","properties":{"name":"盘山县","cp":[121.98528,41.240701],"childNum":7},"geometry":{"type":"MultiPolygon","coordinates":[["@@CDCBE@E@IAABBDFFDFLLDLFC@@@ACG@@@A@A@AB@@ABC@@@A@BDGB@@@@A@A@@@@AA@@@@@AA@CC"],["@@C§GB@AsJBBMD@CKB@@A@DFGBBFGBEDBBDLJTO@CG@@@@CEeNRbK@CNRB@DJD@DD@@AHA@ED@DCD@L@BFF@@@@@@EN@@GR@XAVA"],["@@H@D@B@FBB@BBBD@@@@@AAG@@@@B@@@@@^EF@CS@@ACGIAAAA@@IBI@@@ABA@A@GBSBC@F^BD@FDAB@@@"],["@@BDFA@A@CHA@@CC@CBA@@AEC@KBDT"],["@@DA@@JSABAC@@@@A@@@GBA@CB@@@AE@@@@@@A@ABAACCB@A@@@H@@@@BBADA@RR"],["@@^OHADCBAAAACAA@ABABA@A@C@ABAB@BA@@AAA@AA@G@@CEkHBBC@@A@@@@AB@BB@@@@@@BA@@@@@@@A@@B@@GDTp"],["@@CCCAC@@A@ABABCBICE@@@@KOAQCQMOEKEUCKBW@MKMKCOGMAOCMAEAACTMHIPSPEPCXEXBRURJNG^LTE`JXGNL@@@@HFSLfFJHFNbNFPPPNPJHLKRIBZNCZA\\CLPdAPGIISGSSMKIKKKWCSAU@CK@@@@AEIGKEQ@YIUQCKDSHI\\C@SAW@KLOLIASBQPONEHMAMAMB[EQCSDSHKRSMUOUEACBKPCBE@EAAC@Q@ASDGDEDGHCFEDE@CAGCOKKI@AC@A@A@ABA@CFEFCDABCBC@C@AA@@@B@B@BELCFAZCZCXBbEVIHKJCPBZANOHOFmVIFCDOHYLYHWDOFKB@@AB@@CBE@KBCBC@@@IBEBA@@@C@EB@@@@IB@@@@ICWI@@@@OE@DBDcD@JB@@H@@@BFA@D@FE@@LK@@B@HB@ALD@ALCAECGAG@G@IDE@A@IAA@AAABAD@@HFBBDDHBBB@@@DBBBBB@BB@BBBBBBBAB@@@@A@CA@@@@AASE@B@@@@FDDDDDBBDD@@DD@@BDD@DD@@BB@BA@@@@@AACC@@CAA@@@GDCGOHG@@FB@@DBBB@BB@@CD@@A@KCC@EA[KEC@DABABHDDD@@@BA@@DA@@@A@E@A@@@E@CAILADGH@@@@ABADAAACA@IDA@C@ITBBGFACB@@A@@B@QQABCB@CB@@C@@B@@AB@B@@GAGCIE@EACAUGCA@AFIp@@@ACA@C@ACC@BBA@A@CEBA@A@@@CCAA@CCC@@D@@@@C@@@I@@GF@@IHA@@@@AACBA@@AA@GGA@@@HAEE@@CEFBBCEA@@@@@@@ABA@@DA@@BA@AB@@@NGIG@I@@@@CAGAGAYAK@IAG@KAAC@G@EAAIAE@@BBD@BB@ABA@@BA@DBBD@B@BAB@B@@@BBB@@B@AFDFMB@@@DA@@BA@A@@@AAAAEBJh\\B@F@@A@@B@D@B@F@@AH@@@D@@ADC@EDA@BBI@DJ@@B@@AB@@@@LPA@K@MACA@BBBABA@@BAB@DAB@@CGMWAAECEACAAA@A@ACA@@@AD@F@BAD@@AA@C@AA@@@ABAB@CCKEAAE@ICCCBK@CBAFCD@BA@AGAAADE@AEACAAAACMUAAE@GAE@CC@CCAAAEFA@AB@@AA@@GEAAA@ABA@CDUJA@AA@A@AAGAABAB@FBFBD@DCBA@CAAC@E@A@CACAAACE@A@AB@B@B@FADABA@CBCBAB@@ADGBCBABADABADCBEDAHAFADCDCBA@A@CBADADAFADAD@HBFCBCDEHGGAIAQCQKGECEAC@EDEDGBAD@n@RBf@XAFCDEAGK_S[A@@AWgIQIK_QeSMEICMBIBKN}OC]QaWQMACBWAEE@EBMREBAAAC@MCKGCSEQ@UCIE@GCCSC@YFEH@JKFi@KAOEQ@KAACGKCGYOICG@CB@BADBDPRHP@DCFADAFZRFRJPRTPRJFPHJDHFJDN@F@DDDHDFDHDDBHDFFFDFDFBF@FAD@FBDDDDBDDHBJDAXDLDTNLDNBF@@@@@LIVGRCJABEDA\\VhfMKSABA@C@AB@@AA@@@CJA@@@@@@CE@@@@@AAC@@HABB@@VCB@`GBDBA@BtIAALC@@BFC@D¨D@BHTABP@D@@@B@@D@DB@@@BEBABCBGDKHKFEDBAFM@@UBK@E@A@@EC@@@CAA@@@A@C@G@MBG@@@@AA@EBEAUGC@]AWDaBU@_BOB@@@@EB]FMPEJ@@@@CFMV@L@@@@@BBJHJ@@@@@@PPVTPP@@@@HJ\\BFJD\\@LcJWCUNCF@F@@@@AHANBPFRNH\\HPJ@B@@NFLLNHFB@@@@BB@@@@DB@@HDZLJHNFRHLHRH`VPDD@LAHDFHDFFFLHNDHGL@NBP@XBNBHFFHHJLHbDTBRBT@BAHCFCB@ZM@A@A@@@A@@BABMA@B@BAB@LENGHDFHDDDBBBDBBBB@DBDD@@@B@BABABAB@B@@BBBD@@DB@BBB@D@@EFA@@B@@N@DBB@DDFBBBBB@@BD@B@@DBDBDBB@BA@@BABBDBB@B@B@@@BBABD@RBB@BB@@@BAB@BHDBB@B@D@DLJXANAL@TBVBR@JCJCHEDONAH@HBHFXJDBTFjNLH@B@@@@@B@B@@BB@B@@@B@@B@F@B@JFBBFBDBDDFHBBDBJDTFTHKL@BJBRHNFHFJJFCBBDFJH@BPEHHJNLCKMCCB@JEB@CCBAFA@AAAEGAA@@BABC@ADCA@LMDC@@@@@@JOJINOJMHKNMNMNGNGSoGBAE@@A@@CEBEKZE@DB@@BB@@DB@@BDAB@@B@@lG"]],"encodeOffsets":[[[124818,42088]],[[124668,42072]],[[124798,42145]],[[124803,42118]],[[124943,42242]],[[125194,42359]],[[125213,42325]]]}}],"UTF8Encoding":true}