{"type":"FeatureCollection","features":[{"type":"Feature","id":"230403","properties":{"name":"工农区","cp":[130.276652,47.331678],"childNum":1},"geometry":{"type":"Polygon","coordinates":["@@CA@@@@@@@@C@C@A@AAK@AA@@CU@A@@IKAAIE@@@@@AA@AA@@ABA@CAE@C@AA@BCAC@CA@DABA@AB@@@B@DBDBFDDDPBF@BDDNHFFDBBDBB@BA@@BBBABEFD@HBB@@@@@FB@@BDBHBH@FABCDCD@HB@@@@@B@BADA@A@@B@AAB@@A@@B@BBFAFADIBE@ABEBE@C@A@A@C@C@K@@BGDC"],"encodeOffsets":[[133416,48453]]}},{"type":"Feature","id":"230402","properties":{"name":"向阳区","cp":[130.292478,47.345372],"childNum":1},"geometry":{"type":"Polygon","coordinates":["@@FADAB@B@@BBBD@DB@A@@@AB@@@@A@A@@A@@C@A@A@@AA@A@AAAAAAAA@AAA@@@@@BAD@@@BAB@B@@@@@BA@@F@@@AE@C@C@@DAFC@@BA@@@A@@@CA@@@@A@@@A@@@@@@AAA@AAA@CAC@C@C@C@A@C@A@A@A@A@A@A@A@A@A@@@A@AAA@@@A@A@CDAH@@@L@D@D@B@B@DAFAF@BAFCJEBEBAAA@@@@BA@BBA@@@@BCBABA@@@F@FDFDBB@@J@B@B@@@DBB@@B@B@@@D@D@@B@@ABAD@BAB@B@@@BA@@@C@CAA@A@G@AB@@@JA"],"encodeOffsets":[[133428,48490]]}},{"type":"Feature","id":"230404","properties":{"name":"南山区","cp":[130.275533,47.31324],"childNum":1},"geometry":{"type":"Polygon","coordinates":["@@@AAAAAEAB@BE@ABC@A@@@A@AA@C@A@AA@@BEB@@AAA@@@AA@BADAB@BAD@@C@@@A@A@C@@BEBAD@AE@A@AAA@A@AA@@AAAAACA@@@ABABC@@@A@A@@CC@A@@@@FC@@@CA@@AECCACA@@@AEI@A@C@A@A@AAAIEI@C@G@E@@BE`IEA@A@CBKBABABC@A@ABCB@@A@CBABA@@@A@@AA@DLBBDFBD@@B@@@@BA@@B@@A@CFGFAB@@CBCBCDAB@@@BDBD@DB@ABBD@F@DBB@BA@@BBB@@B@@@@JFBBJL@@@BDV@@BBL@BBB@D@D@@@@@@@@@DBB@B@@@B@BBB@@@B@B@B@B@B@B@B@B@B@D@B@D@D@D@D@DB"],"encodeOffsets":[[133443,48455]]}},{"type":"Feature","id":"230405","properties":{"name":"兴安区","cp":[130.236169,47.252911],"childNum":1},"geometry":{"type":"Polygon","coordinates":["@@I@A@ECAACAAAG@EG@AAA@AAEACBA@ABAB@DAFAB@@@ECCA@@@AAABE@@BGDCHO@EBA@@@E@C@A@G@GBC@A@C@C@@@C@CUCIBM@A@@AAD@BAD@B@DAB@BAF@DAB@BAFAB@B@@CFAFCJADADAD@@E@OBO@IAA@EN@BA@F@JBNEX@ABADAHAFA@@BB@@BBDDHDJ@@DDA@CDA@A@IB@DBBDDADCJF@@@@B@@C@C@EHOVPD@@@@@@DEFBDBBA@ADCFAF@RAD@@@DAB@@BB@@@B@BADAB@@@DABAB@D@BABALADAB@B@JFF_"],"encodeOffsets":[[133412,48377]]}},{"type":"Feature","id":"230407","properties":{"name":"兴山区","cp":[130.30534,47.35997],"childNum":1},"geometry":{"type":"Polygon","coordinates":["@@CAC@AA@AA@A@CBEBIB@@A@@B@H@BBB@D@D@@AB@@A@A@ABC@AB@BA@@BBB@@@D@@AB@@C@ABC@@D@D@@AD@B@D@@BD@@@DBB@D@@@@BD@B@BBBBBDB@@@B@BB@BBB@@@@B@@D@DB@@B@@BB@FBBA@@@@@A@@@@B@@BB@@AB@@B@@@@B@@@B@@B@@B@@B@BB@BBABA@B@@BB@B@DA@@@@@@@BA@AB@@@@BDBB@@BBBB@@BBDDFBF@@@DCBABAD@B@B@HDB@B@DAB@BBB@B@@@@@@CB@@@D@BAD@HBD@B@B@@E@A@ADCBEBA@A@A@A@A@A@@CCAA@C@GACCECAAC@@AA@A@AB@BADC@@@ABABABABCBABAB@A@CC@ABA@A@A@@@@CBA@C@AA@B@F@@@@C@EBC@EBUJKDA@AC@@CEAAAAACAEAG@ABAB@BAAAA@ECG@"],"encodeOffsets":[[133440,48491]]}},{"type":"Feature","id":"230422","properties":{"name":"绥滨县","cp":[131.860526,47.289892],"childNum":1},"geometry":{"type":"Polygon","coordinates":["@@jAXAfJnb^`XVLFdDzI´kxOTAV@°TNARG~OZAJAL@NDHFRRTvBBrFVCpOxCpB BZDxNVBbA^GH@|PV\\LTjfJl@NCgªg°SCGEEEGCECC@CAACA@ACIA@KAMA_CQAQCCCCAACAA@E@CDGHOLMBEBABABC@@BC@AB@@A@@BCBA@A@A@C@AGKIMCCCCKCMEGAEAGEACBCBG@GBC@A@CAACCCACEEGAA@C@C@CAIEGKSAABIBEAECCCCGAK@O@GAIAGCSIGEGGEGCEAEAEAE@CACCAIIOIYKMCGCCGCCA@AAC@E@KEGCECAA@E@A@ABC@C@CACCEECEAE@M@E@EAGAEAECCCKKCCCCECCAKCIEEEQK@@KIGICAEAS@CBAAQDUBQAoGIAGAIEEGAECAEAeGMCA@CAA@AAAACAAACA@@EA@AA@A@CAA@@@YGOAICCAEECCEIAI@M@UBKBAHEREBABA@A@A@E@@ACAA@@CA@@A@AAE@I@CAAC@A@EGWAA@G@C@QA@@AAAAAAAAA@@IKECEMEAAAA@OA@@@@CA@@AAAAA@C@A@IDC@CBE@IAE@G@C@K@A@C@A@CCACKAAASAQCOAQDIFGJADCF@BUTUPIDQ@OCOE]C@@UCKAMAG@MAKBUBI@C@GDA@E@CA@@CAGCA@@@AAGGAAAAAAC@GAA@A@A@@AECECAAA@@@@A@CA@CCAAIGCAEAGAE@A@A@C@KBABA@]HIBA@MBE@C@EAC@ICIAAAiGKCA@E@O@O@A@E@KAG@M@E@E@I@GDMBK@GB@@SBEBKD@@CBC@CDEB@BE@CBA@OHA@C@@@A@A@A@@ABA@AFE@C@@AAA@A@A@A@GDABA@@@G@CBG@CBCBA@@BCBA@@@CBC@CBC@A@A@A@GCGGEGECCCGEAAMEMEOA@@K@C@@@A@CCCCCAC@M@A@E@K@@@A@CAC@MGMC@ACACCIICAEGAE@@IKEEIG]IUEcAE@CBA@CBA@C@CBCBADCB@BI@IBA@CAC@A@E@EAC@A@GBCBA@EDGHEDEBGBEBEBG@I@E@A@IDC@ABABCFOFEDCBCDMF@BSHY@K@O@U@SCBHBHBHDF̮ˎhVFFd@@@@~´"],"encodeOffsets":[[134749,48805]]}},{"type":"Feature","id":"230421","properties":{"name":"萝北县","cp":[130.829087,47.577577],"childNum":1},"geometry":{"type":"Polygon","coordinates":["@@_VUNULQDKBIAGGISMS]GIQG[COESQQaESAMDgAKoYgyIQCQ@KDKJKZ[BKBWDOHKLGRGlIPCFAHGVa^[xWZO¾h_bslFMBIEFBMHM\\Y^OU¦I@¨PbJp\\NLfA|C^ApGF\\JvPfBZExGCTERKNIH[FqDInk}³@@@@cEEgṶˍCEAGAGAGECGAKAOCEECEAKCICEQEQAK@KFOLMHSJEBWHK@]@]DcDQFKBIBE@CAICABELEHCDCBCB@B@@D@B@@@@B@@@@@B@AA@@@AA@@@B@@B@@@@@AB@AA@@B@B@@@@@@@BD@@@@@B@@@@ABB@@@@@@@@B@B@@A@@@@@@@@B@@@@@BA@@@@@@BB@@@@B@@@@@@@A@@B@@BB@@A@A@@@@@@@B@@@@B@@A@@@@BB@D@@@@@@A@@B@@BB@@AB@@B@@@B@@@@B@@@@@@ABB@@@@@@@@@B@@@@B@B@@@BBBB@@@B@@@@@@B@@@BBB@@@@@B@@@B@B@@@B@B@@@BB@@@@@@B@B@@@B@B@BB@@@@AB@B@@@B@@A@@@A@A@@B@B@@@@@@B@@AB@@B@@A@@B@@@@@B@@@@@@A@A@@@A@BB@@B@B@@B@@@@A@A@A@@@AB@@@@@@@B@@B@B@BBD@@B@@@B@@@@@@@@A@@@@@BB@@@@@@D@@@@@@B@B@@@BB@@@@B@@@@@@A@A@A@@AB@@@@@@@@AA@@@@@A@@@@B@@@@@B@B@@A@@B@@A@A@@@@@A@@@@B@@A@@@ABA@C@AB@@@@BBFBB@@@B@AB@@A@@@@@AA@@A@@@A@@B@@ABA@A@AAA@A@A@@@@BBB@@@@AB@B@@@@@@B@@@@@B@@@BB@@@@@@@@A@@@@B@@@@B@@@@B@@B@@@B@BAA@@@AAB@@@@@@@@AB@@@B@B@@BB@@@@B@@A@A@A@@@@BB@B@B@@@@BA@@@AD@@B@@@D@@@@@@@@BAB@@B@BBB@@@DBB@@B@@A@A@A@@@@@@@@BB@B@@@@@@@@BA@@@AA@@@@@@@B@@AB@@A@@@@@AA@@A@@@@@ABA@@@BBBA@@@@@B@@@@B@@@@BA@@B@@B@B@@@B@@@@@AB@@A@@@AB@@AA@@AB@B@@@@BA@@@B@@@B@@B@@AB@@@@B@B@@AB@@@@B@@B@@A@AB@@A@@@@@@@@@@@@B@@@@@@A@ABB@B@@@@@@@A@@@@@@B@@@B@@@@@@B@B@@@@@@B@BABB@@@B@@@@@BB@@B@@@@@B@@@@@A@@AB@BB@@BB@@@@@@B@@@@@B@@@AB@@@@@@ABB@@@@@BA@@B@@B@@@@AB@@@@@@B@B@@@@@@@@@@BB@@@@@AB@@@@AAA@AA@@C@C@CAC@C@CAE@EAC@C@CAC@A@CAE@CAA@E@CAC@C@EAE@IACAA@C@EAG@EAG@EAE@GAC@IAC@EAE@CAG@EAC@EAC@C@EAE@CAE@A@EAE@C@CAE@G@EAE@A@E@KAYAK@WCE@QFMFGBGBE@C@IF@@A@OHMBGDYF[HKBCBABOJOHMH@@QDC@OBSBA@M@CBE@EBKBE@GBE@@@A@AAA@A@A@A@@@A@A@A@AAA@@@A@A@AA@@E@EAYC_EQAGA@@ABA@A@@@@B@@BB@@ABCDADEFIF@D@BBDBB@@A@CAA@@B@DEHCB@BH@BB@BABE@@B@@AB@@C@A@ADE@@@@BBBBBB@@BABC@CDMJ@BDFB@@DBBABCBC@A@AB@B@@D@BBB@ABC@@BAB@@BBF@D@BB@BABA@ICA@C@@@@BFDB@CD@@@BDBD@BBA@CBE@A@ABAB@BBF@BCBABEB@DABA@A@@BBFDDBBCFA@CBEBAB@@DD@B@B@BABGBAB@B@@DDDD@B@BA@GB@B@B@BDBDBBAD@BBBB@@CB@B@B@B@BAD@@@BABA@A@A@G@A@@B@@BB@BCBA@AB@@C@A@A@@B@@DB@@@@@BA@CB@@@B@@A@@@A@@AABA@@DAB@B@@BBBBBB@B@BA@C@A@AB@BBBFBBB@@@BABA@C@C@AB@BABABA@A@AAAAA@A@ABCDADA@A@CAAB@@@@@DBBFDBB@BCF@@BDBBBBABA@C@CBAB@@@BHBBB@B@@EHA@@DAD@BCFAB@BCB@@ABB@BBB@@B@B@BGD@B@@@@F@@B@BA@@BAB@BB@BDAD@BCBADCBCBEAGBA@A@C@ABAB@DCBA@C@C@ABADBFBB@D@BCBABMBA@ABEA@@AD@BEBAB@BA@EBA@CAA@AB@BBBBDBB@BGDGDCDEDIDMBA@A@A@A@@B@@BDABA@EBGB@BBB@BADAB@B@DBB@BA@A@ACA@GAC@ABA@EDC@KDC@GDOD@@ADA@ABAB@B@B@BA@CBC@@@@ADA@@AAA@A@E@@B@@BB@B@BA@A@E@C@A@@BEF@DBD@DCD@B@B@BDB@B@BABCD@@ABABEB@@AA@A@@A@A@@B@@BBABABCBA@A@ACA@C@A@@@@BBBB@@BA@C@EAA@A@@B@BABADA@@BA@CAA@A@@B@BABA@E@@@A@A@A@A@@A@AA@A@ADC@ABABABBDA@ABC@OAC@A@@BABADCD@B@@BBBB@BAD@@@D@B@BAAABABA@CAE@AB@BA@C@E@ABA@@BDB@B@F@B@BFDFD@B@@CBA@@B@BBDDDBDB@BA@@AA@AJABB@DBDADABABCF@@BB@@@BABAB@FAB@B@D@B@@A@@@@AA@A@AB@B@B@D@BA@AAA@A@AB@@AAE@AB@BB@BBB@BB@BADC@C@@@@B@B@@C@A@@@@B@BB@ABBBF@BB@@ABCA@@AB@D@BBBD@BD@BCB@@BB@BCB@@@BABAB@B@BA@AB@BDDB@B@BA@@B@@BB@@BB@@B@BC@A@A@A@A@@B@@@B@B@@BBBABBB@@B@@A@IBA@A@A@AB@B@@A@@B@@D@@B@@@@AD@B@@B@B@B@@B@@A@A@@B@BA@@@BB@AB@BB@@AB@@@@@B@@BB@@@@AD@@B@@BA@@@ABA@A@@@@B@BB@@BA@@@@@@@A@@B@@B@@BA@@@@@B@@BB@@@B@@B@@@@@B@@BB@@@@D@@@@B@@@BC@@@@B@B@@@B@B@@@B@@BB@@@@@@@@@BBB@@@BAB@@@B@@@@@@C@@B@@@@BB@@@@@BA@A@A@@@@@BB@@@@@BA@@@@A@@@@AA@@ABB@@B@B@@@@CB@@@@@@BB@@AB@@A@@@@@BB@@@@A@@B@DBF@@D@@@@B@@@@@@A@@@AB@@@@@BB@B@@@BB@@BB@@B@@@@@B@@@ABBBB@@B@@@B@@A@@AA@@@@@AB@@@BB@BB@B@@@BBA@@B@@@@@@@@B@B@@@BA@@A@@AA@@A@@BA@@B@@@@D@@@@@@B@@BD@B@@A@@@A@A@A@@@A@@B@@B@B@@@@@@B@B@@@@AB@B@@@B@B@@B@@@B@@@@@@@ABABC@@BB@@@@@B@B@@@@@@B@@@@CB@@AB@@@@AAA@@@@B@@@B@@B@@@@B@@AB@@@B@@@@BBBBDBB@BBBB@B@@@BA@@@A@A@AB@@@@@@B@@@@@@@@B@@AB@@@BA@ABAB@@@@C@A@C@@@@@BB@@@B@@A@AA@@AA@@ABB@@BB@AB@@@BA@A@ABC@@@A@B@@A@@A@AB@@@@@@B@@@@BC@A@A@A@@@@@@B@@B@@@@@AB@@@@@@B@BB@@A@AB@@@A@@A@@@AB@@A@@@@@@BA@@@@@AA@@@AA@@@A@@@@@@BB@@@C@@@@BA@ABA@@BA@@@C@@@ABA@@B@@@@ABBBBB@@A@AA@@@B@@B@@B@@@@A@ABA@@BA@@B@@BBAB@@@BA@@@A@@B@@@@A@@@A@@@@@ABAB@@@B@@AA@@@@@B@@@B@B@@A@@B@@@BB@B@@@BB@@@@AD@B@@@@B@B@B@@D@@AB@@A@@@@@@@A@@B@@B@@@@B@@AD@@@@BB@@AB@@@@ABA@@@@B@@@B@@@BA@@@@@@B@B@@@BA@@@A@BB@@@@BBB@AB@@BB@@@B@B@B@@@@@@@B@BDD@@@@AB@B@D@@AB@@CD@B@@@@C@@BA@B@@@@@@B@@B@BB@B@@@@A@A@A@@@@B@B@@A@@BB@@@ABA@@@@@@@@B@@@@@BB@A@@@BB@@@D@@ABA@@@@@AB@@@@@@CD@@@@@@@@@B@@@B@@B@@B@@@@@@A@@BB@@@AB@@B@@B@@@BA@BB@@@@@@ADAB@@BB@@@B@BA@@BA@A@EDAB@@@@ABA@@DA@AB@@AB@BA@@@@BA@A@@@@B@@ABA@@BD@@@@@@BA@@B@@A@AB@@@@A@@BB@A@@@B@ABB@@@ABB@A@BB@@A@@@B@@@BB@@A@BB@@A@@@B@@@AB@@@@BB@@A@@@@B@@@BB@A@AB@@B@A@@@BB@@@B@@@@BB@@@@@@@B@BB@A@@B@@@BB@@@@@A@BDA@BB@@@B@@@B@B@@@BB@@@BB@@@@@@DB@BA@B@@@@@@DB@@@@D@@@@@BAB@@@@BB@@@B@B@@AB@@@DBBAB@@@B@BDD@B@B@@@@@D@@@B@BDBDD@B@@BBB@@BBBBBBBB@@B@@@BBB@B@BFDHJJRFDLFDF@H@FCHCBIDGL@D@HCF@BCBCBCDA@C@A@AB@@ABADAB@B@BB@@@@@@B@@@@B@@@@@@@@@@BA@@@@@@B@@@@@B@@@@B@@@@@ABB@B@@@@@A@@@A@@@B@BB@@A@@@@@@@B@@@CB@@B@@@AB@@AA@@@@@@A@@B@@@BA@@B@@B@BA@@@B@@A@@@@@@@B@@@@BA@@@@@@BB@@@A@B@@BA@A@@@@@@@AA@@AB@@@B@@@@BBB@@BAA@BA@B@@B@@@B@@@@@@@B@@B@@@AB@@B@@@@B@@A@AAAB@@A@@@AB@@@@@@@B@@@@@B@@@@@@A@@@BBA@@@@@A@@A@BAA@@@@A@@@BB@@@@B@@@ABA@@@@@@@@BA@@@B@@BB@@@@@@@@@AB@@B@@@@@@@@B@@@@AA@B@@@@@@A@@@@@@@@B@@@@@AA@@@@@BB@@B@@B@@A@@@A@@@A@@@@@@@@BAA@@@B@@A@@@B@@BB@@@A@@@BBB@@@ABA@@B@@@@@@B@@@@@@@@@@@@B@@@@@@@@@@@@@@@BA@@@@@@@B@@B@@@@B@@@@@@@B@`RB@@@BCB@B@BBBF@@DB@@@B@@AB@@@@BBF@D@B@@@BDBB@B@B@BBB@@HBJFD@B@B@FAJEDAB@B@B@BBDDB@@@B@BADADAD@B@FBB@@@HAB@F@@B@@BB@@@@B@D@JAB@DAD@FBD@DANEHAB@B@@@BB@@AN@BBB@BBBB@NFHBB@@BBB@@ABABA@G@KBA@CBGDABAB@D@DBDBBDBDBB@@B@BEFCD@@@D@@BBHFFFFP@BDV@P@B@B@BA@I@ABEBEBCB@BA@DH@BB@@@BAFABA@@BBD@TJDBHHJJBB@B@BABEFOJCB@BAB@@@BB@@BB@D@D@B@@@BC@@@@B@BBBBB@JBNDB@BBBD@DBB@BB@H@^DD@XBL@D@B@FCB@B@N@H@D@D@FAFCFADAB@DBHBHBBB@B@B@D@B@DBBDHBD@@DBJ@BBBBB@BBB@DAFALEDAB@B@BB@@@D@LAHBF@BBBFDB@B@B@B@DAHGFEDADAHADAB@B@B@BBDHDJBB@@B@B@BAFCB@B@BBB@@BDFBDBBB@B@D@BADCBC@ABA@@J@H@DAB@B@@AHKJSBCBAB@DARAJA@AB@@C@A@@B@JDBBB@DAB@BCDEBCBAB@B@L@JBPBF@BBFDB@BBLBFBD@F@F@B@B@@B@B@BBB@@HDTFDBDAF@NENCL@DADBBBHDHBHBDBFANAF@D@B@BBBBDDBBHDFBDBH@F@BAD@FGDCBA@@D@B@PJFDBB@B@BABAD@B@B@@B@B@J@F@B@DBHDJFBBB@@@D@DAHCDAF@D@BBBDDJBJ@BB@B@B@F@VAJ@BBD@@@BAFCB@F@F@BFCH@DBDBBDDFBXJHF"],"encodeOffsets":[[133924,49518]]}},{"type":"Feature","id":"230406","properties":{"name":"东山区","cp":[130.31714,47.337385],"childNum":2},"geometry":{"type":"MultiPolygon","coordinates":[["@@HAFBDADABCDA@ABCACA@@ABA@AB@@A@AE@@@@@@AHC@A@A@AA@AAA@BA@@DA@ABADE@ABC@CB@FG@@@AAAGA@A@@BADAD@B@BAAAAAAC@@DE@AAAECAA@C@@@@BADBB@B@BCDCBAB@B@BBBBB@B@BABA@ABAD@D@B@BA@A@@AAEAAA@ABAB@D@B@@A@AAAAAAA@@@ABA@CB@BA@BB@@@B@@@@A@@DAB@@A@@@@CA@@@AB@B@D@@@BAB@DA@AAA@@@AB@H@B@B@B@BA@A@@BC@A@A@A@ADA@@AAAAC@ABCACA@A@A@AHAB@@A@ACCCC@@@ABAHABA@A@A@ACC@@BAFADAB@DEAACCAE@AB@B@BA@CFABADA@AAE@ABABAB@F@DAB@AAC@CA@A@@DCA@EC@A@@D@B@JDB@BA@AAAC@E@AA@@BA@AD@BAA@AAC@@@@ABAB@D@DABAAA@CA@CE@ANIDCD@BA@AA@AAAA@A@@F@BCB@D@@@BA@@@AF@BA@AAAG@@ADAFG@C@AB@DBB@@@AAAC@A@CJEFEBCDCBA@@AA@@@A@@B@B@BA@@@A@@CA@@@A@AA@@BA@A@@@@@AAB@@AD@B@@A@@AA@@@ADI@AFAB@B@F@BAB@BA@@@AAA@@@@DA@ADA@@FAB@@ABA@@AAA@@A@@BA@@@@BA@C@@AA@@BCBA@@BBB@@AB@@@B@@@B@BAB@BA@@B@B@@A@@B@@@BAB@@@@A@@@A@@@AB@BA@A@@@@@@AAB@A@@@BAA@@@@A@@@@@A@@BA@@BBB@B@@@B@BAB@B@@@FB@@@A@@AA@@@@@A@@@@B@@@@@@@B@@A@@A@@A@@@@B@D@BB@@@@@@@C@@@AB@@AB@BA@@A@@@B@B@@@AAA@@@B@@@B@BB@@@A@@A@@A@@@@B@@BB@@B@@@@B@@AB@@@@@@@BB@@@@B@@@BABAB@@@A@@AB@BBB@B@@@@A@@@@B@@A@@AA@@@@@ACBA@A@@@@@@A@@@@B@B@@@@@@A@@@@@@B@@@B@@@AA@@A@ABA@@A@@@@BAB@@@@@A@@@AA@@A@@@BAB@@@@AA@A@@@@@@@@@B@@@B@BB@@BAA@@@@AB@BB@@@@@@B@@@D@@A@@@AB@D@@@@AA@A@@@@@A@@@B@D@@@BA@@@@@@B@@AA@AAA@@@BA@@@@@AB@@@@@@BB@@@B@B@@@@@@@@A@@AA@@@@@@BAD@@@@@BBB@@@@@@@@@@A@@@AD@B@B@@@AAB@@@@@@@BB@@@B@@BB@@BA@AB@@@@@@AA@@@@@BA@@@A@@@@B@BB@@B@@AAA@@A@ACB@@@@@B@B@@@@@AAA@@@@ABA@@C@@@@@@AD@@@CA@AB@B@@A@@@@A@A@@@@@A@@A@@D@@@@A@@@@@@B@B@@@@@@@@AA@@A@@@@D@B@@@A@A@@@@@@AB@B@@@@@@@@@@@@@BBB@@@BA@@@@B@@@@A@@BA@@B@@AAA@@B@@@B@@B@@@@@A@@@A@@@@B@@@@BABB@@@@@@@BA@@@@@BB@@@@A@@@A@A@@A@@@@@B@@@B@B@@@@@@@@@AAA@@@@@B@@@B@B@@@@@AAA@@@@@B@@ABB@@@@DD@@B@@@BB@@@@BA@@AA@@B@B@@@B@@@@A@@B@B@@@@BB@@@@AB@A@AA@A@@@@B@@BB@B@@@@AA@@A@@@AB@@@@A@@B@@@@@@D@@B@BA@@@@AA@@@@@EB@@@B@@@B@@@B@@@AA@@@AB@DB@@B@@@@@@A@A@@@AB@@@@@AA@@@A@@BAD@@@@A@@B@@A@@@@@@B@BBB@@@@AAA@@@A@@B@B@BA@@A@CACAA@@A@@A@A@@@@@BB@@@@@@@@A@CA@@@@@B@B@@A@@@C@@A@@B@@@@@@@A@@A@@@@@AA@A@ABA@@@@A@@B@@A@@A@A@@@@@@@BA@@AAA@@B@@A@A@@@@@@A@@AA@B@@@@@BA@C@@@@BB@BB@BA@@@@@AA@@C@@A@@B@@@@@AA@@@@@@@A@@A@@AA@@B@@ACA@@@A@@B@@@@A@@@@A@@@A@@A@@@@B@@@@AAA@@@ABB@A@@@A@@@A@@B@@A@AA@@@@@B@@@@@B@@AAA@@@A@@@A@A@@A@@@@B@B@B@@A@@@@A@A@@A@@@A@@BB@@@@B@@@@A@@C@@@@@BA@@@@@AA@@@@A@@BBB@@A@@A@@@@@B@BA@@@@@@A@A@@@@@B@@@@A@@@@@@B@DA@B@B@@B@@@@@BE@@BA@BD@B@@@@A@@A@@AAB@A@@@@@AC@@@AAC@@A@@@AA@AA@@B@BB@@@A@A@@@@@@A@@@A@@@A@@A@@B@@@@AB@@A@@@@@@A@@@@@@@A@A@A@@A@@B@@@B@@@@@@A@@A@@BA@AAADA@@@A@@A@@@@@@B@@@@A@@@AB@@@B@@@AA@@@@C@@@@@B@@@@AA@@@A@@@AB@@@A@@@@@A@@@A@@A@B@@B@@A@C@@@A@@@BA@@@@A@@@A@B@@A@@@@@@A@@@@ABA@@@@@A@@AB@@@@@A@A@@A@CB@@@@@A@@@@@@CA@@@@B@B@@A@@AAA@@@D@@@BA@@AA@@AB@AA@@A@@B@BBB@@@B@@@@@AAA@@AB@B@@@@A@@A@@@AB@@A@@@@@BA@@@AA@@@AB@@@@A@AA@@B@@A@@A@@AABB@@BA@@@@A@@@@@AA@@@@@@B@@@@@@A@@@@@AAAB@@@@B@B@@B@@CB@@@AA@@A@@@@@@ABA@A@AA@@@@AB@@BBA@@@@@@@@@C@@@@A@@AAA@@@@BBB@@@B@@@@A@BA@@@@C@A@@@@@@@BB@@@BA@@@@AA@A@A@@@A@@A@@@@A@@@@@BB@@@@A@CBOIB@@@B@BB@@B@@@BAA@A@A@@@@@@@D@BA@@A@A@@A@@@@@@D@@@B@BAB@A@@A@BA@@@@@A@@@@@@AB@@@@A@@A@@@@@@BAB@@@@A@B@@AA@@@@AAA@@A@AB@BA@@@A@@@@@@A@@@@AA@@@@BB@@A@@@A@@@@BA@A@@AD@@A@@A@A@A@@@@@DAC@CA@@@@@@B@@A@@@@D@@A@@A@AA@@AB@@A@@@A@B@@@BAA@@A@@@@@A@@@@@@A@A@@@A@@@@@@@A@@@A@A@AA@@@B@@AB@@@@AAB@@@@A@BA@A@@@@@@@@A@@CB@@A@A@@@@@A@@AC@C@A@A@@A@@@@@A@@B@@@@@@@@AB@B@@@@@@AA@AA@@@B@@A@@A@BAA@BA@@@@A@@A@@@B@ABA@@@@@@AA@@@@B@@@@@@A@@AA@@@@@A@@A@@@@@@@@@A@@@@@@@A@@@@AACAAAAA@@A@@BA@@@C@A@A@A@@@C@@AA@@@A@@@A@BAA@A@@@@@A@A@@@B@@AA@A@@@@@@A@@AA@@@AA@A@@AABB@A@@@@@@@AA@@@@@B@@@@@@A@@@@B@@@@AA@@@BA@@A@@A@@AABA@@@@@A@@B@@@@A@@@@B@@A@@BA@@@@@@@A@A@@@B@AB@AA@A@A@@@ABAB@@A@@@A@@@A@@B@@@@A@A@@@@@@@A@@@@@A@A@ABA@AB@@A@A@@@A@C@A@A@@@A@@@A@AA@A@@A@A@@@A@A@A@A@@BAAA@C@A@A@A@@@A@A@@@A@A@ABA@@@A@@@ABA@@@AA@@@BC@A@@@@@@BA@C@C@G@@@@@AB@@ABABABA@ABA@A@A@AAA@AACAAAAAA@AAA@A@A@C@E@EAAB@@A@A@@@AAA@C@G@C@C@E@C@C@A@AAA@A@ABA@A@A@A@@@ABABA@A@A@@@A@AAA@AA@A@@@A@@B@BABA@ABA@@@@B@B@DBB@@BB@@AB@BABAB@BAB@BABA@ABADA@A@A@A@A@A@A@A@@@A@A@@@@@@AA@@@@@@A@@@A@C@IBC@C@KBCBE@GBC@A@@@@@ODA@AA@@@@B@AABA@A@@@A@@@AAAAAAACCAA@@@A@A@AAA@A@@AC@CAA@ABA@A@ABA@C@@@C@@BA@@DABABABAB@BABAB@BABA@C@ABC@E@AA@A@KB@@C@A@@A@@A@CA@AC@AAA@@@OAA@ABA@C@A@C@ABG@EBA@A@CBC@E@@@@@CBA@c@GB@@@AAA@@A@@AA@@@AB@BABA@@B@@A@A@AAA@@@A@@@AD@BA@A@C@C@@@CBA@@B@@ABA@@@@BC@A@@AA@A@@B@@A@A@@@A@AB@@ADA@@@A@A@A@@@A@AB@@AB@@AA@@@@AAA@A@@@A@@@CB@@@@AA@@AAA@A@@@A@@B@@@@@B@BA@@@C@@@AB@@@@A@@@A@@@@B@@@@@@@@AB@@@@@@@B@@A@A@B@A@A@AB@@@@AB@@A@@A@@A@@@A@@@@@@@@@@@@@@@A@@@@@@A@@A@A@@@@@@@@B@@@AA@@@@@@@@@@B@@@@@@@@@@@@A@@@@@@@AB@@@@AB@@@@B@@@@B@@@@B@@@@@@B@@@@A@@@@@A@@@@@@@@@@@A@@@@@@@@B@@A@@@@@@@@B@@@@B@@@ABA@@@@@@@AB@@A@@@@@AB@@@@@@AA@@@@@@AB@A@@AB@@@A@@A@@@@@@@@@A@@@@@BAA@@@A@@@@@@AA@@@@BA@@@A@@B@@@@@@@A@@@@A@A@@@@BAD@@@@A@@@A@@@@@A@@@@BB@@@@@A@@@A@@@A@B@@@@@@AA@@@A@AAA@AAA@@@@BA@@@A@@@AB@@@@@@ABA@@@@BA@A@A@Ą@@@ABABE@ABA@CBE@ABA@C@ABC@ABC@BB@N@JAVD@D@D@@@D@D@BAD@H@H@B@D@F@@AB@FGPCDAH@@AFBB@B@@DBFD@@A@EBCBA@AB@BABBDBF@BBB@BFHH@BBDBBBFDB@J@@AF@H@D@J@JFBB@B@B@B@D@BFJ@B@@DBDBFD@BB@@D@@ED@@@@@BDD@@@B@B@@ADAB@B@@DBBBBB@BB@@B@BBB@B@BBFC@ABAF@@@D@B@B@@@DC@ABA@CBABB@@B@@BB@BA@AF@@BBB@D@B@@B@B@@@BAD@BAFA@FBBBBB@BB@BBB@BB@@@@@@@B@@@B@@B@@D@@@B@@AB@@EDCB@@@D@DBF@@E@@@AB@@@@A@A@AB@@C@AB@@@@B@BBB@BBBBBB@B@BBB@@@B@B@DB@@@@B@B@@A@@B@@@BH@FDB@BBABA@AB@BBHBFBDBBBBDF@@BDB@LCVIFAD@FAD@@@@@@E@ABBD@B@DA@@@@@B@BAB@BDDB@A@ABABADABABAB@B@@CDABA@@B@BBB@@BDDBDFBD@H@DBBDD@@@B@B@B@B@BABAFCD@B@B@FA@A@úŊ"],["@@B@@@@A@@BB@A@@@@@@B@@@B@@@B@@@@AA@@@AA@@@@B@@B@@@@@A@@@@@@B@@@@@@@@ABB@@@@@A@@@@@@A@@@BA@@@@@@@@A@@AA@@@B@@A@@@@@@B@BA@@A@@@@@AA@@B@@@@@BB@A@BB@@@@@B@AA@@B@@@@@@@@A@@@@@A@@@@@@BA@@B@@@BABBB@@@@A@@A@@@BA@@A@@@@A@@@@@@@A@@@AA@B@@ABB@AA@AA@@@@@A@@BA@@BB@@@@@@B@B@@AA@B@@@A@@A@@@@B@@A@@A@@@@@@@B@@@@A@@ABA@@@@AB@@A@@@AB@@@@@@@BB@@BA@@A@@@DA@@A@@@@@@@B@@@AAA@@@B@@@B@@@@@A@A@BA@@@@A@@@@@@A@@@@@A@@@@B@@A@@@@@@@@A@@@@@@A@@@@A@@A@ABABCBA@@BAB@D@B@DCDADA@ADE@G@CHKJCDADG@E@GCEKEECIQGIEC@A@AAA@A@@@AA@AAAAAA@AA@AA@@@ACCCA@A@A@@@C@@@@@A@ACC@A@A@@BAAA@C@@BA@@@A@A@@AA@@@@BA@A@@@@@C@@A@@C@@@@A@B@@ACA@@@@@@AA@@A@@A@@@A@A@@@A@@AAB@ACB@@@@@A@@A@@@AB@A@@A@A@@@@@@AA@@@@@A@@AA@@B@A@@@BAB@A@@A@@@A@@B@@@AA@@@@BA@@A@@@B@@@AAB@@@AA@@A@@@B@@@AAB@A@BA@@A@BAA@@@B@A@@AB@@@@@BAB@@@@AB@@A@@@@C@@AB@BA@@@A@@B@B@@A@@B@@ABA@@BAB@@CB@BA@@@@BAFCB@B@@AB@@A@A@@AA@@BABC@@@@@@AAB@@A@@@AA@@@BA@@A@@AB@@@@@@@@AA@@@@A@@@A@@@@@@@@DC@@@@@@BA@@@@B@BA@@@C@@AA@@B@A@@A@@@@@A@@@@@@B@BA@@A@@AB@@@@A@A@@B@B@B@@@@@@AAAA@@@@A@@@@A@B@@AD@@@@@@ADC@@BA@@@C@ABA@@@@CC@A@A@@@@@@@A@A@A@@AA@@BAA@AA@@@@AAB@@@B@@A@@@A@A@@@@B@@A@@@A@@@A@@B@BA@@@@BA@@AA@@@@BC@@@A@@A@@@@AB@@@@@@@B@@@BA@@@CA@A@A@@@@@@ABC@@@@AA@@A@A@@A@@@AB@@@@A@A@@@A@@@@BB@@@A@@BABA@@@@B@@@B@@@@@@AB@@@B@@A@@BAAA@@@AB@@AB@BAB@@@@@@AA@@@@A@@BBB@@@AAAABA@@@@@AB@BA@@D@@@B@@AB@BAB@@A@@D@@@A@@A@@@@B@@@B@@B@@BB@@@@B@@A@@@@B@@@BA@@B@@@@B@@BAB@@@AAA@@@@@@@BA@@@@A@@@@A@@@@B@B@B@D@@A@@A@@@@@@@BAB@@@@BA@B@@@D@BAB@B@@A@@BAA@@AA@BA@@BB@@BBB@@@@A@@AA@@@@D@B@D@@@@@BABAB@@A@@BA@@@A@@@@@@A@@@@@@@BAB@B@@@B@@A@@@AAAAAA@CAAAAA@@@@@A@@BA@@@A@@A@@@@A@@@A@@B@BB@@@@BA@@DA@@@@@A@@@@A@A@@@@@A@@AD@BABA@@@@@@A@@@A@@@@A@A@@@ABA@@@@@A@A@@@@A@A@@@@AB@@@B@B@B@@@B@@@@AAC@@@A@@@@C@@@@@@AB@@AB@@@BB@@@BB@@A@@@A@A@@@@@@A@@@AB@A@@@AAAA@@A@@BA@@@@B@@BB@@@@A@@@AA@AABA@@A@@@@@A@@@AA@@AA@@A@A@@A@@@@BA@@B@@@@@@@@A@@C@@@AE@C@AB@@@@@AA@@@@B@@@BA@@AA@@@@@@DA@@@@@A@AA@BA@@BB@@@@@B@@B@@A@@@@AA@@@@B@B@B@@A@@@@AA@@@@@AD@@@@@@@@A@@BA@A@@AA@A@@@@@@@@AA@@@A@@@A@A@@@A@A@@D@@A@@@A@@C@@@@@AA@@@A@@@@@AA@@@A@@AA@@@@@B@@AA@@@@AB@@@@@@@B@@AA@@A@A@@B@B@BA@@B@@AA@@@BC@@@@AA@@@A@@@@BA@@AAA@@BAA@@B@@A@AB@B@@@@AA@A@A@@@@ABC@@@@@AC@@@@AB@@@@ABAB@B@B@JAB@@@@AA@AAABAA@@@A@A@@@AB@B@B@B@D@@A@AA@@AA@@AA@@@ABA@A@CC@ABAB@@A@ABABA@A@@DA@AAA@@DA@AACC@AA@A@CBA@@DBBA@@AAE@AABAA@@A@A@@B@D@@@@A@A@@D@D@BC@AAAA@AAA@@ABAF@BB@@BAB@B@BBB@@A@C@A@ABAB@B@@B@@B@@@@A@C@ABA@EBABA@A@@AA@@DEBABABCAC@CAAIB@BBB@@ABA@ACCCAC@A@AB@DA@@@AECEC@A@A@E@ACA@AB@BAF@D@B@@ABAF@DBB@BABABB@A@A@C@@BC@AAAAA@@@ADCBCBA@AB@D@PBD@BAB@ACBABABAD@BCB@B@@B@BB@B@B@B@@@F@B@BA@A@AB@B@DBB@@AB@BCBA@A@AB@B@FBD@B@@AA@AA@A@@B@D@B@BDB@B@DABABAAA@@@AB@B@@@@BBB@@FABABA@@DCBA@A@ACA@A@A@ADC@CAC@CFE@AB@D@F@B@B@@A@AAA@@@AF@B@B@BB@@CB@B@@D@DAB@@A@A@ABABAB@BC@@PCHCD@LCD@FCB@BAD@HBB@BDB@B@@AAA@C@ABABC@AAA@AHAFAB@BAAC@@@AB@B@B@B@NAJCFCDCHCHC@AAAACAA@ABAB@DBB@FAB@@ABAFA@ABC@@FBBAB@NABADA@A@CAAAEBCBAD@D@B@DA@CBABAD@B@B@ùŉC@GAC@ABC@@@A@@D@@@@A@A@AAA@CBA@A@GCA@A@C@ABABCD@@E@EACCAA@@AAAA@@AAAC@@@@BAB@@A@@@@@@CBA@A@@AA@B@BAAAA@@A@AA@@@@AA@@@A@@@@@@AA@@BA@@AA@@@@@@B@@@@ABEAA@@AA@@@CAC@@@@A@@A@AAA@@A@A@@CAAAAA@A@AAC@@@@@CAA@C@@AC@@@C@ABC@@@C@CD@BAD@@@BA@@@C@@AA@A@@@C@C@@@A@AA@CA@@A@A@I@@@AAECECE@@@A@@GDCDCBA@EAGAGAC@@EA@@@@A@GAC@FEBAAA@AB@@AAAACCAEEMGCC@AAECOCCAEAC@C@A@@BAB@BA@C@A@@BADCDADA@@BAHEDEB@@@@AB@@A@@A@@@ACCEAACKCB@@C@QBE@EBCD@BABCAEACF@@@@@@OCPUFGD@D@@@@A@@E@DIBCCCAA@CJAB@B@DCB@CC@@CICGAC@AA@@AB@BEBGBCBAW@MFIAE@B@@AFMB@JBP@PAF@@@BCBCBCDIBEDEă@@A@A@@B@@@B@@@@A@@BB@@@AB@@CA@@@BA@@@AB@@@@B@@BA@@@B@@B@@@@A@A@A@@@@@A@@@@B@@@@A@@@C@@@@B@@A@@B@@@B@@@@@@ABA@A@@@@@@B@@AB@@@@@@ABA@B@@B@@@BB@@@AB@@@@@B@@@@A@@@A@B@AB@@A@@@@B@@A@@@@@AA@@@@@@A@A@@@BB@@@@@B@@@@A@A@A@@@@B@@@@@B@@A@@B@@@@A@@@A@@@@@@BA@@@BB@@@@@B@@@BA@@@A@ABA@@@A@@@A@@@@@A@@BA@@A@@@@@@A@A@@@ABA@@@@@@B@@@@@B@@@@@@@BB@@@@@@B@@@AA@@@@B@@@@@@AA@@@@A@@BB@@B@@@AA@A@@B@@@@@@@@A@@@@B@@@@@@A@@@A@A@@@@B@@A@A@@@@B@@A@@BC@@BA@A@AB@@@@@@@BB@@@@@@@@B@@@BA@@@@@BB@@@@@@@B@@@AB@@@@@@A@@@@@@@@@@BA@@@@B@@@AB@@@@@@@B@@@@@B@@@B@@@@B@@B@@AAA@@@@@@B@@A@@@@B@@@@@B@@A@@@@@@@@@BB@@@@@@@@B@@@AB@@@@@@@@@@@@@@@@@B@@@@@@B@@B@@@@@@@@@@@B@@B@@@@@@@A@@@@B@@B@@@@@@@B@BB@@@@@@A@@@@@@B@@A@@@@@@@@@A@@@@BB@@@AB@@A@@@@@@BB@@@@A@B@@@@@@B@@@@@@@@B@@@@@@@@BB@@@@A@A@@@A@@@@@@@AB@@@@@@@@@@@@@B@@A@@@@B@@B@@@@B@@B@@@@A@@@@B@@@@BA@@@B@@@A@@B@@@@@@B@@@@@AB@@@@@BB@@@BB@@@@B@@@@@@@@B@@@@BB@@@@@BAB@@B@B@@@@@@@@@@B@@@@@@@@@B@@A@@@@@@AA@@@@@@B@@@@@@@@AA@@A@@@@@@@@@BB@@@@A@@@A@@@@B@@@@@@@@B@@@B@A@@@@BA@@@@@AB@@@@B@@@@@@@@@@B@@@A@@ABB@@@@@@@@@@@A@@@@@@@@@@@A@@@@@A@@@@@A@@@@B@@@@B@@@@B@@@@A@@A@@@B@@@@@@@@A@@@@@@@A@@BB@@@@@B@@@@@@@B@@@@@@@B@@@@@A@@@@B@@@@B@@@@@@@AB@@@@@@@@A@@@@@@B@@B@@@@@@@@@@B@@A@B@@@@@@@@B@@B@@@@@ABB@@@@@@@@@@@@@@B@@@@@@@@A@@B@@A@A@@@@@@@@@B@@@@@A@@B@@@@@@@@@B@@@@@@@@@@A@@@@@@@AB@@@@B@@@@@@@@@@@@@@@B@@@A@@B@@@BA@@@@@AB@@@A@@AB@@@@@@@@@@A@@@@@@B@@@@B@@@@@@@@B@@A@@B@@@B@@@@@@@@@@@B@@@@@@@B@@@@A@@@@B@@@AA@@@@@@@@B@@A@@@@@@@@@@@@@@BA@B@@B@@@@@B@@@@A@@@@B@@@@B@@@@@@@@B@@@@A@ABA@A@@B@@A@@@AB@@AB@@@@A@@@AB@@A@@@A@AB@@A@@@A@A@A@@BA@A@A@@@A@A@A@A@AB@@A@@@A@A@A@@@A@A@ABA@@@A@A@ABA@A@A@AB@@A@A@ABA@A@A@@BA@A@ABA@A@CBA@CBA@CBA@C@ABC@CBA@A@A@ABA@ABA@A@@BA@A@@@A@A@C@C@A@A@A@ABC@A@A@@@A@A@AA@@A@@AA@@@A@@@@@ABA@@@@@A@@@@@AAA@@@@@A@@@@@AB@@A@@@A@A@A@@@AAA@@B@@A@@@AB@@A@@@@AA@A@C@A@@BA@@@A@@B@@A@@B@@@@@B@@@@AB@@@@@@@@@BA@@@@B@@@@AB@@@@AB@@@@A@@@AAA@@@@@@@A@@@AA@@A@AB@@A@@@A@@@A@A@A@@@AB@@@@@B@B@@@@@B@@@@B@@@A@@@@@AB@@@@A@@B@@A@@@@@A@@B@@@@@B@@@@@@@B@@@@@B@@BB@@@@@@AB@@@@AB@@@@@B@@@B@@A@@B@@A@@B@B@@@BAB@@@@@@A@ABA@@@AB@@A@@@A@@AA@A@@@AB@@@@@BA@@@@B@@AB@@A@@@A@@@@@AB@@@B@@A@@B@@A@@@@@A@A@@@A@@@A@@@@@A@A@A@A@ABA@A@A@AB@@A@@@@AA@@@@@AAAA@@AA@@AAA@@@AAA@@@A@A@@@A@@@@@A@A@A@A@A@@@A@A@ABA@A@ABA@A@ABA@@@@@@BAB@B@D@@AB@B@@@@@B@BAB@@@B@@@@@B@@AD@@@B@BA@@B@D@D@B@@@@@B@B@@@B@@BB@B@D@B@D@@@B@@@B@@@B@@AB@@A@@@AB@@A@A@ABA@A@@@@B@@A@ABA@@@@BA@@B@@A@@@@BAA@@A@C@A@A@C@A@ABC@A@A@A@A@A@@@AB@@AB@@@@ABA@@@@BA@A@E@@@{VWDEFBJBHBBHDVBzAH@FRCFEJ@HPJPDBDADIBKAG@E@GHGN_V]JSHSTADBBBDADED@DBRBFBDFBNDJAH@RFPHXL@@D@D@FAB@B@B@DAB@@@B@BA@@B@@@BA@@@@@@BB@@@@AB@B@@AB@BABA@@B@@AB@@@BB@@@@B@@B@@B@@A@@BA@ABAB@@@@@@@B@@@B@@@@AB@@@@@B@D@@@@A@@B@@A@A@@@A@@@AB@@GFADAFAFBDBFFDL@HAFBBB@DADCBOB]JEDABAD@DLfBLBHAHCFCDIFAD@BDD`RJLFFNDHDH@FALGJAB@B@DA@AB@@@BB@@B@@B@@BB@@BD@@BB@@@@@BBB@B@@@BB@@@BBB@B@@AB@FA@@@@@@@@@@@@BB@@@@@@A@@@@B@@@@A@A@ABA@A@AAC@@@ABA@A@ABA@A@@BAB@@A@AB@@C@ABA@A@C@A@E@GCE@G@EDAFCLGZBXBJDBTFLHFHDL@JAHADBFLFJJBF@DKPa\\KDCDADBDDDBFEVBDLLLPBF@DGNKHw^¿`EDIN@LCHKDeDK@AB@FL`@FCPCFABEAG@G@OHCJCJBh@F@@A@A@@BA@@@A@@@@@ABA@@@@BA@ABABABA@ABA@@@A@@@@B@@@@@@B@BB@@B@BBFBF@@BB@B@@@B@@B@@@B@D@D@@@B@@B@@@@FADEBE@SGUEK@KDOPIP@JBFPLHFFF@FE^GFOBQ@I@EFCPBFHFBFAFGDIDAFCPER@FFDNBJ@RCLAN@NFJBF@VKH@HBt\\PLJFBBAPCBQDEDEFADYNQDEBA@BBJJFDBHATEVCFBFDH@HALCFJPFB@B@DGBMFEHAF@HJRFFF@dFJFPHVRJPRJBD@DIBCFAFBD`TDDAHIJAH@FBHHNDLAXEJKLYNIHAD@DDDhVTDP@LCNBNDJFLJJPNNBHCNEJBNFHJFFBFFJBLCDKDAD@D@FBFBD@FADCLKDGVIRKVQBEDADAJ@D@LGPOLKNI@A@AAK@EBADCFE@A@C@C@A@A@A@@@AHAB@BA@ABA@@H@HCDA@@@AAAB@@A@@NCB@BABC@@BAH@JCF@BA@@AA@AB@DAD@D@@ABAFG@AB@H@@@@@@@@AB@B@B@B@@@B@B@@@@@@A@@D@@@@@@AA@@@@@B@@A@@@@@@@@@ABAB@B@@@@A@@D@@A@@@A@A@@B@@@@AB@B@@@B@@AA@A@@@@A@@@@D@B@@ABAB@B@@@@@@@@@@A@@A@@@@C@@@@BAB@@@@@B@@@@@DB@AB@@@B@@@B@BA@@@@@AB@A@@@@@@A@@BAA@@@B@@AB@D@B@B@@AB@@@B@@@@@@A@@@@B@B@@@BABA@@BA@@@A@@B@B@@A@@@A@@@@BA@@B@@B@@B@@@B@@@@A@@@@A@@@@@@AB@@@@@@A@@@@BA@@@ABA@A@@@@@A@@@@@A@@@@@@B@@@@A@@BA@@B@@@@@AABA@@B@@@@@@BB@BA@@@@C@@A@@@@BA@@@@DB@@@@@A@AA@@AB@@@B@@@@@AA@@@@B@B@@@@@@A@@A@A@@A@@@A@@B@BABA@@F@DBB@DBD@B@BABA@@B@BBB@@@@@B@@@@B@@B@@@D@@A@@D@B@@@@@@A@@@A@@B@BB@@@@B@@@@A@@B@BBB@@@@B@@BB@@BB@@B@@@@@@@@AFB@AB@BA@@A@AA@@B@@@A@@AA@@@"]],"encodeOffsets":[[[133576,48686]],[[133257,49298]]]}}],"UTF8Encoding":true}