{"type":"FeatureCollection","features":[{"type":"Feature","id":"230804","properties":{"name":"前进区","cp":[130.377684,46.812345],"childNum":1},"geometry":{"type":"Polygon","coordinates":["@@DK@AAA@@B@AC@E@A@A@@A@@@@A@@@@@@@@@A@@@@BA@@@@BA@ABCBABABA@@@@@@@@@@@ADADANGTOA@C@EAC@AA@@A@A@GAIC@@KAEABCCA@@KCAFA@EJCJ@@@@ABCF@@@@@@AFAB@@@BAB@@@BABAD@@CF@@@B@@@@ADAB@BAB@BCF@B@@AB@B@D@B@BB@FBJAPBJ@HDF@FD"],"encodeOffsets":[[133525,47952]]}},{"type":"Feature","id":"230803","properties":{"name":"向阳区","cp":[130.361786,46.809645],"childNum":1},"geometry":{"type":"Polygon","coordinates":["@@B@DBHBF@F@F@F@DAB@DADAB@D@DB@@FBD@DBF@B@RAJAD@@@LCJEG@GAECWOECAAECIECC@AAAACCCECE@GCI@OAIBEAA@@A@A@C@ABA@@@ADE@ABA@ABABC@@@@@A@@DE@@BCBA@A@@BA@A@@BABE@@@@@@DEBA@@@@DIEB@@A@CBCB@@AA@@@@@@@@@AEAEAC@A@@BA@@@A@@@@@C@AAA@A@AAEAEA@@@@@@AB@@AB@BAJFFBB@@@@@@B@@@@BDB@@@@@@@B@@B@D@DBB@AD@BA@@B@BABB@@B@@@@AD@@BB@BAB@@@@AB@@AFAD@B@B@DDDBD@BDF@B@@@@AB@@@@MHKF@B@@@@BB@BFB@@LDF@BBDD@B@@@F@B@B@B@B@DDDDDDBBB"],"encodeOffsets":[[133497,47984]]}},{"type":"Feature","id":"230805","properties":{"name":"东风区","cp":[130.403297,46.822476],"childNum":1},"geometry":{"type":"Polygon","coordinates":["@@SPMHCBCB@B@@@@@@@@@@ABABABAD@BAB@@@@AB@@@@@B@@@@@@@@@B@@B@@@@B@B@FBDA@@@BB@BCLDDBDBB@BDDJFFDBBFDXPFDHBH@HDJBDBB@F@B@DCBA@OFGGACF@@A@AAA@A@@A@@A@@@A@AAA@A@@@AAFE@@AAGAA@@@A@CACAC@AAE@@AA@AAHIHI@AOAG@A@A@@@@@A@@@BAFCDACA@@ECA@EE@@GE@@FCHEFCPKB@BAB@DC@@HGDCB@@AFCBADCDCDCBC@@EAGAGAGAC@@@A@@DCFGJCFCJEB"],"encodeOffsets":[[133552,47912]]}},{"type":"Feature","id":"230826","properties":{"name":"桦川县","cp":[130.723713,47.023039],"childNum":1},"geometry":{"type":"Polygon","coordinates":["@@TDV@P@L@Z@TG@ANEDCDAFCPEDEBABAD@JCB@F@J@H@FAFAHAFAFCHGFCB@DAHAB@D@FBF@B@D@DBB@JAJ@@ADABCDADAD@B@DAB@DAF@dBVF^JJHFFJL@@BFFHDBJJDDDB@BNDNHD@DBB@@@L@F@B@N@D@DBDDDDB@@@BCB@@ABADAFABAD@DADAB@BAD@B@DAH@D@B@B@@BB@B@B@@@B@BAB@BAB@@@B@B@B@B@B@@BB@B@B@B@BBB@@@B@B@B@B@BBB@@AB@B@B@B@@AA@BA@@BAB@B@B@@@B@B@BAB@B@@@BAB@B@AAB@B@B@@@B@B@B@B@@@@AB@@A@@AA@@@A@A@A@A@A@@AAA@@@AAAA@@AAAA@@@AAC@A@A@A@ABCBCBE@CB@@A@@AA@AACAAAA@AAA@@@ABA@A@@BADCDC@@@A@@@@@A@@@@BA@A@C@A@C@C@@@A@A@@B@@ABAFCFCDADCFAFCDAHCDAFAB@BAHCDADABABC@A@@BA@A@@@C@C@A@@@AB@@AB@@@BAD@DAB@@@BABA@@BABABCDC@A@AB@@AAA@A@AACAA@@CC@A@@AACMAG@@@@@@A@B@BA@@@@@AEOAEAE@A@@KBIBGB@@A@@A@@K@KAMAG@A@A@IA@@A@C@C@A@A@CAA@C@@@C@C@@@EAE@C@A@C@A@EAC@@@A@@@C@A@CAC@E@E@CA@@ABI@C@I@C@C@A@E@E@G@E@E@E@G@C@C@E@C@G@@@@A@@@@@A@@@@@A@@@@@A@@@AA@@@@A@A@A@A@@@A@A@A@A@@@A@@@@@A@@@@@A@@@A@@@A@@@@@@@A@@@A@A@A@@@@@A@@@A@@@C@@@A@@@@@A@@@@@A@@@A@A@@@@@C@@@@@A@@@A@@@A@@@A@@@A@@@@@A@@@A@@@@@AA@@@@@@AA@@A@@AAEAUEcIWG]IcKEAoMOEC@CAAAIAWG]I]G]I]IEAA@U@_BE@@AE@AAI@@@I@GAG@EAG@ËM@BADAB@BAB@BAB@BAD@@AB@B@@AD@BA@@@CAAJAF@BEDMLGHGAA@EE@AOMCCA@AA@@GCKG@BA@ADCDADADA@@B@@@@A@@@@@A@AAA@@BADABADABABCD@@AAECA@AA@@CAKCAA@@A@AACAGECACAAAIEC@ECAA@@A@SKMGA@@AA@A@AAA@C@A@AAA@@@A@@@@@AA@AEGCBC@ABABABA@AAA@A@@@A@AAA@A@A@AA@@A@AAA@A@A@@AA@A@A@AAA@@AA@AA@AA@A@CEI@G@E@E@G@G@_@ABI@@BGBEBC@@@A@A@CBA@A@ABA@A@ABEBCBCB@DBD@J@JBD@@@@A@CBI@CBAA@IAG@GAB@\\I@@@A@C@AC@C@E@GAC@A@C@A@@@A@A@C@AAA@C@C@A@@ABA@C@A@CBA@C@A@@G@C@C@AAA@A@A@A@C@A@@C@ABE@C@AB@@@@AB@@A@@@@@@@CBA@EBG@A@@CAAAA@@@C@A@E@A@A@A@AAA@A@@@AB@@AAC@A@A@@@A@A@A@C@@AC@A@@@A@@@@@@@@@GJ@BABAB@BAB@B@B@B@B@@A@@AAAA@AAA@AAAAA@AAAAA@CAAAGCEACACAAAA@ACAAAA@A@A@@@A@@@AA@AAA@@@@AA@@@B@AAAA@@AAA@AAA@A@@@AAA@@@@@@@@ABA@A@@CACAC@AAGAC@GAA@CAC@A@EAA@C@CAA@EAGC@B@@@@A@@@@B@B@@@B@B@B@@A@A@C@A@C@A@C@@@@@AB@@@B@@@BA@A@C@@@CAE@C@EDEDCBABGAICMC@C@CBE@C@A@CAA@E@CAC@A@E@AAC@A@ABABA@CBC@CBA@@@A@A@A@AAA@ACACCAAA@CACA@AAA@@@A@AB@@A@A@ABCBA@A@@BA@A@@BA@@BA@A@CB@@CBA@A@ABC@CBE@CBE@CBC@@@@@@B@B@H@B@@@B@@@J@FAN@H@D@L@B@D@D@D@@@@@@ABA@CBA@A@ABA@ABC@C@C@A@@B@@ABABAB@@ABA@@B@BAD@BAB@DABAB@@ADABA@A@A@C@AAA@AA@@ABA@@BC@@@AAACAA@AA@@A@A@@@A@@AACAA@ABA@A@A@A@AB@BA@@BAB@@A@ABABAB@B@BAB@HCD@DAB@B@B@BA@AB@@A@@@CAA@CBA@A@@@A@AA@@@@AA@A@@A@@@A@@AAA@@AA@@@@@B@@A@@@@@@@A@@A@@A@@CA@@A@@AA@@@A@A@AA@@@@@AAA@@@AA@@AA@@AAA@@@A@@@@@A@@A@@A@@@@@@A@A@A@@@AA@@@@@A@@@ABA@A@@@A@@@@BA@@@@@AA@@A@@AAA@@A@@@ABA@@@A@@@@@@@@AA@@AA@A@@@@BA@@@CA@@A@@@@@AA@@@@A@A@@@A@A@@@@@AB@BAB@DA@@BA@@B@DA@@BAB@BA@AB@@A@@@@AA@@A@@A@@AA@@AA@A@@@A@@@A@@@@@A@@B@@AB@@A@@@@@@@@@@@@@@@A@@@A@@A@@A@@@@AA@@@@@@@A@@A@@@@A@@AA@@@@A@@A@@@@@@@@@@A@@@A@@@A@@@@@@A@@@A@@AA@@@@@A@@@@@@A@@@A@@AA@@@A@@A@@@A@A@C@@@@@@BA@@B@B@B@@@BA@@BA@@@AB@@@@A@AB@@@@A@@@@@A@A@@@A@@@A@@@A@A@@@AAAAA@AAA@@@@A@@A@@A@@@@A@@@A@@@AAA@@AAAAA@AAA@@@@A@@A@@@A@AA@AA@@@@AAA@@@AA@A@@@@AA@@A@@A@A@@A@@@@@A@@BA@@BA@A@@@@@@@@AA@@A@A@@AA@A@AA@@A@@@A@@BA@@@@@@@A@@@@BA@@@A@A@@@A@@B@@A@@@AA@@A@A@@@@AA@@AA@@@A@A@A@@@AA@@@@@@@@AB@@@@A@@B@@@@A@@@@@@A@@A@@@A@A@A@CA@@A@@@A@@@EBAB@@A@@@ABA@@@AB@@A@@@AB@@A@@@ABA@ABA@ABA@ABA@@BABA@A@@@A@@@AB@@ABA@@BA@AB@@A@@@AAA@AAA@AA@@AAAAAACAAAA@AAAAAACAACA@@A@@A@AA@@@@@AA@@@A@A@A@AA@@A@@@AACA@@AAAAAA@AA@@AA@@@AAA@A@@AA@A@@@A@A@C@ABA@@@A@A@A@AAC@C@A@@@@@AAA@A@A@@@AAA@AAA@A@AA@@A@A@@@A@A@@@AB@@ABCBA@@@A@AA@@@@@@A@@@@@@@A@@B@@@@A@@@@@ABA@ABA@@@@@A@AB@@A@A@AB@BA@@BA@ABA@ABA@ABABA@ABABCBABA@@@@B@@A@@B@@@@@BAB@@@@@B@@@@AB@@@@@@ABA@AB@@@@@@@@@BBBB@BB@@@@BB@@@@B@B@@@B@@@@BB@A@@B@BA@ABAB@@AB@@A@@@@BB@@@BB@B@@@@A@A@ABA@A@AB@@ABAB@B@@@@@BA@@B@@A@A@@@AB@@@@B@@@@B@@B@@B@B@@@@@B@@A@AB@@C@A@A@A@CAA@AAA@@@A@@@A@@B@B@B@BAB@@@@@@@B@@@@BBBB@@BB@B@@@@@BA@ABA@A@A@@BA@AB@@@B@BAB@BABA@ABCB@@A@@@A@A@@@A@@BA@@@AB@@A@A@@@A@A@A@@@@@AB@@@@AB@@@@@B@@A@@B@@@B@@A@@B@@@@AB@@@@AB@@AB@@@@@@@@@BA@@@@@@@@BA@@B@@AB@@A@@@A@@@@@AB@@@@@@@B@@@B@@@BB@@@@B@@@@@@@@@BB@@BA@@@@@@BA@@@A@@B@@A@@@AB@@AB@B@@@@@B@@@@@B@@@@@@B@@@B@@@B@@@@@B@B@@@@@B@@@BAB@@@B@B@@B@@BBB@@@@@@BBB@@@@@BB@@@B@@@BBB@BB@@@@BB@@@BB@@B@@@B@@BB@@@@@B@@@B@@@B@@@B@@@@B@@BBB@@@@@BB@@B@@@@@@@B@@@B@@@@@B@@@@@B@@@@@B@@@@@BB@@@BBB@@BB@D@BBB@@BB@BB@@BBD@@@@BBB@D@D@D@BAB@@AB@@@@AB@@@BA@@B@BAB@B@@@BFBD@DBFBJDDBLDLFFB@@@B@@B@D@HBD@D@@B@B@DADAH@B@FAB@FAF@BAD@B@BEBCBIFCBGFID@@@@BDDDDFDHDFBFBDDFDFDF@@ABCDCDGFEFCDABGHCBABABABCBCDGFGHED@@A@ABA@@BKAIAI@AAE@@BA@@B@@A@@B@A@@@@@@AB@@A@@@@@@@A@@@@@@B@B@@@B@@A@@@@@B@@BA@@@@DAB@@@B@@BDBB@B@BBFABEL@@ABBB@BB@BB@@B@@@@BB@@@BBB@@@B@DB@@B@BBB@B@@@BBB@@BB@@@BB@@B@@@B@B@@BB@B@B@@@B@@@D@B@@@B@B@@@B@@@@@BB@@DB@@B@@@BBBDBBBBB@DBB@F@FBDBB@B@BBDBB@@BBB@@@@@B@@@@@@BB@@@@D@D@B@B@D@D@B@B@BBBA@A@AFBB@B@F@HB@@@@DADA@@@@BBB@B@B@@@BAB@F@J@L@B@B@D@L@@A@CBE@ADFFF@@BBBB@BB@@@@B@@@@@B@@BBDFB@BDBB@@AB@BAB@BCDADAFCDADAD@BOCBD@F@DBB@B@F@BD@D@@@@@B@DBB@FBB@D@@@JBB@JDF@D@BBD@B@DBAFADETELAJIAA@CAC@AAA@QOAACA@@@@CAIEICGCOGC@EA@@ABAB@@ABA@AB@BA@@BA@ABA@A@A@ADCFPBHBBD@B@B@@BBB@@BB@@BBB@@BB@@BB@@BB@BB@@B@@BB@@BB@BB@@BB@B@B@B@BBB@B@@@B@BBB@B@B@@@BBB@B@B@B@@BB@B@@N@DBN@@@@@B@B@@@B@@@B@@@B@B@@@B@@@B@@@B@B@@@B@@@B@@@B@BACAACC@@AA@@AA@@CC@@AAAAAA@B@@@BB@@B@BBB@B@@@@A@@B@@BD@D@DBB@DBB@@@B@@B@@@BBB@B@BBB@@@BBB@B@B@BB@@B@B@BBB@B@B@@BB@B@BBB@B@@@DB@@@BA@@@A@@@A@@@@@@@@B@@C@@@@B@@B@@B@@@@@@A@@@AA@@@@A@@@@DBB@@AB@@@@A@@@@@AB@AA@@@@@@B@B@@A@@@@@A@@@@@@@@@@@AB@@B@@@A@@@@@A@@@@B@@@@AAA@@@@@@@AB@A@@@@@A@A@@A@@@@D@@AB@@B@@@@@B@@@B@@BA@@@@@@@@BA@@@@@B@@@B@@@@@B@@@@@AB@@A@A@@B@@@@B@@@B@@BA@@B@B@@@@AA@@@@@BB@@BA@@@@@@@@@@@DB@@@@@AB@@@B@@@@@@B@@@@AB@@@B@BA@@@A@@@AB@@ABA@@@ABA@@@C@A@A@@BAB@@@@@BD@BB@DBBBBBBBBBBBD@@DBD@B@@BABAB@B@@BDDDDD@@@B@BCB@B@@B@D@B@@BBBB@DBB@DDI@IDIBIDDDFD@B@@DD@BHDD@LDDBDBPFrPLBL@LEVQBABAHCLAH@D@FBLJJFDBJD@@BBBB@@BBBF@RADBDDLBB@BFDNVFJB@LHLFNDB@DBDDDDFH@HALAH@HDFHBHAHAFAJ@JBLBJDLDHFBFBFAFADEFEDCD@F@FBH@ZBFBDFDNFF@RDZAHB`H\\BV@JBFBBDBDBBDBDBB@D@JCPCPBXNx\\RNDBJDDBF@JALAREdC^C^@L@XGFATINGPKLEL@RBRFDFDJBLDFFFPDLBHBFD"],"encodeOffsets":[[134297,48356]]}},{"type":"Feature","id":"230822","properties":{"name":"桦南县","cp":[130.570112,46.240118],"childNum":1},"geometry":{"type":"Polygon","coordinates":["@@@@B@B@B@@@B@@AB@@@@A@@@ABA@@@AB@@AB@@@B@B@@@B@@AB@@@B@@@B@B@@@B@@BB@@@BBB@@@B@B@@B@@BB@@@@@B@@BB@BB@BB@@B@@BB@@@@@@AB@@@@A@@B@@@DC@@@AB@@@B@B@B@B@B@@AB@@@@@BB@@@@BB@@@B@@BB@@@B@B@@@@@B@@@B@@B@DBD@@@B@@@B@@@@@@@B@@@@@B@@@@@@@@@@@@@B@@BB@@@B@B@@@B@@@BA@@B@@ABAB@@@B@@@@@B@B@B@BAB@B@@@BB@@B@@@@@BA@A@@@AB@@A@A@A@A@@B@@AB@B@@@BA@AB@B@@AB@@@@@B@B@@@BAB@@@B@BA@@B@@AB@@@@@@A@@@@BA@@@@@@@AB@@AB@@@BADAB@BA@@@@@@B@B@@@B@B@BA@@D@@@B@B@@@D@B@@@@@BA@@B@BA@@B@@@DB@@@@BB@@@@B@B@@BB@D@BBB@B@BB@@B@B@B@BB@@BB@@B@@BB@@@B@BBD@BBD@DB@@B@B@B@BAB@B@@@B@B@@AB@B@@@B@B@B@B@@@@B@@@B@@@B@@B@B@@BB@@@@@BAB@B@B@BAB@B@B@B@B@DAB@@AB@@@DAB@@@B@@@@@B@@@@@@@B@@@B@@@B@@@B@@@BBD@BB@@B@B@DB@@B@@@@@B@@@B@@@BA@@BA@@@AB@@A@@@@B@@@@@@AB@@@@@B@@@@@@@@@B@@@@@BA@@BA@@BAB@B@@@B@B@BA@@B@BADAB@@@B@D@B@@@BAB@BAB@@AB@@@BA@@BA@@BA@@@@@@@A@AA@@AB@@@BA@@@@@A@@B@@A@@BA@@@@@@BA@@@@@@@A@@@@@AB@@@@A@@BA@@@@@A@@@@@AB@@@@A@@@A@@@@@A@@B@@@@@BA@@@@@@BA@@BA@@@@B@@A@@@@@A@@@@BA@@@@@@BA@@@A@@B@@@@@@A@@@@@A@@A@@@@AB@@@BAB@@@BA@@B@@AB@@@@A@@@A@@@@@A@@@@@AA@@@@A@@@@AA@@@@B@@A@@@@@AB@@A@@B@@@@A@AB@@@B@BA@@B@@@@A@@@AA@@@@A@@@@BA@@B@@@@AB@@@@@@@@A@@@AA@@@AA@@@@@A@@@A@A@@A@@A@@C@A@@@A@@A@@@A@@@ABA@@@AB@AAB@@A@@B@B@@@DA@@B@@@BA@@@A@@@A@@@A@@@A@@@A@@@A@@B@@A@@BA@@@@@A@@B@@@B@@@B@B@@A@@@@BA@@@@BA@@B@@@B@@@B@B@@@B@B@@AB@DA@@@@@@B@@@@@BAB@@BB@F@B@BA@@B@@@BA@@BA@@@@@@B@@@@@@@@@B@@@B@B@BAB@@ABAB@@@BAB@BAD@B@B@@@B@BAB@BAB@BAB@BABABABABCBAB@@ABA@@@A@A@A@@@A@@@A@@@A@A@@@A@@AA@@@C@A@CAAAC@@@A@A@A@@@A@A@AA@AA@@@AAAAA@@A@@@@A@@AA@@@@@@@A@AAA@AAA@AAA@@@@@@@A@@@@@@BAB@BAB@@AB@@A@A@@@@@@@C@@B@BAB@B@D@B@BAD@BAB@DADABADAD@DAB@B@@AB@BAB@B@B@DADAFAB@DAB@BA@@@A@A@@@A@@@A@A@@@A@@A@@@@@AA@@A@A@@A@@A@AAA@@A@@B@BA@@BA@@@A@C@CBA@AB@@A@A@@AA@A@@@ABA@@BAB@B@@@D@B@B@B@B@B@DA@@BABABA@@B@B@@@BA@@@@DAB@@A@ABA@@BA@@B@BAB@@@BBB@@@@BB@@BB@@@BBB@@B@@BB@@@BB@@BB@@@D@@@B@@@B@@@B@B@@@B@@@BA@@@A@@@@B@@@@@B@DAB@B@@@B@DB@@@@@@BA@@@A@@BA@@BAB@B@@@BA@AB@@@BBB@@@B@@@B@B@BAB@@@@@B@@AB@@@B@B@B@@@@@BBB@@BB@@@BB@@@@BB@@BB@@@@@@B@@@B@B@@@B@@@D@@@B@@@B@B@B@@@@@B@BAB@B@@@@@BA@@@A@A@A@@@A@@@@BA@@B@BA@@@@@@@ABAB@@A@@B@@AB@B@@@B@@@B@B@@@@@B@@@@@B@@@@AB@@A@@@ABA@@@AB@@@@A@@@AA@@A@A@@@@@@B@BAB@@@B@@BB@@@BBB@B@@@B@@@B@B@@@BAB@@@@@B@@@B@@AB@B@@AB@@@@AB@B@@ABABA@A@AB@B@@AD@@@BBB@@@@@B@@@B@B@BB@@B@@@B@BABA@@B@@@B@@@B@BB@@BBBB@BB@B@@BB@B@BBBBB@B@@@B@B@@@@AB@BAB@@AB@@@B@@@B@BB@@BB@@BBBB@@@@B@@B@@@B@@B@@@B@@@BAB@@@B@@AB@BAB@@@B@B@@A@@B@BAB@BAB@BA@AB@@@B@B@@@B@@@BA@@@@BABA@@@@BA@@@@B@B@@AB@B@@@@AB@@@BA@@@@B@@@@@B@@@B@@@@@B@@@@@B@B@@AB@@@B@B@@@B@@AB@@AA@@A@AA@@@@A@@BA@@@@BABA@@B@@A@A@@BA@A@@B@BC@@BA@@BAB@@AB@B@@A@@@@@A@@AA@@AAA@A@A@@@A@BA@@@A@@@@@@@@@A@@A@@AA@A@A@@@@AA@@@A@@@@@AA@@@A@@@A@@@A@@A@@A@@A@@@@A@@@A@@@@@AA@@@AAA@@@A@@AA@@@A@@@@@@@A@@@A@A@AA@@A@@A@@@A@A@A@@@@@A@@@@@AA@A@@BA@ABCBA@A@@BA@ABAB@@@BA@@BA@@BA@ABA@A@@@AAA@AAAAAAA@AA@@A@A@@BA@A@@@A@G@A@AAA@@@AA@A@@B@@A@@@AAC@@@AA@AAA@@AA@@AA@ACAAAA@@A@ECA@@@@@B@@@B@BA@@B@B@@ABAB@@A@@A@A@@A@@@A@@BA@@BA@A@@BA@A@@@A@A@@@A@ABA@A@@@A@@@A@@@@A@@@@AA@A@AACAA@AAAA@AA@@A@A@@@@@A@@AAA@AAAAAAA@A@A@C@A@A@@@A@@AA@@AB@@AAC@@@A@AAA@@A@@@C@ABA@@@AAA@A@A@@@A@A@@@AAC@@AC@AAA@AA@@AAA@A@A@ABA@@@AB@@AB@@AB@@A@A@@@@@AA@@AA@AA@@AA@A@@@AA@@AAA@A@A@AAA@@@A@A@A@A@A@@@@@@@A@AB@@A@@@A@A@@AA@AA@@A@C@@@A@A@A@C@A@ABA@A@ABA@A@A@A@C@A@A@AAA@AAAA@@AAAA@@@A@@@@A@C@A@@@AA@@AA@@A@@A@@BA@@@AB@BA@@@A@A@A@AA@AA@@A@A@AA@@@A@@@@@ABABA@@@A@@@@@@@A@@A@A@A@A@C@@@AA@@@AA@AAA@@@AA@@@AB@@A@@AA@@@A@@@@@AB@@@B@@A@@B@@@B@B@B@BA@@B@@@BABA@@B@BA@@B@BA@@@@BA@AB@@@B@@A@@@@B@@@@@B@B@@@DA@@B@@A@@B@@A@A@@BA@@B@@A@@@A@AB@@A@@@A@@@A@A@AA@@AAA@AAAA@@AAAAA@@@A@A@@@A@@A@A@@@AAA@@A@AA@@A@A@A@A@@A@@@A@A@@@A@A@A@AA@@AA@@@@@@A@@@ABA@A@A@C@A@@@ABA@@@@AA@A@@@AA@@@A@@@@AAAA@@@A@@BA@A@A@@AA@AA@A@AAC@A@@AA@@A@A@@@AAA@@@@@AB@@AB@@A@@@A@@AA@AA@@AB@@A@ABABA@AB@BAB@B@B@@A@@@A@A@A@A@@@A@ABA@ABABA@C@ABAB@@ABABC@C@@@E@@B@D@DBB@B@B@B@BAD@BABABC@CBA@C@A@A@@@A@C@CA@A@AAA@@AA@@@AA@AAA@A@@@A@@@@@A@@@A@@@@@AA@@AAAAA@@A@@A@@@@BA@@BA@@@@@A@@AAAAACA@ACA@@AAAA@A@A@C@A@CAA@A@AAA@AA@AAA@@A@@@@@@@@BA@@B@@@@ABA@@@AB@@@@@@@@@BA@@@A@A@AA@@@AAAA@A@A@@@A@CAA@AACA@@@A@@@@@A@@@@BA@@@@@@@@BA@@@@@@@AB@@@@@AA@@@@AA@AA@@@BA@@@@@A@A@A@@B@B@B@B@@@@AB@@@BA@@BA@@@A@@@A@@@@@A@@@AA@@A@A@@A@@@@@AA@@A@@@AAAAA@@@AAA@A@@@@A@@A@@A@A@A@A@@AA@@@@@A@AA@@A@A@@B@@A@@@@@A@@@@A@@A@@A@A@@@A@A@@@A@@@A@@@@@A@@AA@@A@@A@@@@A@@AA@@B@@A@A@AB@@A@@AA@A@@AA@@@@AAAA@@AA@@AA@@@A@A@A@@@A@@@A@A@@@A@@@@A@@A@@AAA@@AA@@AAA@A@@AA@@AC@@A@@AA@@@C@A@G@C@A@@@A@A@A@E@A@A@ABAAA@@@AAA@AB@A@@@@@@A@@A@@A@@@A@A@@@A@A@A@@@ABC@ABA@A@E@ABC@C@A@A@@@A@A@A@@@AB@@A@@@A@@@A@A@A@A@A@CAC@CACAA@@@A@@@@BA@@BA@AB@@@@A@@@A@@@A@@@@@A@@AA@@@A@@@@@A@@B@@A@A@@BA@A@A@@@A@@@A@@@AA@@A@@@@@AAA@@A@@A@@@A@@AA@@@A@@A@@BA@@@@@@@AA@@@@@@@A@@@AA@@@@@AA@@@@@A@@@@@A@@@AA@@@@@@A@@@@AA@@@A@@@AA@@@@@@A@@A@@A@@@A@@@ABA@A@ABA@ABA@@@A@AB@@A@@@@@AA@@@@@@A@A@A@@@A@@@A@@BA@@@ABA@@B@@@@A@@@A@@@A@A@A@@@@@A@@BA@@B@@@B@@@B@@@@AB@@A@AB@@A@ABA@A@@@AB@@A@@@A@@@A@@@AB@@A@@@@@A@@BA@@@A@@@AA@@@@A@@@@@AA@@A@@AA@AA@@A@@@@@@@AA@@@@@@AB@@A@@@AB@@@@A@@@@@A@@B@@@@@@AB@@@@A@@@A@A@@@A@A@A@A@@AA@@@@@A@@A@@A@@@A@@AA@@@@@@@A@A@@@AA@@@@A@@@@@A@@B@@A@@@A@@@@AA@@@@@AA@@AA@@@@@AA@@@@@A@A@A@@@A@@@AA@@A@@@A@@A@B@@@@@B@@AB@@@@AB@@A@@@@BA@@BA@@@@@A@@BA@@@A@@@@@A@@@@@AACA@@@@AA@@A@@AAA@@@AA@@@@AA@@@AAA@A@@@A@@A@@A@@A@@A@@A@@A@@AA@@@@@@AA@@@@@A@@B@@A@@@@@AA@@@@@@A@@@A@@B@@@@A@@@A@A@A@@@A@@@@@A@A@A@A@A@A@@@A@@@A@@@A@@@@@@B@@AB@BA@@B@A@@A@@@A@@AA@AA@@@@AA@@@@@A@@@@@@A@@@A@A@A@A@@@AB@@@@A@@@@@@@AA@@@@A@@@@@@@A@@@AB@@@A@@A@@AA@@@@@A@@A@@ABA@C@A@A@@@A@ABC@A@AA@@@@@@@@BA@@@A@@@@@@@AA@AAAAA@AAAAA@@@@AA@@@AA@@AA@@A@@A@A@@@A@@AA@A@AAA@AA@A@@@A@A@@@@@@@A@ABA@A@@@A@A@@@@@A@@@AB@BAB@@@@@BA@@@ABA@@@ABA@AB@@AB@@A@A@A@A@ABC@G@I@G@A@CA@@A@A@A@@@A@@@A@CAA@A@A@@@A@A@A@A@A@AA@@AACAA@AA@@AAA@AAAAA@@A@ABA@A@@@A@A@AAA@@@AB@@@B@@AB@@@@A@@BAB@@AB@@@@A@@@AA@@@@@@@@A@@@@@A@AB@@@@AB@@@@@@A@@@@B@@@BA@@@@BAB@@A@CB@@A@AAC@@AA@A@@A@@A@A@@AAAAACA@@@@AA@@AA@@ABA@A@@@A@@@A@@@AA@BA@A@@@A@A@AA@A@@ACBA@A@@@@BB@@@BBA@@B@B@@@@A@@@A@BA@@AA@@A@@BAB@@@BBBA@ABAA@@AAA@A@A@A@@BA@@BA@AAAA@A@AA@@@A@A@AAA@A@CB@@A@EAC@A@A@A@A@A@A@@BA@@@A@ABA@@BABB@@@BBB@B@@BABA@ABA@@B@B@@B@B@@@D@@@@@BBA@A@ABA@A@@B@@@BBB@@@B@@ABC@A@C@A@AA@@BA@@@@@AA@ABA@@BA@AAA@A@@@@B@@BB@@BBAB@@A@A@@@AAAA@@ABC@@BA@@D@B@BA@ABA@A@A@A@A@A@@BA@@B@@A@A@ABABAB@@A@A@A@@BB@@B@B@@A@AAC@@BA@AB@@A@@@@A@AA@@@A@ADABA@A@ABA@ABA@@@AAC@A@A@@@@B@B@@A@A@A@C@C@A@A@C@A@ABA@C@A@AB@@@B@@B@BBB@@BB@B@@B@@AB@@@BB@@@@@@@@BA@C@A@A@@BA@A@@@@ABAA@A@@BA@ABA@C@C@ABA@@BA@BB@@B@BB@@@@@@C@@BA@A@@BAD@@A@A@A@A@@B@B@B@BA@A@@@AAA@ABB@BB@@BB@BAB@@BBB@BA@@@@B@@B@@AB@@A@A@@@@BB@@B@@A@A@@AA@A@@BAB@@@BB@BB@B@BA@A@AB@@BBA@AB@@A@A@@@@A@A@@CAA@A@@@@B@B@@A@@AA@@@A@@@ABA@A@AAC@A@CBCBA@A@@B@B@BBBBBBBA@@BA@AAA@AAA@A@AB@BA@A@@BABA@A@A@CBCBC@AB@@A@@AA@@@AAAB@@A@@BA@@@A@AB@@BB@@B@B@BA@BB@@BA@A@@BA@@@@B@@BB@@@BCD@BAB@@AAA@@B@@ABA@@@A@@A@AA@@@A@AB@@A@A@AB@@@BA@@@CA@@@B@@@@BB@@@BC@@@@B@@AB@@@@AAA@A@A@ABA@@@A@@A@@AA@@ABA@@@@@@A@@BA@A@@@A@@A@@@A@@B@BA@@@A@A@@A@A@@AA@@C@A@@BA@@BA@@B@@@B@@BBB@@B@@@@A@A@A@@AAAA@A@A@A@A@@@@@@A@A@@A@@BA@@B@@C@AB@@@@@@BB@@BB@@@@ABCBA@ABA@@@A@@BB@B@@B@@A@ABA@A@AB@@A@@@@AA@@@C@A@A@A@@B@@@B@BA@C@@@AA@@A@A@AAA@@@AB@@BBBBB@AB@@@@A@C@@BA@@@BB@@BBB@B@@BA@A@ABC@@@@@BB@@@@@B@@A@A@@@@@BBB@B@BB@@B@AB@@C@@@@@@BB@@@@@@B@@@B@@@B@@@@A@@@@BA@@@A@@AAA@AA@@@@BA@@BB@AB@@A@@@@AAB@@B@@@D@BB@@@@BBA@@BA@@@A@@@@@BB@@A@A@@@@@AB@@A@@@@AB@@@@@@AA@A@@@A@@@@A@@@@A@@@AB@@@BA@@A@@@@@A@A@@AA@@A@A@ABA@A@AACA@@A@AB@@@BB@@B@@@@AB@@@@@@@@BBB@@@@@@BA@A@A@A@A@AB@AA@A@@@AB@@@B@@AB@@A@@A@@@AA@@@@@AB@@@BB@@@@B@@A@A@@@BB@@A@@@@@AA@@A@@@A@@B@@BBB@@BA@@@@BA@A@@@A@@@@@A@@AA@A@@@AB@@@BA@@@@@A@AA@@@AA@A@@BA@@BA@@@A@A@@AA@ABA@@@AAA@A@@@A@A@A@ABA@@B@BBB@@@@@@ABA@@@A@@BA@AA@@A@@BA@A@@@AA@ADA@@@@@ACAAAA@@@ABAB@@AAC@AAA@AB@@@@@B@@ABA@@@A@@BBB@@ABA@@@AA@@@AAA@@A@@B@@BB@BA@ABA@@AAAA@A@@@@@@BBD@@A@ABA@@BA@@BB@@BA@@@A@C@@@A@@@A@@BA@@@A@A@@A@AA@AA@@B@BA@@@@@@AAA@A@@@AB@@@BB@@B@@ABA@ABA@@@AA@@AA@@@@C@A@CBA@@@A@@AA@AA@@A@ABA@A@@@ABA@@@A@CAA@AA@@A@CB@@@@A@@@CB@@A@AA@@A@A@@B@@@B@@AB@@@BB@@@@@@BA@A@A@@BA@@BA@@A@AA@@@A@@@@B@@@B@@BB@@@BABABA@@@@@AA@@AAA@@@A@A@@@ABA@A@A@@BAB@B@@@@B@@@B@@@@@@B@BA@A@@A@@AA@@AB@@@B@@@@A@@A@@A@@@@@@BA@@@A@A@A@A@A@@@AA@@A@A@@@@@@B@@BBA@@B@@A@A@@A@@@AA@@@@@@@A@BB@B@@@B@@A@@@AAA@@@A@@@@AA@@@A@A@@@@@@BBBBB@@A@AAA@AB@@@B@BA@@@CBA@ABABA@AB@@@B@@BBBBB@@D@@@BA@CB@@@@@B@B@@@B@@A@A@A@A@@@AA@A@AA@@@A@@BAB@B@@AB@@ABA@@@@@A@AAA@A@A@@@@@@B@B@@@@A@A@AB@@@@@B@@B@@@B@@@B@@@@@@B@@@BA@@@A@CAAAA@A@@AA@@@A@@BA@A@@B@B@@@@@BB@B@@A@@B@B@@@@@AB@@AB@@AB@@AA@@A@A@A@@BA@@B@@BB@B@B@BA@@BA@B@@BB@B@B@BBABA@A@CAA@A@@BA@CB@@@B@BA@@BC@A@@B@@@B@B@@@BB@@@@B@BA@A@@@AAA@@@@B@@B@@B@BA@@B@@@@ABA@@@@@@B@@@B@@A@AB@@@B@@ABA@AB@B@@BBB@BB@@ABA@@@A@@AA@AAA@@@AB@B@@@BA@@@@@@AA@@@A@ABA@@@AB@@@BB@B@@BA@@BA@AA@AA@A@@BAD@@A@@@A@@A@AA@@@@B@@@BBB@@A@A@A@@BA@ADA@CBC@ABCBA@@B@@@BB@@@BBBAB@BB@@@@AB@@C@A@A@@BB@@@BBB@@@@D@@B@@@B@B@@BB@@BB@B@@B@@@BA@@AA@AA@@A@A@@BA@A@@B@@@B@B@@BB@@@BA@@AA@A@A@@@AB@@@B@B@B@@A@@@A@A@AAA@A@@@@B@@@@@B@@B@@@@BB@BBB@@@B@@BA@A@@@AB@B@@A@A@@B@@@B@BA@A@A@A@AB@@@@@BD@@B@@@@ABA@@B@@@@ABA@@BAB@@AB@@@B@BB@AB@AA@AACAA@A@@@@B@@BBB@BF@@BBA@@@@@A@A@A@AAA@@@AB@B@@@BA@AAA@@B@@@@BD@@BBB@BBB@@@@B@@A@@@A@AACACCA@A@A@CB@@@@A@@ABC@@@@A@@@AB@@@B@B@@DDB@@@BB@B@@AD@BA@@@A@A@AB@@@B@@A@@@CA@AA@@B@@BB@@ABA@A@CBA@A@@@A@AA@C@@A@A@A@@B@BABA@C@AAC@A@C@A@ABA@@B@B@B@D@@@BD@@B@BA@A@A@C@ABA@@BAB@BA@@@C@A@A@ABABABCBAB@B@B@BAB@@C@A@ABABAB@@AB@BA@ABC@ABABCB@B@BB@@BD@D@@BB@AB@D@BA@ABA@E@C@A@@B@@BDBBDB@@@BA@@BABA@C@A@@@@B@@@BB@B@F@@B@@@BCBCBCBE@EBA@G@CBAB@B@BAD@@ABA@@@CACAAAABA@@@@B@@BBBBBB@@ABA@AB@@@BB@@BB@BB@@AB@BC@A@C@A@@BA@@B@BAB@BA@AB@@@B@@@BA@A@@@@B@@A@A@A@AB@@@B@@BB@B@B@BABABAB@B@B@@@B@BA@@@A@@@CAAA@@@AB@@A@@AAA@A@C@A@ABABCBCDCBA@C@A@A@AB@@A@AB@@BD@BA@ABA@A@A@AAAAAAA@@BA@@BABA@A@@A@@@C@@AAA@ABA@@B@D@@@@A@AAA@A@@@A@@BBB@B@@AB@@A@A@A@A@A@A@CBA@A@AAC@AACBA@AB@B@BBD@B@BCBADAB@B@B@BA@@@A@AAA@@B@B@DAB@BA@A@AAA@CAAA@@A@AB@@@B@@BBB@B@DB@@@B@@@B@BA@ABA@C@A@C@ABA@CBA@A@@B@@@B@@ABA@@@@B@B@B@@BBB@B@B@B@@@@B@BABB@@BB@@@BA@@B@@@@BB@@@@@@@B@@@@@B@@BB@@@@@@@BB@@@A@@@@@@BA@@B@B@@BB@@@@A@@B@@@@@@@@B@@@@@B@@BAB@@@BA@@B@BA@B@@@BB@@@@A@@@AB@@@@B@@@BA@@@B@@@B@B@@@@B@@B@@@@@@@B@B@@@@@AB@@@@BB@@@A@@@@B@B@@A@@A@A@@AB@BB@@@@@A@@B@@@@B@@B@@@@@@@@AB@@@@B@@@@B@@@B@@@@@@@@B@@A@@@A@A@@B@@B@@@@A@@@BB@@@B@@@@@@B@@@@B@@@@@@@@BABB@@@B@FBB@@@@A@@@@A@@@@AB@@@B@@B@@DA@@BB@@@B@@B@@@@@@AB@@@AB@@B@@@B@@BB@@AA@@@@A@@B@BBBA@@A@@@@A@@@@B@@@BB@@B@FCDA@@@@B@@BA@@BA@@@@@@BB@B@B@@@B@B@B@@A@@@@@@A@@@BA@@@@@A@@@BA@A@BA@A@@B@BC@@BA@@@@@@@@@@@B@@B@@@B@@@A@@@@A@@B@@@@@@@@A@@@@BB@@@AB@BB@@A@@@@@@B@@@@B@@@B@@@B@@A@@@@@@BBB@@@@A@@@@@A@@B@@@B@@@AB@@@@@@B@@@@@B@@BB@@@@A@@@@B@B@BBB@BBB@@A@@BAB@@@@@@B@@@@@A@@D@BBB@@@@@BA@@@@BA@BA@@@B@@B@@@@D@@@@BB@B@@@D@@@@@@BA@@@B@@B@@@@B@B@@@B@@@@BA@@@@@B@B@@@B@@@B@@@@@B@B@@@@B@@B@@@@A@@B@@@@@@@BA@B@@@@@@D@@@@A@@@ABABAB@@AA@@@@A@@B@@@BBD@@@@@@A@@A@@@A@@A@@B@B@@@AA@@B@@@BAA@@@@@A@@B@AA@@C@@A@AB@AA@B@BAB@BB@@B@@AB@B@B@@BBA@@BA@@@@B@B@@@@@@A@A@@@AB@@B@@B@@@F@@@B@@A@@A@A@A@A@@A@@@@B@@@B@@@D@B@@@@A@@A@@@A@@@@@@A@@BC@@@@@A@@A@@BABA@A@A@A@@A@@@@B@@@B@@@B@@AB@@A@ADAB@@@@B@@@BA@@@@@@@@@D@B@B@BAD@B@@@ABA@@@AB@@@@@@D@@@B@@B@@B@BAB@B@BA@@B@@BB@@@CBA@AB@@B@B@@@@@@B@@B@@BA@@B@@@@DA@@B@@@@@ABA@@@@B@@@BB@@@BA@@@ABA@AB@@B@@@@@@A@@B@@BB@@@@B@@A@@BB@@DA@@B@AB@@A@@BB@@B@@B@BAB@@@@B@@AD@@E@@@@@@B@@@@BAB@@@@B@@@B@B@@@@A@@@AB@@A@@AA@@A@B@@AB@B@BB@@@BBBB@@@@FC@@@@@@@D@@@@D@@@BB@@@BA@@@@@@BB@@BB@@@@BB@@@@BD@@@@@AB@@@@@BB@@@B@B@@@@B@@@BB@@@BA@@@@@@BB@@@@B@@@B@@@@C@@B@@BB@@@BA@@@A@@@@B@B@BA@@@B@@B@@@@B@@B@@@BB@AB@@@B@@@B@@AA@@A@@@ABB@@B@DC@@@AB@@@B@B@B@B@B@@BAB@@B@@@@@B@@@B@@@DA@@B@@BAB@B@BB@@BB@@@@@@A@@@A@A@@BBB@BB@@@@AB@@@B@@B@@@@@@AB@@@BB@@@@BAB@@@@B@@AB@@@B@@B@@B@@B@@@@@BB@@@@BA@@@@@B@@B@@@@AB@@@@@@B@B@@@@@B@@@@@BB@@@@B@@@B@@@@C@@B@@@@B@B@@@ED@@B@@@@B@@@@A@A@@@BB@BDABB@DD@DBB@B@@AAABAHBBB@@ADB@BB@A@AB@DF@@A@AB@@@B@BB@BABBB@AB@@C@C@@B@BAB@D@@@BB@D@@BCH@B@BDDB@B@B@BAB@B@BBB@B@B@@A@@D@B@BDB@D@DB@@@B@@@@AD@@BBB@D@@@BBBD@DBDBD@BAB@BBBAFBD@DDB@BAFBD@BA@CBABAFIFCBCBABABADCBAB@B@@DFB@@BA@@HA@@@A@ABA@@@A@AB@@@@@B@BDA@@@@B@@@D@@@BABBB@@@B@B@BBB@B@@@DB@@B@B@@@B@@@B@@@@@B@@@DAB@B@DAD@B@BAB@B@B@B@B@@@B@@BD@B@@@B@@BB@@@B@@@@@B@@@@A@@B@@A@@@A@AB@@ABA@A@@BA@@@A@@B@BAB@@@@@B@BAB@@@DB@@@@BAB@@@B@B@B@B@D@B@@@@BAB@@AB@@AB@BABA@@BAB@@@B@@@@@B@@A@@BBDBB@@@BA@ABA@@@@BAFAB@BA@@DAB@BBD@B@BBD@@A@@@@B@@@@BB@@@@AB@@@@B@@@@BA@@BAD@@@D@@JL@@BD@@DDBB@BBH@@FD@@BB@BBBDF@@@L@HBF@H@J@@@@@BB@D@@@@@B@@B@D@BAJ@B@DFLBF@@F@AF@D@BAB@BA@@DAD@B@BAB@@E@AB@@ABCB@BA@@B@@@B@@B@DF@@@D@B@@ADADAB@B@@A@@@A@BBBB@BBBBBB@@BDB@@FDB@DB@A@@@@@A@@BA@@@A@@BA@@@A@AB@@A@@B@@@@AB@@AB@@@DAB@B@BA@AB@@A@@@A@@AA@A@@@A@@BA@ABA@AB@@A@AA@@A@@@A@@BA@@B@B@BAB@@@BA@A@A@A@@AA@A@@@@@A@@@@B@@@@@@@BA@ADABCBA@@@A@@AA@@@A@@@AB@BABA@@BAB@@AB@@A@A@ABB@@DBB@DBDBB@@BDB@@B@BB@@@B@B@BBB@@BBB@@B@BBD@@@@@BB@BAB@B@DAB@B@B@B@D@B@B@B@BB@@H@B@DA@A@@AA@ABADABAD@DA@@@@BA@@@@B@@AB@B@B@@AB@B@D@B@B@B@BBB@D@B@D@B@D@B@B@D@@AB@BABA@AB@BABAB@@@BA@AB@@A@@@A@A@@@C@A@A@@BA@AB@B@@AB@@@B@@@B@B@@@@@BA@@B@@@@@@@@@B@@@D@@@BA@@B@@A@ABA@@@@@@@@@A@@@@BA@@@@B@B@@@BA@@@@B@@A@@@@B@@ABABA@@B@@@B@@@@B@@BB@@@@B@@@B@B@B@@B@@@@@BB@@BB@BBB@BB@@BB@@@BBB@@@@B@@@B@@ABA@@@@@AB@@A@@@@B@@@@A@AB@@@A@@A@@B@@@@@B@@@BA@@B@B@@B@@B@@@BB@@@@B@@@BAB@BB@@B@@@BB@@B@@@B@@@B@@@B@@@B@B@B@B@B@@BB@@@BB@BB@@BBBB@@@@B@@@@@@BB@@@@BB@@BB@@@B@B@@@@@@@@B@@@@@@@@BBAB@B@@BD@@@BBB@@@@BB@@@B@BAB@B@B@@@BBB@@@B@B@@@D@@@BB@@B@B@@@DA@@B@B@B@B@B@@@@@BA@@@@BA@@@@B@@@B@B@@@BA@@BA@@B@@@@@B@@@B@@@B@@@B@@@B@@@B@@@BA@@BA@@B@@@BAB@B@@AB@@@@@@AB@@A@A@A@@@AB@@A@A@@@C@@@A@@@@B@@@@@@@@@@@B@B@@@BB@@B@@@B@B@@BB@B@B@B@@@B@BB@@B@@B@@B@@BB@@@B@@@B@@AB@BA@@DA@@B@@@B@@@@@@@@@@@@@B@@@@@@B@@@@@@@@@@@B@@@B@@@@@B@@@@BB@@@B@@@B@@@B@B@B@@@@B@@@@@B@@@B@D@B@B@@@B@@@@@@@@@@B@@B@@BB@B@@@B@@BB@@@B@@BBB@@BB@B@@@@@B@@@@@@@BA@@@BB@@@@AB@@@@ABA@AB@@@B@@@B@@@BB@@@@@BB@@B@B@B@B@B@@@B@@@B@@B@@BB@@@@BB@@B@@BB@@@B@@@B@@@BBB@BB@@B@@@B@@@BAB@B@@@B@@@B@B@@@B@B@B@BAB@@A@@@@@AAA@@AAAA@@@@@A@@@@@@BA@A@A@A@AB@@@B@@@B@BBB@DBB@B@B@D@@@BAB@@@@A@@@@@A@AA@@@@A@@A@@@@@BA@@B@B@@@@AB@@A@@@@@ABABA@@BAB@B@BAB@B@@@@@@AAA@@A@@A@@B@@@BA@@BABAB@@A@AB@A@@A@@A@@@A@A@@@@@AA@@@@AAA@AA@A@@@@@@@@BAB@BA@@@@@@BA@@@@@A@@@@BA@A@@@@@AB@@@@A@@B@BADABABAB@BABAB@BAB@BAB@@AB@@ABAB@B@@@BAB@@@@@B@BAB@BA@@@@B@@@@@@AB@@@@@@@B@@@@@@@BBB@@@B@DABA@@BA@@B@B@@@B@B@@@BBB@B@BBB@BB@@B@B@B@BB@@@@B@D@D@BBB@B@B@@@B@BAD@B@B@@@B@B@@BB@B@BB@@B@@BB@@BBBBBBB@@DBBB@@B@@@BBB@B@B@@@B@@B@@@@BBB@@@@BB@BDDBBBBBBBB@BBDBBBBBBB@@BBB@BBB@BB@@B@@@BAB@@AB@BA@@BA@@B@@@B@B@BA@AB@BAB@BAB@BAB@BA@@B@@@BA@@B@@@BA@@B@BA@@B@@@BAFA@@B@@@B@@@DBB@B@B@@@B@@@@B@@@@B@@@@@@AB@@@@@BA@@@@@@@@BB@@B@B@B@@@B@@BB@@B@@B@B@@@BB@@B@@@@AB@@@B@B@@@B@@A@@B@@@@@@@B@@AB@@@B@@@BBB@B@@BB@B@@@BB@@@@@@@@@BAB@@AB@@@B@@@@@BB@B@@@@BB@@B@@B@B@@B@@BB@B@@B@@BBBB@@@B@@@@B@@B@BBB@BBBB@@BB@B@@@B@@@B@@B@@@@BB@@@@@BB@BBBBB@B@@@B@B@@@B@@@B@@@B@B@@@@@B@@A@@B@B@@A@@B@@AB@@AB@@A@A@A@@@AB@@@@@@@D@B@B@@@BB@@@B@@BB@@@B@@@@@@@@B@@@@BB@@@B@@@B@@@@B@@@B@@@B@@@@@@@@@@@@BB@@@@@BB@@@B@@B@@@@B@@@@@@BB@@@@@BB@@@@B@@"],"encodeOffsets":[[133869,47724]]}},{"type":"Feature","id":"230811","properties":{"name":"郊区","cp":[130.351588,46.80712],"childNum":2},"geometry":{"type":"MultiPolygon","coordinates":[["@@@ACC@@@AECCCJCJAJCJ@CCA@CAA@AA@AA@C@A@@@@ADA@A@A@@CCCCAC@@@ABABA@AA@C@CA@@ACAAAAAAAAAA@CAAC@@A@@@@BA@AB@B@D@@@B@BA@@B@BA@@BA@@B@@@B@@A@A@@BA@@@@@A@@@@A@@@A@@B@@@@CA@@@@@@@@@@B@@AA@@A@@@@BB@@@@@A@AB@@AA@@@A@@@@@@AB@B@@@BA@@@@A@@@@@A@@@A@@@@@B@@A@@@@@@B@@AA@@@A@@@@@A@@@BA@@@C@@B@@@@B@B@@@@@BBA@@@@@@B@BB@@@@@A@@B@@@@@B@@@A@@@BA@@@@@@@@@@B@@@@@B@@@@A@A@@@@B@@BBA@@@@B@@@@@BA@@AA@C@@B@@@@@BB@@B@@@@@@@@AA@@@@A@@D@@@@A@@@@@@B@@@B@@@B@@A@@CA@@A@A@AAA@A@@AA@A@A@AAA@A@@@AAA@A@A@AA@@A@AAA@A@AA@@A@@@@A@@AA@CAA@C@CAC@@@AB@@@@@@AAA@A@AA@@A@@@ABBBBBB@@DD@@BB@@BB@@DDBBBD@A@A@@@A@@@A@@@A@A@@@A@@@A@@@A@A@@@A@@@A@@@A@A@@@@AM@C@MA@A@@AA@A@A@A@AA@@A@A@A@AAA@@@A@A@AAA@A@A@A@@AA@@AAA@@AA@@@AA@@AAA@@AA@@AA@@AA@AA@@AA@AA@@@A@AACGAOADEBCB@B@B@BAB@@AB@@ABAB@BA@@BABA@@FBD@PHHDJDJFDB@@@@DBBBRPB@BBD@DBB@JBBIFKFSBCBECAA@C@AAC@E@ICA@IA@@C@A@EAA@CAA@@@@@C@C@@A@E@AAA@C@EACPD@ABCBCDCBEBCDC@ABA@ABA@@AAACA@CEAA@@@A@@@@@A@@A@@AAAAA@@EECE@BAF@D@BK@C@A@A@K@I@E@A@AB@@A@A@A@AA@@@@CBCB@@@@GAE@A@A@EA@B@BABAAA@A@C@C@A@A@C@C@@@@@AA@@@@@@@A@@@@AA@AA@CAAAA@A@CAEAE@A@CAA@AAAAACAA@@A@@@CA@@AA@@@@A@@@A@A@@@A@C@@@A@@@A@A@A@@AA@A@@@A@@@AA@@A@@AA@AA@@A@A@AAA@@@CAA@@@A@AA@@A@z@@B@@@@BB@B@BBB@@@DEHBEH@PABCDA@E@A@CAIAGCIFKD@@C@IBQBA@E@CAC@EA@@CAC@A@CBCBA@CBE@E@E@E@GACAA@þB@TBB@B@D@DBAB@@B@B@BBBADA@@B@BBBD@@DA@@@@B@B@@@@B@D@@@B@@@@@@@D@D@B@@B@B@BBJDDD@@B@@B@BB@@BB@@BB@A@B@@@@@B@@@@@B@@@B@BB@@@@@@ABB@@@@@A@@@@@@BB@B@B@@@B@@@@@@@@@@AB@@@B@@@@@@@@BB@@@@@B@@@@@@@B@@@@@B@@@@@AA@@B@B@@@@@@@A@@@@@@A@@BB@@@@B@@B@@@A@@B@@@@@B@@B@@@@@@ABB@@@B@@@@@B@@@B@@@@@B@@@B@@A@@@A@@@@@@B@@@@@BA@@@@B@@@@@B@@@AB@@@@@@@@B@B@@B@@A@@@@@@@B@@@B@@@@@@AB@@@@BB@@@@@B@@A@@BB@@@AB@@@@@B@@@B@@BB@@@A@@B@@@@@@D@BB@@A@@@A@A@@@BB@@A@BB@@@@B@@@B@@@BA@@@@B@BBB@B@@@B@B@@@@@BAB@@@B@B@@@B@B@@@B@@ABA@@@@@A@@@@@A@@@@A@@@B@@@B@@@B@@@@@@@@@@@@@B@@@@BB@@@@@BA@@B@@@B@@@@@@@A@BA@@B@@B@@BA@@B@@@AA@@@@@A@@@AA@@ABAB@@@@B@@B@@A@@B@B@@@BA@@@A@@@ABB@@@@B@@@@@AB@@@@@@B@@@@@BB@@@@@@B@@@@@A@@@@A@@@@B@B@@@BA@@@BB@@@@@B@@@@@@@B@@@@@@B@@@@@@BA@@@@@B@B@@B@@@@BB@ABB@@@B@@B@@A@@@A@@@@@@@@@B@B@B@@B@@@@A@@@A@@@@@@@@@A@@@@@@BA@@@@@A@@@@@@B@@@@B@B@@@@@@@@@AB@@@@@@B@@@@@@B@@A@@@A@@@A@@@@@B@@B@@@@@@A@@@AB@@@@A@@@@@@@BB@@@@B@B@B@@@@@@@BA@@@@BB@@A@AB@B@@A@@@@@@A@@@@A@@B@@B@@B@@@@B@@@@BB@B@@@@@@@@@B@@@@A@B@@@@@@@B@@@@DB@A@@@@@A@@@@B@@@@B@@@@@@@@B@@@@@@A@@@@B@@B@@A@AB@@@@BB@@B@@AB@@@@@@@BBB@@@BB@@@@@@@@@@A@@@@B@@@@@@B@@@@BD@BBD@BBB@B@DB@@DBB@B@BB@@B@DBB@BBB@BBB@B@BB@@B@@@@B@@@B@@@@@@@B@@@@@@@@@B@@@@DBDBDBDBDBB@@BD@BBDBFDB@BBB@B@@@DBBBLKJD@BBB@@@@BBBBB@B@@BB@BB@@B@@@B@BBB@B@B@BB@@@@B@@BB@@BB@@B@@B@@@BABAFE@BDB@@BBB@@@@@@B@B@BABA@CBAB@B@@@B@@@B@B@@BB@@BBDB@@B@@BB@FBBBB@B@DBDBB@D@B@BBD@D@D@D@BAB@@@B@B@BAB@B@@AB@BAB@@@BAB@B@@A@@B@@@B@@AD@BAB@@@BA@@B@BAB@@AB@B@B@B@@@"],["@@@A@@A@@@AAA@@AAABA@@FKBAAE@A@AAAAC@@@A@@BA@C@@B@@AA@@@@@B@@@@A@@@A@A@@@@B@@@@@@@B@@@BA@@@@@@@B@AB@@@@AB@@AF@BBJ@JBLB@AB@BAB@@@FCHGHEDCDABABABADAHGBADCFEHEDCDCBA@@CECECEACAECECGCECCAC@@@@JCHEDAJEDAFA@A@ABC@ABE@EBA@E@ABGBC@C@A@AC@C@GAC@A@@@@A@@EAKEKCCAICEACAC@EA@A@@@ABA@A@AB@@A@@BA@@@@BA@@BA@A@C@C@CAA@A@@C@AA@@AAA@@AA@AAC@A@@AA@AA@@A@@A@@@@@A@@@@@A@@@@@A@@@@@A@@@A@@@@@@@AA@@A@@@@AA@AA@@@@@@A@@@A@@@A@@@A@@@@AA@@@A@@@AA@@A@@AA@@@@AAA@AA@@A@@@A@@A@@@@AA@A@@@@A@AA@@@AA@A@@@A@AB@@A@@@@@A@A@@@@@A@@@A@@@A@@@@@@@@A@@@@@A@@@@@ABA@@BA@@B@@@@AB@@@B@@A@@@@B@@AA@@A@@@@@@@@@A@@A@@A@@@A@@@A@@@@@@BA@@@@B@@@B@@@BA@@@AB@@A@@@@@@B@@A@@@@@@@@BA@@BA@@@@BA@@@@@AB@@@@A@@@AB@@@@A@@@@BA@@@@BA@@@@B@B@B@@@B@B@@@BA@@B@@AB@@@B@B@@@B@@@DABAB@BA@ABA@A@A@@BAB@@AB@A@@@A@A@@@A@@@A@A@AB@@A@@@A@@@AAA@AA@@A@@@A@@@A@@AA@@@AA@@@@AA@@@AA@@@A@@@A@A@A@A@A@@@AA@@@@A@@A@@@A@@@A@@BAB@BA@@@@BA@@@@AA@@B@@A@@@@@@@A@@@@@AAA@@AA@AA@@@A@@AA@@@A@A@@AA@@@@A@@@@@@@@A@@@A@A@C@A@@@A@@@@@A@@@@@@A@A@A@@@A@@@A@@AA@@@@@A@@@@@A@@@A@@@@@@@@@@@A@@@@A@@@@@@@@@@@@@A@@@A@@@CB@@ABA@@BA@@@A@@@A@@AA@@@@AA@@@AAA@@@A@A@A@A@@AA@A@@@A@@@AA@@A@A@@@@@@@@@@@A@@@@@@B@@@D@@@B@BA@@B@@@B@B@BA@@B@@@@A@@BA@A@AB@@A@@@AB@@AB@@A@@@A@@@A@@@A@@@A@@@A@@@@@A@@@AB@@AB@@A@A@@@A@@@@@AB@@@@AB@@@@A@A@A@A@A@@@CB@@A@A@@@AA@@C@@@A@A@@@A@AA@@A@A@A@ABA@@@A@@A@@A@AA@@C@@AA@A@AB@A@@@@@@A@@@@@@@@@@A@A@@AA@@AA@@@@AA@@@@@@@A@@A@AA@AA@@AAA@@A@@AA@A@A@A@A@@@A@@@A@@@A@@@A@@@AA@@A@@@AAA@AB@@A@@@@@AA@@A@@@@AA@A@@@AB@@A@@@@@A@@@@BB@@@A@@B@B@@A@@@@@@BA@@B@@@@AB@BA@@@A@@@@@AA@A@@AA@@AAA@AAA@@AA@@A@@@@@AA@A@A@@@A@@@@@AA@@@A@@A@@@A@@@ABAB@BA@@@@@@BA@@@@@AB@@A@A@@@@@AB@@@@@B@@@@@@@@AB@B@BA@@@AB@@C@@@A@@@@@@@@@A@@@AB@@@@A@A@@@A@@@A@@BA@A@@BAB@@@B@B@D@@@B@B@@@BA@@BAB@@A@ABABA@@BABABA@@BC@A@A@C@A@C@A@C@A@AAA@A@A@C@A@A@@BA@A@A@@BA@@@@@AB@@@@CBC@ABCBAB@BBB@@@BCBA@G@@@AAA@A@A@C@A@A@A@A@CBA@A@ABA@@A@@@@AC@A@AA@AA@@AA@A@A@A@@AAA@@@CA@AA@CACAA@CA@@AA@B@B@BA@@BA@AB@@ABABA@@B@@@B@@BB@@@B@@ABADCB@BAB@@@@@@A@@@@@@B@@@@@BBB@@@B@B@BAB@@A@ABA@A@@@AB@@@B@@@BB@@B@BA@@BAB@BAB@@@B@@@BBB@@@B@@@BA@@BABA@A@CB@@A@@BA@@B@@A@@@@BA@@B@B@@AB@@@B@@AB@@@B@@@@@BCAA@EC@@CA@AA@AAAA@AAAAAB@@@B@@@@ABABCBC@@@A@C@@CEA@@@@A@@@AB@@ADABA@@BAF@@@BA@A@ABC@CB@@ABA@A@CBEE@@@AEEK@C@ABI@A@C@AA@@@@@C@A@@A@@@@@I@GAE@G@K@@CEAA@AAA@@EC@@AG@AAACC@@AC@@IK@@@C@@BC@AB@@A@@A@@@@@BA@@@@AA@@@@@A@@B@@@AC@A@AAC@ABA@CB@@ABABE@A@@B@BAB@@A@@AAAC@AB@@@@A@@@@@A@@BA@AB@BA@ABA@@BA@@BA@A@@A@C@A@A@A@A@@@A@AB@@@@CA@@A@ABA@@@@@A@ABA@@@@B@@AB@@@BAB@BA@@B@B@@@BA@@@@B@@A@@@@@A@@@A@@AA@@@A@C@@AA@@@A@A@A@A@A@ABA@C@CBA@A@CB@@A@@@@@A@@@A@@@A@A@@@CA@@A@A@AAA@A@@@A@AAAB@@C@@@A@@@@@CB@@BDDBB@@DB@BDBF@D@DBBADAB@BBDBBB@@B@BAB@BBB@BABCDABBBBBADDD@DAH@@BB@BCBBD@@@BDF@B@DBBDF@@AD@BB@FF@B@DBBDB@B@FDFBDB@BB@B@@BB@BBB@F@BDBBD@D@BADBBD@BBFDDHFD@B@@B@BF@B@BHHBDDDFH@BBB@@@B@BABAB@@AB@@CB@BABA@ABA@@@@@AC@A@AAAA@CCA@A@A@C@A@A@A@A@@@CAAAC@EACAA@AAA@AAAA@CAAAAACAA@AAAA@AACA@@@@@@A@@@CCA@A@EAA@AA@@A@@AA@@@A@@@@@@B@@AA@@@@@BA@@@A@A@A@A@@BA@@@@@@@@@@@@@@@@@@@@@@@@@@@@@@@@B@@@@@@@@@@A@@@@@@@@@@@@@@@@@@@@@@@@@AA@@A@@@A@A@A@AA@@AA@@AA@AA@@A@@CA@A@@A@@@@A@@@@@@AA@@@AA@@A@@AA@A@C@A@A@@AA@A@@AA@A@A@A@A@ABA@ABA@@@@B@@A@@@@@A@@@@BA@A@A@AB@@A@@@@@ABA@AB@@@BAB@BABA@@@@AA@@@ABA@ABCBABABA@@@@@A@@AAA@AA@AA@@A@A@A@A@A@AB@@A@ABA@AB@B@@AB@@A@@@@AA@@A@@A@AB@@@@A@@@A@@BA@@@AB@@@B@@ABA@A@A@@@A@@BA@A@@@ABA@A@AB@@AB@@A@@@ABA@AB@@A@@@A@A@@@A@A@@BA@@@@@A@@@@A@@@A@CBABABCBA@ABA@AAA@@@A@@@A@A@AB@B@B@B@@A@@@C@ABA@A@AB@@@BA@@B@BA@A@ABA@@@C@A@@@ABA@A@AA@@A@@BA@@@A@@@A@@AA@A@@BA@AB@@@@AB@B@@@B@@A@@@A@@B@@@@@@A@A@@@A@@AC@CCAAI@CAECA@A@A@@@@@@BADCBBDBB@D@@@@A@C@G@C@A@C@A@C@A@C@A@C@A@A@A@A@A@A@A@A@A@@@A@@@A@@B@@BB@B@B@@A@ABA@A@A@A@AB@@BB@B@@BB@BAB@@@BA@@BA@@@@B@BBBD@D@FBD@DBBBD@D@BBDBDBB@@BB@@@AB@@@@AB@@@B@@@BB@BBDB@BDBD@@BB@DD@B@BBB@B@B@BBD@BBB@B@B@B@D@B@D@D@B@B@B@B@B@B@@AB@@@B@@AB@@B@B@B@B@B@B@@@@B@@@B@@B@@BB@BBBB@@BB@@@@BB@B@@B@@BB@@@@BB@@B@@@@@B@B@@@@@@BB@@@@B@@B@@B@BB@@@B@@@B@B@BBD@@@B@@A@A@A@@@A@A@@@A@ABA@@@@B@@A@@@A@A@A@A@A@A@A@A@@A@AAAA@AAA@@@@@@@@A@@BA@A@@BA@A@@B@@AB@B@@@AAACAAAACAAAA@@A@A@@AA@@@AAA@AAAAAA@A@@AA@A@A@@@A@@@A@@@AB@B@@AB@@ABABA@@BA@@@AB@@AB@@A@ABC@ABC@ABA@ABA@C@C@@@A@@@@A@A@CBA@A@@@AB@@A@@@A@@@A@AA@@ABAA@@A@@AAA@A@@@A@C@@@CA@@A@@@@@@@@A@@AA@@@AA@A@@@ABA@@@C@A@@AA@A@@@A@@AAAAA@@A@C@@@@@A@@A@@@@@@@A@@@@@AAA@@@A@@A@@A@@@@A@@A@@@A@AA@@A@@@A@@A@@@@@@@A@@BC@@@AB@@A@@@A@@@@@C@@@@@@@A@@@@@AA@@A@@@@A@@@@@A@@A@@@A@ABA@@@ABAB@@AB@@@@A@@@@B@@A@@@@B@@@@@BA@@B@@@B@B@@A@@@@B@@@@@BA@@@@BA@@@@@@B@@A@@@AB@@@@@@BB@@@@@BA@@@A@AB@@@@@B@@@@@@A@@@A@@BA@@@AB@@A@@B@@@@@@@BA@@@AB@@A@@@@B@@@@@B@@AB@@@BA@@@@BAB@@@@@@@B@B@@@BA@@BA@@BA@@BAB@@@B@B@D@@BB@@@BA@@@A@@@@@@@@@A@@@A@A@@@@@@@AA@@@A@@A@@@@@A@@@A@@@@BA@AB@@A@ABA@@BA@@@@@C@A@A@@@@@@B@@@@@B@BA@@@@BAB@BA@@BA@A@@BA@ABC@@BA@@@@BA@@BA@AB@@AB@@ABAB@@AB@@ABAB@BAB@@@B@@@@DPBD@BBL@DCVAP@DDDFH@@BB@@B@BBBB@@B@BB@@BBB@@@BBB@BBB@BBB@@BB@@@BBB@BB@@B@BB@@BBB@@BB@@@BB@BB@@BB@@@BB@BB@@BB@BB@BB@BB@B@@BB@@JLHL@B@@@BB@@B@@@BBB@@@B@@BB@@@B@BB@@B@B@@@B@BBD@B@@@B@B@@@B@BAB@B@@@B@B@@@BA@@B@B@B@@@B@@@BAB@B@@@@@B@B@@@@@BAB@B@@@B@B@BAB@B@B@@@B@B@B@B@B@B@BB@@B@BB@@B@B@@BB@@@@BB@B@BB@@@@BBB@@B@BBB@B@D@D@B@D@BAB@B@B@D@BAB@B@BAD@B@B@VB@@B@RBTH@@@@BBB@B@@@B@BBB@@@B@B@D@B@B@B@B@@@B@B@@@BAB@B@B@BAB@B@@@BAB@B@BAB@@@BAB@BAB@BAB@BADAB@BAB@BA@@B@BAB@BAB@BA@@BAB@@ABAPIVEP@XBHFFDBDBH@FCFQTQPCJAFD^EDAB@@C@@@A@BBA@@@A@@AA@@@@@@B@@A@@@@B@@EB@@AAA@@@@@@B@@@@@BA@@@BB@@B@@B@@@B@@@@@B@@@B@@BBB@@BB@@BB@@BC@@@BB@@@B@@A@@BB@@B@@@@@BAA@@@@AA@@A@@B@@@@@@@B@@B@@BA@@@@@@@A@@@@@AB@B@@@BB@@B@@A@C@@@@B@@AB@@@BB@@@B@@BA@@@A@@@@@ABA@@BAB@BA@AB@D@@AD@B@@@@CB@@@B@@@@ABAB@B@@BB@@ABA@@@@@@D@@@@B@B@BB@@@@@BA@@@@@@@@@@B@@EAWCCBA@ABABA@@@C@CAABAB@B@@@B@@AB@@BBAB@@@@@@@B@@@@ABA@@@@@A@@B@@B@@@@B@@A@A@@@BB@@A@@@@B@@@@@BB@@@@@@BA@A@@B@@@@@@AB@@B@B@@@A@A@@@@B@@B@@B@B@@B@@B@@@@A@@B@@AAA@@B@@@B@@AB@B@@DB@@@B@BBB@@@BB@D@@B@B@B@@AB@BABAB@@@DABA@@@BDA@AB@@@BDBB@@@@B@@FD@@@B@B@@B@B@@B@@CBAB@@BB@BB@ABA@@BAB@B@B@@@B@@@BB@@BB@@BA@CBAB@@BB@@@BA@@BAB@BB@BB@@AF@D@@@BAB@BA@@BD@@BB@@B@@AB@@@B@@AB@@A@CBAB@BBD@@A@@B@B@@@BBBBB@@BBBB@@ABCDCB@B@@@BAB@BA@@BB@@BD@B@B@BBA@@BA@ABCBAB@@@@A@@@A@@BA@@@@@A@@@A@@BA@@@@@@A@@@@A@A@A@@BA@@@AB@@@@BB@BA@@BB@@@@@@@AB@@@A@@@@A@@@A@@@@@@BBB@@@@@BB@@@@@@B@@AB@@A@@@@@@@AB@@@@@BB@A@@B@@@AA@@BA@@@B@@B@@@@@@BB@@@@A@@@@B@@@@AA@@A@@B@@@@@BA@@@@BA@@@@@AB@@@@A@@D@@@@@@@BA@@@B@@@@@@@@BB@@@@@@BA@@@@@A@@@@BA@BB@B@@@@A@@BAB@BA@AB@@A@BBA@@B@@@BA@@@AB@@@@@@A@@@@B@@@@@@@@A@@@AB@@@@@@@B@@@@A@@AA@@B@@@@ABA@@A@@@@B@@@@@A@@@@@A@@@@@@B@@@AA@@BA@@@@@@B@@@@A@@@@@@A@@@@A@@@@@@@@@ABA@A@@B@@@@A@@@A@@@@@@@@B@@@@@@@@@@@@A@@B@@A@A@@BA@@@@@@B@@A@@@@@@B@@@@A@@@@@@@BB@@@@A@@@@@@@@B@@@@@@A@@@@@A@@@@B@@@@@@@@@@@@@@@@@B@@A@@@@@@@A@@B@@A@AA@@A@@@B@@B@@@@@@@@A@C@A@AB@@@@@@@@A@@@@@@@@@A@A@AB@@A@A@FDB@B@DAH@BAF@JCD@HAD@BAD@@@@BB@D@FAFAFC@A@@@AA@DAB@DADABC@@D@D@DAD@B@NEHCfMLEB@@@DAB@BB@BBB@@BBB@BBB@@BFBBB@@EFCD@@B@BDDDDDDF@@B@BADCDCDCDAB@FAFABAFC@@@AB@@@@@@@@AB@@@@@B@@@@AB@@@@@BA@@B@@AB@@@@AB@@@@@@AB@B@@@B@@AB@@@@@@@BA@@@@@@@@@@B@@A@@B@@@B@@@@@@@B@@@@@BA@@@@@@@@BA@@@@@@@@@@BA@@@@@@@@@@@@@@@@@@@@@@B@@@@@BA@@@@@@@@B@@@@@@@@@@@@@B@@@@@B@@@@@B@B@@@B@BAB@@@BA@@@@DABA@@B@@AB@@@BA@@B@@@@@@AB@@@@A@@B@@AB@@@@A@@BA@@BAB@@A@@BA@@@AB@@AB@@A@@B@@A@@BA@@@AB@BADCBADC@AB@DCDC@@DA@AB@@AB@@AB@@ABA@AB@@AB@@AB@@@@BBBBD@@@@@B@@@B@B@@@@@@BB@@@@@@@A@@@ABA@@@A@@@AB@@A@@@@@AB@@@@A@@B@@@BAB@B@B@D@@@B@B@B@@@BAB@B@B@DA@@@@@@B@D@B@B@BA@@B@BABAB@@@@@@@B@@@D@B@@@B@B@B@B@B@D@BBB@B@B@B@B@BBB@@@B@B@BA@@@@B@@@@@@@@A@@BA@@@@@@@@B@@@@@B@@A@@@@@@B@@@@@@@@@@@@@@@BA@@@@B@@@@AB@BBDBLFDB@@DB@@@@B@@@@@BB@@B@@BB@@@@@BB@@@@BB@@B@@@@BB@@@@@@@@@B@@@@@@@@B@@B@@@@@@@@@@@B@@B@@@@@@B@@@@@@@@@@@BB@@ABEFCDA@IAA@A@SN@BAB@@@@ABA@@BAB@@AB@B@@A@@B@BABDAHAD@D@BBDBBBFDBB@B@BCB@B@BBBD@FBHBHDBB@@@@@@B@@@BBB@@@BB@@@@@@@@@@@B@@AB@@@B@B@BAB@B@DAB@B@B@@@@@@@@ADH@F@@@@@@@@@B@@@BBB@F@FBLBPBDBHBRBFBB@D@@A@ABC@CBA@C@@@ABA@EB@@E@ABEBCBE@EBC@AAAC@A@@@WAGAUAA@@EBC@A@CBA@C@A@A@A@@@ABA@@@C@ARBRAJCBAFA@@B@DGBA@C@@B@@AA@AC@A@C@C@EBEF@F@@@@bB@HBF@D@F@D@ýAACACCCC@C@A@A@A@A@E@@@ACCAAE@KC@@EA@AAA@@@@@ALENG@@@@BA@@@@@ACE@AACCC@C@A@ABCBE@@BA@@@@BA@AAA@@BC@@@@@AA@BA@A@AB@@ABCA@CAC@A@@@@A@@@@@@CA@A@@A@@@@@@@AAEEBI@ABA@@BA@@@@@@FBFBBBB@B@BBD@@@@@B@@@B@@AB@D@FBFB@B@@@@@@@@BB@@DADAB@@@FAFIB@BELD@@DBADFBLB@@JDHBB@B@@@BBD@FBD@B@FADIDEHIDE@CB@@@D@HBHBHBFB@@ADCDCDCDABED@BA@CDGH@@CDA@ABA@OLEDGFED@@HF@@FFB@FD@@DBCBEDAB@@B@@@@@B@B@H@PB@BGJGJBBB@@BF@BBD@DBDBB@@@B@HBBB@@EFBB@@B@B@BBB@y"]],"encodeOffsets":[[[133734,48158]],[[133613,47939]]]}},{"type":"Feature","id":"230833","properties":{"name":"抚远市","cp":[134.294501,48.364707],"childNum":1},"geometry":{"type":"Polygon","coordinates":["@@B@@B@@@@AB@@@@BBB@@@AB@@D@@@@@@BA@@AA@A@@@BB@@BB@@A@@@A@@@@BD@@@A@@@@@A@A@@@@BBBBA@@B@B@@@@@@BA@@@@@@@@BB@@@@@@@BA@@@BBBA@A@@@@B@B@@@@BAB@@@@@@@BA@@@B@@@@AB@@A@A@B@B@B@@B@@A@@@BBB@@@@@@@C@@@@@BBBB@@@@A@@@ABA@@@@A@B@@@@@BF@@@AB@@@BB@DA@@@B@@A@@@@B@@BBBB@CB@BB@@B@@@@ADB@BAB@@@@D@@BBAB@@B@@@@@@B@B@@@B@@B@@A@A@@@A@@@@BB@B@@B@@A@AAA@@B@@@B@D@@@@B@B@BB@@AB@@@@B@@@B@B@B@AB@@B@@@B@@@@@@B@@B@B@A@@BA@@@@BB@@@@@@B@@@BC@@@A@A@@B@@B@@@CB@@@B@@A@@@@B@@@@D@BB@@@B@@@@@B@@A@@B@@B@BA@@@BA@AB@@@@BB@@@@C@ABBB@@@BC@@BA@BBA@B@@BB@@BB@BAD@AAA@@AB@@@BBBBA@@@@B@B@@A@@@@BB@B@@@@BA@A@@BABB@B@B@@@@@@@ABC@ABABA@C@A@@AD@A@C@ABCBAB@D@BA@A@@@A@A@AB@B@@@@@@ABABADAB@@ABA@A@AA@@AACAA@A@@@A@ABA@A@A@@@AB@B@B@BABA@@@A@@@CAABADCDCDGLILGJCD@@EBABC@ABCD@D@B@DB@@BB@@BB@@BDBB@BB@B@BADCBEBC@EBABADA@E@@BA@C@@@A@@BA@A@@B@@@B@@DB@@BAB@B@B@B@@BB@B@B@B@@B@@@BC@A@@B@B@@A@@@@@A@AAA@AAA@A@@@AAA@A@AAA@A@A@@@AB@@A@@B@@@@@@@@@@AB@@@@AB@@A@A@AAA@A@@@@@ABCHADADCFA@@DELM`B@PJfd^NZFXB`ElETB`DhVVT^\\XN`L\\BnARGNANDbHfBhE`Ed@hJdN`JVVD\\D`FRD^HTBV@XCRCdKdGX@PBbBvD`CTCdB\\@PCZOx_ZMNI`@rDbHZN^XPZPVNP`ZRJ^JRDRD^AT@dKxIdAV@VDVJRRNHNBTGRKNQBE@SCU@KAIAEQOSIWGQGWEQE]MOIUEWEQCWAMCMCKGGCWA_@WGA@SqQGACAgSIIY_QEa@_KCCGCKAG@ICGCEEIGKAA@A@Q@WB_UC_AMDKCqNYKQ@C@@GOACLOBC@C@EEGECKEOGGEGGIIU_EKAUQO[MOQocCMCMACeIGIDS@CBGDE@CBEBAAEAEAAAAAAAA@AAC@AAC@A@@@CBCBCBCBCJIDADADCBADABABALCDCJGTOPKFIJKDK@UCURGCPCD@BADABAJGNMHECSEICK@OFMBGBE@EBCAOACBIFInUNGFAPGFCFC`arQRMFIRe@KIcEEKIEEECIICCACAAACEACEIGCACAA@AA@A@@@AAAAAAACAAACACACAACIKIKMIECCCCCCAEAAACC@AGCCAAAIICSBEBGBYM]ME[KY_QMQUMGCCEAGEEAECCACAiMIKBk@AIUCGAAAC@AA@AACAEAA@C@C@C@C@Q@CAA@CAC@MEEAIAqeCACAAAA@C@GAEBM@MDI@U@MAIAMCMAKCA@GAEAG@QAI@G@e@]@]@@B@B@D@D@@A@A@@@A@@@@B@@BB@B@@B@@B@@@@A@A@C@A@ECC@CACCCCA@A@A@A@ABA@@B@@@B@BA@@@A@A@AA@@A@C@A@C@A@@BA@@@@BC@@@AA@@B@@@@AA@EA@@@@BABA@@AC@@B@@@BA@@A@A@C@A@@@@@@@AB@AA@@@AAA@@BA@@@B@@@B@@@@BA@A@@@AA@@@@@A@@@@A@@A@@@B@@@B@@@@AA@@@@A@@@@AD@@@@A@@@A@@A@A@AA@@@AA@AA@@@B@@@@@@A@@@AAA@@@@AA@@@@@BABB@A@@@@@A@@@A@A@@@@A@@@CB@@A@AB@@A@BBA@@@BB@@A@@@A@@@@@A@@B@@@@A@@@@@A@CAA@@A@AA@A@@@@@A@@@A@A@A@@@@@@BA@@@@@AB@@A@@@@B@@@A@@A@@@C@AAA@@@@@A@@BA@ADAHAB@BA@AFADABAFCHCHEHCHCHCHCHCFCJCHCHCHCFAFCD@B@@A@AF@@CHCFCHCHELCHCFCFCHCFCHCFCFAHCFCFCHCFAFCF@BCA@@A@@@@@@@@B@@@@A@@@A@@@@@AAB@@@A@@@A@@@@A@@@A@@B@@@B@B@B@@@BA@AB@@A@@A@AA@@AA@ABA@@BAB@@@@@@@A@@@@@A@@@@A@@B@B@@@@AA@@@A@C@A@A@@@@@@@@AB@BA@ABA@@@@@@C@@AA@A@A@A@@A@A@@@AB@@@@@@@@@@A@@A@@@@A@@B@@@@@@A@@AB@@A@@A@@@A@@@@@@@@BB@A@@B@@@@A@@@@A@@@@@@@@AA@A@@@B@A@AA@@@@BA@@@@@@@A@@A@@@@@@AA@@@@B@@AA@@AB@AA@@@@@A@@@A@@CB@@AA@A@A@@AA@@A@BA@@@@AAB@A@@@B@@CA@@AB@@@@@A@@A@@@B@AA@@@@@@@@@@AB@AA@@@@A@@AAA@@@AA@@@@@@AAA@@@@@A@@@AAAA@@B@CAA@AACAC@@@AA@AA@A@A@@CDA@@@AA@A@@AA@@@A@AAA@AABAB@@AACA@@@ECA@@@@A@AC@C@@@A@@@@@A@A@A@@A@AA@@AA@@@AA@@AAA@A@@AC@@AA@AAA@A@A@C@@B@@A@AAAAA@ABA@@@AB@@ABCB@@C@@BC@A@C@A@@@CBA@@B@@A@ABA@ABA@@B@@CBABA@AB@BABA@AACA@@AB@@ABC@EBEBCB@B@@ADA@ABA@A@C@@@CBA@CBABABCDC@GDABABC@@BAA@@CB@@AACAC@AAAAABA@AAA@AAA@@AAAAAA@CAC@@@AC@BA@A@A@A@CAAAA@A@A@A@@@@A@@AAA@A@A@CACAA@ABCA@BA@CAABA@@@ACA@C@C@AAA@A@A@@BA@@BAB@@A@@@@B@@C@ABA@GFIAAFCBA@CDCBEBABAB@DA@EDA@@@AAA@A@AB@@A@AA@AC@CACAAAA@A@A@A@AA@BABA@E@CA@@ABA@CBA@AA@AA@A@A@C@CAA@A@C@A@ABAAA@A@G@A@C@A@ABAB@BABC@CBA@AAA@A@CBA@C@A@@@A@AB@@@@A@@BA@ABC@A@ABAB@@C@@@AB@@A@A@C@A@@@A@ABA@A@@@C@C@@AA@@@@@A@@@@@AAA@AA@@ACA@A@AAA@@@AAC@ABA@@@@@@@ABA@AA@@A@A@A@@@A@A@A@@@C@@AA@@A@A@@@AA@AAA@@@@@AAAAA@@@C@@@A@AA@@CA@@C@ABA@@@A@@B@@A@A@@@A@EBA@AAA@@@@@A@@@A@AA@@A@@B@@A@@AA@C@E@A@AAC@@@@@ABA@A@C@ABA@AB@@@@BB@@C@@B@@A@A@@@A@@@A@C@A@A@C@AB@@AAC@ABA@@@AAA@E@C@@@A@@A@@A@CAC@@@A@@BAAAB@@A@@A@@@@A@@@A@I@@BA@@B@BA@@@A@AAE@A@@@@@A@@B@@@B@@@B@@AB@@DD@B@BA@A@@B@B@F@F@D@D@F@D@D@D@@@B@D@D@D@BAD@B@D@B@D@B@D@B@D@B@B@B@D@D@B@@@F@H@B@F@LAnAt@D@P@@@\\Ad@\\@bAZ@V@L@NAN@N@L@B@B@B@@ADAB@BBD@F@B@B@BEDCDEFAD@DABED@B@BDD@B@F@DCFEHABABAB@B@BADC@EBKDEDCF@D@HDDBBFDJDFDD@FB@@JBJBD@BAB@B@@@B@@B@RAxAÎ@B@B@BB@DBBB@@@BB@@@B@@@B@@@B@@@BA@@@@@A@@@@B@@@BB@@@B@@@B@@B@B@@@@@AAB@@AB@@@B@@A@@@@BB@@@B@@@@BAB@DDB@B@@@AA@AB@DBB@B@@BA@@@A@@B@@@@B@F@@@@@AB@@C@@@@@BB@@BA@@B@@@B@@@@A@@@BB@@@ABA@@BB@@@BB@@@@B@AB@@AB@@B@@@B@@@B@@AB@B@@@@BB@@@@B@@@@A@@@@BB@B@@@D@B@B@@@B@@@@A@A@@B@@@@BB@@@@B@@@@@A@AA@@@A@@@@A@@B@@@B@B@@@B@@A@@@@@@@@B@@B@@@@B@@@@@@@@AAA@@@@@@B@@@BB@@@BB@@@BA@@@@BA@B@@@@B@AA@@@@B@@@D@B@BBBBB@BA@AB@B@@@BBB@@@@AB@@@@@@BBB@@BAD@BAD@D@B@B@DB@@@B@@D@B@@@@@@B@BB@@BB@DBB@D@DB@@@B@@@@@BB@@@B@@B@@@@BA@@B@@D@@B@BBBA@@@D@@BBBA@@@@@A@@@@BB@@AB@@BB@@@AB@@@BBB@@@@BA@@BB@B@B@@@@@ABB@@@B@@ABBBD@@@@B@@@B@@B@@@@@@@B@@FAFCB@BBB@@AB@@@DBB@BAA@@AB@@@DBB@@@@@@A@@@@B@@BBA@@@@@AB@@B@@@@AB@@B@B@@AB@BBA@@BB@@A@@BADBA@@BB@@A@@@A@@B@@@BB@@@@B@B@@@@@AB@@@@@@B@BA@B@@B@@@BA@@@B@B@@@@D@@@@C@@B@B@@@BB@@@@@@BAFB@@@B@@B@BA@A@@BBBD@@@BA@@BBB@@@BAA@@A@@@@BBB@@B@BBFF@@@@ABA@@B@@@BB@@@B@D@@@@@AD@@D@BA@BB@ABB@@@BA@@@@B@A@@B@@A@@BA@@BB@B@@@BA@AB@BAB@@AB@BD@@@B@B@BB@@BB@@@BB@AB@@@B@B@@BBB@@@BABBBB@@@BA@@@A@@B@@@@B@@@B@@BA@@@@B@@B@@ABA@A@@@BB@@BAB@B@@@@B@@@B@@B@@@B@@@@@ABC@@@@@H@@@@B@@@BB@B@@B@@@BB@BB@@BAB@B@BADAB@B@@@@B@B@@BBBB@BBAD@D@B@HBBBB@B@BB@BBB@@B@FBDBDDB@BB@@A@@@CBA@@@@BBB@@B@BB@@A@A@E@AB@@B@BBB@@@DAB@@@B@@BAD@BA@@@BB@@BABAB@@@BB@@A@AB@@A@A@@@BBB@B@@@BA@AB@B@FDB@D@FBD@@@@@D@B@B@B@BBBB@DB@@@B@B@DCBAB@BB@B@@@BB@B@@@@A@@@ACA@A@@@@@ABAB@@@DB@@B@B@@@@A@AA@@@@AB@DADAB@BBBB@B@B@@@BC@@B@@CBB@BB@@BB@@AB@@BBBBB@@@BB@@A@AB@@@B@@A@@@@C@@A@@BA@@B@@@@BBD@BB@@@@A@A@@@@B@@A@@@A@A@ADAB@@BBBDB@AB@@B@BAB@@@@@@BA@ABB@@@B@DCB@@@@@BBB@DBB@D@B@B@@B@B@BB@B@@@@@@AA@@AB@BAB@BB@@@BCF@@@@B@D@@AB@A@@A@@@AD@D@@BB@@B@@B@@A@A@AB@B@@@@ACA@@@A@@B@B@F@@BB@BAB@B@B@BB@@B@DCFA@AA@@A@@D@@@B@B@@@B@BDB@@B@BB@B@@@B@B@@@@B@@B@@@@@BA@@BB@B@@@@B@BA@A@@@@B@B@BB@@B@@A@@B@BA@@@@@@A@@AA@@@BA@BB@B@BBB@BBBB@@A@A@B@@BB@B@B@B@BB@A@@B@@A@@B@@@B@@@AB@BB@@@DAB@@BBB@@@@A@@BB@@B@@C@@@ABB@BBB@@BA@@@A@@@AA@A@@A@AB@BB@@B@B@BB@@@B@@AB@@@D@@@@B@@@@B@@@AABA@@@@BB@@@B@@A@@BA@BB@@AB@B@@@@AB@@@A@@@AB@@@@AA@A@@@ABBB@@@B@B@@B@@B@@A@@@A@BBBBB@B@D@B@B@@@AAA@@AB@@@B@BBABB@@B@@A@@@@BD@@@@@@BA@@@DDB@@A@A@@B@B@@@BB@BAB@@BB@A@@@AB@B@@@BB@B@@DB@@B@@A@@@ABAB@B@@B@B@@BB@A@@@AB@B@@B@BB@BA@@BA@AB@@@B@@B@@AB@@B@B@B@BBB@@@@B@@AB@@@BAA@AA@@@@BA@@BBB@@AB@@@B@@BB@@BB@@@B@BA@A@A@@@B@BBF@B@B@@@ABB@@B@@BA@@@ABB@@A@@B@@B@BA@@@@B@@@@B@@@@@@B@@BA@@B@@@@B@B@@@@@@@A@BBBA@@@@AB@@@@B@@@BB@@@@ABA@@@@D@@@@@@A@@@BB@@@@A@A@BB@@@@BA@B@@@@A@A@@BA@@@@@@AA@@B@B@B@@@@B@@@B@@B@@@AB@@B@BB@@BB@@A@AB@BB@@@@AB@@A@BB@@@@@@B@@A@@@B@@@B@B@@B@@@@@@@B@@@@BB@@BA@@@@@@@@@B@@@B@@@AB@@@@B@B@@AA@B@@@"],"encodeOffsets":[[137317,49290]]}},{"type":"Feature","id":"230882","properties":{"name":"富锦市","cp":[132.037951,47.250747],"childNum":1},"geometry":{"type":"Polygon","coordinates":["@@A@@@@BBB@@BB@B@@ABAB@@@@A@A@@A@@@A@AB@@ABAA@@AA@@@@BA@@B@BA@AAAAA@AAA@A@@@A@@@AB@@@BB@@B@BB@@BA@A@AB@@A@@@@AA@@C@A@@@AA@A@@@C@A@@@A@@B@@@BAB@@@@A@CBA@@@A@AAA@@A@@@AB@@B@@B@@BB@B@@@@@B@@AAA@@@A@@BADAB@@A@@A@AAAAA@A@@@@@A@A@@@@@@@@@@B@@@B@@ABABABABA@ABA@@@A@@@@A@@AA@A@@@AB@B@BAB@@AB@@A@@AA@@@A@@@ABA@@@AA@AAAA@@A@A@A@C@@@A@@@@@@A@@@AA@@AA@AA@@A@@B@@@@@B@@BB@@@BA@@@@@@@@@AA@@AA@@@AA@AAA@A@A@@BA@@@@B@@@@BB@@BB@@@B@@@B@@@@@@A@@@@AA@@@@@A@@@@@@@@B@@A@@B@@@@@AA@@A@@@AA@@@@BA@A@@@A@A@@@A@@@@A@AB@@A@@BA@@@A@@AA@@@@A@@@@BA@@B@@ABA@@@@@@@@@@A@@BA@@@A@@@A@@A@@@A@@@@@@B@@@B@@A@A@A@A@AB@@A@@B@@@BB@@@@B@@A@@@A@@@A@AB@@@@A@@@A@@AA@@@BAB@@AB@@@@A@@@@A@AA@@A@@@@A@@@A@@@A@@A@@BA@A@A@@@A@@@@@BA@@@A@@@A@@@AA@@@AB@@ABABA@@@A@@@@@@A@@BA@@@@@A@@@@@AA@A@AACAA@@@A@AB@@ABC@AB@@A@@A@@@@@AB@@ABA@@@A@@@@@@A@C@A@ABC@@BA@A@A@@@AA@@@@@A@@BA@@@A@@A@A@AAA@A@@@@AA@@A@@@A@@@@BAB@B@D@@@B@BAB@BAB@@A@@BA@@@AA@@@AA@@A@@B@@@B@@@B@@@@AB@@C@C@@@AA@@@@@A@@BABAB@@A@@@AA@@@AAA@AAAA@@@@AA@@@B@@@@@@@B@@@@A@@@A@@AA@A@A@A@A@ABA@@BA@@@@@@@A@@@B@@A@@@@@AA@@@ABC@A@@@A@A@AAA@@@@AA@@@@AB@@@@@@@@@DB@@DBB@B@@@BA@@@@@@@AA@C@AAA@@A@@@@@@@@B@@@B@@@@@B@@@@A@A@@@@A@@@A@AB@@@@GBA@A@A@@@AA@@@@@A@@@@B@BBB@@@@@BAD@BA@@@A@@A@@@C@AAA@@@@@@A@@@@B@@@BA@@@@@@@@B@@A@@@@@@A@AA@@AA@@@@BC@@@A@@@@AAA@@AA@@@@@@@@@A@AB@BA@A@A@C@A@A@@@A@@@A@A@@@@@@@A@@@@@AA@@A@@@@@A@@@A@A@@@A@AB@@A@@@@@@@ABABAB@@@@@AA@@@@@A@@@A@AB@@A@ABA@A@A@AA@@A@@@BA@@@@DBB@@@BA@@A@@A@@@@@A@@@@@@@A@@BA@A@@@@AA@@@@@@@@@@A@@@@@A@ABABA@AB@@@@A@@AB@@@@AA@@@@@AA@@@A@@@@@A@@@AAA@@@@AAA@@@@@AAA@AAA@@@@@AA@@@@@@@@BA@@@@@@@@@@@@B@BBBBB@@@@@B@@@@B@@BA@@B@@@B@BA@@BA@@@A@@@@@AA@@@@@@@A@@@ABABC@@@A@@B@@AA@@@@@@@@@@DAB@DA@A@@B@@A@@@@A@@@@@@@@AA@@B@@@@A@@B@@@@A@@@ABA@A@@@A@A@@@A@@@@A@@@@@@@@@@B@@@B@@@@@@@@@BABA@@BA@@B@B@@@@AB@@@@@AA@@@A@@@@@@A@@@@@A@A@@@@@A@@@@A@A@@@A@@@A@@@A@@@A@@@@@@A@@@AA@@C@@@@@AA@@ABA@A@ABA@@@@@@@@@@@@A@@@@@A@@@@@@AA@@@A@@AA@@@AA@@@@@@@@@AB@@AB@BA@AB@BAB@@@@@@A@@@@@@A@@@@@@BA@@@@@@@AA@@A@@@@AA@@@@ABC@A@A@@B@AA@@@@@@@@@@@@A@@@@@@@A@@@@@@@@A@A@A@A@C@@@@@A@EBC@C@C@@@@BAA@@@@A@AAA@AA@AAA@@@@A@@@@@@@@@A@@@@@@B@BB@AB@@@@@@ABA@@@@@A@@@@@@@@@@A@@BA@A@@@@@A@@@@@@@@@@@@@@A@@@@@A@ABABA@@@@@@@@@AA@@@@@@@A@A@@@A@@@@@@A@@@@@A@A@A@@@A@A@A@@@C@@@@@A@@@@@@A@@AA@@@@@@@@@@A@@@@@C@ABA@@@A@A@@A@@A@@@AAA@@A@@@ABAB@@AB@@@BAB@B@B@@@D@@AB@@AB@@A@@@A@@@AA@@@@A@@@A@A@@@@@@A@@A@@AB@@A@@@A@A@@@A@A@@@@@AA@@AAAA@@@A@@@AB@BA@@@@@@@A@@@@@@@@@@@@@@AAAAAEAA@AAAA@@@AB@BA@@BA@@AA@@A@C@AA@@@A@@@A@A@A@A@A@A@ABAB@@@BB@@@FB@@BBAB@@A@A@A@@@GAAA@@@BA@@@B@BD@B@BA@@@@@A@@@ACAA@@A@A@A@@@A@AA@BA@@@B@DDBDBB@BA@@@@@A@@@AAAAC@E@A@CA@@@@CEAAA@KEA@@A@A@AA@AA@@EE@@CAA@EAGA@A@@@A@AA@@@@@IA@BA@@B@@BB@@@B@@@BA@C@AB@@@@@@@BFB@@BB@BBD@@@B@BBB@@ABA@AB@@B@BBB@@B@B@@ABAB@@@@A@@ABAA@@@A@A@A@C@I@CB@B@@@@H@D@D@B@DBBB@B@@@B@@@BA@A@A@A@IEA@C@C@A@CBCB@@@@B@BBF@B@B@BBBBBBAB@B@@A@A@@@AACACACAIE@AA@E@G@A@A@ABAB@@@@B@@BD@B@F@FBF@DB@@DDB@@B@@@@ABC@C@A@@AA@AA@A@@AAG@IAA@CAA@@@CBCB@@@@@B@@DB@@@B@@@@@@A@@@CCC@A@@@A@C@@BA@@B@@@BB@@@J@B@@@BB@B@B@B@B@@@@AB@@A@@AA@AC@AA@@@A@@@CDA@@@A@A@@@@@@A@A@AA@@A@@A@@@@@@@@@@@@B@@@@@B@@@@@@AB@@A@@@A@A@@@A@AB@@@@@@@@@@B@BBB@B@@@@B@@@@@B@@A@@@A@E@A@A@@@A@@@@@@B@@B@BBB@DB@B@@@@@B@@@@@B@@A@@@@ACAAAA@AA@@A@A@@@A@@@A@@B@@@@@@@BB@@@B@DBB@B@@@BB@@@@@B@@@@@@@@A@@AA@@AA@A@@@AB@@@@@BA@@B@@@@A@@@A@CAAA@@@@A@@BC@@BA@@@@B@B@D@BAB@BB@@B@@@B@@A@@@AB@@@@@B@@@@@@ABA@@@A@@@@@A@@@A@C@@@AB@@@@@@@B@@@@@@@B@@@@ABA@AB@@@@A@A@@@A@AAAA@@A@@@A@A@C@@@A@@@A@@@@@@AAA@@@@@@A@@@A@CBA@ABA@@@A@@@A@A@A@A@@@A@AAC@A@A@@@@@AA@@A@@@A@A@@@@AA@@@@@A@@@A@@A@@AACAA@CBABA@C@@BA@@A@@A@@AABAAA@A@A@@AA@@A@@@AA@A@AAAA@@A@@@A@@AC@A@CAA@AAA@A@@A@@@@A@@@@@A@A@A@A@ABA@@@@@@@@BA@@@@@@@ABA@@@A@@BAA@@C@AB@@A@A@@BCB@@@@@@@BA@CD@@AA@@@B@@@@@@@@A@@AAB@AA@@@AAA@@@A@A@@@AAC@ABC@A@C@CAA@@AA@A@@AA@@AA@A@ABA@AAC@AA@@@A@@A@@@@AA@@@@A@@@@@AA@@A@@AAA@@@C@A@AB@@AAA@AA@@@@A@@AA@AB@@CA@@@@@B@@A@AB@@A@AA@@@@AA@@@AA@@AB@A@@AA@@B@@A@@@A@@AC@AB@@AA@@A@@B@AA@@@A@@@@@@@@AA@A@@@@@@@@A@@@@@@@AA@@@@A@@@AA@@@A@@@AA@A@@@@A@@@A@@@A@@@AA@@@AA@@AA@@@A@A@@@AB@BA@@@@B@D@BA@@@A@@@@@@@@@@B@@A@AAA@A@@@ABA@@@AB@@A@CA@@A@@@A@@@A@AA@@C@C@A@A@A@A@@B@@ABEBA@A@@@A@@BA@@AA@@@AB@A@@@@C@@@A@@@A@@@@@@B@@A@@@AB@@@BC@@@A@A@@@AB@@@@CB@@ABAB@@AB@@@@ABAB@@@@B@B@@@@@@B@@@BAB@@@@@@D@@@@B@@@@@B@@A@A@@BB@@@@B@@DB@@@@B@A@BB@@A@A@@@BB@@ABA@@@@@@DAB@@@@@@AB@@A@@BB@@@A@AB@AA@AB@@A@AB@@@@@B@B@@@BA@@@@@@BB@@@@BA@@@A@@@A@A@@@A@@@@@AA@A@@AAC@A@A@@@@BC@A@@@A@A@ABA@@@@BA@ABA@@@A@@AA@@@CAA@EBABA@@@A@@@A@A@@@A@A@A@@@@@@A@A@@@@A@A@@@@A@@@@@@GAAB@@AB@@@@@@A@A@A@@@@BA@C@A@A@A@@A@@ABA@@AA@A@@@@@ABBB@@ABCDABA@@@A@@AB@@@A@A@@@A@@@AAC@@@A@@@AA@@CAA@ABA@A@C@AA@@ACAA@@A@AB@@@@@B@@@@ABAAAAA@A@C@A@AAA@@A@C@A@@A@@@A@A@A@@AA@A@A@CA@@AAC@@@AA@@AAAA@@B@@@AA@A@@AABA@@BA@@A@@@BA@@AAAAACA@BA@@BA@A@A@@AA@A@@B@B@B@B@@@@ADAB@BC@ABG@EBA@@@A@@B@@A@@@AA@@@DA@AAA@@BA@ABC@@@@FAB@@A@@BA@A@A@A@AA@A@A@CA@@@@@@@AB@B@@@AA@AB@@AA@@BAAAB@@A@ABA@ABAA@@@@A@A@C@A@@@@B@@A@CBA@AB@@AAC@@@ABA@@BA@@AA@@@A@EACBA@AAA@AA@BA@@@@B@@A@@BA@CA@AC@@@C@A@CA@@A@@@CB@@AB@@@@BB@@A@CB@@@@@@AB@@A@@@@@@@@B@@ABA@@@@@@BB@@@@@CBAAA@@@A@A@A@A@@@A@A@ABA@A@A@@B@@A@C@@@@BA@@B@B@@B@@@BA@@@B@B@@@@@@@BB@@@@@@@@@@B@@B@@BBB@@@@@@A@ED@@ABGBA@@@@BCDA@A@@B@@@@ABAB@@A@@@@B@@ABA@@@A@@B@@A@A@@@AB@@A@@A@@ABC@@@AB@@@@@B@@AB@@BB@@A@AB@BA@AB@@CBC@A@AA@@@@A@A@CACAA@A@ABA@CBC@@B@@@BC@A@@B@@@@C@A@A@@@@@@A@A@@A@A@A@@@CD@@C@@@@BAB@B@@ABE@@AA@@BC@E@@@A@@@@@@@@@@@@@@@BA@@AA@@@@A@@@@@@@@@AB@@@@@@@@@AA@@@@@@@A@@A@@@@@@A@@@@@@@@@A@@@@@@@@@@B@@@@@@@@A@@@@@@@@@@@@@@@@@@@@@@@@@@@@A@@A@@@@@@@@@A@@@@@@A@@A@@@@B@@@@A@@@@@@@@@@@A@@@@A@@A@@@@@A@@@@BA@@@@A@@@@@@@@@@@@@A@@@@@@B@@@@@@@@BB@@@@@@@@A@A@A@@@@@@@@A@@@@@@B@@@@@@A@@@@A@@A@@@AB@@@@AA@@A@@AA@@@@@@@@@@B@@@@@@@B@@@@@@@B@@A@@@A@@@@@@@@@@@@@@B@@@@@B@@@@@@@@@@A@@@A@@@@@@@@@@@@@B@@@@@@@@B@@A@A@@@@@@@A@@@@@@@A@@@@@@@@@@@@@@@@AA@A@@@A@@@@@@@@@BB@@@BA@@@@@@@@@@A@@A@@@@@@@@@@@@@@@A@@@@@@@A@@B@@@@@@@@BB@@@@@@@@@B@@@@@@A@@@@@@@A@@A@@@@AA@@@@@@@@@@@@@@A@@@@@@@@@A@@@@@@BA@@@@@A@@@@@@@@@@A@@B@@@@A@@A@@@@BA@A@A@@@@@@@@@AB@@@@@A@@A@@A@D@@AB@@@@AB@@@BA@@@A@@@A@AB@@@@@B@@@@A@@B@@@@B@@@@@@@B@@@B@@B@@B@@AB@@@B@@@@B@@@@B@@@B@@@BB@@B@@@B@@@@@BA@@@@B@@@@@BB@@BB@B@B@@@B@B@@@BAB@@@B@@@B@@AB@@A@@@AB@@A@@@@@@@BB@@@BB@@BA@@@@B@@@@@B@BB@@@@@AB@@A@@B@@@@@B@@@B@@BB@@@BA@@BA@A@@B@@@BB@@B@D@@@B@@AB@@@@@@@BA@@@A@@@A@@@@@A@@@A@ABA@@B@@@@AB@@A@@B@@@@@@@@@B@@A@@BA@@BA@@@A@@@@B@@@@A@A@A@@@AB@@B@@B@@A@@BA@@@@BB@@B@B@@AB@BA@@BB@@@@@BB@@@@BB@@BB@B@BBBAB@@@B@@AB@@ABCBA@@@@BA@@@BB@@@@@@B@B@@B@@B@@@@@@@@B@@DBB@@@@B@@@@@@BB@@@@@B@@A@@@@BB@@@B@@@@@B@@B@@B@@@B@@@@BB@@@B@@@@@@@B@@@@@@@@BB@@@@@B@BA@@B@B@B@@@@A@@@@B@@@@@@@@@B@@@B@B@@@B@@@BB@@@@@B@@B@@@B@@BB@@B@BB@@@B@B@@@B@@@@@@@@@@B@B@@@BBBB@@@B@B@@@BB@@B@B@@@B@BB@BB@@@@B@@B@BB@@@@BBD@@BB@@@@BB@@@BB@@BB@B@@@B@@@@DBB@B@BB@@B@B@@B@B@@@@@BA@@@@@@@@BA@@@AB@@BB@B@@@@@@B@@A@@B@@BB@@@B@@B@@B@@B@@@BMPEHHFFDDBBBBBDBB@NJ@@KDCBEBIFMDEDK@O@O@O@KAAAA@ODOBODOBEBIBQDMBQDMBQDMDABCBI@QBOBO@OBQBSB@FAJ@F@D@@W@OAS@I@G@W@@@O@S@O@UAO@Q@Q@O@SAA@ECMKAAEEA@EAKAYEIAEAMCC@aEeIC@AeA@C@@@@@@@@@@D@J@B@D@F@D@B@B@D@@@@A@@@A@@B@@@@@L@@@@AB@@G@ABK@C@C]@Y@G@A@C@A@C@A@@@E@A@E@A@C@@@E@A@C@A@E@@AGBC@BC@AI@I@G@@@@@BDA@@B@HBN@LQ@U@KB@GAM@EAAAAA@AA@@KGCCAAA@II@@CCOK@AA@CACAG@BH@HBH@F@FBF@BC@G@KBG@G@K@K@M@O@Q@S@QBQ@Q@I@I@O@KBM@O@G@ABEAA@I@M@IBI@@@Q@M@G@S@I@MB@B@D@J@H@D@HBD@D@D@D@D@D@D@H@FBF@H@D@H@F@HBJ@L@H@F@LBL@J@LBL@L@D@F@H@FB@@@@@@F@BBDD@ADABBJ@@BD@@@BBF@B@B@B@@BB@@@@@B@BBDBFBB@B@BB@@@@BBD@B@B@@B@@BBDB@DFDFDF@@@B@DBL@F@@@BBFBFFP@B@@@@ABA@B@@@@@@@BHDNBB@@@BDD@@BBBD@B@BBB@BA@@B@BCDADABAB@@ABAB@@A@CBC@AB@@A@@BA@@B@@@B@D@D@@@BAB@@@BADABCBCBGDABA@EBCBGDCBEDEBCDCBEDEDAB@BA@@@@B@B@@@D@D@B@D@BAB@@@@@B@@@@@B@@CDCDAB@@@BAB@B@@BB@BBBBBBD@BBB@@@BA@@DAFADAD@B@B@B@BBD@B@@BBBB@@BBBB@@B@BB@@@B@B@B@B@B@@BB@@@BA@@B@@A@A@A@A@@@A@A@A@BBA@A@AB@@A@A@ABA@A@@@A@A@A@AB@@ABB@@BA@A@A@A@@BA@AAA@A@A@A@@@A@AAA@A@A@A@@AA@A@A@A@A@@@A@ABA@ABA@@@A@A@A@@AA@A@C@G@CBA@C@ABA@CBCBC@ABEBCBAB@BA@AD@@@@D@L@@@PBNFNFBBHFDDFDFHHHHDB@B@B@D@DAD@DA@@B@DA@AB@DADAH@DAH@@@B@BAHCB@B@B@B@BB@@@DEF@BAB@BB@B@B@@@D@B@PGB@DAF@@AFADCD@DA@@LCFATA@@HAL@NAHCJ@F@F@N@H@LBF@B@P@P@F@B@LDjHBBJBJDD@FBD@F@NAB@JA^GB@BALAD@B@B@F@HBFBDBJHBBDDB@@D@B@@B@BBFDFD@BB@B@B@HBD@BBBBBBHHBB@@B@HDDB@@DBF@B@HCD@J@VALANBH@NBLBVD@@^DPFPDR@JCVOVS@ADEBCHIJERCPBRDTBBBLBBDDDB@D@B@L@D@H@F@JBF@DAD@JCB@D@B@BBBB@@DB@@@@PBB@BBFBFNFDJL@@BBBBBBBB@BB@@R@D@HBBHX@F@BBDDBJ@F@BBB@@@DB@@BBBD@@@F@B@BABABQFGFABAL@V@NBJFJDDFFDBJDPBZH@@B@DBB@B@@BFB@@DBBBDBBBBBB@DBB@NDfHFBDBBFFHJFHBJBpHRBVARCBBDAT@FBDBHJLJ@@RLFFJFLDDBFDDDDDLLDDFDFBHBFBF@N@F@FBFDDFBD@D@DAD@B@B@FBBFDHDLFF@D@BBBA@@BE@CB@B@B@BAB@BAD@BAD@BABADAB@BADABAB@BABABAB@BA@ABAB@BA@AB@B@@AB@B@BAB@@@B@B@B@D@BAB@B@D@D@B@@BD@BBB@B@B@D@@@B@@@B@BAB@@@B@BAB@@AB@@@B@@@@AB@@@BA@@@@BAB@@@B@@AD@@@@AB@@@@AB@@ABAB@BABA@@BABA@@BA@@BA@@AA@@@AA@@@@A@@@A@A@@@@BCB@@ABA@@@AB@@ABA@@B@@AB@B@@@BAB@FAB@B@D@@@B@B@BAD@F@D@B@FADBB@DBBBB@@B@@@B@@@BAB@@@BAB@@@BB@@@BB@@@B@@@B@@@B@@A@@@@@@@ABA@@BA@AB@@@@AB@B@@@DBB@D@@@B@@@@@@BBAB@B@@@@@B@B@@BB@@BB@@@@BB@@@@B@@BB@BB@@@@B@@@BB@@BB@@BB@BBB@BB@@@BBBB@@B@BBD@B@B@D@B@D@@@BBD@FBDBD@BB@@B@@@@B@@@@@@B@@BB@@@B@BBD@BAB@B@D@D@B@BA@@@AB@@A@@BA@@@@@AB@@@@A@@@AB@@@@ABA@@@AB@@AB@D@D@B@B@B@B@B@B@B@@@B@@BB@@@FB@@B@B@BB@@DDDBB@@BBAB@@AB@BA@@D@F@@B@@B@@B@B@@@BA@@@ADBB@@@B@@B@B@B@B@BA@@BAB@B@D@D@FB@B@@BB@@BF@D@B@@AHAB@@@B@@BB@@BDDBDAF@HANBJAR@@@B@B@@AB@B@B@BD@@@B@@@B@@BBBB@D@B@B@@@B@@@@B@@@@@DABCBADA@@D@DBBBBD@F@DDFBBFFJJDD@@B@HB@@N@H@JAF@F@DBF@FBDFBDDHDHBFBD@@@BB@@BB@BBB@@@B@B@B@B@BBB@@BB@B@B@B@B@BA@@BA@@BA@A@@B@B@B@@BB@@BABA@@BA@AB@@@B@@@BB@BBB@B@@B@@@B@@AB@@BBB@B@@@B@BAB@BBB@@B@@@BA@@B@BA@@BA@@B@@BBB@B@B@@AB@@A@A@@@AB@BAB@@@BB@@AB@B@@@B@@@B@B@@@B@@@BB@BBB@B@BB@@BBB@BBB@BB@@@@FB@@BBB@B@BBB@@B@B@@@B@@@B@@@B@B@@BB@@BDB@@BB@BBB@B@BBB@B@@@B@B@B@BBB@B@@@@@DDB@BBBB@@@B@B@BBB@@BBB@@BBBB@@BB@BB@@BBB@BBBB@@BBB@@BB@@B@@DFBDDD@B@DABEHCBAB@FBDFDD@FBF@FA@@FADC@ADCDAD@B@@AB@@@B@@B@@B@@@B@D@B@@AB@B@BAD@B@B@D@B@B@D@D@D@B@B@D@D@F@F@BAH@FA@@B@DAB@@@@@F@D@B@D@B@FAFA@@B@B@@@@@BAB@@@FADA@AB@BAB@BAB@@A@@@@@@B@BABAD@BAB@@@DBBBD@BBDBDDB@BBB@FBFDDBB@D@F@DBD@@@FBB@BBFBB@@@B@@@@@@@B@@@@@@@B@@@B@B@B@@@@@B@B@@@@@B@@AD@@AB@BADABABABABABA@AB@@@@A@@@@BA@A@@BA@A@ABA@@@@@ADE@A@@B@@A@@@AAAAACC@@@A@@@AB@@AD@DADABAB@BA@@@AB@@AB@@@@@BAB@@AB@FADCJCBABA@@DADAB@DA@@PIJEDADADABAHCBAB@BA@@FABAB@BADADAJEDA@@LEDCJCHCBA@@BAB@B@@AFADCB@@@BAD@HAD@B@B@@AB@H@FAF@DARAB@BAF@B@BAH@RCD@B@HAHAPAB@BAD@HAH@FAJAJAD@@@NAHAB@FAD@B@FAJAD@D@DAH@DAD@D@HAHAF@HAD@DAPANCD@RCH@HAD@DAB@B@DAD@B@D@DAHAH@DAF@HAHAJ@JATCTCJAF@BAPAPCB@B@B@DAB@B@B@JAJAB@BAB@B@B@B@FAB@@@D@BAB@@@D@BAD@B@B@@@JARCRAB@DBJBHBD@DBF@L@FB@@B@B@BBB@FDBBDBDBBBBDDBB@BBFBBBDBDBDBFDB@B@FBDBBBB@B@D@H@J@H@F@D@FAB@DAB@B@@AD@D@B@DA@@DCBADCDCBABABCDCBABADABC@@A@GIAACEAAEEAAAAAAAAEECEGEEGEECC@@AA@@AAEEEG@@@@AA@@A@ACACECEGAACCAA@ACCCECGCCACACACAA@@AC@@ACAAAAAACGEGAEEGCEAC@@@@AA@AA@AECECEEGACCE@AA@@AAAACAC@A@@AAAAAA@AA@CAGCGCIEICICCCA@A@CCA@AAA@ICECA@AA@@ICGCECEACA@@@@@@@A@A@C@EBE@E@E@E@E@C@@@EBE@C@E@E@E@E@EBE@C@G@G@E@EBE@E@C@E@EBE@E@@AA@@@@@AB@@@B@DABADADA@A@C@@AE@@A@A@ABABA@@@@A@@@A@A@@AAAAAC@@A@A@A@AAA@@BA@ADCBC@@@A@@@@@@A@AAC@AAE@AAE@A@AA@@@A@@@@B@B@B@B@B@BABADA@A@ABAAA@AA@A@@B@B@D@B@@ABA@A@AACAEAI@AAC@@AACCCAAA@@ABAB@@A@@A@@@A@A@@AAA@ABA@A@@@A@AA@C@A@A@C@@@AABA@ABA@@AA@ACAA@A@ABAD@BAB@@ABA@A@@AC@A@C@A@A@AAAA@@A@A@ABCBA@@@@AAABA@@@A@AAAA@@AAAA@A@@@ABE@A@C@@@AA@A@@@CBAB@@ABA@C@A@C@AAA@@A@@@AB@B@D@B@B@BA@@@A@@CAA@AAA@@A@@@@B@D@B@B@@@BA@@@CAAAC@AAA@A@A@AA@AA@B@@ABBD@B@B@BAB@@ABA@A@A@A@@AAA@@@A@@BABABABA@A@@@A@A@@A@A@A@C@@@A@A@A@A@@A@@B@BAD@B@BA@@@A@@@AA@A@C@C@AA@@@@@A@E@E@CBA@C@@@AA@@@AACA@@AAC@A@C@AAA@AAA@AA@AB@B@B@B@B@D@B@DAB@DAD@B@B@BABA@ABA@AA@@AA@A@@@AB@BABABA@@@ABA@A@CA@@@A@AB@DABAB@@AA@A@CAA@A@AACAAAC@AAA@A@@AA@@ABA@@B@B@DBB@BBD@B@D@B@BA@AB@@AA@A@EAEACAA@AAA@@A@A@C@A@CBAB@DADBB@BBB@@B@B@B@D@D@@@BBBB@BBB@B@B@BABABCBCBAB@DAB@D@B@BAB@@CBCBA@A@CA@A@A@EBA@A@A@AA@@AA@A@ABA@ADAB@DADA@@@A@A@A@AAAA@AAE@E@A@CAA@A@AAA@AB@@ABBB@B@BABCBABA@A@AAA@@AACAAA@CAA@C@A@AA@@AA@@@AB@DB@@B@BABA@A@AB@B@@A@@EAE@AAA@@@AA@AAAB@@AB@B@FBD@DBB@B@BBB@BAD@BCBABAB@@AAA@C@@@AACAACACAAAA@AAABC@ABABADABA@E@ICA@CCA@C@C@C@C@A@AAAA@CBA@ABABBDBDBB@B@B@BA@@AAA@CA@AAA@A@ABA@C@ABA@ABA@@B@@@B@@B@@ABAB@B@B@@@BBB@@B@@BB@BA@@@A@@AA@@@@A@@A@@AA@@@@BA@@BA@@BBB@B@BBBBBB@@B@@AB@B@B@B@BBD@BBD@B@DAD@BAB@BAB@@@@A@@A@@@A@C@A@A@A@@@AA@@B@@A@@B@BBB@B@BAB@BA@@@AA@A@C@C@A@A@AA@@AAAAAC@CAAB@@@BADABADA@AB@@A@@@AAA@@A@AAC@CAA@C@CAA@@BA@@@AB@@@@BB@@BB@B@@@BA@A@ABC@ABA@A@A@AAA@A@A@A@C@@@A@AAA@AA@@@AAA@@@AB@@@B@B@@@BBFBB@B@@@BABABAB@BABAB@BAB@BA@@BAB@@A@@@A@C@@ACAA@@AAAAA@CAAA@@ABA@@@@B@B@B@@BBBBBBD@BBBB@@@B@BA@@BC@A@C@CAC@A@CBG@A@A@@@C@@@AA@@@ABADC@ABA@@@AAA@@A@@@A@ABA@AB@@A@A@@@AA@@@A@A@A@@AAA@@@A@@@@@@@@BB@AB@B@@@BAB@@A@@@@@@A@A@AA@@@@@A@@@@@@@@B@@AB@@A@@@@@@AA@AAABC@A@CBA@EA@@A@@A@@BA@@BB@@BBB@BAB@@A@@@@AAAACAA@@A@A@@@AB@@@B@@B@@ABB@@@D@D@D@B@D@B@D@B@@AB@@AB@@AA@@@A@@@CBA@ABA@A@AAA@AAAA@@@A@AB@B@B@@@D@BBB@B@@@@@B@AA@@A@@A@@@A@A@@A@A@AAA@@AA@AA@A@@A@AB@@AA@@B@@@B@@ABA@@@AA@@@A@@@@B@@@BA@@@C@ABC@@@AA@@@@BAB@BA@@BABA@ABAB@@AA@@AAA@@A@CBAB@@@@@BBB@@@B@@AB@@A@A@A@AAC@AAA@A@@AA@AA@A@A@@BA@@@@BB@@@B@BB@BB@@B@@@@@@@@AA@AA@@@A@@@@B@B@B@B@F@D@@@@@B@A@@@C@AAA@AAAAA@AAA@@A@@@AB@BA@@@@B@@B@@@BBB@@BBBBB@B@@@@@@@@AA@A@@A@@@@@@@AB@DAD@@A@@@A@@@AAA@@A@@@@BA@@BA@C@C@ABA@@@AA@@@A@@@@B@@@BB@@B@@@DAFA@@BA@@@@A@@ACBC@A@A@C@AA@@ACA@AA@A@A@@@@BA@@@B@@B@@B@@@@@@B@@@BABA@AB@@@B@@@BBB@BB@BB@B@BBD@B@B@@AB@@A@@A@AAC@C@@AA@@A@@@AB@BAB@B@BA@@BA@ABA@@BA@@AA@AA@@@@@AB@BAB@@A@ABC@A@A@@A@@A@@AB@DABA@A@@@A@@AAC@@A@@@A@@B@BA@AB@AA@CAAA@AA@@AB@@@@@BB@BB@B@@ABCBA@CBA@A@A@@A@@@@@AB@DABABAB@@AA@@AAAA@AAA@@@"],"encodeOffsets":[[136335,48021]]}},{"type":"Feature","id":"230828","properties":{"name":"汤原县","cp":[129.904463,46.730048],"childNum":1},"geometry":{"type":"Polygon","coordinates":["@@@A@@@@@@B@B@B@@@@AA@CA@@A@AAA@@@BA@A@@@@@@C@@@A@@@BC@@B@@A@@A@A@A@@A@@B@B@B@@@@A@@A@@AA@A@@@A@@B@@@@@@A@BB@@B@ABA@@@A@@@@A@@A@@@@@@A@@B@@@@@@@@@AA@@A@@@@@A@@@@@@@@ABA@@@@AA@A@@B@B@B@BBB@B@BA@@@AB@@@B@@@BB@@@@B@@@BAA@@@A@EAAA@@@@BAD@B@BA@@B@@@@A@@B@@@@@B@B@@@@AB@@@@A@A@@@@@A@@B@@@@@B@@B@@@@@@A@@BB@B@B@@@@@@@@A@@A@@A@@@A@A@@@@C@@@@@@@AA@@@@B@@@@@@@@@@A@@@AC@AAA@A@@@@A@@@@@@BA@@B@B@B@@@@@@AA@A@@@AAB@@@B@B@@@@@@@@A@@@@@AB@@@@AA@@BA@@@@@@@@A@AB@B@@@B@@@@A@@@ABA@@@@AAA@A@@@A@A@@@@@@@AA@@A@A@@@A@A@@@A@@@@@A@AA@@A@@@@@@@@A@@AAAA@@A@A@@@@@@A@@@@@@@@AA@B@@@@A@@@@@@A@@@AA@@BA@@AA@@@@B@@@@C@A@@A@@B@@@@A@@A@@@@@@@B@B@@@AA@@@AB@@@@@@@A@@@@@AA@@@@@@AB@@@@A@@@@@@@@@@BA@A@@@@@@@@@AA@B@@A@@@@@C@@A@@@@@@@A@AB@@BBA@@@@A@@@@A@@BB@@B@@B@A@@@@@A@@A@C@@@@ADADADCFGFKBACAQMw[WMOAODIDC@A@CACAAAACACEAIAU@[A_GGAYBQCE@MEECACAE@YAG@E@EDCFCFEBCBEAEAEGEKCICKAIAI@EBGBGBGACE@GBGBK@GEGCCCCCAA@MCKEKGA@EIMUEC@AAACKACBC@QAEAA@@AAAA@@ICCAIEKIEAC@G@KBGDABABURKFK@KAqOOECACAKCC@GC@@A@A@A@A@@BA@ABA@@@AB@@A@ABC@@BA@@@A@@@@BA@A@AB@@A@ABA@@BA@A@ABA@A@@@A@ABC@C@C@C@AAA@C@A@CACAA@A@AAEAA@@AA@@@CAAA@@AA@@@A@A@@@A@@@ABADAB@BA@A@A@A@@@@A@AA@@CA@AEFABAB@@A@@@@AA@@AA@@AA@@@@@AAA@A@A@AAA@@@A@@@AAA@@AA@A@AAAA@@@@AA@AICKLAACA@@A@A@AAA@ECCAAAC@@AA@CACACACACA@@@@@A@@@@@@@@@A@@@@@@@A@@@A@@A@@@AAA@A@AAA@AAA@CAA@@@AAA@A@CA@@CAA@A@AAC@AAC@@A@@A@@@@@@@@A@@B@@@@@@@@@@@AA@@A@AA@@@@@@A@@BA@@@AA@@@@BAB@@@@AA@@@@@@B@@@@A@@@@@@@@@@A@@A@@@@@@B@@@@@BCA@@@@@A@@@@@@@A@B@@A@@@@@@@@@A@A@@A@@A@@@@@@AA@@@@AB@@@@@@B@@@@B@@@@ABAB@@@AA@@@@AB@@@@@@A@A@A@@@@@AA@@@@@@B@@@@@BA@@B@@@@@@@@AA@@@@@B@@@B@@@B@@@@A@@@@A@@@@@@@BA@@@@@@@@A@A@@@@@@A@@@@B@@@@@B@@A@@@@B@@@@@@@@@B@@@B@@@@@@AA@A@A@@@@@@@@@B@@@B@@@@AA@@@A@BAA@@A@@A@@@@A@A@@@@AB@@@@@@@A@@@@A@@@@@@@A@@@@@A@@A@@AB@@A@A@@@@@@B@@B@@@@@A@@@@@@@AA@@@@A@@@@@@@BA@@@@A@@@@@AA@B@@@B@@AB@@A@A@@@@BA@@@@A@@A@AB@BB@@B@@@B@@@@BB@@A@@@AB@@@AA@@@ABB@@@@@@@A@@@A@@@AB@@@@A@@A@@A@@@@@@@@@@@@@A@@@A@@@A@@@B@@@@@@B@@@@@B@@@@AB@BA@@@A@A@@@A@A@@@A@AB@@@@A@A@@@A@A@AAA@@@@@AB@@A@@@A@@@@@AAB@@@AA@@B@B@@@B@@@AAC@@@@@@@@AB@@@A@@AA@@@A@@@@@A@@B@@AA@@@BA@@@@@A@@A@@A@@B@@@@A@@@A@@@@@@@B@@@@AA@A@@@@@@@@@BA@@A@@@@@A@@@@@AB@@@@A@@@@@@@@B@@@BA@@@A@@@@@A@@@A@@@@@A@@@A@BA@@@@@@@AA@@@@@A@@@@B@@@AA@@@@@AA@@@B@@@@B@@@@@@@A@A@@@BB@@@@A@@@@@A@@@@@@@A@@@@@A@@A@@@@@@A@@@A@@B@@@@@@@@A@@@A@A@A@@A@@@@B@@@@@A@BA@@@@@@AAA@@@A@@@@@A@@@@@A@B@A@@AA@@AA@@A@AA@@@CCICAAA@A@@@@A@C@C@@@@@@@A@@@C@A@@A@A@@@@@CB@@ACAAA@@@CBABAAA@A@@@BACAC@A@A@SAA@C@E@C@E@GAA@@a@@E@E@AF@F@D@D@BBDB@@BA@@@@DABCHA@@@EBABIDQBQA@B@D@@AB@B@@@B@B@B@DAB@D@BAD@FB@VBHBXB@@B@D@BB@BAD@FAFADAF@B@FA@@FAB@B@@@DAB@DAD@B@BC@A@EAQAGACAOAKAEAE@A@AA@@A@@@@@@@@@E@G@BC@@@@@@@@@A@ABA@C@ABA@A@A@A@@BA@@@A@@@@@@@@@@AA@@A@AA@@A@@@@@@@AAGCGAEAC@AA@A@ADA@A@AAAECAACAAAC@C@GBCBBA@A@AB@@@@ABA@@BA@AB@BA@@@@BA@ATMB@B@JBB@DCFEBA@@AA@@@@@@@@@@A@@@@@@@@AA@@@@@@@@@@@A@@@@A@@@@@@A@@@@@@@@@A@@A@@A@@@AA@@@@AA@@@@A@@AA@@@AA@@@@A@@@@@CA@@CAKECAAAA@@B@@A@@@@@AB@@@@@@@@@@@@@@A@@@@@@@@BA@@@@@A@@@@@@@@@AB@@@B@@@@@@A@@@@@ABA@A@@@A@AAA@A@A@A@A@AAC@A@A@A@A@A@@@A@C@@@A@@@@@@@A@ABABA@@@ABA@A@C@A@@@@@@@CBA@A@A@AB@@A@A@A@@@C@A@A@A@AB@@A@@@@B@@A@@B@@@@@BA@@B@@@B@@AB@B@@@B@@@@@@AA@@@@@@@A@A@@@A@@@@ACAA@A@@A@@BA@@BA@@BAB@BA@@BA@@BA@@BCB@@CDCDA@@BCDABCDABA@@B@@AB@@@BA@@@@BA@@BA@@B@@AB@@@BA@AB@@AB@@@B@@A@@BA@@@@B@@A@@B@@@@A@@@AB@@A@@BA@@@ABCB@@@@AB@@A@ABA@@@A@A@@@@@A@@@@@A@@@@@@@@@@@@@A@@@@@@@@@AB@@@@A@@@@@@@@@@@@@@@@@@@@@@@AB@@@@@@@@@@AB@@@@@@@@AB@@@@A@@@@@@@A@@@A@@@@BA@@@@@@@@@@@AB@@@@@@A@@BA@@@A@A@@B@@@@A@@B@@A@@BA@@@AB@@@@A@@B@@A@@@@@A@@B@@@@@@A@@B@@EDABEBEBA@CBCDCDCDABA@@@CECCCCACA@@@DCFE@@AAEA@AA@AAA@AA@@AA@AAAA@CB@@A@KFeNGDMFA@C@CBC@C@@@ADCBCBA@CBB@@B@@@BEDEBEBC@A@@A@@C@ABC@GBC@IDE@ABG@CBA@A@ECB@B@@@BAB@B@@@@@@@@@B@@@@@@@@@BAB@D@B@@@@@@@@@@AA@@@B@@@BBB@@@@AB@@@@@@@B@@@@A@@@@@@@@@@@@@@@@@A@@B@@@@@B@@@@@@@@A@@@@@@B@@@@@AA@@@@@@B@@@@@@A@@@@B@@@@A@@@@B@@AB@B@@@@AB@@@@@@@@@@@@@@A@@@@@@B@@@B@@@@@@AB@B@BA@@@@@@@@B@@@@@@B@@@@B@@@@@@A@@@@B@@AB@@B@@@A@@@@B@@@@@B@@@@@A@@@@@@BB@BA@@@@@AB@@BB@@@@@@A@@@@@@BA@@B@@@@@@@@@@A@@B@@@@@@@BA@@B@@A@@@AB@AAB@@@BAB@@ABA@AB@@@@@@AAAB@@A@@B@@@@@B@@A@@@@A@@A@@@@@@A@@@B@@A@@@@@@@CB@@@@@BA@@@@B@@A@@B@@A@@@@@AB@@@BB@@@@@A@@B@@@@@AA@@@@@@@AA@@@B@@AB@@B@@@AB@A@@A@@@@BA@@@@@@B@@@BA@@@A@@@@A@@A@@@@AA@A@@@@B@@@B@@@@@@B@@BA@@@@@@A@@AB@@AAA@@@@BA@@B@@AB@B@B@@@@@@B@@@@B@@AB@@@B@@@@@B@@AB@@@B@@@@@BADABAB@@AB@AAA@A@C@@AA@@AB@@ABA@A@@@ADADCBA@@AAAA@@AAAA@A@@@A@AB@@@AC@ABADAB@@@BA@@@A@@BA@@@AA@@AC@@AB@@ABA@A@@@CBE@@AAA@@ABA@AB@@A@@AA@@BADAB@@AA@@AA@@A@@@A@@@A@ABA@AB@BAA@@AAA@@BADA@@@AA@A@@@@A@A@@EC@@@A@@A@CA@A@@BAB@AC@@B@BA@C@@BABA@ABA@@@A@A@AC@A@@A@@AA@A@A@@CA@@@ABA@@@A@@@AB@BB@@@AB@@@@@@AA@@@@A@AA@@@@A@@B@B@@@A@A@@@BA@@@@@@@AB@B@@A@@@@A@@A@@@@@A@@B@@@AA@@B@B@@@@A@@A@@@@AB@@@@@B@BA@@@@@A@@@@@@BAAA@@BA@@@A@@@ABABADBD@@@B@BABAB@DAXDFB@@@A@@@@@@@@B@@A@@@@AAA@A@@@@@@C@@@@B@BA@@AA@@@ABABA@@@@@A@@DA@@@@@ABC@@@CBAB@@ABA@AB@BA@@@@B@@@B@@AA@@@A@@A@@BA@@@A@@D@B@@@@AA@@A@@@ABA@@@@B@@@@@@@B@@AA@@@@A@@@@@@@AB@@@BB@@@@BB@A@@@@@AA@@AB@@@@A@@AA@@D@@AA@@AA@@AA@AA@@@A@@@A@@@@@A@@@AA@@@AA@@B@@A@@@@@A@@@@B@BB@@FA@@@A@@B@@@@A@@@@B@@BB@@@B@AAB@@@D@@@BAFCC]BEDIRORSDE@EAGACECGEWAO@UFOJAB@BA@AB@@ABA@ABA@ABA@@@ABA@ABA@CBABA@ABA@ABA@AB@@A@ABA@A@AB@@A@A@ABA@A@A@AB@@A@A@@@A@A@A@A@C@A@A@@@A@AAA@@@A@A@AA@@@@SGQAA@@@UAA@A@C@ABA@A@ABC@A@A@A@ABC@A@C@C@A@A@AAA@@@AA@A@@A@@A@AAA@@@@AA@@@A@AA@@A@AA@@A@A@A@A@A@A@A@@@A@ABA@A@A@A@@@ABA@A@@@@@A@A@@@@@ABA@A@@@A@@@A@A@AB@@A@@@A@A@@@ABA@A@A@@@A@A@@@AAC@A@A@@@A@AA@@A@A@@AA@@@A@@AA@A@@@AA@@A@@@AGKIK@@AA@@@AAAA@@AAAA@@AA@@AAA@@A@@AA@@AAA@@A@@AA@AA@@AAA@@@AAA@AA@@A@@AA@AAA@AAA@AA@@A@AA@@AAA@@@AAAAA@@@AA@@EGCC@CBODU@CAK@AACCO@@@@@AAA@@CGCC@AA@AAAA@AAAOOQIOEaIEAKCMGCAAAAAAAAAAAAA@@KMEEGGKIOIKEA@@AQEeOMEICEAGEKGCAA@@@E@IBA@CCA@AFB@B@@BCBA@AAE@ABBBA@A@CA@@@ACAABADB@KAEB@@E@EBI@EBGDAB@@ABA@A@@BCAABCAA@@ACAAAGEABIAG@A@EBIFCBEBCBKFABG@ABA@ABBFCBIDA@@B@@ABEBABAD@BFJ@@ABA@A@@D@B@BBBBB@DCB@BB@@B@@CDA@A@@AA@ABCBCACBCBCB@BABADCBA@ABCB@B@DADA@@BABA@ABA@EACACBCBCDCBCBEFCB@@ADBBKBEBIBODODKBABC@@@@@A@ABA@A@@@A@@@AAEA@@@@A@AAA@ECA@@@C@G@C@A@A@@@A@C@A@A@A@@B@@C@C@A@A@ABC@@@C@A@ABA@ABAB@@A@@@CBA@A@@@A@A@B@B@BBB@BBB@BB@@B@@@B@@@@@@BA@@B@@@B@B@@@BB@@@@B@@@B@B@@BB@@B@@BB@@@@@@B@@@@@@@@@BA@@B@@A@@@@B@@@B@B@BB@@@BB@@@BB@@B@@@BB@@B@B@B@B@B@@@@@@@B@BB@@@B@B@@@D@B@D@FBB@@@@BB@@BBB@B@@@B@@@BB@@@@B@@@@BB@@@@AB@@@@AB@@ABAB@@@BA@@B@@@@@@@@BBB@D@B@BBB@DBB@B@BB@@BBB@BBB@BBB@DBB@B@BBB@@@BB@@B@@BB@DB@B@@B@@@@@@BB@B@@@B@@@@@BB@@BB@@DBB@@B@@B@@@BBB@BB@@B@@@B@@@B@@@B@BBB@@BBBBD@DBB@B@@AD@B@@AB@B@@@DAB@B@@@B@@@@BB@@BB@@BB@@B@@@@@@@B@@@@@B@@@B@BBDB@@DBB@@BB@@BDDBB@@@BB@D@DAF@B@B@FAD@B@@@@@D@B@B@B@FF@B@@D@FDF@JBJDH@B@D@B@@@BABA@@BA@@DAB@BAB@B@B@DBB@@@D@B@B@B@B@BB@@B@@BD@@@D@B@D@DAB@DA@@B@B@@@B@BDB@@@@BB@B@B@BBB@@@@BB@@BB@D@D@D@B@B@B@B@@@BB@@BBBB@@@B@BAB@@@BB@@@@BB@DB@@BBB@@@B@@@@BB@@@AB@@B@@@@@@BB@FBBBBB@@B@@D@D@@@@@BA@AB@B@B@@@B@B@@@B@@A@AB@B@@AB@@@@@B@@@@AB@B@B@BAB@@A@@@AB@@CDAB@@@B@BB@DB@@B@B@@@@B@@@@@BBF@B@@@BABAB@@@BBBBB@B@@@B@@@B@@@@@BA@@@@B@B@@@B@B@B@@@B@B@@@B@@@@@BA@@@@@@B@@@DBBAFB@@BDDBBBBB@@@@B@@@@@@CB@@A@ABC@ABC@@BA@A@A@@@@@@@A@@AA@AAA@AAA@@@@@A@@@E@@BA@A@A@@@@AA@@A@@AA@@@@A@@@A@@@EDA@AB@@A@A@@@AB@@A@@AC@@@A@@@A@A@@@CB@@A@A@A@AAA@AA@@A@@@@@ABA@@BAB@BA@AB@@@B@B@@@@@BAB@@A@@@A@AB@@A@CB@@@@A@@@A@EAAA@@A@@@@@A@A@ABA@ABA@AB@@ADADCFCFABEHCFABAB@B@@@BEHEHEHAD@@@@@B@@ABABABCB@BA@@@@@AB@@@@@BAB@B@@@D@B@@A@@B@@A@@@@B@B@BAB@BAB@D@D@@AB@B@B@BAB@B@B@B@@@BA@@@A@@BC@ABA@ABAB@@A@A@@@A@@@@B@@AB@BA@@B@@AB@@@@@B@@A@AD@@@@A@@B@@@@@B@@AB@@AB@@C@@@@@CD@@A@@@A@AAA@CAA@A@A@CBA@AB@@@@@@BD@BB@BD@BBB@@@@@BA@@B@@@BAB@BA@AB@@AB@@@@@B@BB@@@@@BB@@@@@@@@@B@@A@@@@BB@@B@B@@A@A@AB@@@@@B@@@B@B@@@B@@BB@@@@B@@@@@BBBBDB@B@@@@B@@@BB@@B@B@@B@@DB@BBBB@BBB@BB@@A@@BA@@B@B@@ABA@@@A@C@@@A@@@@BA@@BABABCDEFA@AB@@C@C@A@CB@@A@A@C@A@A@@@C@AB@@@@AB@@@BB@@B@B@@@@AB@BAB@@AB@BA@@@ABA@@@@@@@@@DBDB@B@@@B@@@BADAB@@@D@@AD@@@@@BB@@B@DA@@@@B@D@@@@@@B@@@D@B@B@D@B@B@DAB@B@B@B@BA@@BABAD@FCB@BABAD@@@DAB@B@B@B@BA@@BADA@@B@F@B@D@FBB@B@@@BB@@BBBD@@@B@@BBDBB@@B@@@B@@AB@B@@@BB@@BBB@BB@@@A@@BAB@B@B@@@@B@BB@@@BB@BBBB@@@B@@@@@B@BABAB@B@B@B@@@B@B@@@@@@@BA@ABA@@BA@@@@B@@ABEDABABA@ABA@ABAB@@@B@@B@BDBB@@@B@@A@A@ABA@@BAD@@@D@@AB@@A@ABA@ABA@AB@@A@A@ABA@A@@@@@@B@@@BB@@B@@@@B@DAB@@AB@@BD@@@B@B@@@BAB@@@D@D@@@B@B@D@@AFBB@B@BB@@B@BBB@B@B@B@B@B@B@BBB@@@BBBBDD@BBB@@B@@@D@F@F@F@D@B@BBBBD@DB@@B@B@B@@@B@B@@BB@@AB@@@BA@ABAB@@AFAB@BAB@B@B@BBD@DBB@BBBBBB@@BBB@@BB@B@@BD@@@B@B@BA@B@@B@B@B@@@B@@@D@@BD@DBB@B@B@BAB@BBB@@@BB@@B@BBB@@BB@BB@@BBB@B@BB@@BB@@@B@BAB@B@@@@@BBBB@@@B@@@B@B@B@B@BBB@B@@@B@B@@@B@B@@@DBB@B@BBB@BB@@BB@@@BBB@B@B@@DBBDBBBBBBBB@@@BB@@F@@@B@@@@@@A@@@A@@@A@@B@B@@ABABABABAB@@@B@B@@BB@BB@AB@@@BA@@B@BA@BB@B@@@B@@@B@@AB@B@F@@@@A@ABA@ABA@ABABA@@BA@@DABABAB@B@@@DAB@@ABA@@@A@ABA@AB@B@@B@@BB@B@@@B@BBB@B@BBBB@@@@BBB@B@B@B@B@@BD@@@B@@@B@B@B@@@D@@@B@D@B@@@BAB@B@B@DA@@@@B@B@@@@AB@B@B@B@@@B@@@BBB@B@@B@@A@@B@@@@A@@B@@@B@@BBBBB@@B@@BB@@BBB@BB@@B@@B@@@F@@@B@@B@@@B@BAB@@@B@B@B@B@BBB@B@B@BB@@BB@@@B@@BBBB@@B@B@BB@@BB@B@B@@@BADABAD@@A@A@AB@@@@AB@BBB@BA@@@A@A@A@@@A@@@@B@B@@AB@@BB@BBBBD@B@@@B@@B@@B@@@@@@@B@@@@@BAB@@@@@B@@@@BB@@B@@@B@DA@@B@@@BBB@BB@@B@@@@@BBD@DB@@B@BB@@B@B@@@B@@@@@B@B@B@@BB@@@@@@@D@F@B@BBB@B@@@BB@@AB@B@B@BA@AB@DAB@@@@@BB@@@@@BBBB@D@@@B@@@@AB@B@BAB@@@@@@@B@@@@BBB@@@B@@BB@@B@@@B@@B@@@BBB@@B@@AB@@ADA@@BA@@@AB@@@@@@@BB@@B@@B@@B@@@B@@A@@@BB@@@@@@B@BBB@B@@@B@@B@@@@@B@@@B@@@@BB@@@@@B@@BB@@BB@@@B@@@B@@AB@@@@@B@@@B@B@@@@AB@@@@@B@@@B@@B@@@BB@@@@@@@B@@A@@@@@@B@@@B@@AB@@AB@@AB@@@B@@@@@B@@@BB@@B@@@@BBBBDB@@@BB@@B@@@B@@BB@@@@@@@@ABA@A@@@A@@BA@@@@@@B@BB@@@@B@@BB@@BBBB@@@B@@BB@B@B@@@@@BBB@@@B@@B@@@BB@@BBB@@@@B@@B@@B@@@@BB@@B@B@B@B@BBB@B@BB@@B@B@B@BA@@@@BAB@B@BABAB@DAB@BADAB@B@@AB@@@B@B@B@B@BA@@BABA@@BAB@BA@@B@B@BA@@B@BA@@@@B@@@@@BBB@B@@BB@@@B@BB@@B@B@B@@@B@@@@@BBB@@@B@@@BBB@B@B@B@@@B@@@@B@@@@@B@@@B@@@@@@@B@@B@@@B@@@BBB@@@@BB@@@@BB@B@@@B@@B@@@@@@BB@@BB@@@@BB@@@B@@@BB@@B@@@@@@@@BB@@B@B@@@B@@@B@@@@@@B@@@B@B@B@B@@@B@B@@@@@@BB@@@@@BB@@BB@@BBBB@@B@@@@BB@@@@@@@B@@@BB@@@@B@@@B@@@B@@@B@B@@@@BB@@@BB@@@B@@@B@@@BBD@@@B@B@B@@@B@@@@B@@@@@BB@BDB@BB@B@A@@B@BA@@@@BA@@BA@@B@B@B@B@B@D@BAB@D@B@B@D@B@@@BB@A@@B@@@@AB@@A@@B@BAB@@@@A@@B@B@BAB@B@@@BA@@B@@@BA@@@A@@@A@@@A@@@C@A@C@AAA@@@A@@@A@A@@@@@A@C@C@AB@@A@A@@BC@@@A@@@@@A@@BA@A@A@@@@@ABA@@@C@ABA@A@@@@B@BAB@B@BAB@B@BAB@B@@@B@B@B@B@B@@@@@B@@@B@B@@@B@BB@@B@BB@@BB@@BBBB@@@@B@@B@@B@@@BAB@B@B@BAB@B@B@B@@@@@B@@@B@@@B@B@@@@@B@@@@AB@@@@A@@BA@@@@B@@@B@@@BA@@@A@@B@@A@@@@BA@@B@B@@BB@@@B@@@BA@@B@BAB@@@@@@@BA@A@@@A@AB@@@@AB@@@@A@@@A@@@@BA@@@@BA@@@@@@AA@@@A@@@@@A@@@@@@@A@@@@@AB@@@@@B@@@@AB@@@@@BA@@@@B@@@A@@@@@@A@@@@@A@A@@@@BA@@B@B@B@@@B@@@B@@@BAB@@@BB@@B@@@@@@@B@BB@@B@@@@@BA@@@@BA@@@@@A@@B@@A@@@@@@@@BA@@@@@A@@@@@AB@@@@AB@@@B@@AB@D@B@B@@B@@B@@@BA@@B@@@@AB@BB@@B@B@B@@@B@@@BA@@@@B@@@@@B@BB@@@@B@@@@@B@BA@@@@B@@@B@@BB@@@BBB@B@@@B@B@D@BAB@B@B@D@D@B@B@@@B@B@@AB@B@BAB@BAB@B@B@DAD@BAD@B@DAB@DAB@DAB@B@BAB@B@@AB@B@B@BAB@B@@@BAB@B@B@BAB@B@@@B@BAB@B@@@B@B@B@@@B@@@BAB@B@B@B@@@B@B@B@@AB@B@B@@@B@@@BAB@@@B@@@BA@@B@@@@@BA@@BA@@B@@@@AB@B@BAB@@@@@@A@@@@@@A@@@@@@A@@B@@@@@@A@@@@@AA@B@@A@@@@@@@@@@@@B@@@@A@@@@@@B@@B@@@A@@B@@@@@@A@@@@@@@A@@@@@@@@@@@A@@@AB@@@@A@@@@@@A@@@@@@A@@@@B@@@@@@@@@@@BA@@@B@@BA@@@@B@@A@@@AB@@@A@@@@@@@@@@@@@@@A@@@@@BA@@@@@@B@@@@@@@@@@@@A@@@@@@@@@AB@@@@@A@@@@@@@@@B@B@@@@AB@@@@@@@@@@A@@@@@@@@@@@@A@BA@@@@A@@@@A@@@@@@A@B@@@@A@@@@@@@@A@@@@A@@@@B@@@@@@@@@BA@@@@@@A@@@@@@A@@B@@@@@A@@@@@@@A@@@@@@@A@@@@@A@@AB@@@@@@@B@@@@@@@@@@A@@@BB@@@@@@A@@A@@@@@@A@@B@@@@@B@@@@@B@@@@@@@@@@@B@@@@@@@@@@@A@BA@@@B@@@A@@@@@@@@A@@@@@BA@@@@B@@A@@B@A@@@A@@@@@@@@@@A@@B@@@B@@@@@AA@@@@@@@@B@@@BB@@@@@@@@@A@@@@B@@B@@@@B@@@@A@@@@@@@@@A@@@@@@@@A@A@@@BA@A@@@@AA@@@@@A@@@@@@A@@@@@AA@@A@@A@@@@BA@@@@A@@@@@@@@AB@@@A@@@B@@A@@A@@@@@@B@@A@@@@A@@A@@@@A@@B@@@@A@@@@@@@@@@@@BA@@@@@@B@@@B@B@@@@@AA@@@@@@@@@A@@@@@@A@@@@@@@@A@B@@A@@A@@@@B@@@BA@@A@@A@@B@@@@@@@@@B@@@@A@@@@B@@@@@@@AAA@@@@@@@A@@@@A@@B@@@@@@@A@@@@A@@@@@@@@@@@AA@@@@@@@@A@@@@@@@@@@@@@@@@BA@@A@@@@@@@@@AA@@@@@@@@B@@@@A@@@@@A@@B@@@@A@@@@B@BB@@@AA@@@@@@A@@@A@@@@@A@@@@@@BA@@A@@@@@AB@@@@@@@@@@@B@@@@A@@B@@@A@@@@@@AA@@@@B@@A@@@A@@@@@@A@@A@@@@@@BAB@B@@AD@@AB@@@@A@@B@B@@@@A@@B@B@@@B@@@@@@@@A@@B@@@@@@@@@@AB@B@@B@@@AA@@AB@@@@@BB@@@@@@@A@@B@@B@@@A@@@@A@@A@@@@@@@A@@@@@A@@@@B@BA@@B@B@@@@@@@@BB@@AB@@@@@B@@@B@@@B@BAB@@@B@@A@@@A@@@@AA@@B@@A@@@@B@@@B@@@@@@AB@@@@A@@@@@A@@B@B@B@@@@@@A@@@@AA@@B@B@@@@@@@BB@@@@B@@@@A@@B@@@BAA@B@@@B@@@@@@A@@@@BA@@A@@A@@@AA@B@BA@@@@@@BA@@@A@@@@B@B@BA@@@@@@@A@@@AB@@@@A@@D@@@B@@@@@@A@@B@@@@@B@B@B@@@@@@AA@@@B@@AA@@@@@BA@@B@@A@@DB@@BA@@A@@AB@@@@@@A@@@AB@B@@@B@B@B@@A@@B@BA@@@@@@BA@@B@@@B@@A@@B@BBB@BBB@@@B@@B@@@@A@B@@@B@@@B@@@@@A@@A@@B@@@@@B@@@B@@@@@BC@A@@B@B@@@@@@B@@@@@@@AB@@@B@@A@@B@@B@@@@B@@@B@AB@@@@B@@@@@@@@@B@@@@B@@BA@@@BBA@@@@@@BB@@@@@@BA@@@@B@@@BA@@@@@@B@BA@@A@@@@@@A@@@@@@B@@@@A@@@@@@B@@@@@@@@@@@B@@@@@B@@@@@@A@@@@A@@@@@@A@@A@@@@@BA@@@@BA@@@@@@B@@@@@@@@@@@@@@A@@@@@@@@B@@B@@@A@@@@@@B@B@@@@B@@@@B@@@@@@@@@@@@@@@B@@@B@@@@BB@@@BA@@@@BAB@B@A@B@B@@@@A@@@@@@BA@@@@@@@@@A@@B@@@B@@@@@BA@@D@@@B@@A@A@@@@@AB@@@B@B@BB@@BB@@@@DA@@B@@@B@B@BB@@@@BB@@BA@@BAB@@@B@B@B@@@B@BC@@BAB@@@B@B@@@@AB@B@@BB@D@@A@@B@BA@@@AB@DA@@D@D@B@B@@ABC@@B@@@B@BBB@B@@@@AB@BA@ABA@@B@@BB@@@BB@B@@HAd@B@DA@@@@F@D@DAB@B@FAH@BAD@B@D@B@BAB@PB@@B@BBD@@BDBB@@@@BB@D@@@LAB@B@@B@FAD@B@DABABA@ABABA@ABABABCB@@AB@@@D@@@DAB@B@BAB@BBB@DBD@@@BBB@B@B@B@@BBDDBBBBBB@B@@@B@@@BABBBA@@@@@BBB@PC@@@@B@D@HAF@DALAD@D@JAD@B@@@B@@@@@@@BB@@@@@@@B@B@@@B@B@B@B@B@B@BCBAB@BABABA@ABA@ABABA@@BA@@AA@CAA@A@@@@@AB@BABABA@@@@B@@@BBBB@BBB@@@B@B@B@BABA@@B@B@B@B@BAB@B@BBB@D@D@F@D@D@H@D@B@BB@@B@B@@@BAFBF@D@B@B@B@BBB@BBBBDBBBB@BBB@B@B@BAB@BABABA@@BA@@@@H@D@D@B@@A@@@@B@D@@A@@BB@@B@BA@@B@@@B@BAB@B@@@B@B@@@B@B@B@D@B@BB@AB@B@B@B@@@B@B@@@@BBBB@@@B@@@B@B@D@B@@@B@B@@@BAB@BAB@B@@@@@B@@@@@@@B@B@@@@@@AB@@@B@@@B@@@BABA@@B@B@B@@BBAA@@@B@B@@@@@@@B@@AB@@@@A@@B@@@@@@AB@@@@@B@BA@BB@@@@BB@@A@@BB@@@@@A@@B@@@@@@@@A@@@@BB@@@@@@B@A@BA@BB@B@@B@@BB@@@B@@@@B@B@@BA@@@B@B@@@@@B@B@ABB@@@B@@@B@@BD@@@B@B@B@D@@@B@@AB@@@BBBBDBBB@@@@@B@@@@@@@B@@@@@@@@@BB@@@@@B@@BB@@@@@@@@A@@B@@B@@@@B@BAA@@@B@@@@B@@B@@ABB@A@BB@@@@A@@BBB@@B@@@@A@A@@B@@@@@@A@@@@B@@@@@BB@B@D@D@@BB@@@@@B@B@@@DA@@@B@@@@@@B@B@@A@B@@A@BB@@@@BA@@@A@@BBB@B@@@B@@@@@@@B@@@B@B@@@@@@@@B@@@@@BB@AB@@A@B@@@B@@@BA@@BBB@@@@BC@@@@@@BA@@@@@@@DBD@CB@@@@B@B@B@@@@BC@@BB@B@@A@@B@@@B@@@AA@@@@BB@@@@@B@@@@B@@@B@@ABAB@@@BB@B@@B@@BA@B@@@@@BA@A@@@@B@@@@B@@A@@B@@@@B@@@@@B@@A@BB@A@ABA@@@C@@@@@@@@BB@B@@@ABC@@@@@@@B@B@B@AB@@A@@@AAA@@@A@PJDAB@@@@@AA@@@@B@@@@@@BB@@@B@B@B@@B@@B@@A@@AA@@@@@@B@D@@@@@ABB@@@@@@A@@AA@A@@B@BB@@@B@@D@@@@@@@@@B@AA@@BA@@@@BBB@B@BA@@@@@@@BB@@B@@DA@@@AA@A@@@@@BABB@@@@B@@@@@@@@A@@@@B@@B@@@@@B@@B@@AA@BA@BB@@@@BA@@@BBB@@@@@BA@@B@@B@@AB@@@@B@@@BA@@B@@@@B@@A@A@@BB@BB@@@@A@@@A@AAA@@@@BB@@BBA@@BB@@AB@@C@@@B@BB@@@BA@A@@@@@DB@@@@@@@B@@@@DAB@@@@B@B@@@@BA@@@B@@@@AB@B@@B@@@@@@@@BA@B@@@B@@@@@AB@@B@@@D@B@@@@AA@B@@@@B@@@B@@@@@B@@BA@@B@@@B@@B@@A@@@@@D@@@@@BB@@A@@@A@@B@@@B@@A@@@@@@@@BB@@@B@BCBBB@@AB@@@@B@@@@A@@@A@@@@BB@B@B@@@@@@@B@@@@@@@@BA@@B@@A@@@@BB@@@B@@@B@@@@@@@@B@B@@AAA@@@BBB@@B@@@BD@BB@@D@@B@@@@@BBA@BB@@@@B@@A@C@@AAB@@AF@@@@A@@@@A@ACBA@@@@@@@@B@@A@@@@@B@B@@@@@@@ABA@@@@@B@@@@BA@AA@@@B@@B@@B@@@@AB@@@@D@@@@B@@A@@@@@AA@@@B@@@BB@B@@@@@@BA@A@A@@@@@@BB@B@@@B@@@B@BB@@@A@@@@@A@@@@BBB@@@@AB@@@B@@@B@A@BA@@B@BB@@@@@A@@B@@@@B@@@B@@B@@@@@@AB@@@B@BD@@@AB@@BB@@@@B@@@@@@BB@@@@A@@@@BD@@@BB@@@@B@@AAAA@@A@@D@B@@A@@@@@ABB@@@B@@@@B@B@@@@AB@BB@@AB@@@@@@B@B@@@@BA@@@@B@@B@BAB@B@@B@@@@@BB@@@@@@@A@@@@BD@@@B@@@@A@A@@@@DBB@@@@@@@@@AA@@@@B@B@@@@BB@DBDBB@@@ABA@A@@@@B@@BB@B@@A@AAA@@@@@@@@BA@@@@B@@C@AB@@@B@@BB@@@@A@@B@@@B@B@@@@A@@@CAA@@B@@BB@@A@@@A@@@A@@@A@@F@@@@BB@@@@ABA@@@@C@@@@A@@@@B@@A@@B@@@BB@@B@@A@A@@AA@@@@@@BBBB@A@@B@@A@@A@@A@A@@@@B@@A@@@A@A@@@BB@@AB@@@@AA@@A@@@CC@@@@AA@BA@@@@@B@BB@@@@A@A@@@A@@@@@B@BB@@@@@@@@A@A@@@A@@@@@B@@@@B@B@@@B@@A@@A@@@@AB@@@@@@A@BA@A@@A@@@@@@B@@@B@@@@@AA@@@A@@@BB@BA@@@AB@@@B@@A@@@@@AB@@A@AA@@@@@@@@@@@@A@A@@B@@@@B@B@@@A@C@@@@@@BB@@B@@@@@@A@A@@@@@@@@B@@C@@@@BB@@@@@B@B@@@@@@BA@A@@BDB@@C@@B@@@@D@@@AB@B@@B@BB@@@@A@A@@@@@A@BDB@@@BB@BA@@@AAA@@@@@@B@@AB@@@@B@@B@@@@A@@BAB@@AA@@@A@@AA@@@@@@A@BB@@A@A@C@@B@@@B@@@@@@@@A@AA@@@@C@AB@@@@@@BB@@@B@@@@@@A@A@@@A@@A@@@@A@@B@@@@AB@@B@BBB@@BA@@@@@@@AB@@C@A@@@B@@@@@B@B@@B@@C@A@@B@@@BC@@@A@@@@@@@AAA@@B@@B@AB@@AAA@@@A@@@@@@@@@B@B@@B@@A@AB@@B@@@BB@@B@@@@@A@AB@@@@@BB@BAB@@@BB@@A@@@A@@@@@@@@B@@@@A@A@@@@@@B@@@@B@B@DA@B@@@@BB@@@BA@@@@@@B@@A@A@AAA@@BB@@@A@ABAB@@A@@@@@AA@@@@@@A@@BA@@@@@@AA@@AA@@@@@@BB@@@@B@@AAA@@@A@@@B@BB@@A@A@@@B@@@ABA@@BA@@B@@@D@@@@@@AAC@A@@@@@@BB@@@@BA@@@@@@@A@@@@@@B@@@@BB@@@B@@EA@@A@A@ABA@@@A@A@AA@@AB@@@B@@@@@B@@B@AB@@B@A@BB@@@@@@@BABA@@B@@@B@@@B@@A@AB@@A@@@@BA@A@@@ABA@ABA@@@A@@@A@@BA@AA@@ABAD@@BB@@@DAB@@@@AB@@@BB@BB@@AB@BA@EB@@CB@BCB@@@@BB@B@@ABA@ABE@A@A@EB@BCJ@B@@BB@@@BA@C@@BA@BB@@@@B@B@@AB@@B@B@@DB@@@BHBRB`FZDFBF@@@BBB@B@@@B@BBB@B@B@@@B@B@B@B@BBB@@@F@HAF@LAFAF@DAN@B@TAPAD@RC@@NGPGPIBADALA\\GZEHCNAPGB@@@JED@F@HAHANEREF@XDL@ZBLBF@B@F@FBH@F@DBD@F@FBB@F@DBF@FBD@D@FBD@FBH@DBF@FBD@JBD@HBF@FBH@FBH@FBD@B@DBJBF@FBD@D@DBF@B@DBF@DBB@D@DBD@D@FBF@DBD@D@DBD@D@@@BBB@BB@@@@BA@@@@A@@A@@@@@@@@A@A@@@@@@@BA@@@@@AA@@@AB@@@@A@BA@@@@@@BA@@A@@@@@A@@@@@@@AA@@AAA@@BB@@@@@A@@@@@A@@@AA@@@@A@@@A@BA@A@A@@@@A@A@@@@@@@@A@@@A@@@@B@@@@@@@A@A@BAB@@@@@@@@A@@@@@@@@@@B@@@BAB@@@@AA@@@@@BA@@@A@A@@A@@BA@@@@A@@@A@@AB@@@@@ABA@@BB@@BA@@B@@@BA@@@@A@@@A@A@@@@AB@@A@@A@@@@@@A@@@@ABAA@@B@BA@@@@B@@@BB@@@@B@@@BA@@@A@@@@@@BB@@B@@A@@@@@@A@A@"],"encodeOffsets":[[134126,48429]]}},{"type":"Feature","id":"230881","properties":{"name":"同江市","cp":[132.510119,47.651131],"childNum":1},"geometry":{"type":"Polygon","coordinates":["@@@@A@B@@BA@A@@@@@BA@@A@@@A@@@@@@@@@B@@AA@@A@@A@@@@@@@A@@@@A@A@@@A@@@BA@@@@@@@AAB@@@BA@@@@AAA@@B@BA@@AA@@A@AA@@B@@@AA@@@A@@@@@@A@A@AB@@B@@@@B@@AB@B@@@@@@AAB@@@@AAB@B@@@@@AA@@B@@@@@@@@C@@B@BA@@@@AA@@A@@@@@BA@@@@ABAAB@@@@@@@A@A@@@@@@AB@@AA@@@@@@@@A@@A@@@@@ABA@@@@AB@@@AA@B@@AB@@@AA@BA@@A@A@E@AAA@@@B@B@B@@A@A@@AA@@AA@@@A@@BA@@AA@AB@@A@@B@@BBB@A@@BA@@@A@@A@AAA@A@A@@@BA@@@AA@@@A@@BAB@@ABA@@A@AA@A@@B@@@BAA@@@A@AA@A@AB@B@@@BA@@@CA@@@AAA@@A@A@@B@@@BAA@@BA@AAA@@A@A@@@@B@BA@CC@@B@@A@@@@C@@A@@B@@@@AA@BAAAA@@@A@@BB@BB@@A@A@C@A@A@AAAAB@@@B@@@@AA@@@@A@A@@AABA@@B@B@@B@@A@@B@@@B@@BA@@@@@ABA@@AAB@@AB@@@@A@@AA@@@@ABBB@@A@@@@@@A@@C@@@A@@BA@@@A@@A@A@AA@@ABAB@@@@BBB@@B@@@B@@AA@AAA@BA@@D@@@@AA@@AB@@@@@AA@AA@CB@@A@@ABA@@A@@@A@@@@BA@@@@BAAA@A@A@A@@AA@B@B@@@AAAAA@AAA@A@@AAB@@B@@BB@@@@@@@ABA@@@@BA@@@AAA@A@@@@@@BABA@@@@@@AAA@@AB@@@@A@@@@A@@A@A@@@A@A@@A@AA@ACA@@@A@A@@@C@@@@BB@@BEBCDA@@@AAA@A@A@ABA@@AE@A@A@@@@B@@DB@B@@A@A@@B@B@BA@@@@AA@@AC@C@@B@@@BB@A@@BC@A@@@@@DE@A@@AAA@ABA@@BB@@B@@@@A@A@@A@A@AA@A@C@A@CAA@AA@@@@A@CDA@@@A@BAB@@A@@@@A@ABA@@@BAA@ACAA@@BABCB@B@@@B@@@@A@@B@B@@@@@AAC@AA@@@@@AB@@AB@@@@D@@B@@@@A@@BAB@@@AA@@A@AAAA@@BA@@AA@@AAA@DA@@@AD@@A@@@A@AAAAAA@CBCBA@@B@@B@@B@B@@A@A@@@CA@@A@AB@B@@@@@BDB@B@@@B@@A@A@@A@@@AAAA@ABCDA@A@@@A@@CAAAAA@A@A@C@@@@@C@EAC@A@ECA@A@@BAB@@A@A@AA@@B@B@@@BAB@@@AA@@A@ABAB@@AA@@B@@ABC@AA@@@A@CB@@A@AAA@@@BAF@B@B@@@AAA@@@AA@A@@B@DA@@B@@@AAA@CCCAEAA@@@AA@AAAA@A@AAGAA@C@C@AB@AAAAA@@@A@A@@A@A@CBABA@A@AB@@AAA@@A@@@AA@A@@A@@@A@@G@@@@@D@BA@@@@A@@@A@@@@A@@@A@@A@A@AB@@AA@@B@B@BA@@@AA@@@@@AB@@@A@@@A@@A@@@@B@@AB@@A@AABA@A@@AA@AA@A@@@A@@BAA@@A@@AA@@A@A@A@@ACA@@BA@ABA@@BAB@@A@A@@AB@@AB@@@@AB@A@@@@@AB@@A@BAA@@AABC@@@BC@@@@C@A@@@A@@A@@@AB@BA@@@@EEAAA@@@AA@A@@B@@@BB@A@@AA@AB@@A@@ACAA@@@BABA@@@@A@@EAAB@@@@@@AA@@A@A@@@@D@@C@@@@@@A@A@@AB@@A@@@@AABA@@@@@@@BA@@@@A@A@@@@@AA@@A@@@@B@@@BA@@AB@CAAB@@@BA@@AB@AAA@@BA@A@@@BA@@@@@AA@@B@@@@AB@AA@@@@@@B@@@@A@CA@@A@@BB@ABA@CA@@A@@BA@AAA@EDEB@@@A@@@@@@@AA@@@A@@@@@ACAA@BA@@@A@BA@@@@A@A@A@@AB@@A@@A@AA@@A@@B@@AA@@BA@@AA@@@@@B@@@@ABAA@@@C@@ABAAA@@@@CA@@@AB@@@@@AA@@@A@@A@@@@@A@@CAC@A@CAA@@AA@@A@A@@@@A@C@@@@A@@CAA@A@C@C@ABC@AB@@AA@A@@@@A@@B@@A@AA@@A@A@@BABA@AAAAA@C@@@A@@@@@BBA@@@@@@AAB@@@@AB@@A@@A@@AA@@A@@@@@@@BB@B@@@@@@A@@@@@@AA@@@@@@@@@@BA@@@A@A@@@A@@@@B@@B@@@B@@B@B@@@@@A@@A@@A@@A@@@@B@B@@A@@@A@A@C@@@A@A@@A@@B@@@@@@A@@A@@A@@A@A@@BA@@@A@@@A@@@BA@@BAA@@@@@AA@@A@@AB@BA@@A@@A@@@B@@A@@@A@@@AB@@AA@@@@D@@@BA@@@@E@A@@@@@@AB@@@B@@AA@A@CAA@@BBB@@A@A@CCA@AB@@@@@A@@AA@@@@@BA@@@A@@BA@BB@@@@A@A@@@@A@@@A@@AA@@A@@@@@@B@@@@AB@@A@@@A@@@A@@@A@@A@@AACAA@@A@A@ABÍBw@Q@AA@@@A@A@ABC@IAIA@@EAC@ECICECAACC@G@CDEFCLCFAD@BC@A@ABABABAFGDE@C@E@ACC@A@AFCBA@CBCFEDCFC@A@A@A@EAC@ABABC@@@A@A@A@K@MBM@M@K@UBY@a@[Bc@[@@@O@CBsBm@K@E@A@G@E@@@A@C@C@A@A@A@C@A@C@A@C@A@C@ABC@A@C@C@C@A@@@C@C@C@E@C@C@E@E@A@AA@@@A@AA@@AA@@A@A@ABA@A@A@@AA@A@A@A@AAA@@@A@A@AAA@A@@B@BB@ABA@AA@@A@A@ABA@A@@AA@A@AAA@A@A@@AA@A@A@AA@A@@AAA@CAC@AACAAAA@A@CB@@A@AB@@A@AAA@A@A@A@@@AAAA@@AAAACAA@@@C@A@CBEA@B@AA@@AB@@@BC@@AAA@A@@@A@A@AAA@A@@AA@A@@AC@A@AA@C@AAC@CA@AA@A@@@A@@@A@@@A@AA@@@A@@@@CACACAC@@@AAAACAACECEACCC@ACCACAA@A@AAE@G@AAC@C@AAA@AAC@AAACCCECEACGKCCAAAAAAAA@@A@@@A@A@EAA@A@CAA@ECC@CAEAA@C@A@A@C@C@A@CBC@GDKDCBGDKDC@GBCBEBC@CBA@A@CBA@A@A@A@C@A@A@@@A@C@E@EBC@A@EBA@EBA@A@CBA@CBABC@A@CBCBG@CB@@@@A@ABA@A@ABA@ABA@@BC@@BCBABA@AB@@A@ADCBABABCDADABABCDCDABCD@@CBA@C@C@@BA@A@CBA@EBC@E@G@I@G@C@A@A@AACAEAA@A@ECCACACAAAEAAAA@CAACAACACAAAECA@AAA@A@@@EAK@E@CAC@GAIACAA@QBQDIB@@A@A@C@ABC@@@A@ABC@@@A@EBA@A@A@A@ABA@IBIBA@A@A@CBA@A@A@ODOBABE@IBSDSDIBI@GBGBE@CBG@GBCBC@A@C@CBA@A@CBC@GBG@QDC@MDOBCBC@GBE@GBGBC@C@CBG@CBC@C@IBEBA@C@EBA@GBMB@@C@IBIBEBG@GBC@ABA@OBGBGBA@C@QDG@ABA@E@ABA@QBCBE@EBG@A@@BA@A@C@GBC@AB@@A@CDEB@BA@A@AB@@ABGDIDCDKF@@CBIFCBCBABA@ABEB@@ABA@ABGDABCBCBCBIFOJ@@CBA@CBCB@@ABABIDCDEBA@@BA@AB@@@@A@@BA@@B@@ABA@ABCBCBC@@BA@@B@@@B@@DDBBBB@B@@@BA@@@@BCF@B@@@@AB@B@BAB@@@BAB@@@@@B@@A@@BABABABABABCBABA@@BC@@BA@@@@@A@A@@@@@A@A@A@@@A@@@@@@@A@@@@@@@A@@@A@EAAAA@EA@@C@CAE@C@A@CAECEAA@AAA@CCCAAAC@AACA@@A@ABC@ABABA@@@@@@@@BA@ABA@ABA@@BCBEB@@A@AB@@@@A@A@@@EBEBA@C@A@C@E@@@@@A@CBA@@@EBG@ABE@E@C@C@A@A@C@C@C@A@A@C@A@A@C@ABA@A@@BA@C@A@@@A@@@@AA@@@A@@BA@C@CBCD@BCDEB@@EBE@EAC@ECAC@EBADAFGBA@C@ACCACCE@@@AA@@AA@AA@@AAAAA@AA@@AAA@@AA@AA@AA@AA@@AA@A@A@A@@AAAAA@CC@@@@A@A@AAA@A@A@@@A@A@AAA@A@AAA@@AA@AC@@AA@@@A@A@@@A@@@A@@@A@AA@AAA@A@AA@@EA@@@@AAA@AAA@AA@@AAA@A@AAA@@A@@@A@@@A@A@@@A@@@ABA@@AA@@A@ABA@@B@@@B@BA@@BA@A@A@AA@@@AB@@AB@@A@AB@@A@@@AA@AAA@ABA@@@A@A@AA@@BA@@@A@@@AA@A@AAA@@A@@@A@@BAB@@AB@BA@AA@@AA@A@A@@@@BAB@@AB@@ABA@A@A@A@A@@AA@AAA@A@A@A@@@A@AAA@@AA@@A@@ACAECGCGACCEEAE@CAE@E@IBG@M@@@GAA@@@CCIIEEAACE@C@EACAACAC@@@CBABADCB@@@@A@@@@@@A@@@A@A@CAAAA@@@A@@@A@@ACA@A@A@@BA@A@@@Q@IBMAGBE@CBCAAC@@AA@@@A@@BABG@@@A@CAE@@AA@@@AEAC@C@A@A@AB@@ABA@A@A@A@@@@A@@AABC@@B@@A@@@A@AA@@@@AE@C@@@ABA@@BA@AB@AA@CACC@@AAA@A@@@EA@@A@@AA@@@A@A@A@A@A@A@A@C@C@A@@BA@@B@@AB@B@@A@@B@@@B@@A@@B@@@@AB@@@BA@@B@@ABA@C@C@A@A@ABC@AAA@@@A@@AA@@@@@@@@A@@A@@@AAC@CAEAC@AA@@C@A@C@A@A@C@AAA@@@AAAA@@A@@AAA@AAA@@AA@@AA@@A@@@@@AAA@@AA@@@@@AA@@@@AA@@AA@@@A@A@@@@@ABAAA@@@@@@@A@@@CAA@C@@@ABA@@@@BAB@@AB@BA@@@@@@B@@@@A@@@A@@@A@@AA@@A@@A@@BA@A@@BA@A@@@A@@@AA@AACAA@CAEBA@C@E@C@ABA@A@@@C@A@A@EBA@AB@@A@A@@BA@@@AB@BA@@B@@AB@BA@AD@@@@@B@B@@@B@@B@@B@@BB@@AB@@AB@@ABAB@@ABABA@AB@BA@@B@@A@@B@@C@@BA@@@A@AB@@@@AB@@A@@B@@A@@@A@@BA@ABA@@@A@ABA@@@A@@@C@A@A@A@AAC@@AA@C@C@A@A@ABC@A@A@A@@@A@ABA@A@@BA@A@@BABA@AB@BABA@ABABABA@ABCBABA@CBABABC@ABC@ABA@ABA@A@A@@DAF@@ABB@DDDHHDNDZLPJJJDBBD@DBFBFBFDFFHHHHFTJHDJBHBP@L@HBDDDDBFAFAJBBLTFHBJ@D@D@DBBFHDFDBDDBB@D@BAD@HAHADBDHFFBHBNFLDDDDDJNHL@B@D@B@BABAD@@@BA@@BAD@@ADABABAFKNGPCH@D@FBBBDDBDDRDRB`DNBLBB@DJ@BDBBB@DDDDFFHFFDHpBVBZFlTLLDHBPAPA`@T@VDNHNRXHLHJVRjVTLVXNRFHFHBFAFCJalIPEVDXTVhPdB^AXILEZQbOXEZAT@^DRJNHVX\\bLLNPFLFFHHBD@@B@^LbJZF\\HjLTFRFXHVJLJPRDRHVJXNRPPXP\\NRHPFhLhJPBXBXBfAVAXC\\C^CbETGPENETCP@FCPITIH@VDTH~RNBjHXBXBXENGTEPAPA\\FTDZ@nEX@RDLBTHNLNTFRDPFN@HBNHVNLLFXHp@lK\\GXCtHRLRNNXJRDPBX@HFHZNjHZ@dFZLZPNDhF^@dF\\HjJjPVF`@\\AtDNDN_FK@CB@DEBCBCDGBA@@@@B@B@BBB@B@@@BA@@@@BA@@@@@@@@@@@AB@@@BA@@B@B@B@BBB@B@BB@@B@B@BBB@BBB@@@@@B@@@@A@AB@D@@A@@@AA@A@A@A@@AA@A@A@A@AB@@CA@@@A@@@AB@B@@AB@@@D@B@@AF@B@BCBAFAD@FADABC@A@AAAA@CA@AA@@AA@@AA@@C@A@CDCBAD@BAFA@@DCHIJKHKDCDCBCBADB@@B@@@B@BA@A@A@ABA@@B@B@B@BAB@@@B@B@DBBB@@BBB@B@BA@@BABCBABA@@@@@@@ABAB@B@@@B@B@@A@CBADABAD@B@C@@BB@D@B@BABAD@BA@@@@@@A@A@A@BA@AB@B@@A@@A@A@@A@@B@@@@A@A@@B@AAAA@@A@@BB@BBC@ABA@@AA@@AA@B@AAB@@AD@@A@@AABAD@@@@@AA@@@@BAB@@A@@ABA@@@@AB@@@@A@@@@@A@@AAC@@@@@@A@@B@@@@A@@DA@@A@@@@AB@B@@@D@@A@@@A@@@@A@@A@@B@@AB@A@A@@@@A@@@@A@@@A@@@BAA@A@A@@@A@@@@@BA@@AAA@A@@@@@@C@A@@@AB@BBB@@@@AA@A@@A@@B@@@B@B@@@@AA@@@A@A@@@@@@@@AA@AB@AC@@@@@BA@ACA@B@@A@@@AAA@@DAAAA@@@A@@B@@@@A@@CBA@@A@@BA@@E@@A@@@@@A@B@@B@BA@@B@@@@@AAAA@@@@D@@@@@@@A@AA@@B@@@@AA@A@A@B@B@@@BA@@@@@A@@AB@@@@@@A@AB@@@@@A@A@@B@B@AA@A@@AB@@@@@@A@@A@@@@@@B@@A@@@@A@A@@@ABAA@A@@B@B@@@@@B@@@C@@A@@B@@@B@@@AA@@AA@@B@B@@BB@@A@@@@C@@@BA@@A@AA@@@@BA@@@@@AA@"],"encodeOffsets":[[137317,49290]]}}],"UTF8Encoding":true}