{"type":"FeatureCollection","features":[{"type":"Feature","id":"340202","properties":{"name":"镜湖区","cp":[118.376343,31.32559],"childNum":2},"geometry":{"type":"MultiPolygon","coordinates":[["@@@AACAE@AAACC@C@A@A@@EACAEC@@A@A@@@AAC@C@ABA@AAA@C@ABA@A@CAC@C@AAAAADEDABCDAFCBADED@BAB@B@@@B@@@@AB@@@B@D@BBD@B@@@BAB@B@B@DB@@BB@@@@B@@@B@@@@@B@@D@D@FAPEDAB@B@BA@A@@@A@AAA@ABA@@BAHAFAPADAD@FBDBFB@@D@B@@A@A"],["@@C@CACCAEAAAAC@E@A@C@EAICIEEAA@A@IDWJIFABC@C@G@G@CBAFCLCJ@FAFAL@@@@@B@LCN@FAH@BEPEP@BT@LA@@J@@@B@P@@@NGPKNOD[HCFCH@H@B@JBB@BAAC@CAAECCCCACA@A@@@@@@@E@C@CBCBAB@B@D@LDJBF@@@BCBG"]],"encodeOffsets":[[[121326,32064]],[[121267,32081]]]}},{"type":"Feature","id":"340203","properties":{"name":"弋江区","cp":[118.377476,31.313394],"childNum":1},"geometry":{"type":"Polygon","coordinates":["@@@A@@@@@A@@@A@@A@@AA@@C@A@ABA@A@@@AAC@A@C@A@@BA@@@@@A@@@ABA@AFCBCDABEDCBAFCBCDAJODG@GAEEMGKCIAE@IDEBE@G@QAWAC@EEEACEACCA@CCECGCGAC@E@A@EBA@A@@@A@@@AA@C@C@E@AAA@A@@BA@A@C@@@@@ABB@EBGA@@@AA@AAAAAEC@AA@@@A@A@@BA@CAAAA@AA@@@@@@A@AAEGAAAA@CCEAAECAAC@ABA@CB@BADADDD@NALCHALCBEBC@CCEAEBGDEBC@CAICOEKGGGEGCEAG@@ACA@C@A@CBGHOHOJEFADDDFBJDVHLFJFTNFH@DBLCNGJCBADCBA@EBA@AACAAAACC@C@ABCB@BAF@N@B@BBDBBBBBBDBDBHDB@HBDBB@HBD@B@B@D@JAH@FBBBBBBBDDBDADABCBKJCBCBABBHBF@F@F@HADABCLHBFDHDDDFFHH@H@B@F@DBFCH@DDAH@H@D@D@BAJEXIJCB@B@FBJFJDFBD@B@F@D@BBBBBFDDDBD@@@H@D@DA"],"encodeOffsets":[[121275,32080]]}},{"type":"Feature","id":"340208","properties":{"name":"三山区","cp":[118.233987,31.225423],"childNum":1},"geometry":{"type":"Polygon","coordinates":["@@BABC@G@E@EAEAGBADADALIDABABCACCCAAAAAAEAG@IBC@A@A@C@GAA@CAGAA@GCCACAAAAAAAAC@A@A@MBE@ADABAD@D@BDBBDBBBB@FAB@DABCDAHIDMAK@CEGSMIEKEUGICEACCBCFEPIPGHGDAB@D@B@BD@@BHDFFHHHLHPFJDDBD@FAHCFAFBDDD@FADABKDGBK@MCCECGEGEAAACACECAA@C@CBIBGBEBEBADC@C@A@CAAACAC@A@CAABAAAA@EAIACAC@IEA@IAeB_Am@G@KBEDGHCFGFIDIDE@EAECEAQAGDCBEBGDCDADBDDTBF@BAF@D@F@DBF@@@@@DBDADAB@@CBCD@B@P@FBHDP@D@BABC@C@@B@HCPAD@@EDIBK@SBM@BF@FBH@BE@A@UFIBA@E@KBE@O@YCGFA@GBNJ\\\\LFNJLJLHJFJFLHLHLDHBJFLDJDJBHDLBPDVHHBJBD@LDRDHBJ@H@FBJ@L@J@HAHAHAFCN@PA@@H@FBD@DK"],"encodeOffsets":[[121178,32039]]}},{"type":"Feature","id":"340207","properties":{"name":"鸠江区","cp":[118.400174,31.362716],"childNum":1},"geometry":{"type":"Polygon","coordinates":["@@VcNQRIRCHCBEFS@ABCBENEHEBIAMEICBCBA@@@@A@@@A@A@@BA@@@ABEBC@CBC@CBC@CBC@A@AB@@ABCBABCBCBCB@BEBE@CBEBEBCBC@A@AB@@C@C@C@@@A@ABC@A@A@AFDLFHDH@FAHEDCJCJ@J@@HFHFHHDLBL@J@FCBCN@DAB@@A@C@G@AAC@A@IAG@CBABCDAFCBALEDCBADABAB@BAAC@C@ABAFAD@FABCBEBCBCBABAAAACEGCC@AAC@ABCDCFCBC@ACE@A@CDCDCBCDADABC@C@CBCBAB@B@DAB@BA@A@A@ABC@ABA@A@AA@CBE@IBKBMBGBC@EBEDCBC@@@A@AACCAA@AA@@BA@@B@B@B@B@DAB@@C@E@EAEBUBQBKDIBCBCDAB@B@BA@C@@@EACAEAC@CBOBEBGBAB@@AB@BBB@B@B@@@BABA@A@CBOFEBC@C@@@CBC@G@@@AHAD@@E@IAKCC@A@A@ABAD@D@D@F@@@@@@@BDBDBDDFDBB@DBDABA@IAA@G@G@EDGDC\\MPOLMH@@O@A@@@I@@@KBS@@AFOFO@AIAE@KCEJC@@@EABCDGMBI@O@BH@B@@AKCQ\\ABFT@BBADLDVF@EDM@K@A@@@@BKBE@EDIDKBE@CDGAE@C@E@A@GGGEECCGCECGAC@EAG@@@OBM@EDGBGBGBI@K@I@EAG@I@GAQCKCC@IAGAUGOCKAGCIAICKCIEGAKCKGKGIEIEKGKIMIKE[[MISGE@SGMAMCGEACIIGECGEEEEGCKEGCKAIAG@GAMCKAIGCD@D@R@FBH@JBLBFBLBHBFDFBFBFDHOFA@@@EBIBABCB@DEBACA@BFDHBFBFDD@DDDBBDD@HDFDFDFDDABBDABDDDADBBDFDDDBDB@FFD@HD@@LBDBJBHBBDDBBB@DBB@B@BB@FAB@DBD@B@BBBBBBBBBBB@@BBBD@BBB@BBD@D@D@B@D@D@D@@BB@@@@B@@B@BBB@B@@B@@B@DBB@B@B@B@D@BAB@D@D@B@B@D@D@D@@@BA@A@AF@@DADB@ABDB@BBBAFBFBD@DBB@CJBFFBB@FD@@B@B@BCD@BCBEBAAKD@BBB@BC@@BB@@BB@BRA@@HBB@J@B@BABG@CAG@@JAB@FB@@BBFDHGD@F@H@FDHMF@PAL@@@BBBBBB@B@BCDCFCD@D@BBFDHDFDFBDBB@BA@@@C@A@AB@@@BABA@@@A@E@C@CBKDCBA@C@CAA@EBA@C@E@C@A@CD@BAD@BBJ@B@BCF@B@D@BBD@B@@@BA@@BBBB@NJDBBDDB@BB@@AB@@@@@@AA@@A@@B@@@BA@@BAB@@@@@@@@B@B@@@B@@@@B@@@BADAB@@@@@@D@@@@@@@@AB@@@@@B@B@@@@B@@@@@@B@@@@@BC@EBAB@@@BAD@BADAB@D@H@BADADGJ@BCN@N@DBBDBDDBABAD@H@HBFBFDDBJLDBDDLFLFD@DBDAF@NCFADA@ABCBA@ABA@ABAB@HBD@B@F@DAD@B@D@D@DBJBHBB@D@HDPF@CBA@CB@@@DB@@@ABA@A@@@ABA@@B@BA@@@AB@@@@AB@@B@@@@B@@@BA@@@@@A@@@@@@@AB@B@@@@@@@@@@A@@@@@@@@@@@@@@B@@@@@@@@A@@@@@A@@B@@B@@@@@@@@B@@@@@@A@@@@B@@@B@B@BA@@BA@@@A@@@@BA@@@AA@@@A@A@@AA@@@@AB@@AB@B@@@@B@@B@@@B@B@@@@@@@DCFCBAD@HADADCDABADADAD@B@B@D@D@@@B@BB@B@B@BAF@B@FBAB@B@@@@BB@BA@@BA@@BC@@@A@@@@@A@@AAA@@@A@@AB@@@B@@A@A@@BA@ABA@@FCBAB@B@@CBADC@ABAACAAAEAEAEAKAM@E@IBGBG@CF@F@F@FBFBDDHFFFDHFFFJHNDLBFDHBFDJBFDJFJDJDHDJDLBHDH"],"encodeOffsets":[[121218,32290]]}},{"type":"Feature","id":"340221","properties":{"name":"芜湖县","cp":[118.572301,31.145262],"childNum":1},"geometry":{"type":"Polygon","coordinates":["@@BADCDAJALCRAVAFAFBF@D@@@BA@C@A@A@A@AB@@AB@@BBBDDBBB@@@D@DAFCFAD@HANALAJAF@DAB@DAD@F@D@FBDBD@DBB@B@BBB@BBB@BAB@B@B@D@DBB@BBB@DAB@@@BAB@F@B@B@BBDBBBB@D@F@F@D@FBF@FBFDFDDBD@FBDAB@@ABA@ABA@A@A@CBC@A@ABA@A@AAE@G@AAC@ABC@G@CAA@AAACCAAECACAC@AAC@A@ABA@AA@AA@A@A@@@A@@AA@@A@@A@ADAFADCFABAB@@@DAB@@AB@BA@A@ABG@ABA@ABABABABADADCB@DABAFEBABAB@@A@A@@@AFI@AB@@@BA@A@A@ABA@CBA@@BCBABABA@A@@BA@CBAB@BABA@CDABA@@FCBAB@BABA@@BAB@B@BAB@B@BAB@B@B@BA@ABCBADGBABCBABA@A@ABA@A@A@@BAB@BA@@BA@@@ABA@A@@B@@AAAA@A@C@A@GAECGAGCMGICIIEEIKEECIAE@E@CBGFC@CCE@@GCGICE@A@CBC@@HEDCBCA@CCGM@@AAECEEECEGGIEIEGGGMGCACCIGEEGCMAGCGA@@CBGDEHEH@B@H@FFN@@@DADABABC@C@A@CGCIAEMUICGCEE@E@GDKFIHMBO@IEGGCIGGAI@I@KAKAICIEMEIEIEGCEA@ACAAA@@@CFEFCBC@A@A@AA@IBI@ABMBC@@@ABA@EL@BGB@DAH@FAJ@FALAHAJKFGBGBEBADAFBDDDJHLBHBAFCH@HAFBHHDLBFBLBJBHDBBDHBL@JK^CBEDJVPT@JGPED_EOGCC@QAKEHELINEBEMEOEGC@GNALBHEHGF@HFPGBI@GBEJCHDHFF^T@RCFGJMDSBI@HLRPFH@B@B@BABABCBi@AH@FAA@B@@@@@D@BAB@@@BBB@B@F@D@DBB@@B@@@B@B@FAB@F@D@HBHDFDDDB@DDFBBDFF@FBDBX@R@HAFCF@JBFDJHLFNBF@HCHIPCBBBBBD@D@DBB@B@BAD@B@BBB@BAD@D@BB@@B@B@@@FDDBFB@@@B@B@DDDBB@BBFBD@B"],"encodeOffsets":[[121326,32064]]}},{"type":"Feature","id":"340222","properties":{"name":"繁昌县","cp":[118.201349,31.080896],"childNum":1},"geometry":{"type":"Polygon","coordinates":["@@AA@CAA@C@ABI@OBQ@E@IAMCOAMACBA@C@ADAFEHEHEBABA@A@A@ACGAC@AAAAACAA@@A@AAACQAEGEEAECEAIAICGAKAKAGAIBIBKBEDKFGFEFAFEFEHEFEDCDEBEDGEIICGCEIAE@GDGHIFGDABAFCDGLIDIDG@GEECCGAG@I@CDIBEDGBEBEBECAECIEOOOCKGIEGEECECCDCBEDGBG@E@G@EAG@EAE@E@I@GBGBGBCDEHAHCJEHCBGBCBEBEFEFEHCHCHKDMBK@UBQDKHBHCLOBGFIRBHBFPTFJMHADMFCJIBIAEBE@G@KDEBGDJDHDFDJDDDFHFJFHBH@LBLAJANAJAJBLAH@JDJDJLHJHLBNDHBH@JBLBHDLFHDFFFFDHHFJJBDHFNDNBTHF@THHAB@HEZDP@F@LAF@B@JAVEB@F@@AAG@EAEN@TAL@JAFC@@BCDO@G@AD@D@BA@A@CCOAG@E@O@ADCDA@@BABCAC@C@@@@AE@C@E@CBE@AAECSACBCDCHCFADAHCRBFBFDFBF@JCJCHEDEHGFCLAH@n@`BfAJBB@JFD@DBJBFBB@"],"encodeOffsets":[[121201,31853]]}},{"type":"Feature","id":"340225","properties":{"name":"无为县","cp":[117.911432,31.303075],"childNum":2},"geometry":{"type":"MultiPolygon","coordinates":[["@@J@NACHADFB@@D@FILDF@JBBGUEKCBCAAS@AE[BDRBL@@@AAGP@"],["@@KGCICI@IBGAKBIBIBMBIAK@KAGEGEIEGCCICECGCICKGEEEAECGCICGAMCG@G@G@G@[JWLOPIX@VIZUXSJQDgAqS[SWOMKOS]]EOEgBSB_B@A@MCI@KAA@E@@@@B@@@BeH@@E@ABG@C@@ABABCAEBACE@@DC@A@@@ABA@@@AEIAA@@@@A@C@@@A@BD@@@@AAA@ABCB@ACMBA@A@AA@AA@@ACCA@AAA@@A@@AC@A@A@AAAAAAA@@@@B@DBB@@SVBB@B@B@BA@@BA@@B@@BBAB@BC@A@CA@BA@AB@B@@@@@BABA@AB@@@BA@@@ABABA@CB@@AB@@MFE@EBGAOFEDIBK@E@EAEEEEAAEAE@G@GAABCBABCDCBI@C@CCAECCC@G@EBEBEBADADDRHN@BCBKDOBQLGDEBO`GNCHIFIFAHDDHFLDNBV@DBBFFJDLHJDJDHBHADAH@HAFCFCDKHEHAD@DDHFDH@H@DFBF@F@H@HBFDFLFLDJ@JFFHALJH@TGRYRKFCBSV`JVLJHBHBTDD^hBHAHEZNBFBJBHBJ@PBJHBB@@@BFFDFBFDHDDFBJBFCJBFFDFDHDHFLDHDJBHDJDL@HBJDJFJBJDDDJDJFJFJDFDFFHHHHHFHDHBFBJBF@HBF@FBFDDBF@FBFBJDNBDBFDDFDDDHBHBFATEH@FAF@FBDDDDDBJDJAFADEBAH@BDBFDHBFDFDDJBF@F@H@HAHAHAHAJ@HBDDFDFBF@J@F@DAHAFAFBFBFBFDDBHDJDJBRJF@HFHBFBFBJ@FAJ@JAFCDCHEDCDA@ABAFCDAF@D@D@F@DBDBLHFDFBDBDBAGAABAAE@EDEH@JCHCHCDAFEDCCCGCEAIAC@UCBAFKJGFO@IhGLCvURCHEV@`GP@DCJBB@@@@@B@H@|OCG@E@G@EHCCGAE@AA@@EBA@IH@DBH@BA@A@A@IAA@GB@AQA@@AA@@AD@@AAA@ALCBBFADA@ADC@A@A@AC@@EAAEEIA@DAA@CACAEBEAA@ACABAA@BC@CE@@B@BAB@@C@C@C@A@A@C@C@A@ABC@A@A@A@A@CAA@@@@AA@A@AAA@@@@A@@A@@AC@C@C@A@C@C@C@AAA@AAC@AA@AA@AAAAAAAAAAA@C@CAA@EBA@@A@AAA@CAACAACGAIACAKA@@GCC@EEA@ACCCECACCACBCCBAACBACCCECECE@GCCAACC@CCCAEAECGAEB@BDFA@CDABAJAFA@@B@PECGAEAECEAEAGAKAEAK@IAG@E@Q@CDC"]],"encodeOffsets":[[[121154,32121]],[[120841,31921]]]}},{"type":"Feature","id":"340223","properties":{"name":"南陵县","cp":[118.337104,30.919638],"childNum":1},"geometry":{"type":"Polygon","coordinates":["@@j@DABABA@A@A@AEGQOGKJ@TANCHIDE@Q]SEECGDGFIHAJ@HAEO@GHEFGAGBKHMD@FHFPFNFAJMFKFGBL@RDDPH`FFCHO@IOSIUFCDAL]@IAKCGAAGCIAKAEAKAGCAGBE@GDGBEGAKAIGCCACBEBCFAHAHALEBIBGBK@EBI@EBG@CHA@AFK@@@ABA@@DCB@BCBADADCDCHCBADEBE@A@C@AACAACEECGAEACAAACACCAAAAAA@A@A@AFGBC@A@E@@@A@CAAAAACA@AACAAA@@C@A@CB@B@BABC@A@A@C@A@AA@@A@@A@@@ABC@ABABA@AB@BBB@D@@AHABA@@@CAE@AAAAAA@AA@ACE@@@@BABBD@BBDDDF@BB@B@B@B@BA@@BA@A@@@ABA@@B@BAD@@@BBB@@@@A@@@A@A@@AAAAA@AA@@C@@A@@@A@@@@@AB@@AB@A@@@@AAB@@EA@@AGDA@@@A@@@AAA@@A@A@C@@@GCEE@AAA@A@A@A@ADEDC@EB@B@D@@@B@B@@@B@B@B@DAFCBA@@@@@ABABABCB@@A@@BAA@@@BABA@@B@@@@A@A@@@@@CCC@AB@BDB@@@@B@@@BB@@@@@@@BB@@B@@ACA@A@A@@B@@@@@A@A@AA@A@@@@AA@@@B@@A@A@A@@@AAAA@@CC@A@@AB@@AC@AIEGCACACAEAEAO@MEDGFMFI@KFGDHXADADEFGHMEOCMLGNCJV@FDHDBBALCFEHCFEFEHCDEDSHM@KCI@GAK@E@EAMBOAMGGEIKEGKCICIAKCEAA@BAA@AAB@AA@@AA@@A@@@@AAA@@@A@AA@@@AA@@@A@A@@A@A@@@AA@@@@A@@@A@@C@@@@@ABA@@@@@A@ADA@AB@@@BABA@@@C@A@A@@A@@@@BA@@@AB@@@BA@@@CD@@A@A@@B@@@@AAA@A@AA@@@A@@@@@ABC@@@CB@B@@@@@@@DA@@B@@A@AB@B@BA@@D@@A@@B@@@B@@A@A@A@@B@@A@A@@@A@@@@A@@B@@A@@@@@A@@@A@@B@@@@ABCB@@@BC@A@AB@@@A@@@A@@@A@@@A@CAA@@@C@A@@@@DADA@AA@AAA@A@@A@@@@AAA@@AA@A@A@A@CG@E@IAECECEGEGEKCEE@EHGJCFCDCHEFEDEBEFEFAJAFEDCDAGIAACAEAEBG@CBE@IDEF@DCDCFEBEBGBG@GAGACCCACCGAECIAG@EBEDCBCDGBE@GAGEGCICGCG@GAECEAGAGCGAA@@@@@GAGGGKEGCECGEICEGCEECCEAEGGAICEAKAGAECGCEAI@AFAF@HDJFJDDDFFJFHFFFJHJFH@LBHAHAHEHEFGFEJEJKJEFIFGBMDGBKDGDKHMHEBIFEFCHGFEDGDEBCBGBGBI@KBIBGBK@CBEDCHCJEDCDKBI@G@ED@DDFFHFHFHLLJLDF@HAFEDCFGHJHJHHFJDHDFDDBLBBABADE@CBEBEFEDCF@JAD@@AB@BBD@@@B@@@BBBA@AB@@@@@BF@@AB@BB@AB@@@B@B@B@@@@BAB@BB@@B@@@BB@@BB@@BB@@@@@BA@A@@@@@A@@@A@A@@@A@@BA@@@AB@AAB@BB@@@@@B@@@@B@@BB@@@@D@BBB@@@@@@DBDBDDBFDHDFADAHAHADAJAF@FBBDFFFFDHHFHFHDHDHDFDJFHDHBHDHBHBH@H@F@DAD@HAFBDBDDBD@FAHEDELEDALAF@FDJBFDDBDBFBF@FAJAHFDFDHFJFLHPDPPJFFDDBAFAFAFCHAFCJ@D@JBHDHFDHFH@JCJCHKDCBEBAHCJEHGHCF@JBDFDHJJHFFCFADCFCFEFGFEBEFEHELEFCLAJAJAHBLBLBHBJDJBFBFDFBHFBFDRBB@B@BB@DBBBBB@BBDDH@B@B@BABABGFGFEFCB@B@DABBDBNDPBN@J@FAR@PAJ@B@DBB@DBBBBABBB@D@BBDBDBB@D@B@DCDABAFAFAHAJ@D@DBBFDBDBDBBHFHFFDBCBC@ADAB@BAD@BBFDBBDF@DBBBBFHBBB@@@@@@@BBB@BBDBB@@AB@B@@@B@@BFDBBBB@BBB@@B@"],"encodeOffsets":[[121254,31925]]}}],"UTF8Encoding":true}