{"type":"FeatureCollection","features":[{"type":"Feature","id":"341824","properties":{"name":"绩溪县","cp":[118.594705,30.065267],"childNum":1},"geometry":{"type":"Polygon","coordinates":["@@@@A@AB@@C@@@A@@@CBCBEBA@A@@AAACGA@@ACA@@AAAC@AAA@@@@C@E@CAA@@A@ACA@@AABA@CBA@A@ADA@@@ABC@AAA@A@ABA@E@A@A@@AA@@AACACA@ADA@@B@@ABABA@@D@@ABA@AAAAA@A@C@EDCDEDEBA@@@E@@@ABABBF@BBDBD@@BH@B@BB@@BDBB@D@B@B@B@@B@BB@@@BAB@@AB@BC@@@ABA@@B@B@BBD@D@BBD@B@DBB@BB@BBB@@@D@H@F@FBHDFBFDJBJ@F@@BLDNDLBPBNCTAPARCNANCJ@HAH@HAH@JBJBHDFHFDBDFBFDJHJBBBbFNFDO@E@E@CACCCAC@E@EBCBGHODE@C@CBA@EDCBC@A@@BAAAA@C@GAAA@A@CBADADAD@DABAB@BA@A@CFIBGDGBGDEBCDCNAH@H@HADABABA@CDE@CBAAA@AA@C@CAGCAAGEAECC@AAAAAC@G@ACACC@EAKCICEAMEGAECKCGAE@CAEACAAACCACACAEBABADABADCFABAF@DBB@DBDDH@BADADCFAH@F@H@F@DBDBB@BA@E@AAIAEACAACCEE@A@@@I@C@CAAAAA@A@E@A@C@ICCCAECE@C@C@CGJA@GDGBKDIAIAIAICKCGAGGKIICGIIKOEI@OCQ@MBMFENIHGBEKEKCKIIKCIAIGKCICE@ECCIAG@C@I@ICGGGGAIAICKAK@I@OBMCMEEAEAECGEGCEEEK@A@CHCCGAEAC@C@GAEAAIICEEAKCIBQAICGECEEKEICCGEC@IAEBE@GJKHMNGJAAADABADEL@HBJBHDF@DABCHCBCBG@E@CA@AAEAEA@A@AD@BAHGHAH@N@JDHPDJNDJAFGLAHELEFENCJGFaJIHGDGFEFIJCDAFCFEDC@K@EAEAI@OCKCMBKDGFKFG@AEEGECG@IBIDKHIJIFBD@DBB@F@DKJVBNGRAN@JBFDDPDJHJFHJJJJFJFHDHBDHFHDFFDDBH@D@F@F@L@JDHFFJFFFH@LBLCXIJAR@N@NBJ@TDHBL@J@NDLDJDFBHFFDHHFHDFBFDFFFJDJ@LBJHHFDD@FAJDJHJFFFFDDBFDDFHFHFFBDDD@F@FBHBHDHBFDFDDDDPFLDJFLBD@@@J@FCJAJCJERG@CCKAE"],"encodeOffsets":[[121542,31043]]}},{"type":"Feature","id":"341822","properties":{"name":"广德县","cp":[119.417521,30.893116],"childNum":1},"geometry":{"type":"Polygon","coordinates":["@@@@@A@@@@@A@@@@@A@@@A@@@@BA@@@AB@@@@AB@@@@@B@@AB@@@B@@@B@@@B@@@@BB@@@@@@@BB@@@@@@B@@B@@@@B@@@@@BB@@B@@@BB@@B@@@@@BB@@B@@A@@@A@@@@@A@@@@B@@B@@B@@B@@@@B@@B@@@@@B@@@@BB@@@B@@@@@B@@B@@@@@@@@BB@@@B@@@BA@@@@B@B@@@@@B@@A@@B@@@@@BA@@B@@@@AB@@@@@B@@@@A@@B@@@@@@A@@@A@@@@A@@@A@A@@@A@@@A@@@A@@@A@@@A@@@A@@@A@@@A@@@@@A@@@@A@@A@@A@@A@@@@AA@@@@@@AA@@@@@AA@@@@@@@A@@@@@@@A@@@@@@@A@@@@@@@@@A@@@@@@@A@@@@@@@A@@@@@@@@@A@@@A@@@@@A@@@@BA@@@A@@@@@@@A@@B@@A@@@@@A@@@@B@@@@@@@BA@@@@B@@@@@@@B@@@@@B@@@@@B@@@@BB@@@@@@BB@@@@@@B@@B@@B@@@@@B@@@@BB@@@AB@@@@@@@B@@@@@@@B@@@@@@@B@@@@@B@@@@@B@@@@@@@B@@@@@@@BA@@@@BA@@@@B@@@@AB@@@@@BA@@@@@@B@@A@@B@@@B@@@@@B@@@B@@@BB@@@@B@@B@@BB@@@@B@@B@@@B@@@BA@@@BB@@@@BB@@@@@@BB@@@@@@B@@@@@@@B@@@B@@@@@@@B@@@@@@@B@@@@@B@@A@@B@@@B@@A@@@@@A@@@AA@@@@A@@B@@@@@B@@@@@@@B@@@@@@@B@@@@@B@@@@@@@B@@@@@@@B@@@B@@@@@@@B@@@@@@@BA@@@@@@B@@A@@@@B@@@@@@A@@B@@@@@@@BA@@@@B@@@@@@A@@B@@@@@@@BA@@@@@@B@@A@@B@@@@AB@@@@@BA@@@@BA@@@@BA@@@@B@@AB@@@@A@@@@@@@A@@@@@@@A@@@@@@@A@@@@BA@@@@@AB@@@@A@@B@@A@@@@B@@@BA@@B@@@@@@@B@@@B@@@B@@@B@@@B@@@B@@@@@B@BB@@@@B@@@@@B@@@B@@@BB@@B@@@@@B@@@@@@@B@@@@@B@@@@@@@BA@@@@@@B@@A@@@@@@BA@@@@@@B@@A@@@@@@BA@@@@@@B@@A@@@@B@@@@@B@@@@@@BB@@@@@@@@B@@@@@@@B@@@@@@@@BB@@@@@@@B@@@@@@@B@@@@@@@@@B@@@@@@@B@@@@@@@B@@@@@@@@BB@@@@@@BB@@@@@@BB@@@@B@@@@@B@@@B@@@B@@@@@B@@@@AB@@@B@@@B@@AB@@@@@BA@@B@@@@@BA@@B@@@BA@@B@@@@@BA@@B@@@BA@@@@B@@@BA@@B@@@@@B@@@B@@@B@@@@@BA@@@@B@@@BB@@@@B@@@B@@B@@B@@@@@B@@@B@@B@@B@@@@@B@@BB@@@@@B@@@@@@@B@@@@@@@B@@@@@@@B@@@@@B@@@@@@@B@@@@@B@@@@@B@@@@@@@B@@@@AB@@@B@@@@@BA@@DAJIHGFALELEHIPM@IDUFGJAVBPAFFNXHLDB@@B@@@@@B@@@@@@@B@@@@@@@B@@@@@B@@@@@@@B@@@@@@@B@@@@@B@@@AEAIFMVKTEHC@CEEGAGCGECECEAE@EBEBIBGDGBE@CAICOAE@UBKBKBIEICECEGEMEGGGGAEEAAAEAEAAEKGECEECECE@AAC@A@CAA@A@C@CDG@GBC@AEMAABC@EDE@CAAGCIGEACCA@CACE@C@C@ICGEGAA@CFI@E@C@ACM@C@CBABEDEJKHKHE@AAK@EDKDEBCACACA@CAI@C@EBC@A@AAAAGCCEEECEAECEEOCEGIISCE@CCCACAAGCCAC@C@C@EAACC@E@G@EDCBADEDC@GAC@CAAAAA@A@ABG@IACAE@E@A@ABAHG@ABCAACGCC@AAA@A@CFEBsIIKOGICEKGCCEGEECKAIAIGIMGGEI@A@GAE@GAE@CBGDGHAFCDCJAPCJ@FAHEJABABAB@@C@AACAGGCAE@CBA@A@A@CAGIC@CACCEEAAAAC@EBA@GCCACEAAGGEIAC@CCCCGAEAAACAGCCCCECGECCAAE@E@E@EAEAECCAE@C@C@KDE@IAGAG@CAE@E@CDADCDA@A@ECAAEGABAAKBMDM@W@O@K@IAEECCAEAECCEEGAGCMAK@CBGFCFAH@J@JCHGFKFENCHCHCHCJCNDJBHALEHGLCFGPGNCPAHAHAFAHBHBLDH@FAHCHEFEBGDGFEFAJCNGJIDOFQHAD@F@FDFFDHFDHBN@HFJDFDFDFFJBJDL@FBLDLFFJFHBLDHDJDHDJFHFHLLNDH@J@JCHAH@LBHBDDDJBJ@J@HBJDD@AJ@N@L@NJRHDLBNDV@VETBNDRNDFFH@FCHEN@LDHLLJHJFJBJAFCFCL@HBFDHBJ@J@H@LBH@HEJCJCHBFHBF@D@HBFDFDFBHBL@HAJCH@JDJDL@HEFIBIDEH@JAPGHIFG@KHOJE@@F@JC@@BADHJ@@DHBDDB@@J@HADFBHBDBF@@DDF@JAFCF@FAHBFBJDDDBD@FDHDDDDD@RCALADA@CB@B@B@BDDDDHPBF@D@@@@@B@@@@@BB@@B@@@@@BB@@@@@BB@@@@@BB@@@@BB@@@@@@BB@@@@@BB@A@@@@B@@@@@B@@@@@@A"],"encodeOffsets":[[122237,31946]]}},{"type":"Feature","id":"341825","properties":{"name":"旌德县","cp":[118.543081,30.288057],"childNum":2},"geometry":{"type":"MultiPolygon","coordinates":[["@@V@PAHCFEFEFGFEDGDEDG@GBEFIDGDGDEFEDK@IAICEEGAEAEBGDEHCLEJELCL@J@N@J@LAJCFEFCBG@CCCEGCECGAEECKAIAECAA@O@G@CAECEGICCGEQHIFIDIBEDI@@@C@KAIEKCOECCCCCEAECGAGAG@E@ECCACEEEGEGCCAECCEEEEGICIBI@ECCGEIGKAI@ICEECEAECEEGGGECGEEAICKCMCI@K@GASCI@MAM@Q@IBWJKDKAG@EEIEEECG@I@K@E@E@CAGCCEEGCGEACCGEGEIIIIIEGGICICOECIAM@QBMHUAGPCP@LAJCJCJAFEHEDIFCBEHEFCFGHGHKDIBI@IHAJ@JBJAJ@F@FAHCHEBGDIDE@EFAFAJAF@HBJ@DDHDHJFHFHFHFJDLBN@JBHDFFFDBB@@I@C@A@AAAB@BABC@ABCBCBABCAC@CB@@@@@DA@ABB@BBB@BBBBBD@BBBBBD@B@BAD@DB@DBDAB@B@@@J@@ABC@A@ABADAFAB@B@B@@@D@D@DEHBB@@@DB@@@DHBFBB@@@BCDA@ABABA@A@AA@@ABAB@B@@BDDF@@AD@@BBB@@B@BAB@BDB@@BB@B@B@@@D@D@HCJAHJHRFN@N@HAFCFCFAHDFFLJFHHFFHHHDFJ@H@HBH@HBFB@@@@BDBDDB@@BBD@B@@BB@@BBBB@B@BBF@@@B@@AB@DC@A@@@A@@BA@@B@FABBB@BBDDBB@@B@@@DEBC@A@A@AAI@@@ADA@@LAHA@@D@B@B@BABABA@C@@DCFA@@D@BA@@D@B@@@DCFCBCB@BCFG@ABA@@D@F@BBB@@@B@@BB@@@B@B@B@BB@BB@@B@@D@@@@@@B@@@@B@HAF@@BB@B@FA@@@@D@B@B@@@D@B@B@@BD@B@BBBB@DBDDJJLHDDBB@B@FDDBD@DAD@B@HBFDFDV@RBLFHDHHLHDHFHHJDDFLFHBF@HBFBHDHDHJDFBZF"],["@@@@A@AAA@@AAA@C@AAC@A@CAC@A@A@AB@BA@@D@@ABA@@BA@A@@AAA@@@@A@A@A@CAAAC@@AAA@G@@AC@CAAAE@AAAB@B@@@F@@ABCFCFCD@F@D@BBBBB@BAB@BC@@@ABAB@BA@@@CB@BDBDBBB@@BB@@@B@B@FAB@B@BBB@BAD@B@@CB@B@BAB@DABBB@@DB@B@BB@DBF@D@@@@@BB@BBDBB@@DB@BB@DHBB@BB@B@FADADA@@B@@@D@@@BAB@@@@E@E@GBCASCECG@ABEB@"]],"encodeOffsets":[[[121473,31220]],[[121540,31010]]]}},{"type":"Feature","id":"341823","properties":{"name":"泾县","cp":[118.412397,30.685975],"childNum":1},"geometry":{"type":"Polygon","coordinates":["@@@@@@@B@@DBBBBB@@@BB@@B@@BB@@B@@@@A@@@AB@A@@@@A@@@@@A@AB@@A@@A@CAA@@@@@B@B@B@@ABB@@@@BA@C@@@@@D@@D@@@@@A@@B@@BBB@@@B@@A@@@@AA@A@A@@@@@@@BBBB@@@@B@@@@B@@E@@@A@A@@B@@B@@@D@@BB@@B@@@B@@AB@@@@B@@@BA@@@A@A@AB@@BB@@A@A@@B@@@@B@@BA@@BBB@BA@C@A@BBA@@B@@@@@BA@AA@@@BBB@DB@BB@B@@DABAB@@@@B@@A@@BD@BB@@@C@@@A@AA@AAA@BAF@DC@AB@AABAB@B@B@BADA@A@C@CAA@@BA@ABABCAAC@C@A@A@@@@AD@@ADA@@@@@@@AA@@@@A@AB@@AB@BA@@BA@@BA@@BA@C@AAA@A@@CA@@A@AB@BBDBB@@B@@A@@BBA@@@BB@@A@@@@@@@@BA@@@@A@@@@@@AB@B@@@@A@@A@@BA@A@@@@@AA@AB@@@@@@AAAEA@A@A@@@@@BDBF@BB@BB@B@@@@@@CAACAA@AAA@CA@A@AA@@@D@B@B@@A@@A@A@@@@@@@BAB@B@B@@@@@@AA@@AA@@A@AA@@@@ABAA@@AA@A@@@@AC@@@@@A@@A@@@@@@@@A@@@@@AB@@@@@@A@@@@B@@@@@D@DABC@AD@DBF@DAFAPGXSDG@A@@DIJKF@LFJDNHDBHBJ@HCHGHGJELCJAHCDABEJEDGFIBIBG@I@IDIDIFKDCFAJ@JADADC@IAGAEEQ@A@@FEDEBCB@D@HBFBF@B@DIBCBQBaBI@A@@AAICAAAA@AAKCGAGCI@EAI@CACAGKGCGCGAG@ECEGGGEECIEGAGECE@G@EBGDCFGFGDGDEBE@GAICIAGAGACAGYEEAICCGCGAGAE@GAEEGEKCCGIEGCGKGGGGCKEQAU@ECECGAA@C@CBC@CAECA@A@CAGCIKCIAC@CAAAAA@C@@AA@A@C@@@A@A@C@@@@@EBA@A@@AE@GBA@@@@@@A@@@@C@@@@AA@@AAAA@A@A@@@A@@AA@@@A@AAE@C@@@AB@BEHADA@ADEDCD@@A@C@@@ABC@@@EBCD@@@DABABABA@A@C@@@GBKB@@CB@B@@BJ@B@B@BADCF@@A@@@AACCAAA@AAEBA@@@AB@@@B@@@BCDA@@BA@@@E@AAA@A@AA@AA@@AA@C@AA@@CAACAC@@@@EAGAG@GAG@I@CEGGEGGEEGKIEEGCEBEDEDGBM@M@QEIGBGDI@G@C@C@@@A@AAA@@A@A@CBC@@@@@AAA@ACA@C@A@CDCBA@ABA@@B@D@@@BAB@BABABICGAA@CA@@A@A@AD@@AB@@A@AAA@C@A@ABA@@BBB@B@BABC@AB@@FD@@DD@@@B@@@@@BA@A@GAC@@B@BBBBB@BCBEFABA@A@C@C@ABCDEDEDEDABEDADABBD@DA@@BBDBB@B@BA@A@ABABAB@BBB@BABADCB@B@F@@@@B@DBH@B@B@B@D@BBB@@BDB@@@D@@BB@BAB@BEB@B@BADA@@BAB@@ABC@@BA@KFAB@BAD@B@D@B@@ADA@@@CB@@AB@AAA@@AAIBA@AAC@A@CCCC@@GD@@CCA@@@@@@BBB@B@FBH@@A@A@A@@@@@AE@ECECCCAAAIAA@AAAC@AACB@@@@@AA@ADBB@B@B@@@@@@@BA@@@@@@B@@@@@B@@A@@BB@@BA@@B@@@B@BA@@@BB@@@@@@A@@@C@@AAA@C@A@I@ABC@A@ICAA@@@A@AAEACAAACACA@EAGBG@C@A@CCCCAAA@A@G@ABAAEECEC@C@CBIDCBA@CBABA@@B@B@BB@AF@HBJBJ@HILAHAFFJHLJHHFBJDJRLELSJQFOFKBKBOAKAMCIEICECEEICMCMAKBWBQAQAO@K@IFCHIHADEBFHDDDHHHDDDHBDBHBH@JAJCJ@JHJHFHDJBH@H@FBLDJBFDFDFDBDFFFHFFJHJDJBJAJBFDDHDHDJDJBHHFJFPJNNJ@FBHDFDHBLBFBJDHBFHFBDDFFHDDFFJDHDFFHHLHHHB@@@@B@HBHDHBFBFDHBH@HDJDHDHFHBF@HADCDAFCFAH@JBFDHBDDDBDDHBHBH@HAFAFADEDC@CFEJCF@DAH@FAFBDBBBHJCBCDEFIBEBEFAFCFEFGFCDEDIDGH@FFFLDHFHFDFDFBF@J@FDHB@B@B@B@@BB@BB@@@@@BB@B@BBB@@BCBCB@@@@@B@D@@BB@D@B@@@B@@@B@@@B@@BAB@D@@A@@DABA@@@@@AB@@@B@@@@@B@@@@AB@@@@@@B@@@B@BA@@@@B@B@BA@@@A@@@@BC@@@ABA@A@@B@BA@@@CB@@@@@@A@A@@D@@AD@B@@@@@B@@BBB@B@BB@@@@@AB@B@@@DC@@B@@A@@BA@@B@@A@@B@@@@B@B@D@@ABAB@@A@@BCB@B@B@@@@AB@B@@@@@DB@@@B@@@@@BB@@B@B@@@@B@B@@BB@@B@@B@B@@BB@B@@B@@@BB@@BBA@BBB@ABB@FBLDJBJDLDFHJLHFNHPBNAFBF@L@HBJ@LDN@TGFCDCFGFEDEFGDEBKAAGCECU@DIHMNKPDNFHGFEBCBCGWHCLEJ@NEHEFC@NBPBFBFBDBDHDJF@BBD@@BA@@@BDD@@BBBB@@B@B@B@@@@A@@BB@@@@@BBBB@B@@@@@A@@@@B@BDB@BA@@@AA@@@@@@A@@A@@@A@@A@ACA@@BDD@D@@@@@B@B@@A@@@ABAB@@B@AB@@@BA@ADABAB@B"],"encodeOffsets":[[121341,31559]]}},{"type":"Feature","id":"341881","properties":{"name":"宁国市","cp":[118.983407,30.626529],"childNum":1},"geometry":{"type":"Polygon","coordinates":["@@ACCEBC@CJGDCNEBABAAAAA@C@ABADAH@BCDCDA@CAC@ABC@A@AAACAC@AAGGMEEE@@AA@A@E@CACCAA@ECAEBEBEBOBADCD@F@L@BADADAB@DAB@@C@GACVOF@H@JBHBVNRLBFDBHDHBD@FBH@B@@ABCACBCACBCDIFGFI@ACMAGCGAE@C@AFEBE@E@S@G@ABEBABICK@C@AB@NEFADA@@BABAAI@CDEBCBC@@AE@CCCCE@E@C@ABAB@B@HBHBB@B@DAHEBCBICQ@E@CBADAD@H@FBH@LALAFCFEFG@AAECEA@EACACBEACAAAAACCCEEAECGAEAQEGAG@E@GJAF@HABABCBGFCBCBCDCB@@C@EAYGGAEACAC@@AAACGGGGGGEGECCCAA@A@A@CBA@A@@@GECACAC@C@C@CBEDEBA@A@@AIKAECG@ABADAB@BABA@AAGCIACCKCGCGAEAACCAACACAA@A@@BAD@D@FADABABCBA@A@CACAE@GDA@@@CC@EAE@AAAA@A@E@G@C@A@C@A@ABEDCBC@C@EAC@CBCB@BA@ADA@A@A@A@A@AAA@A@CBADADC@@BC@@@C@A@G@G@M@EBC@C@A@CDCBCDKBE@CDGDEFCBC@CBABCDCBA@C@CAGACCMGCCCCEGECAACAA@E@E@CBAB@BAB@BADAB@BA@@@G@KAG@CBE@C@CBEDCB@DABABA@EBC@CDABADABABC@CBKBC@@@@@@@A@@B@@EBC@@@AB@B@H@D@FBD@BAD@BA@A@GAC@EAA@C@A@ABADABA@C@C@AAC@ACA@@AA@ABABAF@DAD@D@BABIAGCKGCACABCAGACCACAEAGECEEACAC@C@A@A@CAAAIGCCCCCAGEICMACAA@@A@CMEaEAAIAIGECEAACECEGGCIAIAG@GBG@GBI@MDMBQDOBSBMDOAKAMCKC@AE@I@IAECEAGCEAE@G@C@A@AF@BDHDFBTAD@H@F@FBFDL@DHFDDHJDFBF@D@H@PBBFDJBLBFDBFDHDFFHDD@DAHEDEFIDKBI@M@I@K@KDIFKFGDCFAHBFBFFHDFBJ@JCLEFCFCHCHEJAF@HCHCFCHEFEHEFEFGDOBU@BHBDBHBHDJBJ@HAFCFCHEHEHCDAH@F@HDFHFHBJFFDHFHHDF@FBHDHDHLHNHFALCHGDIBIBIDGHGHEJAJBFHJHDDFBHDHDN@JAJAH@H@DFHF@H@N@HHDJDHBHDHDJDFFLBRDJ@LHLHDDDHDHDD@FAFAL@DAFDFHFFFDDFFDHBF@H@JAJAHAF@HAJ@FALBHDFHHJBLDNBLFFDDDHDFHFFHFHDNBDAHBJBJ@LDLBFBFDDDTHJDRBPALCHCJEHCDAHCJCDADADCBAFDBDBBBFDDDBBBL@JCDADABB@BDJHHFDFBFB@BBDDDDDDDFDFDBBB@B@D@D@B@HHBFDHFDRGPEJCHIDMBIFEHEHCFAFEDGBG@ECGAKAGBGBEBGBGDOHMHODEHKFGBKAGCIDMDIDGDGDGFMLEHEDG@I@IBGDEHEDAL@NBHDHBFFDDBFBFDDFFJBL@P@X@N@NCLABBBA"],"encodeOffsets":[[122104,31349]]}},{"type":"Feature","id":"341802","properties":{"name":"宣州区","cp":[118.758412,30.946003],"childNum":1},"geometry":{"type":"Polygon","coordinates":["@@@@@A@@@@@@@A@@@@@@@@@A@@@@@@@A@@@@@@@A@@@@@@@@@A@@@@@@@A@@@@@@@A@@@@@@@@@A@@@@@@@A@@@@@A@@@@A@@A@@@@@@@A@@@@@@@A@@@@@@@A@@@@@@@A@@@@@@@A@@@@@@@@@A@@@@@A@@@@@@@A@@@@@@@@@A@@@@@A@@@@@@@A@@@@@@@A@@@@@A@@@@@@@@@A@@@@@@AA@@@@@A@@@@@A@BA@@@@@A@@BA@@@A@@@@BA@@@A@@@@BA@@@A@@@@B@@A@@@AB@@@@A@@@@@AB@@@@@@A@@@@BA@@@@@@@A@@BA@@@@@A@@@A@@A@@A@@@@@@AA@@@@@@ADAB@DAB@DCFADCDAFCNMFADABABBB@D@F@HAL@HAJ@B@FADAFCDEFEDCDADABCFEBCBC@EAG@EAA@ABCBEBAHGDCDAD@DA@ABAB@@A@@B@B@B@B@D@@@B@@@@@@A@@B@@@B@BBBBB@@@@@@BB@@B@@BB@@@B@@@@B@@@B@B@B@BBB@B@@@B@@@BB@@B@@@B@@@@@@AB@@A@@BA@@@@@@@@@AB@BA@@@AB@@@B@BA@@B@@@BBDAB@BB@@B@BB@@@@BB@@B@@@@B@@@@@@@B@@@@BBB@BBB@@BB@@A@@B@@@B@@@BBB@@@BBD@BB@@B@@BB@@@B@B@B@F@DBF@LBB@BBBA@@BA@@BAB@B@B@B@B@@@B@@@BA@@B@@@B@@@B@@@B@@@@@B@@@B@@@B@@@@@B@@@BA@@@@B@@@B@@@B@@@@@B@B@@@B@@@B@@@B@@@B@@@B@@BB@@@@@B@@@B@@@B@@@B@@@@@B@@@BB@@@@@@B@@BB@@@B@@@BB@@@@B@@@@@BB@@B@@@BB@@@@B@@@@@B@@@BB@@B@@@B@@@B@@@B@@@BA@@@@B@@@@A@@@@@A@@B@@A@@B@@@BA@@@@B@@@@@@@B@@@B@@@@@@@B@@@@@B@@@@@B@@@B@@@@@B@@@B@@@@@BB@@B@@@BA@@@@B@@@B@@@@@@@B@@@@AB@@@B@@@@AB@@@@@B@@@@AB@@@B@@@@A@@B@@@B@@@@@B@@@@@B@@@@@B@@@@@BB@@@@B@@@@@BB@@@@@@B@@@@@B@@@B@@@B@@@@@B@B@@@@@B@@@B@@@B@@@B@@@B@@@B@@@@@B@B@@@@@B@@@B@@@B@@@B@@@BA@@B@@@B@@@@@B@@@@@B@@@@@@@B@@@B@@@@@@@B@@@BB@@B@@@@@BB@@B@@@@@BA@@@@B@@@@@BA@@@A@@@@@A@@@@BA@@@A@@@@@A@@BA@@@@@@B@@@B@@@B@@@B@@A@@B@@@@@BB@@B@@@@@B@@@@@B@@@@@B@@@@B@@B@@@@@@@B@@@@@B@@B@@@@B@@@@@B@@@@@@@B@@B@@@@B@@@B@@BB@@@@@BB@@@@B@@B@@B@@@@BB@@@@@B@@B@@B@@@@B@@B@@@B@@B@@@@B@@@@B@@@@@@@@@@B@@@B@@@B@@@B@@@B@@@@@B@@A@@@@BA@@@@B@@A@@@@B@@A@@B@@@@@BB@@@@B@@@@@B@@@B@@@B@@@B@@AB@@@B@@@B@@A@@B@@@B@@@@@@A@@@@@A@@@@@A@@@@@@@A@@@@@AA@@@AE@CAAACBIAEEE@CJABAD[@@FE@@BEFABC@@DGBEBA@@BM@@AB@@I@I@EDC@ICMAAAAA@@@@@CDGB@AAB@@@@A@CAAAC@AAA@GAIAC@A@C@AAC@AAAGAaO@@DUN@ABCB@BA@A@@DGD_BCFADGDEDI@GBK@ODIFGFKHGJMDGBEAIAEGICECE@IBGFIDI@MBIBIDGBEBKAICKEGCEGIIIIIMIGIECGECEAG@CDEFCDCDGBGDODIJEHGFCJCHCHCHEHEJAP@HCFADAF@@GAMCGGEECCE@E@EBCECCGAEGGA@C@C@A@A@AAECECCCCCCCAC@AEAEAECGGCI@AAACBCBIDK@AACACCAEAAACECABCDCBCBIDGDCBGDIFGDKDOBQAICSGCCECEAKAKCI@IAGACBMAGCGEEEEGGCCCECKEMAKCIAGGCEAGBK@EBI@GBEBGBI@I@GAECGEECCEEGECEBE@CBKBE@ECCCGCGCCKGKGI@QCKAEEICGCGCGAICGC@G@M@GGECEG@G@IBIBM@GCGCEACCIGEGIAIBGFGHCHAJAJCJGHKDEBMGBHBD@DBJ@FDJBHDHBL@BBBBBJDBB@@@BAJAbARADCJA@E@EAGAC@A@ADCFEF@@@BFRBFBH@JCDCBIBI@EBCDELCJCJ@J@JAHAJEJCHIFAFCBGDIBKDIFGHGHGDI@GACAMGICKEE@ILCJ@@@BCHWTOHEBCBE@CAC@@BADCBC@@@@@A@@@@@@B@@@@A@@B@@@@@B@@@@@@B@@@@B@@@@BD@@@@@BBB@@BBBA@@@@BBB@@@BB@@BB@@@@@@@A@ABA@A@@@@@@@B@BB@@@@A@A@C@@BBB@B@@DBB@BBBBDDB@@@@@@@AAAA@@AAEAC@@@@B@B@B@BFBB@@@@@@BAB@@B@@@@@BAB@@@BB@@@@@@ABA@@@@@@@B@@B@@A@@@@@@B@@@AA@@B@AA@@@BA@@@AAAC@ABAB@@@DB@@@BBB@B@DAB@@AB@@AB@@ABA@@BA@@B@B@@B@@B@@@@@@CB@BC@@B@@B@B@D@D@BBADAB@BAB@@BB@D@D@BCBABA@A@A@ABBBA@@BCDE@ABB@BBB@@B@B@@@D@@AAC@@AB@@@@A@@A@ABCB@@@AAAA@@CAA@A@@BBB@@A@@@@@AB@AAB@D@B@@AAA@AB@@AA@@@@@@AB@B@@@AA@@BAB@B@@@B@@A@@@A@@A@@BA@@@A@@@AA@@@C@@@AA@@@@B@B@@@FA@@@@@@A@@A@AA@A@@@@@@@B@BBB@@@@@BA@@@A@AA@@@AB@@@@@C@@@@C@@@@@DAB@@@@AA@BA@A@A@@@@@B@DBB@@@@BA@@B@B@@@@@B@@B@A@@B@@@B@@A@@@AA@@@AA@@A@@AAAACA@@@A@@@@@@@@ABEDCBA@A@A@@@A@A@@@C@A@A@@FCDCF@B@B@B@BBB@BFFHD@@D@B@B@@@BB@B@@@B@@CBBH@@FB@@BA@B@@B@A@@BA@@B@@@@@B@@@BD@@@BBB@BBBB@@@B@B@@@B@@A@AA@@C@ABA@@@AB@B@@@BAB@@ABA@A@A@A@@ACECCAAC@AAAB@@@@DF@BBBB@BBBB@BBF@D@@ABGB@BC@A@AAA@@BABAB@BAD@B@@@BB@@@BBB@D@B@B@D@BA@A@ADAB@D@@@BBDBBBB@BDBBBB@D@B@@@F@BADEH@B@B@BBBBBBBDDDBBBDBFBHBFDDFBBBD@B@D@BAFCFABGDCDCDCBABADA@CD@@AB@B@@B@BA@@D@NABAJ@JAB@@B@B@BADEDEF@D@@BBDB@BFBHDJFJFNFJFJDLBLBJ@J@HBJHHDFH@JAPGNEJCL@H@FFFHDJDNVBFDJDHB@D@D@BABABC@C@@EM@E@G@AFGFGHCDA@@HBHDNBHDFFJHDDDBNHHHFHFJHJFHFDFFFDBB@@HNDDB@ADCDGF@@AD@D@BDFHJHD@@DF@DEDAH@D@FBFDJFFJLFFJJJDNHHDHBFDHBB@D@B@B@BB@BA@@@@BAB@B@@AB@@ABA@AB@@@B@BAB@B@BABABADABCHABAD@BABA@A@A@ABA@A@ABA@A@AB@@ABABA@ABED@@ABCB@DABABA@AB@DAB@@@BABABABAD@@AB@DAB@B@B@BAB@@A@@BEJ@B@@@B@BA@ABABEFABCBA@CDCBABABABAB@BAB@BAH@B@BABA@@BA@CB@@A@ABEBCDEBCB@B@BB@@@BB@@@B@@@B@BBBB@@BAB@B@BBD@BBDBDFDBBDDBB@BBB@D@HAD@BBD@B@HBF@B@BAB@B@BAD@D@B@BAB@BAB@BA@DBFAD@H@FBDBFADAD@F@FBFBFD@@BBB@D@DAF@BAD@B@BB@@HLBBB@@DDFBBB@@BD@FBD@"],"encodeOffsets":[[121571,32075]]}},{"type":"Feature","id":"341821","properties":{"name":"郎溪县","cp":[119.185024,31.127834],"childNum":1},"geometry":{"type":"Polygon","coordinates":["@@@@B@@@@A@@@@@@@A@@@@@@@A@@@@@@AA@@@@@@@@@A@@@@@A@@@@B@@@BA@@@@@@BA@@@AB@@@@AB@@@@@B@@@B@@@@@BA@@@@B@@@B@@@@@B@@@BA@@B@@@B@@@B@@@B@@A@@B@@@@@B@@@@@B@@AB@@@B@@@BA@@@@B@@@@A@@@@@@@A@@@@B@@A@@@@@@@A@@B@@@@A@@B@@@B@@@@@B@@@B@@@@@B@@@@@B@@@B@@@@@BB@@@@B@@@@@@BB@@@B@@@@@@BB@@@@@@B@@@@@B@@@@@@@B@@@@@BA@@BB@@@B@@@@@B@@@@@B@@@@@B@@@@@B@@@B@@@@@@@B@@@B@@@BA@@B@@@B@@@@@@A@@@@@A@@BA@@@@@A@@@@@@@@@A@@B@@A@@@@@@@A@@@@@@@A@@B@@@@A@@@@@@BA@@B@@A@@B@@@B@@BB@@@B@@@@@BB@@B@@@@@BB@@B@@@@@BB@@@@BB@@@@B@@B@@B@@@BB@@@@BB@@@@B@@@B@@B@@B@@@B@@@@@B@@@B@@@B@@@@@BA@@B@@@@@BB@@@@B@@@BB@@B@@@@BB@@@@B@@BB@@@@B@@@@@B@@@B@@@@@B@@@B@@@@@B@@@B@@@@@B@@@B@@@@@BB@@@@B@@@B@@@@@B@@@@@BB@A@@B@@@B@@@@@B@@@@@@B@@B@@@@@B@@@B@@@BB@@B@@@B@@@B@@@B@@@@@@@BA@@B@@@@@B@@@B@@@@@B@@AB@@@B@@@B@@@B@@@B@@@B@@@B@@@B@@@B@@@@@B@@@@AB@@@@AB@@@@A@@B@@A@@@@BA@@@@B@@@@@BB@@B@@@@BB@@@@BB@@@@B@@B@@B@@@B@@B@@B@@@@BB@@@B@@BB@@@@@@@B@@@@@@@B@@@@A@@B@@@@@@@B@@@@@@@B@@@@@@@B@@@@@@@@@B@@B@@B@@@@BB@@@@BB@@@@BB@@@@@@BB@@@@@B@@@@@@@B@@@@@@@B@@@@@@@@@B@@@@@@@B@@@@@@@B@@@@@@@@@B@@@@@@@B@@@@@@@B@@@@@@@B@@@@@@@B@@@@@@@B@@@@@@@@@B@@@@@@@B@@@@@@@B@@@@@@@@@B@@@@@@@B@@@@@@@B@@@@@@@B@@@B@@@BB@@@@@@@BB@@B@@@@@B@@@@@BB@@@@B@@@@@B@@@@@@A@@B@@@@A@@@@@A@@@@B@@@@A@@@@@A@@@@@A@@@@@@B@@A@@@@B@@A@@@@B@@A@@B@@@@@@A@@B@@AB@@@@@@AB@@@BA@@@@BA@@@@@A@@@@@@@A@@@@@@@@@A@@@@@@@A@@@@@@@A@@@@BA@@@@@A@@B@@A@@@@@@@AB@@@@A@@@@@A@@@@@A@@@@BA@@@A@@@A@@@A@@@@@A@@@A@@@@BA@@@@B@@@@@B@@@B@@@B@@AB@@@@@B@@@B@@A@@@@BA@@@@@@@A@@@@@A@@@@@A@@@@@A@@@@@A@@@@@A@@@@@A@@A@@@@@@AA@@@@@@@A@@A@@A@@@@@@@A@@A@@A@@@@@@A@@@@@A@@@A@@@@@A@@@A@@@@@A@@@@@A@@@A@@@@AA@@@@@A@@@@@@@A@@@@A@@A@@@@@@@@@A@@A@@A@@@@@@@A@@@@@@A@@A@@@@A@@A@@A@@@AA@@A@@@@@AA@@A@@@AA@@@@@@AA@@@@@@@A@@@@@A@@@@@A@@@@@@BA@@@@@@@@BA@@@@@@@A@@@A@@@A@@@@@@@AA@@@@A@@@AA@@@@A@@@@@@@A@@@@@A@@@@@@@A@@@@@@@A@@@@@A@@@@@@@A@@@@@@@A@@@@@@@A@@@@@A@@@@AA@@@@@A@@@@@@AA@@@A@@@@@@@AA@@@@A@@@@@@BA@@@A@@@@@A@@@@@A@@@AB@@@@@@A@@@A@@@@@A@@@@@AB@@@@A@@@@@A@@@@B@@@@A@@@@@@@A@@@@B@@A@@@@@@@@@A@@B@@@@@@A@@@@@A@@@@AA@@@@A@@A@@@@@AA@@A@@@@@A@@@@@CAEGOCCCC@A@A@ADAB@BCBKQDC@CCCCCG@EACCCICEAGAEBE@EDIBE@CC@@AEACAGCEGBI@@@CAACCG@@GIBC@AD@@I@EF@PILGH@JEHGBO@IFGJCJAFE@GCKCI@IDGBI@GAKAGCECEAE@G@CAEEGGAIDIDGFG@KAG@I@I@GAECGAK@EDEDIBIAIEIGKKCG@KFMDG@EEGCEQMMCSAUFU@MCKAGCIQ@M@K@MBIC@ICGAI@I@IACCACAG@KBGDG@I@ICGKMGKGEIEGCICGCKCGAIEEECKAK@ECKAIEICECECEEIE@CBEBGDO@IBGFGFGDGDIDEDGHIFCJCPAHCHCDEDCF@DBHDFHFFDHJNJJJJJHJDFFHDLBJALAFCHAJAJ@NCJEJAH@JDFDFHJBFBJAFCHINGHELEHCJ@PAL@HCJCFCHEBADC`CH@@@BABA@AD@BMCV@@bPHBBB@BBD@B@D@BBDBJ@HBB@BBDBB@D@B@@A@BBA@CH@D@@@@BBBBNBJDD@FCJ@J@@@BA@@AN@@ABAFCH@@ADEBAF@@EF@@C\\ABIB@DFFBFAJBDBB@DBF@@B@@B@@@@@B@@@@@@@B@@@@@B@@@@@B@@@@B@@@B@@@@@@@BB@@@@B@@@@@@@@BB@@@@AB@@@@@@@@AB@@@@@@@@AB@@@@@B@@@BA@@@@B@@@B@@@BA@@@@B@@@B@@@@@B@@@@@B@@@B@@@@@B@@@B@@@@@B@@@@BB@@@@@BB@@@@@@BB@@@@B@@@@@@BB@@@B@@@BB@@@@B@@@B@@AB@@@B@@@@@B@@@B@@@B@@@@A@@B@@@@@@AB@@@@@@@BA@@@@@@BA@@@@@@BA@@@@@@B@@@B@@AB@@@@BB@@@@@B@@BB@@@@@BB@@@@@BB@@@@B@@@@BB@@@@@BB@@@@B@@B@@@B@@B@AB@@@@AB@@@B@@@@AB@@@@@@@B@@AB@@@@@B@@@@@B@@@B@@@B@@@@AB@@@B@@@B@@@B@@@@@B@@@@@B@@@B@@@@@B@@@B@@@@@B@@A@B@@@@@B@@@@@@@B@@@@@@@@@BB@@B@@@B@@@@@B@@@B@@@@@B@@@B@@@@@B@@BB@@@@@B@@@B@@@@@B@@@B@@@@BB@@@@@BB@@@@BB@@@@B@@B@@@@BB@@B@@@@B@@B@@B@@B@@@@@@B@@@@@BB@@@@@@@@B@@@@BB@@@@@@@@@B@@B@@B@@@@@@@@@B@@@B@@@B@@@B@@@@@B@@@B@@@B@@BB@@@B@B@@@B@@@B@@@@@BB@@@@B@@@@BB@@@@BB@@@@@BB@@@@B@@@@B@@@@@B@@BB@@@@@B@@@B@@B@@B@@@B@@@@BB@@@B@@@@@B@@B@@@@@B@@@B@@@@@B@@BB@@@B@@@@@B@@@@@B@@@B@@@B@@@@@@B@@BB@@@@@B@@@B@@@@@B@@@BB@@@@B@@@B@@@@@BB@@@@B@@@@BB@@@@@B@@B@@B@@@@BB@@@@@B@@B@@B@@@BB@@@@B@@@@D@BAD@BAD@B@B@@@D@@@D@B@BBB@@@B@@@BB@@@@@BBB@@@B@@BB@@BB@@@@B@@BB@@@B@@@B@@@B@@AB@@@@@B@@@@@BA@@@@B@@A@@B@@@@@BA@@@@B@@@@@B@@AB@B@@@B@@@B@@@B@@@B@@@@@BA@@@@BA@@@@AA@@@@@@@A@@@@@A@@@A@@@@@A@@@A@@@A@@@@@A@@@@@A@@@A@@@AA@@@@A@@@A@@@A@@@A@@@A@@@@@@@A@@@@@@AA@@@@@@@A@@@@@A@@@@@@BA@@@A@@@AB@@@@A@@B@@A@@@@BA@@B@@A@@B@@A@@B@@@@@@@B@@@@@@BB@@B@@@@@@BB@@@@B@@B@@B@@B@@B@@@@@BB@@@@B@@@@@@BB@@@@@B@@@@@BB@@@@"],"encodeOffsets":[[122076,32025]]}}],"UTF8Encoding":true}