{"type":"FeatureCollection","features":[{"type":"Feature","id":"360602","properties":{"name":"月湖区","cp":[117.034112,28.239076],"childNum":1},"geometry":{"type":"Polygon","coordinates":["@@@D@@BB@B@@@BA@ADABB@@DCH@BADADADADAHAHAHADADAB@D@D@DBBBD@HBFBB@@B@@B@@@@@B@@@B@@@@@@@B@@@@@@AB@D@@@B@B@B@@BBA@@B@@@@BB@@@B@DBD@@@@@BB@@BB@@@@@@B@@A@BDAB@@AB@B@@A@A@A@AA@BA@@@@@@@A@@B@@@@@@BB@@@@@@A@@B@@ABA@@@A@AB@@BD@@@@A@@@C@A@@@@@AB@BAB@@BBJ@B@BB@@BBDBBB@B@B@BAB@@@@C@@@@BAB@@@B@@@B@@BB@BA@AB@@@B@BBB@@B@@AB@@BBBB@BCB@DAD@B@B@B@@@B@BA@ABAJC@@DBB@B@@ABAB@BA@@B@DD@BFNADJ@DBBBBBDD@D@B@F@BBB@@DADADMBC@AB@B@@ADCAA@@CAA@@@BC@@F@LBB@@DFDB@@@BA@A@@@ABC@@@@B@@BB@DDB@B@DAJC@ABCB@@@BBDFBB@BCJ@FAHBFBHBDDDLDJDH@R@ZAPAF@LEJCB@BCBQDIFCPEBIBIGEOEGCMEOECCBKHAHCFEAGIIGCGFQFMKCUCIGEGCMKIEKEMEKEQAMCMAMEKEE@@@CBAAAACAA@A@CAAA@A@ABABA@@B@@@@A@@A@C@C@CB@@A@A@AG@@CA"],"encodeOffsets":[[119801,28842]]}},{"type":"Feature","id":"360622","properties":{"name":"余江县","cp":[116.822763,28.206177],"childNum":1},"geometry":{"type":"Polygon","coordinates":["@@AGCIAI@I@ACAAA@@@@@ABA@ABAA@A@@@C@C@CAGCACAAC@G@A@AAAA@EAGAAGCCA@C@EBCBC@E@C@E@C@A@AAAGEA@A@ABC@A@A@ACAA@A@C@A@A@@A@A@@@AB@B@BBD@B@@@BCA@@IC@AACAIAE@AA@@@AFA@CB@@A@@@@C@@DE@ABAACAAA@A@GBC@C@IBC@E@E@A@@@ABBD@B@@BB@@@D@BA@@@CBA@@AAAAAAAAAAAC@A@C@CB@@A@BHAB@@A@C@A@ABCDEDGBC@GEGCECECEEIGGKGCAECGAI@EAECCEGEGAECCACACDIHEHEDEBG@E@E@KAG@IBGBEBGBI@G@GAGAICGCCCCCCEAGCGAECAAAACA@E@CBCBCBE@ABC@C@GBCDGFMHOHCHAN@F@FABABADEBKBC@A@IBCEM@ACCA@@@ABA@AB@BA@A@CA@@IDAB@BABA@@@A@A@A@C@CBA@ADA@AA@AA@@BA@@@AA@A@A@@BAB@@AAA@@@A@@@A@@BA@A@@D@@@@@BA@A@A@AAACAAA@@AAA@I@AA@@BA@ABA@@@@B@D@@@B@@@@@AC@@BAB@@@B@BA@@@AB@@@@@@@AA@@@@@@@AB@@@@@@@B@@ABBB@B@B@@@@ABA@@BAACB@@@@A@@@@A@@AA@@A@@@@AC@C@A@@AA@@@@@AB@AA@@@A@A@A@@@CBA@@@@@@@A@@@@@@@A@@@A@@@@@AA@@@AAAE@GACAA@C@C@CBABCBCBGBGBGBCBCBCBC@ADG@CA@BABCB@@A@@@AAA@@@C@AAC@@AAA@@EACBA@@BA@@BA@@@A@@@@C@C@AA@@AABAAA@A@A@A@@A@CAAA@@AA@ABA@CBA@ADDD@F@@A@A@AA@@@BE@A@A@@CAEC@AACAC@@@@@@@@AAAA@BA@AAA@CB@@AAAA@ABAB@@A@@AAA@@@A@A@C@CBCB@@ABA@@BCBCBABADAD@@CEECBC@AC@GCAAACAACIACC@C@C@E@CAAAEE@CAECBE@ACCEAGACCGAGAECCCCE@G@I@EBEBGFEDCFGHEFGAKDIBEFIFEDGHEFGDG@G@G@GCEAECIAEAGDEFAFDBDDAFCBCBCDEHCF@FBJ@D@H@FBFDJDFDFHHBHBF@HAFEFGDGBGBI@K@KESAICEAEBEFEBGDG@E@EBG@EDEH@DBLDFDH@DCDE@KCEDI@G@GBEDIFIJ@J@D@F@LFJHJLJDFLFLHPHJDHBHBH@J@HAFAJCDCFCFAH@F@F@H@HAFAFAFAH@J@FBDF@FBDDFBFBJDFBHDHBL@HCHEJGJIFEJAHAJCHAHEJINDDDHBHDHFFLJNJNLNJHBF@JANBP@H@F@JBJDH@HFFDBD@F@D@DAHEDGJCHCFBJBDBJBFFFHHDFHHDFFHJNDFBFADAFCFCJGJEHCHCFAFAH@F@H@DDDFAHAJCJAHBHBBFBDBFBNFFFDFAH@FBJ@J@NBRDHAD@J@JDBDBFHDD@F@FEDGHG@@BCBEBCBCBA@A@@AA@CB@F@B@@@BAB@@A@A@@AA@ABA@@@@BBB@@@D@@CBA@A@A@@@A@@BA@@DCB@@@@@@B@B@BBB@BF@BBBDBB@F@@@BD@@B@@@BCBAB@BB@DBDBBBBDBBJFB@DBFBBBD@BBB@@B@H@@B@HHFHFFFHDFDHBFBFBF@HCJENEJAJ@JBFDFFFHDJFLDFBH@FAHAHEDEDEFEFEFEHCHEJELENAJAFAHCFEJCFEHG"],"encodeOffsets":[[119960,29248]]}},{"type":"Feature","id":"360681","properties":{"name":"贵溪市","cp":[117.212103,28.283693],"childNum":1},"geometry":{"type":"Polygon","coordinates":["@@DADEFGBAB@HAH@H@FCFCFCHEDG@GBEBEBCBIBEDEDEFGFGFGDEFGBGDEDGDGFCFCFCFEBI@EAEAI@I@GAG@IDG@CBGBE@IBMDI@GBIBGFKDEBG@E@EAC@EAGCEEICECCCCCEACAEAGAG@GDEFCFEDCHAHEBEACAECCCEACAEAE@IAG@GAEICGA]MGEQSAEBOGIOAODA@A@CAAA@A@CDEDK@@HO@AAECGB@HA@@CC@ADAB@@@FBB@D@D@DAB@B@B@B@BB@@BABAB@B@DA@AAACA@ADAB@BAB@@A@ABA@ADA@A@ACA@@BE@ABCBA@A@AB@@@FABABA@ABA@ABABA@AAA@E@@EAAAAAAEBE@ACAAAA@EAA@C@AAAA@AGICEECEI@CBGDIDIFGDE@GAICIGGECCCAE@EBGDIHCHCHAN@NCLAH@HCFCFCHEHCJCH@HBFBFBH@H@L@HATKLCLGRENCLAJ@JAHAF@HAJADAHEDGDEHQHKHIDGFEBGFE@M@MDMDMBI@K@E@GAE@AAECECEOYCECMCQ@GASKOGM@@CECGBGDEVC@AB@ACAAAC@AACCACAEACAAAAA@CAC@AAACCCCGEIGCCCEAACCEAEAG@E@C@A@CCECAAAAA@@@A@AAA@@@A@ABABA@C@@@A@@@GCCAAAC@CCCCACEICECCCCAC@A@@@A@C@AAAAA@@A@AAA@@@CAC@A@C@C@@B@@ADABCBCBA@@D@DBBBD@DAB@BBD@DBDAJAJCDCDEDCBE@A@C@@@CAACEGAAACCAAA@KKIGCG@E@A@AACAA@@A@@@@ABA@@@A@@@@B@@@BA@@@A@@@A@@BA@@@AA@@A@BCBABA@AACAACQAKGFAFAHCB@@ABA@@@@@A@A@@@@@AB@BAB@@AB@@@@@B@@AB@BB@@BA@@@@@A@@BA@@@GBAACACBCBCDADADEFAF@@GDMPMFOBKAMGASQDMDOLGLOJOEMIO@WPELKFOCMSCO@MEGILIJGDMAIIIGKMGMKMMOKKSBQLGJENILEPATDPFLXbHLZRFR@RARAJIHKLSLIJgRABOVEDEHEBEDAHEL@FAB@BA@@B@BABA@@BBB@BA@@BBB@@@DBB@B@@@@@B@DI@@@AD@@@B@@E@ABICA@@AA@A@A@@@AB@BAB@BC@@@A@@A@A@@@@@AAA@@DA@@AA@@@@A@CBA@AACAC@EAAB@B@@BBBBBB@@BBDF@B@DBB@BAB@B@B@D@@A@@@@F@@BDDBBB@@@BC@CB@@A@AA@@@AC@@BA@@@@DCB@BAL@@@B@@@@AF@BB@@D@BAB@@BD@DCDEDCBA@ABBF@DFFBBDBF@D@D@D@BDDJBBBDBBHDD@@BADFDDF@@BCBCBADADA@AB@BA@@DADAD@B@B@@@B@BB@@@BA@AB@BBBBB@@DAB@BBB@@ABBBB@@@@@@@@BDBD@BFDDB@@@B@BAF@@B@@B@B@BE@C@CC@BAB@DAB@BBB@@BBDBB@@@@B@B@BBBABBB@@BBD@D@@@@@@B@@AB@@AB@@ABBD@FB@BB@@BD@BDB@@BHB@B@@@DAD@D@B@@@@B@@A@@@ABAB@B@BBBDBB@B@DBBBBBDA@@F@LFNFNBNDRBLFNFLFJFNLHDHFDJDVNLREHEHDJJBHEFGDGBALDDPFNFHDPFHFAJAJOFEDCJARADA@IDKFE@OBYBQ@G@ICKCCCACAGAEBG@EDI@AAACEAA@@A@AD@BIDCBA@A@CCA@@AA@@@@@AD@B@@@BAB@@A@EC@CA@KAE@@@AD@@B@DB@@BBCD@BA@A@@BADCNCBCB@@AA@A@E@A@CCCAAAACAI@@J@BADALCFABABEBE@M@GBGDGPENCHAD@H@DAD@BAFADAD@D@FDBBBBBFDHBHDFBDDDDDDDHBJBH@H@HAJAHAFAH@JBH@L@F@FAHCFGFGFCJBDBDDDBFFHFHDDBF@FBJDHBFHDHLJHFFFDFDHDHFD@HAFCDCBAB@D@B@@@BAAGB@@@DAD@B@D@BBBBBBBBBB@BB@DA@@B@@A@C@@AA@@@AACBA@@B@F@F@D@JAD@D@HAB@B@BBBDAB@BCF@@@D@@B@@@DAB@BE@@B@@BBFBJBD@BJD@@DB@A@@@AAC@A@ABA@@B@B@@@@B@B@D@BBBBDB@B@D@BAB@B@HFBB@B@B@D@F@D@FADAD@F@DDBHDBBBH@FBBBBB@H@D@BBBDHDDBD@D@@@B@B@AB@BAB@B@@@@BBDB@B@JBJDJBHLDFDHFFDJFJDHDLFLHTJJBJDBBB@@@D@HDBBFFBBBF@D@B@BBDB@B@@B@BBH@JCDAD@BBBD@JDD@HA@@AA@AC@AAAA@A@@@@B@DBFBDB@@"],"encodeOffsets":[[120054,29312]]}}],"UTF8Encoding":true}