{"type":"FeatureCollection","features":[{"type":"Feature","id":"370613","properties":{"name":"莱山区","cp":[121.448866,37.473549],"childNum":1},"geometry":{"type":"Polygon","coordinates":["@@JLDBDBR@DB@@BB@J@HFP@BDBDBFBBBBB@BADCDEDABC@CBADAD@BDJ@D@B@D@B@BBBBBDDDHDNFN@BA@CBAB@@@D@@@BABBBBB@@BBFADAF@DAB@@@BAFE@@@AB@@@@ABAB@@@BADG@ABA@@@A@A@@@A@A@@B@@B@@B@@BB@BABA@@B@@@@BBB@BB@@@@A@@BA@@@BB@@A@AB@@@D@B@@@B@@@B@BBB@@BB@B@B@DCB@B@B@@@@@ADAHAD@B@BBD@F@BA@A@@@CBCBA@CB@@@B@BA@@BA@CAA@A@ABABG@@@A@EBC@ABABAD@@@D@D@BBB@FDFBBBB@B@BBBD@DAB@B@@AF@@@B@D@B@B@D@@@B@@@D@D@`D@AHADC@ABC@AAC@CCEAK@IBE@ABCDE^_DCDANAPGNGVEHCH@FBLBD@B@BABADEDKBABADAD@D@@ABABADANCTGE_@A@ABAAC@@@ACAAACCAAGA@@AAECAAGOCC@@@@@@OK@@@@SMUQMG@ACGAAAAAAACCEAA@CEGAAECAAACAAAACCCCCCCCCAEECA@A@AAC@A@CBE@EAA@CAAEEEC@AA@ABA@@A@@@@BA@A@@B@BABA@A@@A@AACCCGCKEGMAIBEC@GFC@KCGM@I@CC@GHEDIEKWIK@SBIAKCGDKRMFOAUIIDGHGFMDUHPRLVDP@PMPQPCBC@CHBBB@JBDBB@F@@BB@DBBFBJ@FADEFGH@B@B@D@BDDBF@@@B@@B@@@@BBBBB@@BBBD@@@@@BBDBB@@BBBBBDBB@B@BDD@@@BBDAF@B@BB@@@@B@@@@@D@@BF@@BB@BBB@B@B@BB@@@@BDD@@B@DDDBB@BDDDFBBDBB@BB@@DABAB"],"encodeOffsets":[[124279,38314]]}},{"type":"Feature","id":"370634","properties":{"name":"长岛县","cp":[120.738345,37.916194],"childNum":20},"geometry":{"type":"MultiPolygon","coordinates":[["@@EBCB@F@FDDDBFBFBDB@DBBDFDBF@D@HEHGHGBGBCACAAC@KFC@CAECA@GDC@ME"],["@@E@IDGFQTEF@FBFDDDBHBD@H@DDD@BABC@ACE@A@CBADBFADA@CAACAE@AC@CBCHEBC@CCA"],["@@AB@B@BFH@B@BABABA@@DBBBBBB@BAFBB@BD@DADEBABE@ABAHABA@A@AIIEAKCC@"],["@@GDAF@DBDFFDFJ\\HHJDZDL@NCJEDEBCCGCEEEICE@MAIBEACCAECGIEIAGA"],["@@CDADIDEFCF@R@HJrBFBBF@DCHKHSDKBEDATALCNMDEBC@CEAMAK@OBGDG@EA@C@C@AACACA@"],["@@E@EBADAH@HFJDDF@B@JGBCBEAEAEGEC@"],["@@@BBB@@BA@@@@@AAG@@A@@@@F@@@B"],["@@GLBJFHDBFBDEBK@GCGK@"],["@@E@GFEDADADAN@BBBB@DABCDAB@F@B@JABABCBE@E@AAACCG@"],["@@BC@E@A@AAAAAA@EDAD@D@B@FB@JA"],["@@ABAB@B@DB@@BB@@@B@A@@CA@B@@ABBB@BBBA@@@A@@A@A@@@A@AE@@"],["@@B@BAB@@A@A@A@AAA@@BA@AA@A@@@@B@B@@CD@BBB@@@D"],["@@@@B@@AB@@A@@A@@AAB@@A@@@@B@@@@BB"],["@@C@ABAB@BAAAAAAA@CB@B@D@BBBFDDBBDABAF@B@BDBNFB@AB@BABBB@@FBB@BABK@EAICICEGEA@"],["@@A@AB@DBD@BBBB@DA@A@A@CAACA"],["@@EBE@CB@B@D@@@BD@B@@ADABBB@B@B@BC@A@AAAA@"],["@@E@GBGFMHGFINCH@FBJFFNJJDF@D@DADAF@B@HABABC@EAI@G@EBE@GAKEG@ACA"],["@@B@@@B@ACB@B@@A@@@A@A@@@@B@@BB@@@BA@@@A@@@@@A@@AAAA@@@@@AA@@A@@@C@AAA@AA@GC@@ABA@AB@BA@A@@@@AA@@@@B@@@B@B@B@@BB@@@AB@@@BBB@@B@@@B@B@@@B@@B@@@@B@B@@@@@B@@@DB@DBBB@@"],["@@A@A@@@ABAB@BAB@@ABCB@B@BB@B@BAB@D@D@DB@BB@BB@DB@B@BADADAB@B@BADA@@BAA@@AB@BADAF@BB@@BBBBB@DADAD@BCHI@E@CBCFCFA@ACABECA@AAC@AE@AAC@@DA@EBEBC@MBIDA@ABGFCBA@@BABABBBBB@B@BABABA@ABAD"],["@@FB@D@DBBDDDBDAJCDABG@EBAFC@@BAAA@@@A@@D@BABAAA@@BABABABGBADABCDABA@AACAEAAACCA@CBEBABG@CDEBEAACCCEAB@FC@EBA@KF@D@DIHCFABGBGAG@CBADG@@BAFBBF@HBFBBD@DABA@C@A@@BAF@BB@BCBAB@BBADADC@A@@@AA@@AB@@C@A@BF@D@LADBDD@F@BBB@B@"]],"encodeOffsets":[[[123806,39303]],[[123821,39266]],[[123742,39256]],[[123702,39203]],[[123649,39066]],[[123542,39048]],[[123759,38985]],[[123541,38969]],[[123847,38933]],[[123780,38940]],[[123567,38898]],[[123575,38896]],[[123588,38873]],[[123580,38839]],[[123570,38853]],[[123527,38848]],[[123522,38857]],[[123549,38892]],[[123590,38896]],[[123628,38858]]]}},{"type":"Feature","id":"370681","properties":{"name":"龙口市","cp":[120.528328,37.648446],"childNum":3},"geometry":{"type":"MultiPolygon","coordinates":[["@@BLPTILCNJJDdJLRD\\IPQB_CWJYTCFCHAHBHDFFDLDl@nABfAR@TDXDLBRJRJldZDFFDDDBDBDBDFDHBL@LBLAJAJAPAPARCRAB@D@@@DFBBBBDBB@FBtBvFHBN]NWNYJQ@WCQCULIfCdC\\BTAJOBQCWAQLQXMFCTCZCpSNIJMEMEKB]GMQQMQEaCQ@WDOHIHGFE@EI@KEEK@IOMOCMFONQRUTOLUFQEMGKIOIMQIIOAMBO@IF@@@@GDOPgPMGWQMG[KaAQPETFTFP@RIHWLQFU@QD[HSBEEOEQCODONMHWJQBOAWBSAWC[KYI_ASDURELCNKR"],["@@B@@@B@@@@@@@@A@@@@@AA@@@@@@@A@@B@B@@@@"],["@@@@A@@D@@@BA@C@A@A@A@AAA@A@@D@@ABABAB@DABCDABAF@B@BDBB@DBDAB@BBB@BA@AB@D@FBBBD@F@DAFABA@@BAAAA@AA@A@AACAAAAC@AAAA@@BA@AAA@@A@@@A@@A@A@A"]],"encodeOffsets":[[[123133,38458]],[[123320,38698]],[[123344,38676]]]}},{"type":"Feature","id":"370602","properties":{"name":"芝罘区","cp":[121.385877,37.540925],"childNum":24},"geometry":{"type":"MultiPolygon","coordinates":[["@@@@B@@@@@@@A@@@@@@@@@"],["@@@@@BB@@@@@@@@@B@@@@@@@@AD@@@BB@@@@DCFA@@@AA@@@GB@@@BB@@@A@@@CA@@@@@BAB@@@@A@A@"],["@@@@@B@@BA@@@@@@@@@@@@@@AA@@@B@@@@@@@@@@"],["@@@@@@@@@@@@@@@@@@@@@@@@"],["@@@@@@@@@B@@@@@@@@B@@@@@@@@@B@@@@@@@@@@A@@@@A@@@@@@@A@"],["@@@@@@@@@@@@@@@@@@B@@@@@@@@@@@@@@A@@A@@@@@@@@@@@@@@@@B"],["@@@@@@@@@@@@@@@@@@@@@@@@"],["@@A@@@@@@@@@@@@@@@@@@@@@@@@@@@BB@@@@@@@@@@@A@@@@@@@@@@@@"],["@@B@@@@@@@@@AA@@@@@B@@@@@@"],["@@@@@B@@@@@@@@@@@@@@@@@@@@@@@A@@@@@@@@"],["@@@@@@@@B@@@@@@@@A@@@@@@A@@@@@@@@B"],["@@A@@@D@@@@@B@@@@B@AB@@@D@@@@@@B@@@@@B@@@@B@@@@A@@@@@@@AA@@@@A@@B@@@B@@@@@B@@B@@B@B@@BBA@@@@@@AA@@@@@A@@B@B@@A@@A@AA@@A@A@@@A@@@A@@@A@@@@@@@A@@B@@B@@B@@@BAB@@AAA@A@@@AB"],["@@BA@@@@@@@A@@A@@@@@@@@@@B@@@@@@@@@B@@"],["@@@B@@@@@B@@@@B@@@@@@@@A@@@@@@@@@@@@@A@@@@@@@@A@@@@@"],["@@@@@@@@@@@@@@B@@@@@@@@@@@@@AA@B@@@@"],["@@@B@@A@@@@@A@AB@@@A@BA@@@@@A@@@@B@@@@B@B@@@@@@@B@@@@A@@B@@@B@@@@A@@@@@A@@@@@@@@"],["@@@@@@@@@@B@@@@@@@BA@@A@@@A@@@@@@B@@"],["@@@@@@B@@@@@@BB@@@@@BA@@@@@@B@@@B@@@@A@A@AAA@@@@A@@@@@A@@@@@A@@B@@@@EA@@AB@@@@@@AB@@ABB@@@B@ABB@B@@@@@B@B@@@"],["@@@@@@@B@@C@@@@@@BD@@@AB@B@@@B@@H@BBBBB@@DB@@B@@A@@@EBA@@B@@@@BB@@D@B@@AB@@BB@@@@AB@@B@@@@B@B@B@D@@@B@@@B@@@@@@@@AB@@@@@@@@@@@B@@@@@@A@@@@@@@@B@@@@@@@@A@@A@@AA@@@@@@A@@@@BA@@@@@@A@CB@BCAA@AAAA@@A@A@@@A@@AA@A@@AAA@A@@A@@@A@@A@@A@@@AA"],["@@@BABA@ABA@@@@@@@@B@@B@FCB@@ABA@@BAB@@A@@@@A@@@A@AA@@@@A@@F"],["@@@@@A@@@@@A@@A@@@@@@B@@@@@@BB"],["@@A@@BA@@@@BA@@B@@B@B@B@@A@A@@@A"],["@@_CC@C@@@A@@@C@A@A@C@A@@@E@@BA@A@CBC@AA@A@AAAAACE@EAA@A@C@C@@BCBABAD@FAB@@@H@BABAB@B@DBB@@AB@@A@A@@DAB@DADA@@B@B@@A@EAC@A@ABCBGBC@@@@A@A@A@CDA@A@A@@AA@AAA@@@A@@@A@C@@@A@@B@BA@@A@@AB@@@B@@A@@AAA@A@@A@@@ABABA@@AA@@@@AA@@@@B@B@@@B@B@@AB@BCHAB@@A@AB@B@@A@@B@@EFAB@@A@CBE@CBEBAA@@AAAABA@A@@@C@@BADAB@@AEMCMCGCCAAAA@A@A@C@A@CCI@ABCBCDAD@BAFCDCBC@AAAAAEACACA@AEO@G@IAA@@CAQ@CACAIK@@@BGBCDA@ABG@EAC@A@A@CBA@A@C@A@@@AAA@@@CB@@@@A@A@@BCDABCD@B@@@B@D@DBD@B@BAD@BABCDABGBCBC@K@ABA@@@@BAFBFBJ@B@FAB@BABABAD@DA@@BA@CACBA@A@CB@B@@@B@@@BCFCDADGJADAB@DAJ@J@F@B@BBBDD@@@B@D@B@BAD@DBBBBFFBBB@@B@BABEHC@EBC@ABCB@B@DBDDBRJBD@BBX@L@FBDFFDBHDBF@JXHvNXFFBFFBBBH@DADADELCFGFIFEDAD@B@DBBBBBBF@N@LAJAPIF@RAD@FCRKHGJIBAD@PCHALEPEDEBCCCECIAEAG@GBQ@_HCDC@A@EEAC@AB@BAB@N@BE@C@GBCBEBKBI@OBA@ABAB@@@B@@@DALMHCDABAHAL@HAF@DADCFEPKFC"],["@@@@B@@@AA@@@@@@@@A@@@@@@@@@@B@@B@@@@@@@"]],"encodeOffsets":[[[124390,38484]],[[124390,38483]],[[124401,38481]],[[124405,38481]],[[124402,38480]],[[124404,38481]],[[124406,38481]],[[124406,38480]],[[124403,38480]],[[124406,38479]],[[124439,38479]],[[124433,38475]],[[124446,38462]],[[124452,38459]],[[124384,38479]],[[124390,38476]],[[124411,38469]],[[124417,38467]],[[124425,38454]],[[124397,38474]],[[124276,38540]],[[124473,38486]],[[124369,38429]],[[124326,38515]]]}},{"type":"Feature","id":"370611","properties":{"name":"福山区","cp":[121.264741,37.496875],"childNum":1},"geometry":{"type":"Polygon","coordinates":["@@@IAEGCCAEEAC@E@KAW@AACQICAAC@C@ADABAD@FAD@FGBA@A@AA@AAEEAAAA@CBC@A@A@C@A@@CCAA@A@A@E@IBI@CBABCHIBCDCDE@A@@@A@@@ADAB@B@DADBB@@AB@@CBCBABA@ABA@E@AAIAEBE@A@@B@BAL@D@DAHABADCBA@ABC@A@AAC@C@C@A@@@ADCBADC@AB@B@@@@@DA@@B@BB@@B@D@B@B@DAB@B@D@FBH@BAB@DCHA@A@@BABA@CA@@AAAACEACCACA@CACCA@@@CC@A@@A@@A@A@AAA@AAA@@AE@@@C@@@@@A@@A@@A@ABEAC@A@@CC@A@AAAACAAAA@@AAAC@A@@@@ACAA@@AAAA@A@@A@@@@A@@AECC@A@C@A@AHGFEBC@EAIAECAA@@AE@A@CAIAA@AADGD@DARONO@OCOKUOQCCECICC@AC@ECEUOMAICKKAAA@AB@BGAE@@B@@A@@@CAA@@@@C@@@AA@@AA@A@CB@@A@@B@BABE@@B@@@BFA@B@BC@BDC@A@@B@@@@@B@@@BC@ABBB@BA@C@@BBB@@AB@@AD@@@BA@@@AAABC@@FAA@BBBB@@BB@@@@BAB@@B@BBB@@B@@BBB@DBB@BBBBB@@@BBBB@@@@DBD@DB@@@BCLGHABBDDDDBDH@FEDEBCJEHKPGDYBKBADAFAHCDCD@DBH@BADEBGHINUJQTYFOA]KIAMIQYOMMSEEEAG@CBOJEBBRDDPHBB@DHNDNFDFX@@@@BNDLDDNDHBBDAFCFBFADQJER@@@B@@ABABQFCD@RBFJL@@B@@BBDAB@@CF@DAB@BAF@@@@BBB@@@@B@HABABA@A@AB@AA@CA@CA@C@@@AD@@A@BCCAAFA@AB@@IH@B@BABAAAD@@ABA@@B@@@BC@G@@DB@@@@B@@ABA@A@AAA@@A@@BA@@@@E@CAC@A@@BAB@B@@@BB@@BB@BF@@@BB@@@B@D@@@@B@B@@A@BBB@@@B@BB@@BB@@BA@@BDJJBDCLE@WBKHgJCBGHGPARHHRDNJJPFPBRDRJTVRPPA@A@C@C@@@@@BDAB@B@@AAABB@@BB@DBBBFFBBB@@@@@@@AB@B@@@B@@A@@B@@@@B@@F@@@B@@BBA@@B@@@@A@A@A@A@@B@@A@AAA@@@AB@@C@A@ABABA@@@@BA@A@CA@@CB@@ABABA@A@@@CBA@A@A@A@@@CA@A@AA@A@@@@BAB@@AB@@BBB@@@@@BB@BA@@@CB@@C@AB@B@B@@ABABC@@BA@ABABABBB@@AB@@A@EB@@A@BD@B@B@B@@IDA@A@C@A@@B@B@D@BAB@@A@ABC@@@CBC@A@C@@@A@AB@B@@@B@@@B@BAB@BA@ABA@@DBB@BBB@@@DAD@BAB@BAD@B@D@@@BA@@B@@BD@BB@D@B@B@@@B@BB@BB@B@B@FA@BB@@B@BA@ABAB@BA@@@@@A@@@A@@@AB@B@BAB@@@@@@@@A@@@@BB@DDHFDFNRFCPCJAJ@TDBFFJD@DC@GFAVFTDX@bBXAH@HAJEHEFEFGBEBE@EACAEEIMOEGCGAG@SFALAFADADEDEBE@E@CACACOQCCAE@E@CBC@AHIZSFEJGPEpMVGBAX@nAN@Z@LBJ@R@H@H@N@"],"encodeOffsets":[[124217,38485]]}},{"type":"Feature","id":"370612","properties":{"name":"牟平区","cp":[121.60151,37.388356],"childNum":1},"geometry":{"type":"Polygon","coordinates":["@@BDL@DT@FBFBFFDHFHDPDJBFBLJFDPHPJNNDBF@J@J@LCFAHI@A@GBGHIbA EfCtAvDFzAh@`BlDBEHS@K@@@@@EESKWCSGQKUOSSIQIMKIMCgEYKMICYIOIOKGOOG]DEBEBACCAACDO@EIYBCGK@IGCCAEGAOAAa@MECECI@EBEA@@@@A@ABA@AA@@A@@@@@A@@@A@@B@BAD@B@B@@@B@@@DE@IC@BED@DHDA@E@ABB@F@FFABG@AAAGG@E@AHDBBFEBI@CEA@@A@CA@CB@BB@@DCEAA@GBAGB@BE@E@EC@EB@AEC@BAJE@BM@ADAFCB@BB@DD@FFBBD@BCBAAAAAHEIC@AD@@ABCEGCCA@ADABA@@E@AEACCB@DAB@@AACC@@GAAEGFE@AIEG@K@@GBA@AACGEE@EAQ@UBO@A@ALGLAH@BIFE@IIBCBF@BBEBADADC@CIACABIBE@AG@CAGICGIGCDFF@DAHABE@EAGBCBBBABGDA@AAAA@BB@@DA@C@ABDD@DEB@@AC@@@@@@@B@@A@A@AB@B@D@@BB@B@@A@@@A@@B@DEACAC@G@DCIGEAA@A@@@BA@C@@C@ABA@KGA@ABBBEFCB@BCH@BCDCDDBBD@DCCGAE@@DE@AA@A@AB@AA@AAECCCEDCFCBC@AA@@ACIBEGCCACKAAKF@@OAUEOA]@WAm@OH_NULcFKEIIIKCGAGCAA@IBE@CCCAA@@DAFABC@GIKCGAE@CBCFELCHCBKHA@EGEACBEDGHMJB@@BABABA@@B@@A@@BD@DA@@CB@BA@AB@@B@D@BABABA@@B@@ADB@@DBBB@@BB@B@BAB@B@BAB@@EF@B@B@@A@@@AAAA@@C@@@A@A@AAA@@AC@@A@@AA@A@@AA@A@AA@AACA@A@@A@@@C@@BABC@CA@@A@ABA@@BA@@@BA@@A@@AAAE@@BB@@B@B@@AB@@@@A@@@@A@@A@@@@@A@@BA@@@@BABE@A@@@AB@DBBGHOBYEKEKISKUO]]GUKGK@GAmQ[MONEB@PCDABEBMZ@FFZAHBFFDDF@BABCDELABEBAF@JCFE@CBADAHD@HH^JNBLFHBBDCVALBB@BBBB@@BB@RAB@B@B@D@BBHDBB@@@BAD@BABBBAB@BA@@DA@@B@BA@@D@B@@AD@B@@@@@D@DBB@D@@BB@@@@@B@B@BBD@BBB@@AB@B@@BBBB@BB@BBBB@BBBDB@@@@BB@BB@@@BBBB@BB@BB@@@@BD@@BB@BB@@@BB@@B@@BBBDDD@D@BB@@BAEABAB@@@@CBA@BBAB@@@@FDB@@B@FBB@@@BB@ED@BABB@@B@@A@@BC@@BA@@AA@AD@B@@AAABAD@@A@@@A@@@@@AB@D@ACD@@A@AEB@A@@@AF@BA@A@AB@@@DAB@B@@BB@@B@@@D@@B@DB@@B@@@@AF@HB@ABAB@BBLLJDNBVPDF@FBDD@JDFDDDVGNCHEHGJCVJPBNELQHCLDJBTAL@XJFLCJGF@HDDJ@N@DH@LED@HFDJANBFHDLDHDDBBB@@@@BABABA@@@@BAB@@@@@BB@BAB@@BFDFFBB@DBB@FAF@D@BBD@B@BDBFFDBDDDDDDDDBBBBBDBBFDBBFH@DBBDFBDBBBBBBDH@BNHVRTN@@@@PL@@@@@@DDHPBBFDBB@@HBBBDDBBDB@B@@BDAB@B@BF`"],"encodeOffsets":[[124483,38339]]}},{"type":"Feature","id":"370684","properties":{"name":"蓬莱市","cp":[120.762689,37.811168],"childNum":1},"geometry":{"type":"Polygon","coordinates":["@@D@JDJFTRNNDBPNJFPFNAPEPB¨vVLVLFDB@D@B@D@H@B@B@BDB@BDB@FBB@D@BADCJIBAD@D@F@LBHBF@JAJALCLERETAVBNFLDLDFDD@RDTB`AH@B@@AFGBEDAD@D@F@HBFADAJED@B@NDFBD@DAFCBEJGBCBCBCAG@C@CAACAEAACAA@C@ABEDCDENKp]DAHADAF@J@D@D@BADCLEDCDEHEFCBCBGBEBCBCFEPKHCMQCEGECCA@@A@@B@@@@@@@@@BA@A@ABA@@B@@@B@@@@@B@@ABABAB@@A@AA@@AEBA@A@A@@AAAA@@@A@A@C@A@@AAC@@@AB@@A@@@C@ABC@ABA@ABC@C@@AA@AAA@CB@BAB@@ABA@A@A@@@A@@@ABAB@@@D@B@D@DA@@D@BAB@@@BA@A@C@A@AB@D@B@B@JC@@@A@A@AACB@@@FAB@@@BA@@AABABABAB@@AD@BABA@@@A@ABAD@@@DA@@B@@AAA@@@@A@AA@@BA@@BA@A@@B@B@@B@BDB@@B@B@B@B@DA@@B@B@BABA@@DA@@DBB@B@@A@@B@BABAB@D@@@BA@@B@BBB@@@@AB@B@B@B@@@@@@AB@AA@@@A@@@EA@@@@@@AB@@@@A@@@ABA@@@@@@A@AAEEAACAA@@AA@BABB@@@ABAAC@@@@D@D@B@B@OOUQISCQAQEOIOMIQCGGBQHOHGDACICGKCQ@K@E@EBCDCRCLEBU@A@AJMZOB]AWAOGIIIG[A_BIHA@A@A@@B@@ABA@@BCBA@@A@@AA@BAAA@@@AB@@A@AAAA@A@A@AAA@@A@@@A@@@@@@@@BBB@@@@@B@B@@A@AB@B@B@B@@@B@@AB@BAB@B@@@@DFA@@@@@A@A@A@AB@@@@BB@@@B@@@B@@@@A@@@CA@@A@@@@BCA@@A@AB@@AB@@ABC@A@AB@@AA@@AA@BA@A@@@@@AA@@@@AA@A@@A@AA@@BA@AD@@@@@@ABA@CA@@A@@AA@@@AAA@A@A@C@@A@AB@@AAEA@@BA@A@@@A@C@A@C@@EDA@CBA@@@@@@@@AB@DAB@@@AA@A@@A@@A@@@AA@AA@@C@BADCB@@@FCCA@AB@F@@@B@BA@AB@D@@@AA@@BA@@B@@A@@@ABA@@@C@@B@D@BA@A@AB@B@B@@@B@BAA@BAAABABBBA@AE@A@CAAB@BAAAAAAAC@@AD@DA@AAA@BACA@A@@@AB@B@BB@@BA@@@AA@A@AAA@@@A@@@@AA@AAA@@A@@@@@AA@@@A@A@A@@@@@A@@AB@AEBA@@@@@AA@@@AAA@@@ACAA@@A@@@A@@AB@@A@A@A@@@AA@@A@A@@@@@AB@@AB@D@BA@@@A@@@AA@A@CA@A@C@@BA@@B@@@DB@@D@D@B@@@BA@ABA@AB@@A@AB@AA@@@A@A@A@A@A@A@CAAAB@A@@@AB@BABA@A@@@AA@A@A@A@@B@@A@AA@@@D@B@@ABABDBB@@@A@C@C@EA@@A@ABADC@E@A@C@@@AA@@A@A@A@@@@A@A@A@@A@A@AAA@C@A@@@A@A@@B@B@@C@A@A@@B@@@BA@CCAA@AA@@BCBC@C@@@@@@A@@@@BA@@@C@A@AA@E@A@@@@@FB@@@B@@ABA@E@AAAAAA@@A@@CAA@@BBB@BBB@CEA@@AAAA@@@A@AB@@CA@@A@KI{M]CSRDLFRHVFTFXSV@FEFGHGJCP@XDRFbNRRRHNA^FLFNINMJoTYDSDEDWNKRBRDXARIPSB[AcDeDKJDVDR@XIRMZMXM^"],"encodeOffsets":[[123478,38669]]}},{"type":"Feature","id":"370683","properties":{"name":"莱州市","cp":[119.942135,37.182725],"childNum":2},"geometry":{"type":"MultiPolygon","coordinates":[["@@@WBU@A@AA@@AB@D@@E@@AA@@D@H@@ABC@AD@@@@@@C@ACAA@@A@A@C@AB@HABB@@BB@@B@DA@@BAB@@A@@D@B@BA@ABA@C@@B@@A@@@ADA@A@AA@@@CB@@C@ABCBA@@@@AC@@B@DG@E@CA@@@@A@@@@@C@@A@@AA@@A@A@@A@A@AC@@GAA@@@@@A@@@A@@AAA@@CBADC@@@AB@DCAIESCOBSBKHMLWNMZEVNJDPBNGNMDWBEDMBEXYBA@@@AHKHSNM@A@@BAP@NJNQDQDOHKlADK@@@@DGC_GQIUGMIQKKGMKKOCS@KEBKFOHOFYBA@@@A@AB@B@BA@ABEAA@AAAAA@A@C@@BC@@DC@@@C@A@@ABABGCCDEB@@ABA@ACA@A@A@ABABADABABCBC@A@@CAAACACAAD@@A@C@A@AA@@A@@@A@A@@A@@A@@@@@A@@@AAABA@@@@BA@@@A@@A@@ABA@A@A@@@AA@@C@@@@A@@@@@C@AC@@BA@@@AB@@EKACAC@@A@AA@@A@@AA@@@ABA@AC@@CBCCAAABAAAAC@A@@@A@@DA@ABG@C@CAC@@@@A@@@@@AAA@CA@@@@@ADA@@A@ACAA@ABA@AA@@AA@@BAAAA@@@AB@B@AA@AA@AAA@@AB@@@@A@@AA@@AAA@A@AAA@A@CAA@@AA@@A@@A@A@@B@@A@ABA@BDA@AB@@CA@AA@@AA@@@CB@@@AA@@C@A@@A@@@@@A@C@ABC@A@CB@@AC@A@A@A@C@@AA@@E@CA@A@A@A@@@A@CB@@@BAA@@A@@A@CCCA@@A@A@@@A@BAAAA@AAA@@B@@@BABA@A@AAA@A@C@AB@@AAA@@@A@@@A@@@BBAB@@@@@AA@A@@B@B@H@BG@@@C@GACAA@CC@@CACAA@A@ABE@@@C@A@AAA@AAA@A@C@A@E@AA@@A@A@AB@@@A@@A@ABA@A@@B@@A@A@@@@BA@@BA@A@A@A@C@@@@B@@A@CAE@AB@@C@A@A@A@AC@@A@A@A@A@@BC@AB@@G@A@CBCAABC@A@A@@@C@E@@@A@@C@@CA@@@AAC@@@AAC@@@A@@BE@@@@CAC@AA@@A@@AA@@A@@@A@@AAAA@AAA@@A@AAA@A@@B@BA@BB@BA@AA@@@@ABAACAA@@@A@@B@BAD@@ABA@ABA@C@CBC@C@CBA@@BBBA@ABC@C@@B@@@B@@@BA@@@A@A@@BA@AA@@AAC@AB@A@@A@@@@BA@@@A@@@@@@@ABABA@CB@@A@@B@@ABAAAB@A@@A@@@@BA@@@A@@A@AACAAA@AC@@A@A@CBA@@@@BABA@C@C@@@A@@@EAC@A@@AA@A@AACAAA@@@@AF@@AA@@A@@AA@BA@@A@@ABA@A@@@@A@AAC@CAA@@@@@A@A@A@EE@@@@AD@@@@AA@@ABC@@@B@BAAA@@@@@@B@@B@@@@@AB@@@@@B@@A@@B@CACAMCEEW@SBAB@BABGBQ@CDMAM@CB@@M@@@A@@BUB@AK@AAE@@@G@@BI@EB@DC@@CE@@C@AG@A@@B@B@B@@@BC@C@@DE@BDC@AHCAAFEA@DQ@@EA@A@C@GA@AIAB@GAA@C@@BA@@BA@@CG@@EC@@CDB@CE@@ABE@AE@GGE@SCA@BDG@@@@@G@EACA@AMAOHAB@FAB@BB@AB@@C@@B@B@BEHB@@BUG@AB@@A@@A@A@AAA@@BCDQEEAACC@IB@D@DCBGA@DG@SHGA@BEB@BG@@@@@A@@B@@A@@BKAA@C@@@AFG@@DC@C@E@CCAAA@@@K@AD@FA@A@A@CAAAEC@D@BDLBR@DCFIHUHMDMHMHWHCFELDJNNJFHH@DCJIPXPHFJDPD\\PFAFINE^DhFTFTDÂTHDFFFFBHFDb\\FHHLFJHJLJZPJHFHN\\HLJFHFTD\\FVFJDPJLNFJA@A@]@GBM@AHBFDDZB^@HBDFDRIFGJBTBJ@HCBADELSTG@aLEJCLSLAFFLBD@HBHAHCLJJ®LNDLBTBNBD@HBFFBDBFDNDHDHEFFFB@JHX@PDPBTDLFHHJHNJDBDBJVBLFFDFHHHFDFDLBbHXNF"],["@@A@AB@@A@A@@@@B@FBFB@DBDADA@@@A@AAAAAA@@A@AAA@@"]],"encodeOffsets":[[[123035,38385]],[[122698,38205]]]}},{"type":"Feature","id":"370685","properties":{"name":"招远市","cp":[120.403142,37.364919],"childNum":1},"geometry":{"type":"Polygon","coordinates":["@@HDBABA@@@B@D@@CD@@AD@@@D@BBBBB@BBBAF@BABA@A@@B@B@@ABEZGPEPALLFT@PDLLHNLLJRHNJVHRD`CH@@@@CLkBGLCPCRMRMIO@AB@@@BMNGTGL@B@@ABWZAFCNAFCXMNMHOAICUMYFMNKXGNALATDPFTBJCDA@@B@@CDAB@DB@BB@@@B@@@B@@@@BB@HD@@B@B@BB@B@@@BB@@@BD@@@@@B@@@@@DBF@H@@C@AD@@B@@B@DABAD@@@DA@@B@@B@BCB@B@@@BA@@@@DAB@BABA@C@@@@BA@AB@@CBA@@@AA@@AAGBA@@B@D@B@BB@DB@B@D@@@@C@@BAD@BG@C@@@BB@@@FC@A@@BB@@B@BAV@XNL¦~^XJJRVVPLQDMFKVQTC`BZJ\\LXDTBXAPBRAXINGPMPCRDPFFFTA\\GRCV@REXKJG@QEOESFSRObB\\LNHXRNHhOPOHC@@@@JEP@NAPBJJBCH@B@@AB@DADCBADAD@BABABBD@@A@ABAAA@@@@@@@@@AAA@@@@@EC@C@AA@@@@AA@@@@@A@A@AB@BAB@@AB@@A@A@G@CC@@@@@AAA@@@A@AAAAA@A@E@A@A@A@CB@BA@@@A@@A@A@A@@A@A@A@A@EAA@A@A@@A@@B@DABABABA@@@AFA@@@A@@BA@@DCB@B@@@B@B@B@@A@@@C@ABA@AAC@AB@@AB@CA@@@AB@@@BA@ACA@CAA@@@AA@ABA@@@A@@@ABC@@@C@A@EEGSGQOSMUEKDWJYJOLQAUISMQIQCQ@MBMFQ@UMUOYA@EBA@AE@@AC@AGB@C@C@@AC@A@@@@@@@@@@@AAA@AE@CB@CAE@AB@HA@B@BB@B@@@@A@@AADCBGB@@@B@B@@C@ABCB@BO@KDYICS@SCMCSICA@AAA@AE@C@@BAB@B@BB@@@EBA@AAA@G@@@@@@@@B@@A@A@C@BABAAA@@A@AC@ACACCCAAACAAAAAAA@@@AAGBAACAAA@A@A@@AC@@AA@G@@@C@ABCAAAKCCCCAC@@AAA@AA@ABA@A@ABA@ABABA@@@C@A@AAGB@D@BA@A@@B@@A@@B@@A@A@BA@@C@A@BAB@@A@@@AG@A@@A@@B@@AB@BAC@A@C@@@E@@C@@A@C@@@CAEA@@@AAAADC@@BABA@@@AAACAAA@A@A@A@A@@B@@ABA@A@A@@A@@BAB@@AB@@A@@@@@@@ABC@A@AB@B@@@@@@A@A@EAAAAAA@AA@C@A@OB@BA@@BA@A@@@AB@BABABAB@@A@A@@@A@@BA@AAC@@@@@ABBDA@ACA@@BC@A@A@EAA@A@A@CBAAAAC@AAAAA@@@AA@@@A@AAC@AAA@@@@@@@A@AAA@@EAAAD@BA@C@CA@ABA@A@@C@@A@A@@@@A@@@A@@BA@@@ACAAAA@AA@B@@@BAB@@@B@@A@@@AB@B@D@B@@@B@@BB@@@@ABCBC@A@AB@B@@ABA@@@A@@@AB@@@B@@@D@@BD@@@B@@@F@BB@@BEAC@ADB@B@@BD@@@@BA@@BADCDA@@@ABA@A@@@@A@A@A@@A@@@AA@@A@@AA@EAA@@DABAAA@AB@@@B@@ADE@KDA@@C@@BA@@@@AA@A@AAA@@A@@@ADAD@B@BB@@@@@@BB@AB@@@@@@@@@@@B@@B@@@A@@@@B@@@BA@@@@@A@@B@B@@@BB@@DDD@B@F@B@@@BABEA@A@AA@ABA@A@A@A@@@C@@BA@C@CAA@@A@@@A@AAA@AABA@BFAB@BA@A@AAA@@A@@AAA@AA@@@AAA@AC@AAACBAA@@@AAA@AC@AA@A@@AA@AAA@C@A@GD"],"encodeOffsets":[[123143,38008]]}},{"type":"Feature","id":"370686","properties":{"name":"栖霞市","cp":[120.834097,37.305854],"childNum":1},"geometry":{"type":"Polygon","coordinates":["@@TUEWESGUEQCKTQ^D|NLJB@@@DB@@BAB@@@B@BB@BB@DFA@AAA@AA@@BB@DB@@@BBBBBBF@B@BA@@@A@@EA@@@@B@F@B@@B@B@D@@AB@@@@@B@@@@D@D@DA@AB@@BBBDDB@@A@@@AB@B@D@@@@A@AB@B@@@B@D@B@BBB@B@@@@B@B@B@@B@B@B@@@BB@@D@B@F@D@BCBAB@@@FBD@D@B@@@A@CABABA@@@A@C@@BBB@@@@AB@B@B@B@@B@@@BABABA@@B@@@BBABB@D@B@B@B@B@B@B@@BBA@@B@BA@@BAB@BAB@@A@C@C@@@CA@@A@@@AB@@@D@BDBB@B@@B@@@B@@ABC@A@@BA@@B@@@@@B@BB@@B@@@B@B@BA@@BB@@@B@@@BBBD@@B@BB@@B@@B@@@@ABBFA@@BB@@@@@B@B@B@@@B@@B@@@@@BB@BBB@@B@@B@@@B@BBB@B@@B@@AB@@AAA@A@@B@@@BDBABB@BBB@@CBC@@BDBBBBBB@ABADBB@F@@BABAAABBBABB@ABA@@@A@A@A@@B@BABC@A@@@@D@@AB@B@@@BA@@@AB@@BB@@C@A@@BABA@@@E@A@@BDBED@@A@CDABD@@@BBB@@B@@@BB@@@@BBB@@A@CBA@@B@@@@@@B@DAB@FC@@@D@B@D@B@@@BAB@@FBBB@@BAB@@@@D@B@BBB@B@@BB@@@BB@@DAB@B@@@@C@@BAB@@BBB@@@@BBB@@@@BB@@@@B@B@@ABB@@BB@@BAB@D@BA@@BA@@BAB@@@DB@A@@B@@@DB@@B@@@@@@A@@@A@@AA@@@@BAB@B@B@@@@@B@CE@@@@@ABA@ABA@@@A@@@A@A@ABAB@@@@A@A@@@@AA@A@@@@@@B@@@B@@@BB@B@B@BBBBBB@@@BA@@B@BB@ABB@@@BB@DA@AB@BA@@@AB@B@B@JG`A\\BJHJJPHXB^BPANYBIB@V@FADKDQDCFAF@L@R@LDDHDJhILGXAF@DKACIIAC@@AB@@AA@@AAA@@@A@AAB@@@@A@A@@C@A@@@A@@A@@AEA@@AA@@A@@@ABA@AB@D@DBF@@@@@AB@@@BB@BBB@B@BA@@@A@@A@@CH@D@@A@@@AB@BA@@BCBBBA@A@AJG@@BAB@BEDBADB@@@BC@@D@B@@DDBB@@BBAB@B@BABA@G@A@@A@AA@@@@BE@ABA@CDE@@BAAC@AA@@@IKAE@QDCREBABA@@@A@@FQRIBCAEDEBEACGAMCCCCKAM@@@@EWECCMGM@CAAOGCCAQFAPIDAH@FBFFNTPNRZNJJB^LPBZERSVIJMHGFABC@AAG@CDCDCBGBEBCLAZAHCLOFGDIFAFC@ECGCACCACBAHGDK@A@@CAC@CA@@@@AAAA@@A@AAAAA@CAA@AA@@@AA@AAA@@@BA@A@@A@@AA@AA@A@@A@EAA@@@CA@E@@A@AB@AAB@D@@A@ABFBAB@@AAC@C@CCAA@AA@@@AA@@A@@AAA@@AC@@@@AAA@@AAAAA@@A@@AAA@@@@CAAA@AAAAAA@@AAAAA@@@ABA@@AA@AAC@A@A@A@@@@AA@@@CAA@C@C@@@@@ABC@@@A@CB@@A@AB@@CB@@ABAAABA@ABC@A@@AAGCAAC@A@A@A@QBA@@AA@AA@AAABKDUACGAKEMA]IGGC@E@KBOCK@MFCDQHM@EDGFADC@C@EACC@C_MECACDK@E@ECGGEGACABCBA@ACCECICGAIDIHCF@DFJAF@HCBEACACGAGGQGCE@EBADC@KAC@GLEBKFOHUDI@UCCQ@KBQBKMOOIcESMUSEFAHCFAFAFCBC@CB@FADE@O@G@A@CAAACEEIA@A@CAC@GDA@C@I@MDGBE@G@E@CBGDABAB@BDHBFAFEDCDCB@DBBFDFDBBBDBDAB@DCDC@IBCAGCC@C@GBMBABKHEBCBGAQGEAE@GBG@OCC@GBCFCFEFEDSDIFGBGDKBG@MBGCECKEECCGEAQEGBE@CDAFABABEBIGEAGBA@@@@@E@GACAIMAAGAQDIPGLMHMFEB]@IECZ@LAPA@AD@B@DA@A@@@A@AHCDBB@@@B@@A@A@@A@AGBA@@BBF@DDAF@@BBB@B@@@@@@@@@@@BBD@@@D@DHA@BBD@@BFB@FAB@PZNV@VERAN@NDRJRNRJTBVKRIPIZCXFLNVPTHRHTFFB@D@@@D@BA@@B@@@B@BAB@@B@@BB@DDB@BAB@@A@@B@@DBA@@BA@@BBD@BAB@B@D@@@BA@A@A@@@A@A@CD@@AB@@@B@@EB@B@@ABABABCBA@@@@BB@B@B@FBB@B@B@B@@@@B@B@BB@@@B@@ADAB@B@B@F@B@B@BBBBB@@@B@BB@@@@D@@D@H@B@BA@@BA@ABA@@B@B@B@@@@BB@@@@BBD@D@@F@@@@BB@B@@@@@@@@BBAB@B@BC@AAABABC@CBABCDCBA@@BA@G@ADNRPJLJNHRFVEPKVSRQPMNEPDPN@JFLLFJ@"],"encodeOffsets":[[123633,38383]]}},{"type":"Feature","id":"370687","properties":{"name":"海阳市","cp":[121.168392,36.780657],"childNum":2},"geometry":{"type":"MultiPolygon","coordinates":[["@@BGBCDAF@DE@IBEFABAFKDCBA@ACEECAEBGEY@ENYFABADC@OFAPMDgIUBIAIBCD@HEBE@CAEG@MAECCOCIBIDEDAD@FDD@B@DAJCHERMF@H@FFD@D@BABC@C@GBMDGFEDCBKXCFABABC@OBCBENMBCDCBAFAB@BDD@D@DAFEDGB@FAN@H@F@L@B@B@BI@EDGBCF@DAJFLDpXPDH@DAJ[BC@CEGBA@CHADCDABIDCHAFGFG@A@ACAMDYIGGEGDCBABAGOBEDKBABAXADABQBCLINYJGBCBAAK@C@CDEJAL@J@HDRAF@J@`AZKHELOLEAA[KECAC@GCCAACAGOEUOEGAC@EDCBAFBH@JADAFEBG@GEMCEIEMEOAG@ODCDEHGLEBCBE@IAUEWGOCICK@QBI@OAICICKIKKIIYUCCEAG@G@eHK@IAY[O_Ue[]SOKIMIKGEICOCMBKB§BS@u\\IP@J@DBDBH@D@DCDED_LGBEAGAE@EBCDEBCBoepAHBFFFH@XBDBDH@FCH@FJPFLHL@FBH@FAH@D@F@BEJAFBBhFRJN^BF@DFBHAFADEDGR@F@FCDA@A@C@KDCDDHNPFLRLXHJIFALXJHFF@FCFMRAFJLFDFBH@JAHBFHADKLBDBJ@DBFHFABGHCHADMPBFDFRH@HG\\@HBDLHPVRNTJGJGH@BB@@BBB@@BBBBBD@BA@@BB@@@@@@@B@@AB@B@@A@@@B@BA@@@@B@@BB@BA@@@@@AAE@BBA@@AA@BBA@@@BB@BABA@AB@BEA@@A@A@A@AAA@AA@AA@A@@@AB@BABA@G@@BA@A@BAA@AD@ABAA@ADAAA@AAAACFA@C@BAA@@DA@@@@AA@@@@@AAA@AB@@D@AB@@C@A@AA@B@AA@@@ILCT_hS@CBEFVTTNdFPJNPALAR@LDRVDJ@VCPGLEFAHKD@LBD@BCFAF@HDHRBHDHDBFBDA@GBEEI@CDEJGJCHBJDFDDD@BABADDBHBHFDH@F@FCLBDFD`N@DDDFBD@D@BCHEFCN@RGDCNEL@PDLAF@"],["@@BB@@@@B@@@@@@@B@@@@@@@@@@@@@B@@@@@@@@@@@@@@@@@@A@@@@A@@A@@@@A@@@@@@@@@A@@@A@@@@@@@@@@@@@@B@@@@@@@@"]],"encodeOffsets":[[[124064,38053]],[[124379,37646]]]}},{"type":"Feature","id":"370682","properties":{"name":"莱阳市","cp":[120.711151,36.977037],"childNum":1},"geometry":{"type":"Polygon","coordinates":["@@@@@@BF@JBB@@BBB@B@BB@B@DA@@@BF@HAB@@@BB@@B@@B@@BB@B@@@BD@BB@@@AB@B@D@F@BBDD@@BDBF@@@D@@CH@@BBB@@BD@DAD@LA@@B@BB@BB@B@BBBA@BD@@AB@BABA@@BC@@B@@A@AC@@@@A@@@A@@BAB@@ABAB@B@DB@B@@B@BBBBD@@@@AB@@AAC@@@ABA@A@@BB@ABAA@@ABA@ABAAA@AAAA@@A@@AA@C@E@@@@A@@ACA@A@A@AHAP@@D@B@BBB@@@B@@B@@@@@BA@@B@@@@C@@@ABA@@@@@@B@B@@AB@@C@@@AAAB@BB@ABABAAABB@ADAD@BB@ADABCAA@@@ABABA@ABAA@BA@A@C@@@@@@A@@ABC@@@A@@@A@A@@BABAAC@ABC@@@@BAACB@@@@A@ABAB@@FBCBAA@BFD@@BB@@@BFB@BBB@@BBB@@B@@@B@BABBBA@@B@B@@A@@BCA@B@BBB@@B@@B@@E@@@AHAD@BDB@@@@@@A@ABA@ABABA@@@@DA@@B@@@F@BCDA@ABA@EA@@EA@A@@E@@@C@@@@BC@@@C@A@ABA@@BAB@BA@A@@B@@D@ADA@@@AAC@A@A@ABAB@@AB@B@@@BAAGA@@@BABAD@B@B@B@D@@@@B@@B@BD@D@@B@BA@EA@@@@AB@DBBAB@BCFCFFBB@B@@@B@@@D@AB@B@@@B@@@BABD@BB@@ABD@BB@@HD@@@B@B@@B@BB@@BB@B@@B@@B@B@B@B@@BBBDBF@BB@@BB@@B@DB@AD@BA@@@@BBBFBB@@A@@BADB@@@@BBB@@AD@B@B@L@DA@@B@BBBA@@@B@BB@@@@A@AB@@@@@@@B@@A@@B@B@@@@BB@B@@B@@D@BADA@@@@@BADDBB@BBBBBB@@@BDBA@@BAB@@B@BDAD@BDB@@E@@B@@F@@BA@A@DBBB@DBBBBB@@BB@@B@BBBA@@BABAB@@AB@@E@CBA@CBA@A@ABCDA@CBAAE@@FA@@CC@@BBB@D@BD@@DDB@B@BD@B@@B@@AB@@B@@BD@@BC@ABCB@@@@@BA@@BB@@@ABAB@@A@AAA@@BCAA@CBC@@@@BA@@@@@@B@@A@@B@B@@@@@@BF@@AB@@@BB@@B@D@@@BA@@BADBB@B@B@@AF@@B@DABBBBD@@@B@DBD@B@B@F@D@D@DBBBBBB@@AD@@@BAB@@@D@B@@D@B@@@@B@BBB@B@B@D@B@DB@B@@@BHBADB@@FAJB@BBALB@@DAAABA@@C@@@@A@@DB@AHCA@CA@C@A@O@@@C@@@C@@@C@@DGAA@@@A@@BA@@@AB@BAB@BAAAD@B@@@BAA@BA@BAC@ABAB@@@BC@@@@BA@@BA@C@@@@BB@@@@BAB@@CBC@@BC@@B@B@B@@@BB@@BBBA@@B@@AB@@BB@@A@ABBB@B@D@@@BB@BBAD@@@@A@AF@@A@G@A@BFC@A@A@@BAB@B@@@B@@AD@B@DA@@@@@A@A@@DB@@@D@@@B@@@B@@D@@@@@@@@BB@@D@@@B@@B@BAB@B@@BD@B@@ADD@@@@B@@@B@@@B@@B@@BA@@F@@@B@@@@B@@BB@@DB@@@@DB@ADFA@@@L@@@@@@D@@@@D@HBBBBDBD@BABA@@DA@AH@@CB@@ED@@AB@BAF@A@J@AHF@@BBB@BA@@DDABBBB@D@B@BA@@D@@@B@@@FGD@@@@@BD@@BBDBB@@BBD@B@DB@BB@BD@B@BA@@DADAD@@@B@DCDA@C@A@AB@BBB@BDB@AD@B@AB@DCHABA@A@@@AAAA@BA@G@@BEA@BOBCCABBD@@@B@D@B@@@B@BB@AB@B@BA@@BC@A@CE@A@A@C@@@@@AAAA@A@AAAAA@A@AA@@@AC@ABA@CA@@ABEBA@AAECEAAAAACA@@CBCBA@EB@BB@@DE@ABA@@A@@@BABA@@B@@AF@@ABADBB@BD@@@B@FD@DBB@B@BAD@BB@AD@@@BA@@@@BF@@@E@@BF@@@@B@B@HA@CB@A@D@BC@@F@BBB@B@D@B@B@BB@@@BD@BB@@BA@ABD@@BABABABD@ABB@@BABH@B@D@@B@DBDBF@B@B@B@B@@@@@BAB@B@@AD@BAB@BAD@BAB@BBD@DA@ABA@AA@@AA@BABC@AC@@@DA@GDABAB@B@B@DADCB@BBB@BDBTJNDTDT@JDJF^@FANENGHKJORCHBBBJNDBHBF@@@@@B@HAFBJHFABABABEDCF@HARFFBDHFDLFFDHDNAH@LAHCHAJETCFCFEDEDEHAD@PDH@HAF@FBRHHBDAFALGBANAHAD@D@HDDBJAD@DC@CBAACACAAECECAA@CDADCFCBEAECG@ABABAHCDAF@H@F@HANCJ@D@B@HCD@DBB@B@FJDFBBDBB@H@P@F@BC@EDAD@DABEBEDEBGFEFEDAT@`gDSJK@@B@@B@ABBB@D@@@BAC@@@BAB@BB@@@@B@@B@@B@@CB@ABD@B@DEBBBBB@BBBCB@AB@BBCB@ABB@B@@AH@B@BA@ABA@@B@B@@BBBB@BBB@B@B@@@FB@ABAB@BA@AAA@@B@AAB@@BB@AAF@BB@@@@B@@AAA@@@A@@B@@A@A@@@BA@A@@BA@@@@@@@A@@AB@@AACAAAA@@AA@AA@@AHGHISIQMOUKGAC@GH[@GQGCEAENOBCDGHGBAGEAE@CAIACLKBCEGGAIBG@EAECIKBENQDE@EEEIGKWEBIJWGQKEKMOCGDCLCD@B@B@DC@E@EHQFCBCBEAGCEE@]AIMEQgAABEFI@A@E@CBG@EAG@EGKEKIO@EDG@ECGCAWAG@EEAEBGfopOGADEBGÁmCDA@C@AAAB@@@B@BBB@@EF@B@DA@IHABC@A@A@AFQCADABGLC@CBA@ABABA@@@AAA@A@ABABA@C@@@@@DAEA@@@@AAA@ABAB@@@D@@F@B@ABCDCBC@ABA@G@@AC@EAEAE@C@A@@EBA@@AI@@CAACC@@@@@C@@@AA@@@AAAA@BA@CBAB@@@@CB@BA@CA@E@A@A@A@@@E@C@@@@CA@AAAAC@CC@@CACA@AA@@@A@ABAAA@@@A@AAA@AB@@A@@AAA@AA@A@A@ABA@@AAC@@@@AA@@AACAA@AAA@C@@AA@AAA@CBA@AAEAA@AA@@A@@@AC@@C@A@@AA@CD@@@B@D@B@B@@AB@D@F@BA@@D"],"encodeOffsets":[[123530,37468]]}}],"UTF8Encoding":true}