{"type":"FeatureCollection","features":[{"type":"Feature","id":"370811","properties":{"name":"任城区","cp":[116.595261,35.414828],"childNum":1},"geometry":{"type":"Polygon","coordinates":["@@@BADAD@BBDGLECECCAIBE@ICY@Q@IBCFAFAFCBI@C@ADADCBAFA@EF@FAF@H@F@D@H@FBF@D@DBDFHBBD@DBF@JBHDD@FBFDBBBB@BAD@BADA@ADABAFEF@D@DABBF@D@BBF@DBBBDDB@@@@BDFDD@H@BA@@@@DADCBCBEBCDCBAFEFCFAHAFAF@JBD@D@F@HAF@F@H@H@F@F@FAHAF@HADAF@H@F@FBHBDDFDDBFFFFDF@B@@@@B@DDDDDDFBFDDBJDFBDDF@F@JDJBB@@@@@J@FCDE@@@@BAFEHEFEFEBCJCHEFCFAFCFAJADAFAF@FAD@FCD@@@@@BAFCBG@CACAE@CDCDCBCBCBEBEBCBEFGBGDGDCDEDCDCBEBGBEBEBEBEACBE@E@A@C@A@C@@@@BADA@ADAD@B@HBD@@AC@AA@CDADEBCAAFGDABAA@ACEACAEA@@@@@AC@AAACAA@A@C@C@ADABBBBBBD@DCBABADCB@D@DCB@H@D@D@BABADAD@DBF@B@D@B@LEFAD@FCF@DABAFCDABABEACACACCAC@A@ACBCBCBCDKDEBE@C@C@CCACAEBCAAC@CBEBCACAAGEAC@A@AACAACCAACCACBC@ADCBE@ACCEEEEAC@E@C@CAACAE@C@GAAA@C@C@C@CBC@C@AAAC@@A@AAA@AAA@@ABAB@B@B@@AB@AA@@ECAACE@ECECMKAAE@C@AA@@@KGIEEA@GHIDGFEPEHEBaNKFOJAB@B@B@h@B@@AD@@@@AB@@A@@A@@@@A@AA@@@@AD@@@@AB@@@@@B@@@B@@DD@@@B@@@@@BA@@@EBAB@@@@BD@@@B@@ADA@@BB@@F@@@@@@A@@@G@GBC@EBC@GAGAMAIAKCKCBABEBK@MDiBQ@EAGGW@G@EDGFGLKNKDG@CC]CU@CBKFMDOFWBECBG@C@E@E@GBE@C@E@CBCAC@A@EAOEGAGACAEAEAAACAAAACA@@AEGGGGGEIEECCCCAACAAAAFABBB@B@BC@A@E@CAC@ABA@ABABAB@B@D@@ADBDAB@B@BAB@DBB@B@DBB@B@BAD@BABCBC@A@CDBB@B@F@BADAD@H@@A@C@@@ABEBEDCDCB@@A@K@EDGBEBE@CFCFCDAB@@C@E@ABC@CB@BAB@B@B@BAD@DAB@DABCDCDCB@BA@DDBBDBBBD@BBB@@D@BBD@DB@BBDBBBBBBBBBDBF@BBBB@BDBBBFBFBFBF@BDNDF@F@B@BCDAD@B@BDDBBB@DCBBBBBBDB@FJBBBDBBDABANIBADBFDBBDDKDFNSDEBGBFLQBBHEBEGFAEIEBIBGBODC@A@C@ABA@A@CBA@@BABABA@ADC@ABCBADCB@DCBABABADABABABCBAFABABEB@@CFADAF@D@F@FDFHHFBFBF@FDD@@DBDBDDBDBD@D@@B@BA@CB@@@FBFBDBBBHBH@DAJBFAD@H@DBFAFBD@H@D@FBDBDBDDDDFDDBDBB@DEHEFAHDFBDDBD@DCF@F@FBDDBB@BC@G@E@CBBDBD@DADC@E@CBAB@F@FBFFBF@DABAAEACBADADBDB"],"encodeOffsets":[[119272,36301]]}},{"type":"Feature","id":"370812","properties":{"name":"兖州区","cp":[116.828996,35.556445],"childNum":1},"geometry":{"type":"Polygon","coordinates":["@@DEBEBADG@E@AACCCEAGC@@@@@@CAIACAE@CAC@EAA@@@@@AAECAC@CBED@HAD@F@F@DCBEBC@G@AAE@A@@@@CGC@MAFQGOESHKJGOKAK@@@AAAJOBKEU@@@@@C@@@@ACDEDGDEFIBI@@B@@ABABCBABABA@ABCBABA@ADC@ABCBABABCBABA@ABCBABABC@ABCBABCB@@ABCBABABABA@@DCDCBABABCBA@ADAGI@@@@@@@@@@@A@@DIA@AACAAAAAAACAAAGEACCAAAAACA@AA@AAAC@AAA@AAAAE@AAAAAKCA@C@A@C@A@A@CBCBEBEAA@A@AAC@AAA@E@C@C@C@C@C@C@E@AICGCEIIECCCEECCEGEMEEGEEAMAI@G@E@C@AAABCBEDABCBE@EDC@EBKFA@C@A@E@CAC@CBABABC@C@G@A@CDC@A@CDABABCDC@AAAAAACB@B@D@D@BBBBDBBD@@B@@@@FBDBFBBDB@ABCBEHBBADCFCB@DBBD@@BC@GAA@C@CB@BCBAB@@@@@D@B@D@B@FAFBDAFAFAFAFAHAFCDCDCFCDCHAHEHAFADAFAFADADCDCD@DBFBD@DAHEDAB@@@@C@EDC@EBE@EBCBIBEBEDEBEDGFIDADEFEFGFEFAB@@@@CFEDBJ@D@F@D@JBD@DBFDFBDBFDHDDDDBDDDFFDDFFBFDDBD@B@@@@@@@@BD@D@H@B@F@DAD@F@D@DADAFAH@FAD@DAJ@B@@@@ADCDC@G@CA@@@@A@CBGBADCDAH@FDHBDBDHDFDFDBDHJHCDAF@F@FBHBFBFBFDFBFBFBF@HBFBF@FDHBHDHBJBJDF@F@FCBC@EBEBCDEFCHAFAH@FAH@JAFAF@D@H@F@@@@@@@F@FBF@FBFBFBFBFEBA@@@@BA@@@@BABADC@CDCDEDCFCDADCHCHAFAFBFBDBDBBFDDBJ@DBD@HBDFFFBH@DADADAHEDADABA@@@@BAFEHCFCF@LAHAHCFAHAHB"],"encodeOffsets":[[119679,36545]]}},{"type":"Feature","id":"370827","properties":{"name":"鱼台县","cp":[116.650023,34.997706],"childNum":1},"geometry":{"type":"Polygon","coordinates":["@@@ABADE@@@A@A@ABA@A@@@ABA@A@A@A@AB@@A@A@A@A@@@ABA@A@A@A@A@@BA@A@A@AB@@A@ABA@A@AB@@ABA@ABABA@ABAPMBENS@CDU@ABWDSBGHGRGLAhMJELEXO^QbSd]TQDEFETKbGXEPGPGDEA@CBEDFO@A[J@_ODH[XG@I]DEEACAG@CACAEAC@ECCCCE@G@GBG@@AEC@@A@MB@B@F@B@BGBKD@@A@@@A@CB@@A@@@A@CBA@@@C@A@C@A@A@@@CB@@A@@BC@@@AB@@ABAB@@ABA@CBCB@@AFQGK@@BA@@BA@@BKB@DA@G@A@@CA@AGW@@@A@@@G@@@A@@A@@@EC@I@MDABE@@DC@@DA@@BCDGDAC@@AACBC@EBAC@@AAABCGF@AEGC@EA@AC@CEDAA@@AA@@AAA@@AABC@A@AA@AWCEA@BGA@@EA@DE@BGeGCAC@C@GB@@C@@DC@@CCAC@AA@AGA]C@FE@KB@AHAAASDAAG@AGA@@AM@Q@EA@AA@@CI@@BG@@BB@@DA@@CEB@CKB@@CBB@MB@C@@@EG@A@@AK@@BA@@TBFBB@BCBODA@B@BDBBBD@FADAB@B@B@B@B@@A@@B@@CBEBCDCDCBCDADCHAF@D@FAFAD@DAF@FADADBHBFDH@DBD@FBFBHBFBH@FBF@F@DAFCDCDABCDCFDD@FEFCBEDCDADCDAF@@@@@@AHAFCDCDGDENDX@B@@@@NNXPbJVHD@B@FBDBHFADEDC@IBG@G@CDE@GDCDADFBD@FBF@F@F@F@HBDBFDD@BBB@B@B@BB@@B@B@B@B@B@B@B@B@BBB@B@B@@@B@BBD@B@@@B@DB@@B@B@BAB@B@B@B@B@BAB@B@B@B@BAB@B@B@@@B@B@BAB@B@B@B@B@B@@@B@B@B@BBB@B@BB@@B@BB@@BBBB@@BBDBBBDDDDFFFJHHHHFH@BB@BDBBDBBBFBFBDBHBHBPFFBB@D@DBDAF@D@F@HAF@F@D@H@DA"],"encodeOffsets":[[119398,36011]]}},{"type":"Feature","id":"370828","properties":{"name":"金乡县","cp":[116.310364,35.06977],"childNum":1},"geometry":{"type":"Polygon","coordinates":["@@GBEBEDCBCBE@GDCBGBEBEBGBCAE@C@G@GBE@E@E@E@CBG@C@GDEFGDEBCBCAE@EBEBEBC@G@C@E@EBC@GDGBCDCBEBGHCDCDCDGFC@CDEBEBC@CBEBC@EBE@GDEBEBEDCBE@E@C@EBE@EDCBCDCBCDCBADCF@FAHAD@BABCDMDGBG@C@CBE@G@EBC@CBE@EDBFDFFFBDDDDBFFFDDFBDCDCFABEDGFGD@@@@EFEBCBCDEBCDEBADCDCDCDCDAFABEFADADGFADEFCH@DAF@D@F@D@D@FBF@FDFDDFBFBHDH@DBFBDBDDFFBDBDBDBB@@@@BD@DBDDFBDDF@FCFEBA@@@EDCBADBB@BBBBDDDBFBHDDBBJBF@D@F@B@DADAHAH@F@DDFJBBBFBDDFFFBDFHDFBDDDBFFBFFFHBD@D@DBDBDDHFDBDDDBHCDAFABCFCDADADADAFDBD@HCDAF@D@HBDDBD@D@H@FHCDADEDEDCDCFADCFAF@H@D@HAB@F@H@D@DAHAF@DAH@DAF@F@D@FBFDBF@JDFFBFDBFBH@HBDBDDDFDD@@@@@F@HBD@H@DBD@@@@@B@FBFBDBFBFBFDDBDDDDDBF@D@H@JAFAFAF@D@H@FAHAHCFAB@B@BAD@DABCBC@CDABEB@@ADADCDCBA@CBA@CBC@A@A@ABA@ADAD@BAF@D@@@BADCDEDEF@FAHAFCL@B@@@DADCFCFABA@@D@B@@@@GBCBC@A@E@AAADCB@D@DABA@ABC@A@AAA@C@AAA@CBA@A@ABAACBC@@@C@ABABABAB@BAD@DBF@B@D@@A@AAABABE@@AAAA@@AAA@@@AAA@A@AAA@A@A@@@A@A@A@A@A@A@ABA@A@@@A@A@A@ABA@A@A@A@ABA@A@A@A@A@ABA@A@@@CAA@@@A@C@AAA@@@A@A@A@AAA@A@A@A@A@A@A@A@@@AAA@A@A@AAC@ECCAGAE@E@E@E@EAC@EABCDCHCF@DCH@H@JAD@FCBCGECAEAA@C@UGaIWOMM@@@@@ACWFMHCDCDCBEBG@@@@@@BEDCBCDCFCDAFE@ECCDEDCBADCDCBE@C@EAE@EAGAEAGAE@EAC@CCGAEAGBCBC@EBE@CBCBE@E@CBEDGBCDCDADCDCFADA@@@AB@@@@A@A@A@ABABC@EACAAACA@B@PCDA@AAAAE@S@EB@@C@@@@B@AED@@@E@BDA@AC@@CEABCC@@AAA@CCACCCACAADA@@EBCC@@DA@AABACC@BBA@AAACGAE@@CAA@@AEF@GI@CCAA@"],"encodeOffsets":[[119204,35690]]}},{"type":"Feature","id":"370829","properties":{"name":"嘉祥县","cp":[116.342885,35.398098],"childNum":1},"geometry":{"type":"Polygon","coordinates":["@@@CCG@ABC@CACA@BCD@DBDABA@ABABG@AAAA@EABCDCDALKDCDCHEFEFEBCBA@CAE@A@ABCB@D@NDDBDBHBBBDADA@CBA@A@C@ABEBABADCBA@A@ACG@@BABCJEBCJGDCBCFCFEBABCBCC@AAEGAC@C@CAE@E@G@C@E@GBE@EFEB@BEDABCBCD@J@DABEBEDEJAR@Z@JDF@JADBFDFDHKAC@ABCBC@ACACACBABBDBFABCBE@EAAE@E@EBADAF@D@BC@CACACDAF@H@D@@AAACCEAE@E@CDC@CAACCEBGFEFG@CAAACCCCECCACACAC@E@C@GACBEAE@C@GBCAEBI@CAGAGAAACAE@E@@DAB@@A@AC@C@CACAACAC@CC@ECE@EAEAGGCE@E@E@CBEBCDE@@FABABABEDABABABABCBABADA@CDABCDABAD@BCB@BABA@AB@DAB@B@BAD@B@D@PCHAJAFAFJEBFHFAAGRAEKHAFATCEMLCCCAAECCAABMJABCBAAACAAEIA@ACAAAADA@CAACAACA@C@CBADA@E@E@MCACE@EAEAEAAACA@AAAAAE@CAAAAAAAAACAAAA@@CAC@A@CA@AAC@AACAAACCAFCB@DADADCBC@ABA@A@EBGDGBEBG@C@E@EBEBIBG@C@E@CACCCCCAECEAEACAEAEAA@@@@@C@CAG@C@GAE@@@@@C@ECCCACAC@GAGAEECEACE@IAEECEAC@E@E@CBG@CBE@GBCBC@G@E@A@DFHPHTHRDJDPATGRWfGDKCCA@@@@@@EAEASGKA[CBD@DAFAFAHAD@@@@@@@DAF@DAF@@@@@@CHADCFEDE@EDEFADAD@DAD@DAF@H@DAD@D@@@@@@CHAH@F@FDFDFHDHBJDDBFDFFDFBDBDBJBD@D@DAF@FADAF@FCHCFABCF@FAFAF@D@DBFBHBDBD@D@F@D@D@D@FADAHAD@DAFADAFADAF@HAFAFCDEBGBA@@@@@C@EBCBE@CAGACAEACAICGBEDCBEHGDCBCBE@E@GBEBGDCBEFEFADCF@FAB@@@@@D@HBFBFBD@FBD@D@FAD@F@D@D@D@DAD@F@B@FAD@FAF@DADADAFAFAD@DAF@BAFAD@DBFDFFFB@@@@@BBDBDD@D@JEFABCFADADAD@@AD@H@B@D@B@DBDBBBBBBBDBDBBFDBBDDDBBBBBDDF@BAD@F@JAHAJAJAHAPAHAXEPCH@HAB@B@H@DAXAF@ZCJBNAJ@N@P@J@J@R@NAJ@CFCBL@FCBABCB@BB@DDBDDBADBFAB@DADCDCBADC"],"encodeOffsets":[[119122,36471]]}},{"type":"Feature","id":"370831","properties":{"name":"泗水县","cp":[117.273605,35.653216],"childNum":1},"geometry":{"type":"Polygon","coordinates":["@@FADCDADAH@JBFBD@HBLADABA@EBIBAFAHADAFCBCDEBADCDADAB@DBJDDBDBBBD@D@DA@CFGBABAF@FBFBFBF@BBD@LFDBD@DAFCFCHIHGDEBCFIBADKDAH@JAD@TELEJCHADADCDCDCBEDABC@ABA@ACEB@@ABCB@BA@@@AAC@@BAB@B@@@B@DD@@@@D@@@@@D@D@B@FBJDF@D@HAH@FADABABA@AAAEAECCEAC@C@EBABCDEDCFCDCFCFEHCFEFADCHCDCDADADCFADCFEDCDAFClgAEACECCCACCKAKAE@I@G@CHEDADA@AACCM@G@CDCBC@C@ECECGECGCIASCIAM@KA@@@@C@OAKAK@C@GBGBGDG@QBCAA@AECG@ABIF@D@@ABEBE@@HCF@FADCDCBABC@C@AAAECCCG@QAAAAC@EAGAAA@C@KFGDEBCB@@@@CBEDADC@ICCCACAE@ABECGAAECCAGEEGAEAE@ECEAAAC@AAA@AA@CACAEACACAAAAA@@AC@C@@EFEDEBEBIBC@C@GA[DGBMBEBCBCDAHABE@K@C@E@EBGDCBEAAAAEACAACCE@C@ABEFEFCBEDC@A@EBOAO@KAG@KBKDC@C@IACBC@IFIFCBIDEBGAC@A@A@CBABABABC@CDAD@B@DBDBDBD@BBB@DADADABE@A@CAA@EAC@A@C@C@ABC@GBC@CBCBEDADAD@H@JDFFFFDHFDFDDBDBHBDBDBD@FADAFCFEDGBEDCBGBEDEDEDCDGDCDCBI@EEG@E@E@CBE@EDCFEFCFCDCHAFCH@B@H@FCDADCBCDCBGHEACACACAICGAE@ADBH@DBD@B@@@@ABCDAD@DCF@F@F@HAH@F@D@DBFDFBH@H@D@H@@@@@@@F@HBFDDBFBH@D@F@F@D@DBH@F@D@D@D@F@F@B@FAD@FADHFBDBD@DBF@DDDBDDDBBD@JFBABADAD@B@DBFDFDF@F@F@DBFBD@FBD@BBBDD@HDH@JAJALCF@D@FAD@DBDBDBFBF@H@D@DAJEDAH@J@HAH@H@FAH@FAB@D@F@DDDBBDB@DBF@JFJDDBDDDDFBJBBBDDBFBBBBFD"],"encodeOffsets":[[120122,36658]]}},{"type":"Feature","id":"370830","properties":{"name":"汶上县","cp":[116.487146,35.721746],"childNum":1},"geometry":{"type":"Polygon","coordinates":["@@GEAA@CAA@CAC@CACAA@AAC@C@CAC@E@@AACCECGCEEGCCCC@EAEAGAKAKCECCCCCACACAE@EBE@CBEHEFAFCFCBA@@@@FCFCFEDEDADADCFAFAHCHAJAHAHCFCFADCFEFCBCBE@IAEAECI@CACAEAECEECAEACCECEACCEACECCAC@EBE@GDEBCBEBG@E@EAECEAGACCCACACEAE@IAE@G@EBECGBE@E@E@C@EBEBEGIACECECGCACACCG@EBGDCBCHADAB@@@@@DBH@D@DCBC@@@@@ABI@CBC@EBGBEBC@C@C@EBC@C@E@A@G@CAC@@@@@@@@@AACCCAEEECCEECCACCCCCCGAEACCEAE@CAC@I@C@E@CAII@@@@@A@IAICE@E@CCEAICCAECEACCCCCCA@@@@@@ACEEEEECAECCCGAEAE@G@E@CBGBE@GBEBE@E@G@G@E@E@GBE@C@C@IAE@EBGBEBEDEFABCDADAFADCDCB@@@@ABG@C@ECAC@@@@CAACAA@CAE@A@CAEBA@C@CFEBEBABCB@BC@ABC@AAAAAECEAC@GCIAE@CAADADABEFEDADCDIHADIFADAB@@DH@B@BABCDABABAF@B@D@BAB@DCBCBAAGACACAMCC@A@AD@B@BBF@DABADEFEFGFCDCDKLCBCDADFBB@BB@BAHAB@BABCBCAC@ADB@BD@DAD@BDH@DBAD@D@D@RFD@HDFBBDBB@B@BAFEDCDABA@CFCBCBAD@B@D@B@JAF@BADA@CBC@CBC@C@ABAB@DBBBBBBD@BBDD@DBDBD@BBDAD@BBD@DBB@DBD@BBB@DBBBDB@BB@B@D@BAB@B@DAB@D@B@D@B@DBB@BBFFBBDD@DDDBDBDBFDDDDBBD@B@DADCB@BADAB@BAB@BABCBA@C@A@A@CAAAAAAAAACAC@CAC@A@CBAB@DABADABAB@D@BABABABADCBABAB@D@BADABABABABABCBABABABABCBDBBBBBDB@BDBBBBBDBDBB@DBB@BBBBBBDHDDBBBBBBDDD@DBFBD@D@B@F@B@D@DABADABAB@D@B@DADBD@F@D@D@DBBBBBBBBBBBD@B@DAFA@AB@DCB@DCDAB@D@D@F@B@BBB@DBBBB@DBDBD@B@DAB@BAB@BAF@DBBBDB@B@D@BBB@B@DFBBBD@BBD@DBBBBBD@B@@BD@@@D@DB@BB@@ZRPPEVPTAVFPALVHKX@\\VFN@X@FFHBBAD@BBD@B@BDFFFDBDBJDPBHBN@HBFBFH@DBLBDFFDFDDLHFHDBFDHBFBF@JAF@D@F@FDDBF@F@F@HAD@D@D@BABCDG@AFA@@BCBEBA"],"encodeOffsets":[[119478,36788]]}},{"type":"Feature","id":"370881","properties":{"name":"曲阜市","cp":[116.991885,35.592788],"childNum":1},"geometry":{"type":"Polygon","coordinates":["@@IEC@AACCACCC@CAE@CACACGEBC@EBC@E@A@E@E@C@C@C@EAG@C@C@E@E@CAGAECCAE@G@E@@@@@@@G@C@GAGCEAE@C@C@EBG@G@E@EDE@CBCDCBA@@@@@AAC@CAGBCF@HBJDDBDBDBFBHGDADCDABCDC@E@G@ADGBEDGDCDEFEDEFCF@DAF@F@H@FFJ@DADCHCDCFCFCFCHADAFCHAFCDEBEBC@EACACACAGACCCCEGEECEECE@I@GBCBCFCDADAD@HAD@BAD@D@B@D@FBB@DBB@F@BABCBC@CAA@AACACAC@C@ABCDCD@BABABADAB@B@@EBCB@@AAG@ABC@ABAB@HADA@@BA@CBC@@AAAA@@E@@AA@AAAACIAA@@@@@ACACCEAC@E@G@EAG@EBG@ABC@AAA@AGAAAA@AA@C@ABMFAB@@CA@@ECAACAC@C@CBCBCB@D@B@DFD@DBHBFBDBB@B@B@DABADCBIFABABCDE@EBCBKDMFC@C@C@A@@CACAC@ECCCECACCE@E@IBIBGBC@IFE@C@G@I@CBOBYFEBE@GBCBEBMDCBABCDCFADCFCDKBK@MBC@CAA@CA@C@CBM@E@CA@@@KAE@C@C@EBE@E@C@AAAACCCCCCA@A@AAA@@@@@@@AA@AAC@E@C@AACC@A@EAA@C@EAE@C@C@MAABAD@B@B@B@B@D@B@BABE@C@A@C@A@ABA@CBEAC@C@C@A@ABABABABADA@C@CAC@A@C@A@A@AAC@A@CAA@AA@AAACB@BABADABABCDCD@@ABABABABAD@BA@ADABAD@BADABABAD@BABABADABABAD@BCD@BABABAD@BABABABADAB@BA@@@AJEJCFCHCFBD@@@@@D@@@@FVALIPBB@B@@BLPLIHGLFTHPERNBD@DH@@@@@BBF@B@HADAFCDE@E@C@GBC@AF@DBDFDBB@@@@B@FBD@DBF@DBJBDB@@@@@@HDFBDDBD@B@FCHABAFCFFDBDFHDHDFHDLBFBF@JBFAFBFBDBHBHBHBHDHBDBDBFFFDJFBDDDBDBFCHEFCBCFBD@DDFBBBDDDHDH@F@DBD@FBF@HDBDHHBH@D@FDFDF@DDDBDDFDFAFAD@F@D@DHBHBF@F@H@FCFAHCDAFAFCH@FBD@F@JBH@D@HAHAFAH@D@HBFBD@FDFBFBFBF@F@D@FEDCBA@A@A@CBCBCBAJCHAD@DBD@JAD@H@BAD@FADADA@C@C@AACACECGCAA"],"encodeOffsets":[[119940,36629]]}},{"type":"Feature","id":"370832","properties":{"name":"梁山县","cp":[116.08963,35.801843],"childNum":1},"geometry":{"type":"Polygon","coordinates":["@@B@JEFCFGFK@ECGEGEEKGEC@CDCDCb_@@@@FCNMPOFEFCJA@@@@HC\\ITIDAB@BBB@DBD@B@FDD@DBD@BAB@BA@CBC@ABABABABAD@BBBBBB@BBB@BBDBB@DBDDD@DB@BBDBBBF@D@BAB@BABAHAD@D@D@BC@ABCBC@ADAD@BBFAF@B@DABA@ABADAB@D@BBBDBBDBBA@A@CAAAC@C@ABABAB@DCBB@B@B@B@B@D@B@D@B@BBBBBBBDAB@D@B@B@D@B@BABABA@A@A@A@C@AAC@A@C@A@E@A@C@A@AAC@A@C@AAA@A@A@A@ABABA@CBA@A@CB@BCDCBCBADIFEDGDADEDCDEFEDEFCDABCDCFAHAF@HAF@D@H@F@FCFA@E@@D@B@DA@ABACAA@CACA@A@C@A@A@A@CBA@C@ABA@C@ABABCBAB@DABAD@BADABABABABADABABABABABABC@A@CBABADABCBABABA@A@CBABABCBA@CBADAB@D@DBD@DBBBBBBBBBDBB@B@D@B@DABA@ABA@ABABC@ADABC@C@AACCACCECCACACACCC@ACEAAE@AAA@C@A@C@A@CBA@C@ABA@A@C@AAAA@ACAA@CAA@AAC@CAA@CAC@ABCAC@AACAC@CCCAAC@AAAAAA@CBABAD@D@DAD@DAB@BC@ABE@I@A@C@ABCDADADEB@BADCFCBE@A@AAAACEAGCC@QEC@C@C@ABCDABCDCDCBA@EBCAABCCCA@CAAA@ADABEDK@DADEI@MBQ@I@I@O@M@I@MBIAYDE@WBCBG@A@A@GBG@ODWFGBOBGBIBIBGBIBE@C@ABE@@BEHGNADAB@BADAH@FAB@B@B@B@BAB@D@B@B@B@B@BA@EDCBABEDKHEDEFADIHABEFQTCFQNUJQJSJILIJIJSNQJ@@@@GD[PSLUJ[JUJQFYH@@@@ABODUFYDI@GDCFAJCFAD@DAH@FAH@DBJANBF@B@H@D@B@F@B@B@B@D@B@H@JB@@CB@@JDA@FFA@V@JDBHDGN@HYB@JA@A@BFDDDBF@FBFBD@DBH@D@H@DBF@DBB@DDBBBBBD@FADETDA@F@LD@@HDB@@ADLBNdFLDHBN@R@PAxKJ@D@B@BBB@@@B@BBBBDN@J"],"encodeOffsets":[[118836,36846]]}},{"type":"Feature","id":"370883","properties":{"name":"邹城市","cp":[116.96673,35.405259],"childNum":1},"geometry":{"type":"Polygon","coordinates":["@@FCFABAFCDCFCDAFADADCDABC@EAAACAA@ABCDE@CBADAJCFCDCFGBEDGBE@CBCCAAAECGCAC@@AA@C@ADGBE@CEIGGGCECGCG@CAACCEAC@G@IBCBCDCBEBIDIDCDCFCLCJCLCHAFCDC@@@CAAEGGIEIEGACAC@CKBA@MEEACAEAC@CAIEECCACACAC@A@C@E@EBEJEDCDAFAF@FBF@FAFCFCDCBC@G@EBE@CDADIBIBG@EBGDA@CBE@C@CAGCC@A@GBEBE@CBEBIBA@CBC@C@CAA@AA@CAACAEACA@A@A@A@CBCBADCDABA@A@E@CAMAACCITGBEBEBGBC@GECCGCC@E@C@EBE@CBE@EAAEBC@CDG@CBEBEBCBCDCBE@C@EG@EBYBE@E@KBG@E@E@E@CBC@IAE@CCCAEACCAA@ACEAC@CCCGCGAEAG@I@E@IEEAECEAECGCEAG@GAE@M@Q@E@GAIAEEE@AAEGCAE@E@G@EBCBCBGBEDGBKBC@E@EAEACAGAC@CAE@I@K@CAIAGCEAGCCACAAAIGCCCECCCCAAGCC@AAC@AAECEAECKCC@AAEAA@@A@A@A@AACCCAACAC@A@E@A@G@CAECCACAI@EBCFCDEDEDGAEAE@CAE@CBCBCBCDADCDCBCDCDEDIBWKCE@CCGAECECECCGAGAC@EFEFCBEDEDCDCDCBC@CAEAC@MGGAG@@ADADCBEACCQECEAECEAE@G@CAEAC@CBCBCDEFEDEFCJ@H@@@J@D@FDFDFDDDDDDDBDDBDDDBDADAFCBADADEHADCDADCDEBEBG@CB@FFRNHVNJF@@@@NHFB@@ABCBCBABABCBC@ABBDDD@BBBDDBBBBBDBB@BBBBBBBBD@B@BBD@B@DBF@D@BBFC@C@C@A@C@A@AAC@A@A@C@@BABAB@BCDC@ABA@C@CBA@ABAD@BBB@B@D@BBB@DBB@DBD@B@BBBABC@ABA@C@CBA@C@ABC@ABA@C@C@A@A@A@C@C@A@CBC@BBDDBBBD@B@BBDHFBBBDADAF@DBDDBFADBDB@D@D@DAFCFCLADADADBDB@D@DBBDBDBDAFBBD@F@H@J@NBFBHFFFFNFHDDFFDDFDJJDFDHBJF@D@D@D@D@D@D@F@B@BBD@BBB@B@FBFADADAB@B@D@B@D@B@LDBBBB@BBFBB@BBB@BBDBBB@@BDBBBBBDBBDHFBBDBBBBBBBDBBBB@CJ@@@B@@@@@@@@@@HJBB@BBBB@DBB@D@BBB@B@D@B@D@DBD@B@BCBABABABAB@D@D@D@FBDAB@BAB@D@B@D@F@BA@A@A@C@A@A@A@ABCBANBD@D@F@FBD@B@FBB@D@BD@B@D@FBD@BBB@@@@@@B@BBB@B@DDDDDDBBBBD@F@F@FAD@D@F@LB@@B@@D@FAN@D@DDBB@DBD@NAL@LADCDEBCDEDCBADANCFADAHAF@FAZEPADAJ@H@D@F@JED@HAJAJAF@F@DDDBDFDD@FBDBD@DB@D@D@D@NELCDAFAF@DCBABAJEDABCBA@C@A@AAAACAEAG@CEC@C@A@CDADADAD@D@DBBBFD@@DB@@BANEBAD@B@@BBBBBBHB@BBD@BAH@FAH@FBH@F@D@FBDDDB@B@@@@BBDJBBBBB@@BF@@@BBBB@@AD@DAB@@CBGBA@AB@BAD@BBH@BA@AD@FD@HBFAJCDAJEJED@DAJBD@D@LCLAH@LBP@PBFAB@D@FCDAFEFEBAD@F@DDBBBDBFBBFBDAHCFAF@D@L@F@BABGDCDAFANAHA\\CHBD@D@JAFAFAFCFE@@"],"encodeOffsets":[[120247,36310]]}},{"type":"Feature","id":"370826","properties":{"name":"微山县","cp":[117.12861,34.809525],"childNum":1},"geometry":{"type":"Polygon","coordinates":["@@@DAF@FAJGVGVELENEHCNAH@JE\\EFCDENABA@GCA@ABCH_@C@GAC@KGGCCEEAEAE@EDCFILCLCH@HDPCF@F@DDDDNFHFHDBHDVJ@HA@ABINA@@BBBBD@@@BA@ABA@IBEBEB@@ABCDAD@FBX@@@BABCHAD@@ABABA@G@EBA@ABABAD@DBHDH@D@BADCBCB@BCDADABA@ABEBGDMFIFEDGHCDABE@A@A@ECCAA@AAKNCFIRIXERADELOCADANBL@LBL@@B@@BBB@@@@BBB@F@B@@@B@@B@@@@@B@@@@@BA@@@@@@@@@@@C@@@@@A@A@C@A@@@A@@@@DAD@BGBC@E@K@C@K@CBKDGDCBEFCDENqVmPUNEHCFABA@I@gDY@@@KABCFOHOHWFaHSLEFCFSRc^aT]RWPKFIFgNKBQHGHAHCTAX@BCV@DMTAFONAB@BABAB@BAB@BA@@B@BAB@B@BA@@B@B@BAB@@@B@B@B@BAB@B@@@B@B@B@BA@@B@B@B@BAB@B@@@BAB@B@B@B@@CFAB@BAFEXCPENAL@DDVD^@DCHMLKLEHCH@F@HHXBH@FARCj@NALAFABLDLDJBNBHBHBD@FAD@HAH@@@B@@@@@@@@EA@@AB@BC@@@A@@AC@@@@BAFA@@B@@A@@@@@A@@CC@@@A@@@A@@@@BA@@@@BC@@@@BBB@@@@@@BB@@@BA@@@@BC@@@A@g@A@ABAPILEbMFAFGFOHEJCHGB@FFHJ@L@@BBD@F@BBNLFDFDF@BDDB@FB@@BBA@@@A@ABABA@@BB@BBB@B@BD@BB@B@DAD@D@D@D@DBBHBD@F@DBBB@D@D@FBDFFFFDD@BAFCD@BADBDDDD@DAB@D@D@B@B@B@D@D@B@BAD@BAD@B@DAD@B@BAD@BAAA@A@AAC@CAA@CAA@A@C@AAA@ABCBAB@DAD@B@BAD@DC@ABABA@AD@B@B@D@BBB@D@B@D@D@D@AE@A@CAE@C@AAC@A@AACAAAAAA@AAAACAAAACCAA@ACCACBAD@DABABADADABA@@EAMG@@@@IEUMMGEQ@EDAH@FAFADCBCDCBCFGBCBCDABEBCACCCACCCCACCCCCCCECE@E@C@I@@@GDIFEFCFEDCDADAD@FBDBH@F@FBFDFBFDDCBIDCDADAD@DABC@MBCBC@EBCBE@C@@BABAHCFCHAJ@NCHCPOHAFENKNCFA@IFKHGFEBCBCBCBEBC@E@E@E@CBEBGBAFCDADCFAJEFCDCDADCFCFCDCF@FAFCDADABEBADGBE@C@E@CAK@@@@AGCCAECCCECCCEAEDGDCFADAHAFEDEBCDGDCDEBANIJGJAJAH@J@\\FLBJAH@JAFAFCDAFAFCFAFA@@HADAJ@DBH@HBDBFDFBDBDBFDDBFBD@HAD@JCFGDGBEBEBKBG@@@@@CBGDCDCFCBC@MBEBE@E@GBE@G@CBA@C@A@C@A@EDILED@HC@@@E@C@CBALGHENIFAREJAHAHGRCAEFAFECGKMMIEAI@ScR@JEDHDDJALENIFEDC@ED@D@@ADABA@CBAB@BA@@B@@A@@@A@ABAHEHEBIBAHDHBFADABGAGDAD@BC@KPGDA@@BABEVHNBH@BA@CCC@AH@DD@BFABAACEAAA@CL@X@FFD@FEF@HD@@FAHEDABEFEDCBACKBCJCJA@I@AGOCC@AJELALAFEHGHE@EEE@CFCL@HCDEBGBEBABABCDGBSNB@B@@BHF@`@BI@@N@@A@AAIAAAA@GIA@AACAA@@@@EC@@@I@I@@@@BKIA@A@MAGAAEDKFIDCDA@@@AB@@A@A@@@A@A@ABEBGF@@A@@A@@@@@@B@@AB@@@@A@@A@@A@@AACAA@@@AA@@@@A@CB@@A@@@ABA@A@@@A@@A@@@@@@@@@AA@A@@@A@A@@@A@@@A@@AA@@A@@@A@@AA@@AA@AA@@AA@CA@@CAAAA@A@@AA@@B@@@@@@@B@@@@@@@@AB@@A@@A@@@@@@@@@@@A@@@@@@@A@@AB@@B@@@A@@@@B@@A@@@A@@A@@A@@@A@@@@B@@@@@@@@@B@@@@A@@@@@@A@@@@@@@@A@@@@@@B@@@@@@@@@@@@A@@@@@@A@@@@@@@@@@@@@@A@@@@@@@@@@@@@@@A@A@@@AA@@@@A@@A@@@A@@@@@@@@@@@A@@@@A@@@@@@@@A@@@@@@B@A@@A@@B@@@B@@@@@@@@@@@A@@AB@@@@@@@@@@A@@B@B@@@@@@@B@@@@@@@@@@@@@B@@B@@A@@@B@@@@@BA@B@@@@@@@@B@B@@B@@@@B@@@@B@@@D@@@@@@@@@@BAB@B@@AB@@@B@@A@@DE@ABA@AAAA@A@@AAA@@@A@AA@A@@@A@@@@A@@A@@@ABABABIF@@@@AAA@@AABA@@@@A@@@@@@@@@@AA@@@@A@@@@@@@@A@@@A@A@@@A@@@@A@@@@@A@@@@@@A@@@@@@@A@@@@@A@@@@@AA@@@@@@@@@@@A@@@@@@BB@@@@@A@@B@@@@@BB@@@@B@@@@@B@@@@A@@@@@@@@@@@@@@BA@@@A@@@@@A@@@@@@@@@@@@@@@A@@@@@@@@@AB@@@@@@A@@@@B@@AA@@@@@@@A@@@@@@A@@@@@@@@AA@@@AAA@@@@@@@AA@@@@@@@@AA@@@@A@@B@@@@@@@@@A@@@@@@@A@@@AB@@AB@@@B@B@BA@@B@B@B@@@@@@@B@@@@A@@@@AA@@@@AA@@@AB@@ABA@@@@@A@@@AA@@@@@C@@A@@A@@@@A@@A@A@@@@@@@AA@A@@@@CAA@GCCA@@A@AA@@A@@@AB@@@@A@A@@@A@A@AA@@A@AA@@@@A@@A@BA@@@@BA@ABA@A@@@A@@@CA@@@@@@AC@A@@@A@@@@@@BA@@B@B@B@@@@@B@@BB@@A@@@@@@@@AA@@@@AC@@@ABA@@@@@@BAB@BA@@BA@@@@@@AA@@@@A@@AC@@@@@AC@@@A@@@@@A@ABA@@@@@@@@KB@@@@@A@@LAF@@@@A@@@AA@@@@A@@@A@CBAAAAA@A@@@A@A@@@@@@@@A@CAA@ABAB@@A@@BA@A@A@@@AAA@@AAAAA@@@@@AB@@A@@@@@A@@@A@@@ABABA@A@@@@@A@@@A@@BABC@@@@BABA@@BC@A@@@A@A@@@C@@@AAAAACACAA@AA@@AC@@@A@A@@@@@@B@@@@A@@@@@@@@B@@@@@@EAA@A@CAA@@@@@@@@AA@A@@AA@A@@AACCMEAAA@CAA@ABAB@@@DABADCBABC@CAA@CBCAAA@AAA@@C@@@@ABA@CAACAcGA@AB@@@@DHHRBDDFBBHDNLBBDFB@AB@@@@EGAAOI@A@BGH@@@@A@HG@A@@CCA@EDKDEB@@@AA@MBA@@@HX@@GBA@A@AGAE@@A@AA@@AAA@@@@BA@G@@@@B@BAD@B@BAHAD@B@@A@@DTJ@@@@AB@@CJ@B@@@@AD@@AJAD@BABC@IAMAGAA@ABAJAFAB@H@H@D@DAPAL@BFLBBB@L@@@B@@L"],"encodeOffsets":[[119974,35383]]}}],"UTF8Encoding":true}