{"type":"FeatureCollection","features":[{"type":"Feature","id":"371003","properties":{"name":"文登区","cp":[122.057139,37.196211],"childNum":4},"geometry":{"type":"MultiPolygon","coordinates":[["@@A@@B@@@@B@@@@A@@"],["@@C@EDAD@DBBDAD@DE@CAA"],["@@@@@@@A@@B@@@@@@@@A@@@@A@@@@@@@@@@@@@@@@@@B@@@@@@A@@@@@@@@B@@B@"],["@@HCB@FFD@HBDAF@BABGBEDAB@D@D@BBB@D@B@D@D@@BBBB@@B@@BBD@B@@B@@BBB@B@BBBBB@B@BB@@BB@DBDDBBB@B@@@BA@A@ABAB@BA@@BB@@B@@D@@BD@BB@BDBBBBBBBBB@@BD@@BB@BB@B@B@@@BA@@@@BA@@B@@BB@@@@@B@@@@@B@@@B@@@@@@AB@@@@@B@B@@@B@@@B@D@@AB@BABAB@D@H@RBTBRBP@LAPAD@B@BCBC@ABABAB@BBD@@@DA@@B@AA@@@A@ABAD@B@D@@CDABABG@@AEEAK@G@CAAE@GPYFUAO@MDETIRONGLEFKHQBOGUQK_KYGSMGGCQCCGSBAJSAEBIAEIGCKCEMCGC@ACK@EFCFKH@DACMEECEAC_GCACGCCECICEAACCOCECCQEcGECCEAE@SAQAMCEEGGIak@FADCBA@GBKBECQGE@GDC@GECECE@E@GDE@ACECGCAC@E@K@O@E@ICSEGEECAGDE@CCCGCAAAAAYCKAAA@A@AFAD@d@FIFKJCJA`@L@NAFADCFCDADCRAFCBGBGKSEOJG@ACCICIIGGEICIAIASCOASA]I]KG@G@GAKASGAAMI@fAJ@BGJCDCB@D@D@DBDDBBBHD@@@DCNCJADCDCDCBC@E@C@C@CAECCAA@A@A@ABEDABAFABCBA@A@C@EAC@A@A@ABCBABCBA@AB@DABADADADABABCDEBGBSBG@K@OHK@BNXLNHL\\@BE@EFADBB@@B@B@JFA@@DCDKACBCD@FEABB@BABABAABA@ACAI@AJBBAFCBCD@BFHHL@DC@AB@BDD@BA@ECCDEDC@CBEAAAA@A@ABAD@@C@E@@@@@BAJCCAUIAA@D@F@BFFHD@FCD@DDD@BAD@JFDHFBFDBFBFDDDAT@@KBA@EFE@BD@BAB@HL@H@JF@BEFFHBB@HD@BD@BA@CBA@DDFB@B@FB@BABCB@DDFHAD@BC@@BJDGFBBBBABADC@AAEEC@@CAAA@EDCB@BANF@BI@AFD@BFAD@@F@FAFA@BHHAB@FBCD@@AAA@@DDBB@@@FB@DAJEFAAGC@B@FHHBB@BAHEB@E@EAA@B@FCBCGC@AFD@@JCF@@A@@@A@A@C@ABA@@@@B@@@B@@@@@BB@@BAB@B@B@@B@AF@FDJDFNFb@BBBPFHDBHD@JHLADJZ@FCPBDDBBDFAFA^CPHHPPLPJZJJDLNFBB@BBBBB@D@DAD@HAFAFA@BDBBBF@B@D@BADA@@B@@B@BBB@@@BADF@D@@@BB@@@B@@@BB@L@J@B@DBD@B@@@D@@AB@BAA@@A@CD@@AA@AB@A@EDABAA@AAAACC@AA@A@A@@AABC@BABB@A@AD@@@@BB@@A@AA@@A@@AAA@@D@BC@@AA@CB@A@AB@@AA@@@ACBADA@DFCC@BCBADC@AACA@CA@ADC@CFAB@BA@G@A@@CA@AAC@@@A@@@AFCBCBABCGACABI@@@CCCEABKUB@A@AAA@AAE@ANOL@HEHKHBBE@@@S@A@O@@@A@MNB@HDBH@DBD@FBH@BABAFIFCJAF@H@FBLDDAJDADBB@DFJBBBLBED@@DB@BABJBAF@BEJADAHDAJDD@BCFG@BDJFH@BFB@BDA@BBB@@AF@@CB@DCBBBCBCB@@ADBBA@@@@B@@@BABBBCD@JB@@B@@B@@@@@BB@B@@@@@@@B@@@@@@@@@B@@B@@@@DBA@@BB@A@@BB@@A@@@BB@@@@BBB@@@@@BBA@@DC@@B@@@@@B@@@@@@B@@@@B@@@@@@B@@@@B@ABB@@B@@BAB@@@B@@@BBBAB@@B@@@@B@ABB@@@@@B@BBBA@@@@@@AA@@D@H@LDFBLDHDNFBCBCJ@D@DCDC"]],"encodeOffsets":[[[124965,37762]],[[124965,37745]],[[124979,37772]],[[125050,38155]]]}},{"type":"Feature","id":"371002","properties":{"name":"环翠区","cp":[122.116189,37.510754],"childNum":10},"geometry":{"type":"MultiPolygon","coordinates":[["@@ABABABABBB@@B@B@@AB@F@B@@AB@B@AA@AA@A@C@AA"],["@@A@@@@@@B@B@@@@B@@@@@@A@@@A@@"],["@@@@@@@@@@@@@@@B@@@@B@@A@@@@A@@@"],["@@A@@@@B@@B@@A@@@@"],["@@@@ABA@AB@@@@B@DAB@AA@@"],["@@@@D@@AB@@@@@@AAB@@A@@@@A@BA@@@AA@@@BAB@@BB@A@@@@B@@@"],["@@@@B@@@B@B@@A@@@AA@@@@@AAB@BA@@@@@A@@B@@@B@@@A@@AA@A@@@@@@BA@CB@@AB@B@@@@@@@@@BA@A@@B@@B@DBBA@@"],["@@@ACBB@@BA@GBA@@@@C@@E@@@@B@@D@@@@@@B@@@@E@@@AB@B@BA@@B@@C@@@@B@@DB@@B@BA@@@A@@B@B@@@@B@@B@@BD@B@@@@B@BB@B@@B@@@B@BB@@@@B@BB@B@@@@B@@@@BB@@BA@@@@@A@@BA@@B@@@@@@@@@@A@@@@@A@@@@B@@@@A@@@@B@@@@@B@@@@@@B@@B@@@BA@@@B@@B@@A@@@BB@@A@@BA@@@@B@@@BB@@@@@BB@B@@A@BBA@@@@AA@@@@B@@A@@AA@@@A@@@A@@BABABAB@BA@@BBB@B@@AB@@@B@B@BAB@@A@@BA@BB@@@BAB@BA@@@@AA@BC@C@@@A@A@A@A@A@G@C@C@CBC@C@A@I@ABC@A@"],["@@@@A@@@@@@BB@@@B@@A@@A@"],["@@NFpRTHDBB@D@DAB@H@F@F@HBPFFBBB@@@B@@AD@B@@BBBBBB@B@B@B@B@BB@B@@@B@@AB@@@J@DDFFDHBF@DABABADBFBFBBBB@@D@H@B@@@@@BAB@@@J@F@F@F@FBFBFD@@BB@B@BAD@@@BB@BBBBFD@@D@BABA@@BB@@BB@@B@@@BABADEB@@AB@B@B@BA@@DBB@BBBBBB@FAL@FABCFGJABAD@D@B@BB@BBB@B@BA\\SHGJANCJAF@B@BBFDB@B@@@B@BAB@@@B@B@B@B@B@BB@@@B@BENAD@D@@BBBBB@D@BADABAFKBA@ABA@@LBD@F@J@D@@@BA@@@A@AA@@@AAA@A@@@AA@@AAA@AA@@@A@AB@D@BAB@B@@ABC@@@@B@@@B@BB@AB@@AB@BAB@BBB@B@@ABAB@@@B@BBD@BBB@BAB@BA@A@A@AAA@@@@@AB@@A@A@@@AAAAAGGAC@@@ABABA@AAA@@@@AA@@AAA@@@A@A@A@A@A@AA@BA@A@@A@@@A@A@A@@AAA@@@A@A@@@A@A@@AAA@@A@A@C@C@CBA@EAGCA@AAAA@@@@H@@IC@@@@A@@BEBCDAD@B@D@D@PE@AFABC@A@A@AAACAAAAC@CBGHSDGBEHGDCDCBCBC@C@C@C@EBAFCFEJAFAF@DBBFAH@FLJDF@DAFDDD@FCHBJAD@DBBBDFBDB@FDD@DAD@FED@DB@H@FDDFAFELBFBFBHAHMFCF@F@D@B@F@DCDCFCJI@EAAEAC@AC@A@E@EBEBEFCBAFAJAJANBJ@FC@AAC@CF@J@XCL@PBXBJ@^FBBN@B@D@BAHEBADAD@LADO@CDEDEBABE@AAC@@@A@A@@@@AAC@AAA@@A@@GA@@A@@AB@@A@@A@A@GB@A@CA@EABE@@CAC@AA@AA@A@A@@@AA@@@A@AA@BE@A@AG@AAA@@@@A@ABCBE@A@CAA@@A@@AA@@@C@A@@BAB@@A@CBAA@@ACCAC@KFC@@@@ADGCACC@CAAA@@ABEAABA@ABCDABA@@PIDCD@BABA@A@I@@@AD@B@@@@A@@CCAC@A@A@@D@B@@@B@@A@@@A@A@I@C@AAC@@A@AAC@CAA@C@@B@@@@@B@B@@ABABCBGDA@AAAA@C@AA@A@BB@@ABA@CCA@CCA@@A@A@CA@@@@CA@@A@A@@@ACB@@@AA@@A@@@A@@AA@A@AB@@BBA@@A@@@A@A@@@A@A@C@@@CBC@ABE@A@C@C@@ADCA@C@ACAA@@@A@A@A@AA@@@AA@@@@@A@A@CA@@A@@@G@C@A@@A@@AE@C@ABCB@BA@@B@B@@A@@@C@CAA@A@A@AB@@@@AD@B@@B@ABE@A@AA@@A@A@C@A@A@A@@@AB@DA@@@@AA@A@C@C@C@A@C@AB@B@B@@BBA@@@CB@@C@AAA@ABAB@BADADA@C@OBKBO@QASAQAG@C@A@ABABA@@BC@A@@@A@@@A@A@@@@@A@@B@@@@A@@@A@@@@@A@@@@@A@@AA@@@AB@@@@AB@@A@A@A@@AAA@@AC@@AAAAAAAACA@AAAC@@AC@@@@AA@@AB@@ABABAB@B@@A@@@AAACAAC@CAA@@AAA@A@AAAAA@A@AA@@@AA@C@AA@@@AA@AA@AC@C@A@C@A@AAC@C@A@CBAFAHABE@CBGAC@EEA@GDCDCDC@I@ADADMEGCKCEAKCG@C@@@BB@@@@@@ABAAA@@@@@A@BAA@@@@@@AA@ABAA@@A@@@A@AB@@@AA@BAA@@@@@@A@@@@A@@@@@@A@@@@A@@@@@A@@@CD@@AB@A@@@@AA@A@@A@@A@@@BA@@AB@A@@AB@CA@@@@@AA@@@@@@@@@A@@@@@@@A@A@@A@@@@@AA@@@IAC@ADAAAB@@A@@@@@ABCA@BA@ADADAACDA@@DE@@BA@AAB@ACA@AEG@IEACH@DE@ACCBIGCCBIBAFE@ABAIABA@@CC@AFAKAAEI@CAABCICCBKCEAG@E@IBEDEJABABG@EAC@CAG@CA@GMA@N@B@@@P@B@T@@AFGAGLGFK@MP@BBF@BBB@B@BVAALFBDD@D@@AJDBHBADABADED@B@@@B@@BD@BDB@@@B@HABA@EB@DCD@BDBB@BD@BCDABADD@ED@CCBABBD@@B@@BA@@B@BDAB@@BD@@A@CB@BB@@@BB@@B@BA@@A@@C@@B@BAAABD@BA@BB@B@B@@BDDBBBBB@ABCB@F@BBAB@@BC@@D@BB@ABA@@BC@@@A@C@CAA@I@K@A@@A@@@A@@AA@@C@E@BC@A@@AA@A@AA@@@CBABC@A@E@AACA@AEBEBGBC@CBC@A@AAAAA@EAFZDhJNNLRJTJPTLVHRDTLXFT@F@@@@@LGTAF"]],"encodeOffsets":[[[124927,38429]],[[125105,38427]],[[125100,38426]],[[125134,38412]],[[125154,38395]],[[124940,38430]],[[125015,38477]],[[125116,38400]],[[125140,38379]],[[124851,38373]]]}},{"type":"Feature","id":"371083","properties":{"name":"乳山市","cp":[121.536346,36.919622],"childNum":9},"geometry":{"type":"MultiPolygon","coordinates":[["@@A@A@@@@BB@@@@@@B@AB@@@@A@@@@"],["@@CBABDBB@DABAAAC@"],["@@ABC@AB@BBBF@BA@A@AAA"],["@@A@AB@B@BBFBBB@BB@NBBFFB@BA@@@C@ABADA@A@AAAA@AA@AACCEAACACA"],["@@AD@FDBBA@EAAAA"],["@@F@FEB@LA@@BSCCECEACAAEGEEC@IBC@ACC@CDC@EGCEE@A@E@CBBVJDBIDAB@@@@F@D@@@BCBAB@B@BBFBDAD@FCDCFDB@@ACC@ABAD@@CGKEG@ADCDABEAABIJ@DB@BABBBBABA@AAAFB@EDCDALBDC@CB@IEA@A@@@AABCFEF@@AK[MGWKAML@PGL@H@TAHAFADCBABABCBCBCBA@CBAB@DABADABAB@B@D@FBD@B@B@DABABEBAFCBAB@B@B@DBFDDBD@D@F@D@DADCDCBCDIDM@C@@GCAACAAC@C@C@CDADCHI@ABI@e_KcK[KYGYGmSKQCG@C@CBADC@ABC@ACICCEEWEICEACE@CCAA@CACCE@EBCDE@MIIC[EQ@OAKASGeOSKGEAC@CBCBA@EAEBADGBC@A@GBEBEDEFCDE@GTgDKBC@AAC@@AACAC@CBABCDCDCBA@C@A@CBCBUJEBCBEAG@E@CB@@ABEL@F@VBHADCBCCCGACCACAC@A@CBABIFOJEBEACAI@CA@CDAFADABEBAFABA@EDEFABA@E@E@EAACEEECAA@C@C@C@EBABWFCBA@AAA@ACCAC@A@A@A@@B@D@B@BBBBBD@LDJDBF@DABCBA@IFCBCBA@A@ECECAAA@A@C@A@AB@DAB@JBDAB@@ABC@CAC@E@CBABCB@B@BDFBBAB@B@@G@M@OBGBCBAB@D@D@DBBBBFBJFBBBDHFFBFBHBFBHDLFRHJDF@NAH@DDDDBHFF`VBB@B@BC@G@sMKEGCIOCEECGAM@CAKIIGQKOICCAC@EBCBG@@AAKFKPGFYL_BI@E@QBGCI@K@IBCF@D@DBLABADIHMZKJADARCBWBABABCLAFHPABABCDFHHHZJNCDB@B@BEHEHGBCDAJCBCDGB@DABFH@DADI\\CBG@OCoWKCIECBE@ADCH@FAJA@A@K@E@G@M@EBA@CHEFCBC@C@ACA@EBABCDADMNAFAD@PADABEBWDALCDEFCHAN@H@DADABC@C@EEG@E@QNGFIDCBA@C@ECC@CBCFAJDJDPFDNBH@BF@DAFGFC@ADBJAJJVCh\\NnRHBL@LHHV^^VPTLLJLFZFPAHGAA@CBA@@B@F@BA@A@@B@@AB@@@@@B@@@@B@@B@@@@@BA@@@A@AA@@AF@BB@BB@@@AB@@B@@AB@BAB@@@DBD@BA@AD@@@B@@@@BDBBBB@@B@BBB@@@BBB@@@BD@@BB@BBB@B@@@D@@@BBBB@@B@@@@A@AFE@@BA@A@ABA@A@AAA@@AACA@@CA@BA@@@ABABABC@A@@@BAB@@ADA@@CBC@@AB@@@@AB@BABA@AA@NIHGFCDAFBFHB@LGDADGFKDEDAF@HBLDHJD@BABE@CB@DBDDF@JAB@DBBHDHJLJJLFdEVK`MPGn@XB^@PBVFPB@@LEBBDLDBHDAFDJ@BB@@BADEDCDDFDDBF@BBBA@@B@BBBF@@CF@HBDD@CACCADCDC@ADG@ADAFEAABAB@LHB@BAD@@@@DAB@@B@B@FBJHCDH@D@DBFB@C@AB@@@B@@@@AAA@@@C@ABAB@B@@@@A@@@@@@BD@@FA@CCCBAD@B@@CA@@ABBBBB@HCBAAADAHAFBF@BABG@CEEDCJHDHHJDBH@@BAFAJDBJB@DCDCBABAF@AAEADJJF@JE@ABGHKBKB@P@VAR@FBF@HF"],["@@ABB@@@@B@AB@@@@B@@@@B@@B@@@@@B@@@B@BABBBA@BB@@B@@@@A@@@A@@@@B@@@@A@@@A@@BA@@B@@AA@@@AAA@@AA@A@@@@AA@"],["@@A@@BA@@@AB@BB@@@B@@@BA@@BA@@@AA@"],["@@FD@@BDB@@@@@@B@@@BB@@@@@@BBBAB@@B@@@@@BC@@BB@@DAB@BA@@BAB@@A@@@@@AA@@@CBA@@@@AA@@AA@C@@AA@@A@@@A@@A@@A@@AAB@@A@@@ACBAA@@CBA@CB@BBBA@@@@@@@@@B@@BB@B@"]],"encodeOffsets":[[[124563,37676]],[[124510,37628]],[[124501,37625]],[[124540,37595]],[[124584,37560]],[[124660,38020]],[[124626,37688]],[[124521,37612]],[[124401,37615]]]}},{"type":"Feature","id":"371082","properties":{"name":"荣成市","cp":[122.422896,37.160134],"childNum":11},"geometry":{"type":"MultiPolygon","coordinates":[["@@AB@B@D@BDFB@@BBABAB@B@DAB@BA@AAACACCC@E@"],["@@@BC@@@@BA@A@@@A@AA@@@B@@BBBBB@@@B@@@@@BA@@BA@@B@@A@@@AA@"],["@@ADBFBDDBDAAGCEC@"],["@@A@@@@@@@AB@@AB@@@B@@@BBAB@@@BB@A@@B@@A@@@@@@@AA@@A@@"],["@@E@CB@@DBF@D@@A@AC@"],["@@@@@B@@@B@@B@@@B@@@A@@AA@@@@A@@"],["@@J@RBjL^FZBFBHDTNHBF@BABCAECI@EBAJKFAJAZCnCVANAdDTDJFRNDBDBHBJBN@Z@J@B@@BFBLDD@B@BA@AFE@AAA@A@AD@B@BFBH@BBBD@D@B@BA@ABALABAAAG@CA@CBABCDAB@DAHAD@D@D@@@B@@B@BGF@@@D@B@B@BC@CD@B@B@BDBB@D@D@F@B@BBB@DABABCBADEDAFALADAFG@ABG@CBC@CFAF@DAB@@CBA@AACACACGEICICCAAAAC@EACCCAAC@CAE@EBABCFEHADCBE@I@C@C@ABCBABCBC@E@IAGAGEKOKKCAIAG@GAGEKIGGEMCMAEBA@AD@D@DBJBJBF@D@BA@C@AEEAAUMKICEECCCIICEEAEEAA@C@CBCBADADABA@ABA@AAA@@ECECEG@EBCF@BA@CCAECAAAEACA@AA@ABABAD@HBH@LADBDDH@BA@CAEAEAE@ANKF@BC@EAE@E@EBEBCBCBAJANCJCFGFIDGBEAKACECE@G@EBEBE@E@CAAECGACCCA@E@IDGBG@EAGEAC@CDEHEPMBC@GCGCEEEKAM@Q@[HODIBaEM@QCECECEEGKGOGUCaASDYBM@MAGCCACOGKECCCE@EDELCVATCLAJB^FVFPHbNVDVBL@JEHGBGAGACGEGCMEMEKGMOIU@MBOHMPGDKCIKEKQBy@IAGEKKMIIKKGEKEIC[CI@E@GFAD@J@JBFBBJFBDBBADGBK@k@gBO@GCAC@CBAHCVOLKDKBIBED@FFBBFABCIOEEC@QHGAOGECGCEAG@ECAAAIAAA@@JCBABG@G@GFGBEBG@C@C@AAA@AABCD@D@BAAAGCAADKCE@AEECAICICC@EAE@C@GCCAAABAAAA@BA@A@A@@AAA@A@E@C@A@ABADA@ABAB@DBBABA@C@A@E@CC@EACEAABCBCBABOBI@CAE@CB@B@B@BA@A@A@EAGAG@G@KDGDGBABC@EAC@CAMBAAAEAAC@EDGDCBIDCDMHEBC@E@E@MESEQAKAMBGLDHRHLFBHBHAFADCDEFADCJ@JADAFCDK@IEIMGCRCHRjBD\\hblHJFHDFBNBR@TBFDFFDdHRFDDDFDPBDFBJDFDDDDHDB`HBDDFFFDNCBG@ELED@FDL@BHDNDDFDLJHBFAJBFITABHTDDDRHHTNZH`LRLHVAPGRELKFMHQPSJCF@NBPEVOZ@HBFDBH@L@FBBF@@AHABCB@DD@D@B@B@@B@@B@@CBA@@B@B@B@D@B@B@@@BBB@F@BAA@@@@ABC@@@@BAB@B@B@DBD@@@B@@@@A@AB@@ADABAD@F@@BB@@@@B@D@H@@@BB@@D@B@B@@@@BB@@B@@B@B@B@B@@BBBDD@B@CD@BD@D@B@F@BAD@DA@@D@B@B@@@B@B@@@B@@@AB@AA@@B@BBB@@@B@@@BB@@B@@DA@B@@@B@BB@@D@@B@@D@B@BB@DDB@DDB@BA@@AAB@B@@B@DBBBBB@HCDABABA@@@A@A@@@@@AD@B@DBD@BBB@@@BD@B@D@J@B@B@@@BA@@@A@C@@@@B@BBDDD@@@B@@A@C@@B@@@J@BABABC@CDOJ@@ABCBAD@BABBBAF@BB@BB@DDDDBCH@B@@D@LED@DBBD@@BBDAB@@@BA@AB@D@@@B@@BB@@@BB@D@BAFAD@B@B@@B@BBH@@B@BAFB@@B@B@@BB@@B@B@B@@BBBD@DB@@AFFBB@@D@BHAB@B@@@@BA@@BB@@@HB@@@BB@BBD@BB@@@@@B@B@@BD@BAFABCFCF@DCP"],["@@@@@@@@B@@@@@@@B@@@@@@@@@@@@@@@@@@@@@@@@@@@AA@B@@@@@@@A@@@@@@@@@@A@@@@A@B@@@@@@@@@@@B@@"],["@@@@B@@@@@@@B@@A@@@@@@A@@@@@@AA@@@@@A@@@@BA@@@B@@B@@@@@@B@"],["@@B@B@@BB@@@BA@@@@B@@@@@@A@@@@F@D@@@BA@A@@A@A@@@@A@@B@@@A@BAB@@A@@@@@@B@@@@@@A@@@AA@A@@@@@@B@@@@ABA@A@A@@@@@@@@A@@A@A@@@@@@@@@@AA@@@CB@@@@@@B@B@@@@@@B@@@@@@B@@BA@@@@@B@@@@@BBA@@@A@@@@B@@@@@@A@@@@@@@A@@@@@AB@@@@@@@BC@A@@B@@@@@BA@AB@@@@@@BB@AB@@@@@@@B@@@DA@A@@"],["@@@@AD@@A@B@@@B@@@@@@A@@@@@@@A@@@@@@"]],"encodeOffsets":[[[125422,38346]],[[125619,38344]],[[125526,37851]],[[125331,37735]],[[125228,37715]],[[125177,37655]],[[125341,38312]],[[125423,37940]],[[125324,37737]],[[125192,37638]],[[125179,37669]]]}}],"UTF8Encoding":true}