{"type":"FeatureCollection","features":[{"type":"Feature","id":"411602","properties":{"name":"川汇区","cp":[114.652136,33.614836],"childNum":1},"geometry":{"type":"Polygon","coordinates":["@@LCDCBCBC@GBKBKLOHGDCHAHCFEHKJEHABAH@F@B@BA@AB@D@HBB@@A@CACCAE@E@ECAA@A@@D@BA@AFMJSHIHIBEDMDCDEFEDHLEB@@@@@@B@@@BAD@B@B@@@BAB@BBB@@BB@@AB@@@DAD@BABA@C@AH@BDBB@D@@@@B@@A@B@@BD@D@D@BBB@FFBB@L@B@B@BB@BBN@FBDDDB@@@BAB@D@B@BDDBB@BAD@DE@FPP@BNBBLHCRB@LFJ@PI@BH@FKB@JA@AAKNCB@HMCI@@CACCFML_@@JA@IJILFNEBAA@LM@@CKCBIG@@MBA@CM@AGMAGA@IAEM@@QJE@@E@CCG@G@ACBA@A@GBC@C@A@KEAAAAA@CAA@C@A@A@CBABC@ABCBABA@EBCDEDCBAB@BCD@@A@@BE@A@A@C@AAICA@A@C@ABCBCBCBA@MHGFCDEJASCGKKMEGCKAMAO@C@@@@@C@CBA@AAAA@ECCAAEEKGCCCAE@GAG@EDCBCHAFADANAB@@@@CH@BIJCBKDE@I@C@OI]JCDCH@DBBDDFDDD@B@@ABEBCD@BAHAD@D@DBBFDJFHFFBHBD@DDDBF@@BCL@D@H@F@DADA@ABCB@DAD@BCHMVEH@@@@ELCD@DFHFBF@J@DADCDEBCBAD@F@D@DDFB@@D@FAFAL@@BBBBBBL@HBDFBRDBB@BDRD@"],"encodeOffsets":[[117406,34521]]}},{"type":"Feature","id":"411622","properties":{"name":"西华县","cp":[114.530067,33.784378],"childNum":1},"geometry":{"type":"Polygon","coordinates":["@@ACA@@@CIGKCKCIMWCEAE@EDGJMDE@E@I@GBCJIBABC@ACCAAECA@@G@CDEFEFEBE@E@I@CCACCAACC@A@I@AAABABA@A@C@C@C@G@GAKBG@GAAAAQC[CE@@BAFA@C@CAOGEAEAG@E@I@G@CA@C@QBe@KAMC@CQ@AAAQCEAAC@GAKAAAA@AK@EBEBC@@@EACCC@E@C@ABADCFCDCBI@E@EAEG@CDCFK@@@@FGNUDG@ABC@CDABAB@BC@C@E@G@CDK@AE@CACCC@GAEAGEIEECAA@C@CBCBG@AECEAEBEDGDGFCBA@A@CACAAAC@ABCBCFA@CBC@ECIEA@A@C@ABABABCLAFCHKTQ`CHA@GDA@KEIEE@C@CBEBGFCBE@C@CBCBCDIJCBA@C@GIC@C@EB]HABCFC@CBAACAGCAAABA@GFEDC@A@AAA@EE@AC@MBCBA@ADAB@BBHBH@FABADCBKHI@E@GAEBC@QHEBC@E@E@CAECCAA@A@ABCJAHABEDCDAB@B@FBNAD@@ABC@I@CBCBKHC@I@CBABGHCBCBI@CBCDGFC@A@A@CCIKIKACCKBG@ECGAEECAAAAKCYGGAC@E@C@AAEGAAA@CBGBE@KACACACCIGACAA@E@CBC@AAACAA@EBAACAACAECAA@E@CDCDCBABEACCEECCAG@CDC@A@CCAC@K@K@YDG@EAC@AB@DBJBRBD@BADAB@HAD@B@HI@C@A@EACAC@E@@DAH@D@B@HADABAFAFAD@F@FAHBD@BBB@J@BBBBBFDDBFDDFDF@D@B@D@B@BEH@J@DA@ABA@C@ABAB@JBBP@D@F@BBF@D@DBB@H@D@DBF@D@B@F@B@FABAB@@BCD@B@D@B@D@@@B@B@H@DAFABABCDCD@B@BBH@J@FBB@B@BB@D@F@@@DBBBB@BBD@B@D@HC@C@ADEBADCDA@@BB@@@BB@B@D@B@BBB@BB@@B@BA@@BA@@B@@@BBBB@B@B@B@@BB@AB@B@@A@A@G@A@@B@B@JBBBBBB@D@FCD@BCBAB@DBBDB@B@DCHELIHAL@LAFBHDF@DADQDAFC`ENALEFAHAFBFBFBFHJBNFDBDFBF@F@TFNBDHDDDDD@F@BABAB@HBBBB@BAD@B@DG@GB@@@HA@A@A@@BABAD@B@@S@@@@B@D@N@@VB@@BB@B@D@BAB@@BBD@RBBBD@BBD@D@BA@A@CCCBC@EDABAF@DBBDBDBBTBDBDBDBLBRFHBTHLDDBBDDDJDJBF@D@D@F@FDHDF@NBVAbBH@B@BAD@DBFBBBFBPDDBBBBJ@V@LAR@FDP@DDDFBLBTJVHPFJFLDF@@BBD@BFBJAF@BC@IDAH@D@NHHBD@F@DAH@VDLBJDJHHFBLBFFFFBFDD@NEJIPMHCHCH@LAJBNDJ@F@FCHGHKDKJSBCF@HAFA^Y"],"encodeOffsets":[[117481,34734]]}},{"type":"Feature","id":"411621","properties":{"name":"扶沟县","cp":[114.392008,34.054061],"childNum":1},"geometry":{"type":"Polygon","coordinates":["@@@KAUCUAIBGDKJIBCACCC@C@E@CFCFABE@S@GAACAQAUCKAYBM@QCGCCCEGAO@GCAMAEECACE@C@UBKDGFGDCFCDEBIBICEACGCGGCEBYBKBGBCD@TBJ@HBFBDHDBF@D@HCFGD@HAH@DAFEDIFQ@GAKCIAACAIAEAAAAEBOAGAAGIEC@GAODGJMJONGXODEIGICKAUCG@CBE@C@GAMGC@G@CB@JADE@IBEA@AAC@AE@KCIEOEUGSIKAEACC@CCO@EBQ@K@UAIAACAOCEAAAEACAC@ABA@G@aAUBMAE@GCECE@C@C@E@IAICCCACCAKCSGGAQEKACACACASAAAACACCAE@ABCB@FADDD@D@BABC@C@AAC@AAQAAFDD@BABCFCD@BHNDBADG@ABCDCDADA@@D@F@B@DAF@F@B@F@B@B@B@BAF@F@B@H@B@D@BAB@J@B@B@D@FAB@D@F@FAB@B@H@BBD@BBDBBNBBB@DADCFAH@D@B@FFBDB@D@D@FA@@D@@@D@D@BA@BDBLADCDSBGBCBCJKfG^CHEDI@ADAROBDHDHBDDBB@HDFLJFJFR@J@FENCNOpAJ@DBVFd@LAFGPINGFUJZZBFFPBNDDDDFBJBJ@NKHEF@J@f@HANMJIHGXGLARCNAP@FBF@HDDBD@L@B@HHBDDLBFBDDBB@J@H@JBHBFDFDFFDJFJFFFDDD@DADABIDMFGBOBGDCBAHHHDJBPBHFNBBB@DAlKXAN@DADAFEJQFGFCFAVBD@BDDDD@DADABCBADE@G@GDEHKFEFAHAJAHCHEJGJ@LAHBLBLBHAF@FAJENIFGFC"],"encodeOffsets":[[117363,35084]]}},{"type":"Feature","id":"411624","properties":{"name":"沈丘县","cp":[115.078375,33.395514],"childNum":1},"geometry":{"type":"Polygon","coordinates":["@@B@@B@@BBB@B@BBB@@BD@D@DBB@@BBBJT@BBD@@@DDB@@JV@BBBBD@BBDDAD@F@B@D@BB@@DA@E@ABAB@@@@C@ABCBAB@D@D@DBDBB@D@BAFADAH@B@BADABAN@F@DBB@B@B@FEB@DABB@@@HAPBBBBB@BB@D@LADADA@C@C@@B@B@ZBXBNDHDJ@F@T@T@h@dBLBHBDAFCFCFCBE@CB@@@JAJCHGT@BBDD@PBLBFDBBBB@HBL@HATAFEHCLE@G@C@ABCBCDELADCFABEDEBIDGDEBGDIHBBBDFFDBBBBBBDBF@DBB@DABADBR@D@DBB@BLAB@DBDBD@FDBBB@D@D@DBBBDB@D@BAFCH@D@DBBLJHHDBBBD@B@D@BBB@@B@DCJADEFCDABAJ@DBF@B@DADEHAH@D@NHAJABABAFCFALCLEHAF@D@JDFDHDDDB@D@FANC\\ELAFAB@BD@BD@F@PABA@C@C@EDEHEFADCFMBEBE@E@C@C@CBAFAHAD@DCHIHMDIBGDGDCFAHALELCNC`ChCL@H@HAFAFBDABCDEDAJAVAHANBBI@CNQFGDCBC@CACCEAEGCCCMU@C@A@ABABABAL@P@XBFA@ADODQBK@EAG@ABAFAJBJ@DAB@@AESAI@GCI@C@C@ADEBG@AACA@EAEBC@CBABCBG@CAEAAA@AAB@@A@@@@@@AAA@A@A@A@@@A@AAK@ABAB@BA@@BA@@@A@ABA@A@AB@@A@ABA@CB@@A@@@A@@@A@@@A@@@A@A@EACCCGEGGAC@G@CDI@E@AAAAAAACCAAACAAGACACA@CACBA@@@AHAJADA@A@C@AAACAE@CAE@ACA@KAKAA@AAAAAAA@A@@@@C@@AA@AACAI@AD@@CDA@A@A@@@CEI@@@GBCBEBCBEBABA@ECK@@@@BAB@@A@A@@BAD@CO@AA@AAA@ABCDC@A@@@@CAKAC@AA@C@A@CDABC@A@QDCBAAAAAEAAA@E@C@OHC@C@C@A@CC@ACGCCEAI@O@GCGEGGCGA@@BADABA@CBABC@A@C@AB@BA@CAOGOEGEEEEIAG@MAGAAIAIAGAIAW@c@OAOBQ@EBCBG@QBI@C@C@AACACACAC@ABA@ADALAB@@C@A@AAGEEAAAA@KDGBG@CBE@MJGFC@C@MBIBE@CDA@@B@F@NBF@DBFAB@BA@E@A@ADA@ABA@@BCFCBE@G@CD@@A@@B@@@B@B@B@B@B@@AB@@@B@B"],"encodeOffsets":[[117728,33937]]}},{"type":"Feature","id":"411623","properties":{"name":"商水县","cp":[114.60927,33.543845],"childNum":1},"geometry":{"type":"Polygon","coordinates":["@@DCFABA@@@ACCECCCAA@CDGDC^IPJD@J@F@LCDAJI@ADG@@@@BABMBCBEDGDAFCH@HBF@DBDDLHFFBBDD@FBBBBB@DAD@@@@@D@P@NBLBHDNFLLDHBTFIDCHENGB@DADADABAD@B@B@JDBBD@B@B@F@@AB@@@DC@ABADAFCDCFAB@BADABAD@BADAB@B@D@B@DBB@BBBBLFB@D@D@HAB@B@DA@BBADABAFKBADAFANAF@DAJI\\[NMFEJI@ABA@A@C@E@CCG@A@ABCDADCJEACA@A@AAAA@A@@@AA@@AEAA@AC@@@@A@ABA@A@C@AAA@AAAC@@CCA@@A@ADAD@BAB@F@F@B@@AB@AC@@@E@C@@AA@AAA@@AAC@@AAA@@CCCAE@AAA@AAAAA@@@@CEACFAFCD@B@BA@@@A@C@EAKAM@AC@A@EAEAAICGAGACACKAEAO@AACCAECGCC@@ABABEBC@CAECEAE@C@ADGDCBEBI@CCEAA@CBGDIBC@S@E@CHMFIBEAAAAEAGAEACAACGICAAAC@A@EAC@G@AAIEAA@C@G@MACAAO@GACA@@@@CAAAACFO@CA@IBKBWDEBM@M@CAGAGAGAEAC@CBABABAD@FBF@BBBBB@B@DABA@E@E@CAA@AC@AA@AAA@A@C@ABAB@BBBBBBDBD@B@@ABGBCBCDAD@DAL@BADEJEDCBCBC@C@EAGCGAKAC@C@EBEBCBCDCFEFADEHABCBE@GBGBCBCDAB@D@F@D@DA@ABA@EBE@C@ABAB@B@BBDDFBF@DCBEFAD@D@FBLCFADCDGJAJ@@EBCBCBCBC@A@AAACC@E@E@EDA@@@C@EEGCECE@SAYAS@C@@@@B@HBNBLAD@BGFIFEBA@EACCGGA@CAA@CBCD@H@L@F@BABCBIFCBABAFABA@CBI@GAYCIAK@E@CAC@AAAAAAAAE@KCG@I@C@EAAACCCEAAAAC@A@AB@BCJABABA@CAKEA@C@A@CBAB@D@F@DABCDQHIDCDEDABIDMFMFCBC@A@AAA@@A@ACAOEME@RAF@BCDABAD@B@D@BBDDF@@@@BD@BABCN@D@B@DDDFDDDDDDH@B@F@FBFBLBF@F@DBF@DAB@BABCBE@G@CBA@ADAFALSbEJAD@D@DBBNDHBDDBB@L@LAHADIHIHCDAHAR@VCHAD@B@\\AF@DCDKPCF@D@FBDABAHBBFDBFDH@FAHDLBDJLJLDDB@B@D@HEDCDAJ@DADAHGBADAJ@D@LGDADAJ@D@BA@@BCAM@E@ABADCFCBABGDIBAB@B@DBFDDBF@F@D@FARGD@FAHBF@J@LGDABCBA@EAGAG@ABABCB@DANAD@@BFFB@BBB@D@FCHEB@BABBHDDBBBDAD@DEBA^GFAD@D@HJD@B@DAJIDCDADAD@F@DAHEFADAD@F@JFLFB@HCB@DGR_LSDGBEDKBABABAD@B@B@JFFDD@DAB@DEDABAD@BBDBDBB@B@DAHEHCFCFAFBFD"],"encodeOffsets":[[117335,34414]]}},{"type":"Feature","id":"411626","properties":{"name":"淮阳县","cp":[114.870166,33.732547],"childNum":1},"geometry":{"type":"Polygon","coordinates":["@@AC@@FC@A@E@@@@AU@A@@BAJ@H@HCHCBABA@CAG@OBEBGDEBA@C@GBIDO@Q@@@@BI@EDEJG@K@EBGBK@EACAAAACAGECEACAEBEA@@AE@CACAAIAE@E@IACACECCCUGEAAAAC@ABE@I@S@CAAKIOKGEEECC@C@U@E@C@AACGCGECCCEACAC@CBEBC@ABEAABABEDE@@@EAE@A@A@@@@B@BAB@@C@A@ADG@ABADADCFCFADADCFAD@DAB@D@@AB@DCDEHGFEHEJIAK@C@@@@I]GOCM@EBCBCBABE@E@GDY@I@M@CBGFGBC@C@AAE@CBIBADCFEBCDI@C@AA@AAC@A@C@AACAGGKIAA@C@CDGBE@A@CCAAACAC@C@A@AAECC@CACAA@KB@AAA@C@CAQBCBA@CAA@CAEACAAAACAEEACAAGFCB@@@@CBEBEBA@CAMCEAC@A@A@CBADCBEDGHINCHCFCJCJEFCDGDEBC@G@OCSECAK@I@G@CBCBCDEJGLAHADBF@DBBFBJBBBDF@D@BADEFMLULIDA@C@A@A@IFCDCBAD@B@BDH@D@F@D@BAB@BIJEFMN[\\IJCBE@MBEBCBABELABCBAB@HDH@D@FF@RI@@FNJBB@BHHN@BDNB@NA@@JHDADL@@KNB@ABMFKEIJ@JIB@@K`ENDDDB@@DJGNA@MDBL@BIBA@ELG@@AOJI@KEA@DQKGAAAMO@EOF@@CBC@AAACC@A@A@CBA@A@@CACCEAM@AAA@@A@A@A@KAAEEA@AAC@C@C@@AA@B@@@@A@@C@A@CA@ABGD@B@BA@ABC@C@@BA@@AA@@AA@ABA@A@@@A@ABC@A@@@A@@@@A@KFCGEFCFCDCNAFGJGJITEN@BABC@@@@BBBFDF@F@DBBD@D@BA@GAC@A@@BABA@E@G@ABGBIFGLEFGDGBCDGHKPALAL@HADADCDKDBN@LAf@R@DDBH@J@F@H@FBFBPHDBD@B@BE@AF@\\DRDBBBB@HAHBL@H@H@D@D@D@BABABBB@B@J@BDDBBDDDB@D@J@FAFEFEFCF@D@HB@FDBBDD@BADABIJAD@H@J@FCFINCH@FBFDFNXDJDLHLDJ@@B@BDFEDED@DAD@BABADAJAbCV@@@@@P@FAPEF@F@HBB@J@hDXBHDLDJDJBJ@PAHARED@LBFBDAL@FBRDT@H@JCH@R@X@J@HCLGLARCFADAD@D@DDBDBBDBRDBBLVHDH@D@HARG@@@@^M"],"encodeOffsets":[[117816,34724]]}},{"type":"Feature","id":"411625","properties":{"name":"郸城县","cp":[115.189,33.643852],"childNum":1},"geometry":{"type":"Polygon","coordinates":["@@DEBCBC@AAEAAEGAC@E@E@ADCDED@@AB@@A@A@AB@BA@@BA@AB@A@MA@A@CAC@GBEFG@C@OAC@A@ABADIBABCBCBCBABABCFGBABCBABA@AB@BCHGB@@AB@@ABEBCBCFMFSDGBGBC@CBA@CBAEAE@aCEACAIAGAE@CAE@C@C@K@IAG@E@I@G@A@@AAOAEAAECC@CBCFC@E@K@CAICG@E@EAACCAC@EACACAACCAC@ABIJAB@FABABEAGAIEGAGAG@EACBCBEJCFC@C@C@EECCC@M@KAKCIAMA@@GGCCAEAG@EAEAAAA@@AAA@C@AA@AAABCBC@@ACA@AACAAABABEBE@@B@AGCGEG@@AACCA@AB@FAB@@EDA@@EA@@B@@@FGFCBEBABC@C@C@A@@HCBCBCD@A@@@@AA@@@@@AA@@@CCACIGKGGICC@@B@@A@A@AB@@ABA@E@A@@B@@A@@A@@@@AB@DAAEA@AAB@AC@@@A@@A@AB@@A@@A@AA@@CB@BAD@@A@@B@@OAGAE@U@EAAIAIAA@@@ABA@AFA@CD@BEDCBAC@A@@AA@@BABAAA@C@@@@E@AAA@ABC@@CDABA@C@A@EAA@ACE@E@KMAGBUBIBCBCFADCBEAEBGBG@K@gD_DMDKDKFGBEBCDCHAHCJGNGJCDC@GBEBAB@D@D@D@FAFAFENCDEBGFCF@F@D@DABOBE@C@@AACA@EBKB[FMDEBC@A@CCGCECICC@E@GBKFKDEBEDABABIBGB@JCZ@H@FAFABADAD@FDNHPJ^@@@@@DBLIJGFEFGHCFCDA@@BC@A@CBC@EBCDCBEBEDCDCBAB@BCH@B@B@DA@ABA@@@@@@B@BBF@F@@CFAFABBBAF@BADAF@DBDBDDFDDHFHDBD@B@D@F@V@DDDFFHFPLLJBB@D@T@JAF@BBDBBFBVHDDFDBDBD@J@FBFBJDBDBF@@BB@AFBFBDDFHFDBBBBBBD@FALAH@F@LLELGRIHKHKFCHEFAXBF@DDDDF@D@HALAF@L@J@P@HBHBFBPRDBHDDBF@J@PGHCJ@HAJBJAHAB@@A@CA@CAAC@ABABAF@DAJGDADCBA@@@@@@B@B@D@D@J@L@VAL@B@DBLHDBD@DALEFCD@F@NAJAHAFAF@JBF@@@BABAB@B@@@FBB@B@DADADCDCJEDC@A@CBAFAD@DAHEDCBADE@ALAHAD@H@VDDBB@FDFDBBB@BBFBB@HDDBD@D@D@B@BAFADCD@B@HAB@B@B@BA@A@CAI@C@A@CBA@ABABCHGFEDADAB@D@F@D@TBH@LB@BB@F@X@TBHAHAB@D@FBH@D@FAFAF@D@F@FAFADCFADADGBADAF@DBD@BDDFFBFB"],"encodeOffsets":[[118373,34535]]}},{"type":"Feature","id":"411627","properties":{"name":"太康县","cp":[114.853834,34.065312],"childNum":1},"geometry":{"type":"Polygon","coordinates":["@@POFEDAD@D@H@D@LBDAF@LGBADAF@J@H@P@N@FALADAFCHEDIDGDCB@DAB@FBPHRFFBJFBDDJDPBBBBBBFDRHRDJBLBJ@JBPBJ@DBFBDHDF@BDDFHDBF@FAJAXINEHCRCVELAD@DB@BDFF^H@FADADAB@H@H@J@P@D@DAFGLKHEPGHCHAJBHDDBDADABEJMDCHAFAFBTFD@F@HAbILAD@BC@ADMFMDEFCFAHAJ@JBJARAJALCJEHGJGFAD@HDHBH@FACOIMAE@CBEDGFGFCJIBCBW@AAGKM@C@IAMACAECCEE@C@ABAFE@GBEBCBEAACCECCCAABKD]BKJIXODC@E@EGIOQCICEACCAIACAGAC@A@M@QBQBMAA@AAAC@A@@@@AABCBENKDE@CACGE@@@@GGIGGIEIAC@ABCDABC@A@CACCAEAACAC@C@EACAAGCAAACAC@EBC@ADABADAF@F@HCJAEQEES]]N@@@@QHGBC@G@GCKUAAQCCAAAACCCC@C@CBEBQDKBKHGDI@W@Q@G@IDG@S@QCEAK@CBEAKAC@QFGBOBI@IAICKCGCWAgCI@A@GAE@E@OFEBO@@@@@U@aDIBCBABABC@CBC@CFEF]ZEBGBE@ADITCLGLGHEDE@I@MCIAKBG@GDGDONIJMFC@ECEAEEAEAKGECFWPMHIPINCHBP@HFDHJBBBHAPBFBBFBJBDBBBDJBL@HERCJEFCBG@GBC@EHGDC@E@CACGEAGAI@SAC@ADAHALAZDFHHHDBDDFAJAJCFEDCDEHCHAL@V@DDFDBFFNBDB@HBPFHDDHDRDN@ZALBVDRBDBBB@H@TAFEBED@D@F@DDDBDADIJCLAHBJDVBV@LHA@@@@P@DAFBLD"],"encodeOffsets":[[117386,35085]]}},{"type":"Feature","id":"411681","properties":{"name":"项城市","cp":[114.899521,33.443085],"childNum":1},"geometry":{"type":"Polygon","coordinates":["@@JGHCFAHCJCFAFCBADEBCFKDCDABAD@H@F@DKFGBEBS@GAK@GAAAAECKAOAC@AC@AHSDGBI@I@@DAF@DADEDEBEACAGAK@c@g@S@S@ECICGAMAW@Y@A@AD@D@B@BCBC@K@CAAA@AAAABO@G@@AACBA@EFA@A@A@CAE@M@ABCBABA@G@CBEBABC@A@CACAC@C@A@ABAD@B@D@@A@AB@B@FCB@@AAC@A@E@C@CBAC@AACAA@AIU@@CA@C@@AC@AISAA@AA@CAC@C@@AA@AAA@A@AA@@@AA@EB@@BBC@@@@B@@DA@D@B@BCBABCAAAA@@@AD@BE@ABA@C@ABA@E@C@GBA@A@C@E@ABACB@@ADAAA@CAA@AAAA@A@A@@AAEAA@@@AA@I@UC@@A@ACAA@AAAEAAA@C@A@ABAB@@@BCBE@EACCK@EACCEEGAG@G@EBEAEA@CAMAYAE@OCK@@@A@BE@KAGCOAAAAA@C@C@E@EBKHEBKBMBEAIAMCEAABA@ABAF@DADCDADA@E@E@QAE@EBCBABAB@DBJ@RAB@BCBCBABAHCP@BCBCBMAI@E@AB@HADABA@A@EAA@AB@@AHAD@BIDIDABAB@D@DBDAD@@ABABA@@D@DBDAD@BABCBA@I@CBA@@D@B@D@H@FABA@G@EBCBEJA@CDEBI@NTFLJPDFBL@LBBLLHFHDHDBB@B@FBFBBFJBDAJBDFLD@BLBJ@LEP@FBBBH@FAHCFIFAF@BBDXCLAJAB@@DEPBDBBDB@@@@DBHBP@BBBD@N@H@DBBJFBBH@D@FBB@D@BBDBHJBDDBFBHBFBBBBBAFEJGN@D@F@TADCJAH@DBBDF@DAJAFCDCH@B@DBFDFBF@DADAFAB@BD@HDFDDBBD@BBPBFDLDBHBHBJDBBBF@F@BBDN@LBFBD@B@@@B@@A@ADCBEDEFB@D@@B@BBBBB@BBF@DBDD@@BB@BD@BB@@BB@BBB@@@D@F@@BDA@@BA@E@E@A@ABC@CB@B@BB@DD@@BDBBB@BBD@B@B@BAB@@@@@BDB@FB@BB@@B@@@BBBBBB@B@BDB@B@D@B@JCVKNKFEBC@A@CCEAAIAEAAA@CAEBCBGHKFIDCDADAH@J@L@DBTFPDH@D@FAHCDCFEDIDIDEDGJMHGFCDABCDAB@B@D@FBNDDBB@FAFADA@@@@DAHE"],"encodeOffsets":[[117778,34214]]}},{"type":"Feature","id":"411628","properties":{"name":"鹿邑县","cp":[115.486386,33.861067],"childNum":1},"geometry":{"type":"Polygon","coordinates":["@@BIACACEEAAAA@EDK@A@AOEEAIBM@EAECCBAB@@@BCB@@C@CAICGE@AA@@AA@AC@ABABABABEBCBA@AACA@YA@ACE@EEO@@C@AAAA@C@CBABAHADA@@@@@AAAAAAA@E@CAAA@OC@AAA@GAK@G@CDG@CAAC@CAC@CCAA@C@ABC@G@C@C@ACAEAAAACCI@E@C@@@@BAA@BAAAAB@AFCDAFCB@@@AE@AAAEBCAE@CACCAC@ABAFABA@A@CACCCAACBGBA@A@ACAO@CBE@@@@B@@@B@B@DBD@BBD@BA@@B@@A@C@AB@@AB@F@B@@@B@@BB@BBFDBBB@@@F@B@B@BBB@B@BAB@DCB@BA@@@ADA@A@@B@@AB@@@DA@@B@B@B@B@B@BAB@B@B@B@B@@@B@BAB@@@BBDDB@BBBB@@B@B@B@B@B@B@B@@BBB@BBB@@B@@B@@DCB@BCBAB@D@B@DCDC@C@@CAFYBABCBC@E@C@AA@GCGCCA@@@QAG@AAAKAA@@@@@AAAA@ABABABADABADAAAAAAC@CACBE@ABC@CACAEAGCM@CEEA@GDCBCBC@EBCBCBE@ABC@ABCBCBCBABA@A@A@C@@@AAAA@@AA@C@ACAAAC@G@@@AA@C@CAAAC@A@@BAJIBA@A@C@ADIBCDCFCDAHCDCBCBCDEDCDCDCBCBC@CBCEAEACEACC@CAE@CBABCHCBEBCDEBEBE@C@E@EBEBC@G@EAC@A@GBGBSAW@E@A@@AKAG@SAC@E@C@A@CBCBEFGHADAB@BAB@D@B@DBJ@D@BABA@A@A@GBA@C@CDEBABA@C@C@C@CAGCA@EAAAA@AAECECA@CAUCG@C@GBKB@BCFABCDGFCBC@EBAB@D@BCDIFCDCDCBCBA@A@EA@@A@A@ABAB@@E@IAE@EBGBIBMBE@C@EDKFCBC@CAKGCAA@K@UBK@I@C@C@A@A@@@@@@@ABCDCBIHCBE@ABAB@BBDDBB@@D@BA@GBIBIAGBI@GDOHI@E@CAGCCAOQEAGAGAO@I@K@E@KBGBC@E@CCCCE@WAEBGFEDGLGLQJKHKFIHCF@FAJ@@@@@RCPAJ@H@DABCFAHAF@PBH@DABABGDGDG@I@AB@@@BBV@@@@@F@BED@@BDT^FFFRdEB@DBB@F@PBHBB@BD@D@DAN@BBDFJFF@@@@BDDBFBJ@FATCFADAFIBCFCH@H@D@JAJ@LBDBDB@DBBBBF@D@DBFDBBFFFFHFDDDD@B@BAHEJGDAF@BBDDDB@DADEJELENELGFCH@H@FBFBFDFFFDBBBD@R@PAF@H@D@BJFPDLBbBHBDABA@EEIEKAEBGBAD@DARBTAB@@BB@BH@BDDFBJBJ@D@DBBBDFBDDB@@@B@@LFFBHBF@FAFCRKJGVGRKPEjGHANCLAL@B@R@D@BBBFBHDR@HBBH@HBFBJFLHHBHBFAJAFAJDDBFBJ@P@H@FBFDFHFLLLDHBLC\\A\\AHEL@B@@D@F@tBNCFAF@HBFBL@L@@@@@D@HAFADAHBD@HFDBN@HAHCHIBEBQDGBCBCD@"],"encodeOffsets":[[118430,34878]]}}],"UTF8Encoding":true}