{"type":"FeatureCollection","features":[{"type":"Feature","id":"420302","properties":{"name":"茅箭区","cp":[110.78621,32.644463],"childNum":2},"geometry":{"type":"MultiPolygon","coordinates":[["@@@@@AA@A@@@AA@ACA@@@@C@A@CB@B@@@B@@BB@B@@@B@BAB@H@@@@ADA@@@B@@BFD@@BBBBBB@@BABA@@@AB@BA@A@A@A@A@@@AB@DABA@A@@AA@AAAAA"],["@@DCJKDEDGHCDCDEBGBGAC@ADAFAHAHJDC@@HCBAA@BAD@@@BBB@@@BCDGFAFCFEJAD@JBB@B@@E@@CAAB@BCAAAAA@@BCBADAD@DAFADAPEDBD@DABA@AACCA@@@ABEAAA@EDGBAAGE@C@@FCBABC@AAA@EBC@CBEAA@CA@C@C@A@@A@A@ACA@ABCBAGKEACDA@A@AAAACBAA@@DCBE@EBABEFADCBC@A@C@EDC@C@EBI@EACACACACC@E@A@CG@@@A@A@C@A@CAECECCACCKAECKCKAEECGCCEECICECGAGCGCEA@AAE@E@CACAAC@GAA@AAAACECEA@A@CACAAAAEAACAEAE@G@CACCAACEACCAC@E@EBCHEBCDAFEDC@E@C@G@C@ELCBEBGBE@C@C@CBC@G@C@ADA@AA@CAKCACAACCAACCACAE@AACCCECCAGECCCIEEAIAC@C@ABCDAFAHAHCJAHCLAHEFCFIPABC@E@A@A@ABAD@BABEDMJMDCBCEIKEC@C@AEAA@E@EAEDCDC@ECCCEACEEAAAG@GBE@EBEBAB@BDFDDBD@FADABE@A@GACDAFAFCFCDGDEBADADBFBDDDDBBD@B@@@@BBBFBDLBPFDD@HBJ@FDN@HFDJBF@FDBLHFDBB@DAFBB@JAFAHEB@B@JFFBBF@BBD@DDLBDLBHDJ@B@DDFBJ@HBBBBFBBD@F@FDDF@D@D@BBBJBDAH@BB@HBBB@DAJBFDFFDFBHBDDD@BDBFBBBDFDBB@DAL@B@@@@BDFBD@B@@@BCAKC@@@@BF@@@BAB@@@H@@BBB@@BBBBB@B@B@BBBDJ@FB@@BBBDB@BD@BB@D@B@J@B@@BB@B@@D@BB@@@BA@@@A@AD@@@D@@BB@@@@@@@B@@BBB@D@BB@@@B@B@BABBD@@B@B@HA@@BB@@D@B@BAD@B@FB@@B@@A@A@CAABCBADAFABABCBE@AB@D@B@@A@C@CAEB@BADA@AB@BC@@D@BA@@BE@A@@D@JAB@B@B@BBBF@BBBB@BABAB@@@@B@B@BAB@BB@@@FCB@B@BB@DBB@@AD@@DBDBDBB@@B@B@BB@D@B@@@@BAD@BDBDB@H@BBDDFBF@DBF"]],"encodeOffsets":[[[113440,33454]],[[113521,33446]]]}},{"type":"Feature","id":"420303","properties":{"name":"张湾区","cp":[110.772365,32.652516],"childNum":2},"geometry":{"type":"MultiPolygon","coordinates":[["@@oDDFF@HBFDDDDDDBDDDFDFBHD@@CDAFADBJBH@DBFBBDBDBDCDCBADC@CBCDCDE@CBC@AB@DBFBF@F@FABABC@GBIBE@CFGDCFCHAFADADC@EDEAE@CBAFEBCDG@EBCDEBEHCF@DABABE@EMI@@BAHAFBFDBBB@B@AAAACE@@@AD@D@BBDB@@BA@ACM@C@@AE@CAECEAC@A½d@@@@YHBBBB@BBB@@@BABCBA@@B@@@B@B@B@BABA@@B@@ABAB@@AAAA"],["@@AA@@EC@AA@@@B@BC@@@@@GBA@A@A@@@AAA@@@A@@@ADAB@D@@@@@DB@BBB@@B@B@@B@@ZG@@@@¾c@GCACA@ABC@A@@A@C@A@@A@A@AA@CACACA@@BC@@AA@CAAA@A@ED@@A@@ABA@A@A@A@@A@ABABA@AA@AAEAAA@A@A@IBC@@@@BAF@@ABC@@@ADA@@BCBABA@BF@D@D@BA@C@A@@BAFADABEBCBABADBB@D@B@BA@@@EAA@C@ABA@C@@@AA@@GBA@A@@@ACBA@A@A@A@@AAC@A@AA@@@A@@@@@@AA@@@C@@BCB@@@B@@A@@AAC@@@@AAA@@@A@I@A@CAAC@@ACAAA@AA@@ECIAA@A@A@AAAAA@AA@AA@@@G@@BA@A@@AE@@@@LDDB@A@@@AACCE@A@@A@K@CBA@CACEAAEACA@ACCACAGCEEEECIACBA@AA@GAAG@CBIAAA@A@C@CCEECE@C@AAAEAAGAI@EACCA@I@GCKAACCK@CAC@AAEEAIEA@A@GFEBIBA@EACBA@CAGEAKECE@IAEC@GCM@EAI@GCCOEKAACAEAA@@A@A@A@ABABG@A@@DA@A@AACAA@@BA@CBAD@@@BA@ABABA@ABCB@B@BDDBD@BBB@@BDABABABA@ABC@GDCBCBIGIFGHEHKDAF@HB@D@LCD@BBABIHGDBDFDD@HALCD@BF@F@FEDOFMDC@CCCAABEHCHGNCJ@@E@ECGCG@EBEDAB@FB@NFB@GJ@BDDJFF@XAXD@@@C@E@@FAF@B@BBADABDFBHADAB@BAB@@@F@DAD@@@BFF@FBFDBBDCPBD@DADAFCBE@IAC@CDCFADADEBCBI@E@A@C@CAAEA@CAC@C@C@EAKGAAC@GBEBE@CAC@E@GBAB@B@JAFAHEDEBEBC@E@CAAAA@AB@DBDAF@B@DBFFDFFDDFFFBFDDBDFBNBH@FADCDAH@FBF@D@DADADCDCD@DFHFDDBJHDHDLBFD@BD@DDDHDBDDBDBDDBBBBHBHAHADAHCDCDCDAFAJAH@F@H@F@HAH@D@F@LDD@DAFAF@DBDBBADBBFBFBF@HAF@FBBB@DADADCBCLCD@FBD@B@HCH@H@H@FAHAFAFAFEFEFCDCH@HAF@FBFDJDD@D@FAHMBIBEFCBCDEDCBE@CDEDAHCFCB@F@DBFDBDBFDFBDDBF@F@H@H@FAFCDCBABAD@F@D@DABAB@FDFFp"]],"encodeOffsets":[[[113433,33468]],[[113433,33468]]]}},{"type":"Feature","id":"420322","properties":{"name":"郧西县","cp":[110.426472,32.991457],"childNum":1},"geometry":{"type":"Polygon","coordinates":["@@CEEIKMGMOOIMOQMGSEGEIKECIEEK@QAE@A@A@E@A@A@C@A@A@CAA@AA@C@ABABABC@A@@AA@@ABCBCBCBA@@BAD@BABC@ABAB@BAB@FAB@FAD@DADCBABADAB@BADCBAFECAC@EAAE@C@CC@E@EA@EBAHABBF@@EFABBF@FCFCDAHEJE@CCCMAGAECCEAG@GBGDCFCDC@C@GAECCEBEBEADEDE@CACAC@CBCDCBEAEACACDADGDGCACCGCAB@HBBEBE@ICA@GBI@C@EDCDCDEBCAAC@ECAACHGBEFCDCDC@CEIAC@CBAFCDCBGAAEACBE@@ECCCAE@CB@FBFDFBDCDC@CBCAMKGCE@@D@FBD@LC@AGAECAKAGA@CBCBG@CBG@E@CAECI@CBCDAFCBC@ECCAAICGAWIKGIGKCIAK@QDGDCFGHCDCHBDDD@DABAHBFBJCNE@CAEAC@CDADAFIHAFCFADG@CAAEAKAECE@EAAAAA@CCA@A@CD@@AB@BEFA@@@@B@@BBB@@@DADAB@B@BD@@ABABADCDCBIHGFCAAEAE@ECE@C@CBA@ABA@A@C@E@E@CACACCCA@A@A@A@C@A@C@@AAA@@BABA@A@AA@KCG@IAGBCB@FFDDDBHBFHJDFBN@FCHE@C@A@A@M@A@AAYIAAmiAASIAAG@CAE@CA]MKcQECAE@MAcMG@AB]Z@@@@IH]FCBK@C@E@YBE@KBG@G@C@IBC@IBE@KBA@[AC@I@G@GAC@A@GAIAEBEBEDADCNCFCFGHIFGDIDGDOJOFODQDG@IDKFGFCBEDCHCHADADG@E@GCI@IBKDGDEDEJCDCDC@G@GAIAE@G@QDIBIAC@GAG@GBC@CAC@CBCBEHEJEFEDCBGBCBO@I@EAGAC@E@EDKJEDCDE@EBEAC@CCAEISAECC@@E@G@G@EAEAG@ICEAECECGGCAECG@C@GBKHGJABADABCDCFCFCDCFGFGDABF^LX@bDPJXJ\\F^BP@ZDdHXBP@LAFEFI@eJMJSHI@KFIFSHIFKFMDGBEHGHEHMFMA]ASFU@O@I@MCMGKEQAE@IFCNEDKCIECGEAKHKRIFMBODSHKFOFODM@I@KBKA]@O@SFOFGFIBEDLLRPVPPPJTJTLHVFNTDZNPXHXDXAPCVGXIPC\\FLFAZ@RBNDFJFFHFBbBNIJEDM@SFEN@RJPFVALALQFGFC\\K^EdFZDTA\\AXB^D^JZHJBNBPCHAVKXEVC\\ELANELCJI`MTIRGLARDVJLDNALEHGDIZOTAXFXJ\\FLBRBVBXANARAZJ\\DPBTMJI@CLK@@@AA@@@@@A@@@@@AA@@B@@@@@@@@@@@@@@A@@@A@@@@@A@@@@@@@@BA@@B@@@@A@@B@@@@@@@@@@B@@B@@B@@B@@B@@@@B@@@@@@@@@@@B@@@@A@@@@BA@@@@@@@@B@@@@BB@@@LELEJMRQJERCPBVBJDRHPDLBPDN@B@BAD@B@B@B@BAB@D@D@DA@@B@BABAF@BA\\ELEHBBB@@@@AB@@@@@B@@@@A@@@@@A@@@@@A@@@@@@@@@@@@@BBB@@BB@@@BB@@@@B@@@B@@@@@@@B@@B@@@@@@A@@@@@@@@B@@A@A@@@A@@@@@@@@@@@@@A@@@@B@@@@@@@@@@@@@BB@@@@@@@@@@@B@@A@@@@@@@@@@@@B@@@@@@@@@@@@B@@@@A@@@@@@@@@@BB@@@@A@@B@@@@@@@@@B@@@@@@B@@@@A@@@@@@@@@B@@B@@@@@@D@D@B@D@BABBB@@@D@BBB@BBBBBB@BBB@BBBBB@@BBB@D@B@BBB@B@BA@@BD@@@B@@@@@B@@@@@@@@@@B@@B@@@@@@@@@@BA@@@@@@BA@A@@@@@@@@@@@A@@@@@@@@@@@@@A@@BB@@@@BB@@BB@@@@@@@@B@@A@@@@@@@@@A@@@@@@@@@@@AA@@@@@A@@@@@A@@A@@@@@@@@@@B@@A@@@@@@@@@A@@@@@@@@A@@@AB@@A@@@A@@@@@@@@A@@@@@AB@@@BA@@@@@@@@@@@@BA@@@@@@@@A@@@@@@@@@D@B@B@BBBBB@RA@@B@@@@@@@@@@@@@@@@@@@@@@@@@@@@@@@@A@@@@A@@A@@@@@@@@B@@@@@@@@@@@@@@@@BB@@@@A@@@@@@@@@@@@@@@@BA@@@B@@@@@@@@@@@@B@@B@@@A@@@@B@@@@@@@@A@@@@@@@B@@B@BB@@@@@@@B@@@@@@@@@@@@@A@@B@@@@@@A@@@@@A@@@@@@B@@@@@@@@B@@@@@@@@@@@@@@@@@B@@@@@@@B@@@@@@@@@@@@B@@@@A@@@@@@B@@@@@@@@@H@TGRCJ@HF@@D@BBBBB@FBFBRDB@NEDCF@DAB@@AB@B@B@@AB@B@BB@@@B@@@@@@@@@@@@A@@@@@AB@@@@@@@@@@@@@@@@@@@@@@@@B@@@@@B@@@@@@@@B@@@@@@@@AB@B@@@@BB@@@B@@@@@@@@@@@@@@A@@@@@@@@@@@@B@@@@@@@@@@C@@@@@A@@@@@@B@@@@@@@@B@@@B@@B@@@@B@@@@@@B@@@@@B@@@@@@@BA@@@@@B@@@@@@@B@@B@@@@@@@@@@@@@@B@@@@@@BB@@@@@@@BB@@@@@@B@@A@@B@@@@@@@@@@B@@@@@@@B@B@@BB@@@@@@@@@@B@@@B@@@BB@@@@@A@@@@@@@@@@@A@@B@@B@@@@@@@@@@@B@@@@@@@BB@@@@@@@@@@B@@@B@@@@@B@@@@@B@@AB@@@@@@@B@@@@@@@@@@@@@@B@B@BA@@@@@@@@@@@@@A@@@@@@@@@@B@@@B@@@@B@@@@@@@@@@@@A@@@@B@@@@@@@@@B@@@@@@@@@@@@B@@A@@B@@@@@@@B@@@@@@@@@@@@BA@@B@@@@B@@@@@@@@@@@@@@@@A@@@@@@B@@@@@@@@@@@@@@@@BB@@B@@@@@@@@@@@@B@@@@@@@@@@@B@@@@@@@@@@@@B@@@@@@@@@@BB@BBBBBBBBBBDB@@DDB@BDBBBDDBBBBBBNDNHJFDVALJLNFL@dAPALEHMFW@MLUHM@MBOBS@OCMBKLONIRGNCRDJHPJLFNGJQFOHMDEHG"],"encodeOffsets":[[113332,33919]]}},{"type":"Feature","id":"420323","properties":{"name":"竹山县","cp":[110.2296,32.22586],"childNum":4},"geometry":{"type":"MultiPolygon","coordinates":[["@@@AAEBA@ABC@A@A@A@AB@BAB@B@BB@@B@@BAD@@QEAEIAAEAMEA@GECAC@CBAB@HCDCDEF@BAAA@ABCD@FA@C@A@BECCACCCAACBMDEHEBCBAB@BBBDDBDDH@F@F`C"],["@@LBJEDEACEEA@IASBKCGAGGAGAKCGECGFCJ@JFHFLBBLHLDFBXD"],["@@@@CACECGBC@ECAAAG@CBBJCFC@AF@JEBKF@DBHFN`Q@ACCAAAAAC@A@A@C@ABA@A@@D@@BBA@A@@BB@DBB@BBDBBDBDG"],["@@DCPKRIZKTAXCnM^CT@nDPFrTbBZA\\GRGLGLGT@NHTEHKZ_PKVEX@TB^NRHVNNLLJTHHJBNAPGJBPJHXDX@VCRILKPONIXBLHDHFLRTnYHI@GEQOUOSSSEI@IHIPGVATFLJPP@@@@B@PHPARItsHITCPG^AHDTHP@LIFKAQDQCyGMAQDQLWHGPGNELCNELEJEFENQDQBMFMROLIDGWa_QMKWSc@TacoC@GECWFWFENHPRLJNANCBGHQ@KIGBKLOJGDGLEVBRBDACGYQIGCMJGDI@EGEK@[GKO@OBKCGGA]BIECSFEHE@I@MCYMcIWCG@@@@EKGOQQ[M_AMIMEMDW`OHmNkPOAOUIQIOCKDI@C@CAKAIEKKIUKQCGKIOKKEO@KBGHELCJIFIDIDKJCLAFADEAKAIGMCGFQDQDMBKFK@IAMGKIGKEMCG@IBI@IAIIMECCMAGAEACAGGCKAIEKC@@@BECAECMAE@EDEBGB@@A@AA@AAE@EAC@AEEAAKIAA@AAA@O@K@AEEGEAAAAAIAG@CBAB@DAR@H@HAFALCDA@@CCAC@@AA@A@A@A@A@A@A@A@@CCAACADIHIHODKBUAKAICMAMCIAE@IBI@KEMCGEEAIAI@ICMEMCIECGM@IEMGO@GHCJ@LAFBBMHOGIKAWKIG@CCCGEEAGCACICAACBCBEBEBCBE@C@E@GAEAEACACEECCAGC@BA@ABA@EACACCEACAC@C@E@C@C@EAAAE@C@C@A@@BABABEBCDABAFADCBCBC@IBCDABAD@F@FBJBFBFBFBBBDJJFDHDFFDHCFIFK@KBEBCFEJETCPEP@HHJPJJFDFBFAFCHBJBHDJRTLXFLDJBDDDDDDFFDDDB@@@BBD@FBB@BBF@DBDBB@CDCBKBCDA@CDIRADABCBCDC@ABE@O@MAMAIAOAM@YAE@AAE@G@@BADBBHDHFFFDHBBDBBBD@F@LBD@B@BBBD@FBFBBBBHDHBBBP@B@DBFDFDD@BBN@J@FBJDDB@@BBBD@DFDJDDDBDBDDDDBDDDBBDBDDBD@FBBBBB@DBHBD@@DBDBJBDBDBDBBD@BABABIBA@ABCHADEDCBMRABGHOFABABABAB@B@F@B@BBDHHF@FBBDDDBFDLBBDBBBD@DAF@B@BBBFBDAB@DABEFC@ABABABADEF@BAD@L@DBBFBFFBB@B@DADEBO@OAICCAKEKCCCA@C@E@C@E@G@IAG@G@GBE@ABADAB@JAH@D@DBFAFEF@BBBBBB@FBB@@BB@FJ@BBF@F@DBDJHHJJDLHHJ@JDJFJDFHFLFHHDHBHNJLJVHHHAHGLCVFLRHPFPLNLBHHPJHPBLBVPFLLJLBFAD@D@DDBD@DAFCDCF@B@F@DGJCDEFADAF@FCZ@DDHHFDA@IBAJEDCFAHDD@D@DAFADC@AAACAC@AACC@ACC@ABIAE@A@CB@DBHDJ@DBDDDDFBF@DDFBDD@DBB@D@FABABCACCA@C@ABAB@FDHFFDDBF@BCFCDCFCDCDCBE@ADCFEFCDCDE@CBCFEFGJCBCBA@CAIEC@E@C@ABAB@HBDBD@D@BC@EBEBSJIFEFC@G@ECR@B@BAF@D@D@B@H@@A@@@CCCC@A_DBF@LCDGBGDGBE@G@CBEDEDEDADAB@BBDDDHDFFDBBFADAHCBA@CBCBAFCFAHABA@CACCEAAC@CNEDA@CIECCCAC@E@GDEDAB@FBFAD@D@BB@LDBBDDBF@BABEDEBECCIOE@EAAC@CDAFIHAFDDD@FAD@FBD@BBABA@EBA@AD@F@B@HAHUHSDKBABCDCBCBC@GACAC@C@CBEDGDGDE@EAC@CH@BBBBB@D@B@BABA@C@AACA_RBF@DADADDHADEFKHEBC@E@EAAAAAA@ADAF@DADABBDFFFFDBBB@DGFABBF@F@DADCD@@CA@C@CAACAC@AAGKACAACAC@C@A@A@AB@@AB@@CDEBCD@@ABABADA@CBA@EBA@AB@BADAFAF@DABAF@F@FAJ@FBDBBDBDBBB@BABCBE@EBEDC@C@CEECAEGIGCCCAAUBMFihKHSJWH]IKC[BOJIHULSJSD[DHHLN@^FHRL\\FbLXNPTGVMNMRG\\HXJHNFtBbDX@ZBXHLBLAL@"]],"encodeOffsets":[[[112631,33007]],[[113076,33034]],[[112478,33110]],[[112361,33391]]]}},{"type":"Feature","id":"420324","properties":{"name":"竹溪县","cp":[109.717196,32.315342],"childNum":3},"geometry":{"type":"MultiPolygon","coordinates":[["@@@E@ECGACCCAA@ABADAFAFGNCDABBDDBDDDAFB@D@B@@EDCBAB@BB@AFEDCDC@GBADAD@DBHFB@NFFBBBFJFBFDH@D@FEJETIFAFAD@@A@CACAC@GBABAD@F@D@JFDBB@DADAHIFEDEDAF@DCDCFEDEBCF@DADCDCDEDCDE@AAECCEECG@EBABAD@B@DDDBBABA@E@CAA@CCCEACCE@EACCCCCAI@GCCAA@@D@BBFAJ@BDD@BDDBBD@DBBB@BCDEBCBC@C@GCEBCDIFAB@JCBGECG@CDY@EBEBCFEDCHI@C@E@ADEDCBE@CACCCC@C@EBKAKIEKUOKAOAIGGOAGMKOKOEQGEKDUHKBGGGUGKIMIAGCGGGKEGECEEICI@IGIKGICGIIGAC@C@EAE@AEIA@@AA@EAA@AAAA@AFEBEAE@C@CBG@IBABCBAF@HAH@H@JBH@F@D@F@D@B@DDLDLFDBJDPBP@FABC@C@AAAEEEAAA@C@KBC@AFEBCBABABAD@FEBA@CBAACAEAAA@E@CBC@AACAAACKAECCACEAE@GGAC@A@A@E@ABABABABAPEHGBANQDAFCBCDGBAB@JABABA@AACCACACAIACACA@@ACAG@CAAAAEAC@CAACACCACCCACCACACCCICEC@CACAA@@CAICEAI@M@AAC@ECECCAA@O@AAGAGCAAAAAE@EACAAA@C@KAE@C@AACAAACGEEGEGCAABC@AH@F@BBF@ZBN@PBJBNBNBP@F@BAD@DCDABABCJQDCB@DCLADADCA@CACAE@AAA@EAC@AA@@A@CCECCECCCCACCIEKKWQSCIAGAIDGBEAECEIEOIGI@GFODOFSFIDEFALAL@JEDECGEEGCECIIACAAAEAEAEAI@E@EBCBADCG@@@A@IAC@KAG@G@G@IDCBGHABCBEBEBA@I@EDCBADCNCDCDABA@IHCDIBGDC@E@C@E@C@GAE@GEIEMGIEA@C@A@A@ABCFCH@@CBA@C@E@AAA@CAI@E@C@CBC@A@EACAA@A@EBCAA@C@A@C@E@@@IAC@E@E@GDEFKH@B@B@@FF@@BBBD@@BBBHBFFDLFPDF@BB@B@BABAB@BAB@@BF@F@F@F@B@@@BBBB@DBH@FBHBHB@@BB@BADA@ABIBCBCDADCDADGHABCFGDAB@B@@@DFH@F@H@F@B@B@BAD@DBDBF@BBB@@AB@B@BADEFCFEDAD@D@D@B@B@DAD@DABAB@@AB@@@B@@HHDD@D@BADA@ABA@C@MAE@A@CBABA@EAA@ADADABABC@GBG@AB@D@DAD@DAB@@ABIBC@CB@@EAICK@GAC@IBEBABIDI@CACAAAG@GAEAGEECC@C@C@EBE@CBABC@GFADA@EBABA@CDABCBC@@@EDB@BB@@BDBDBDDFBBDBLDFDD@@B@BABABCDKBCDA@AB@DBHBJCLAHAJ@HDNJNJJFHF@HBFBJBRALCDFDHCPELELCJEJENELENCRIPCJGHGFIBEBIDCH@JJTDNBHBDJBHBF@JBJBJBFHJLDLBN@L@LELEJGHGLINGFEDIFS^GZBVFXHPJPLNJLHJFJDVFNAHGJOTMFILKREVCN@JFZJRLVFL@LMNINMFKDKBKCKAIDMBAHALEHIRCLGPKRMNEFQLOHILCJFNXdFP@TCRKVGTANDVHLJHP@NBHLAHA^ARHJVLLVB^JPNDLD\\CTCTIVKJGPI\\ALD^JXGTILGjgNEVABBDDHDHJBFFDDFD@D@FCFAF@DABA@AAACACAAAAC@EBI@E@EBEBA@CBEBEBC@ABAB@FAB@DAB@BCBABA@@DCFADC@@BA@@BAB@B@D@D@DBBBBDHLBBD@DBBB@D@DDB@@DCBC@C@EAEBAHE@CAACAEEEEACBABC@CBEBCB@BBBBFBF@D@FALGFEBCCGBCBC@CAEEMAG@CLEFA@IBED@DEAIDAH@BBDB@FADDHDFDB@@D@FBF@HCHCFCDAD@D@DBHBD@DADADCBALATCVGBG@G@A@EBCB@FAB@BAAAC@EAC@EBC@CCBEJGBEDCD@BB@FPFDJFDFAFCBA@AAECCAAKCA@@A@CBCAE@EBAFCHCF@D@DBDDJF@DCBMF@DBDFBDDDBB@BABGDEBEDADAB@DABGBCAECAEEGCCCAC@ABABCFCFCFCDAH@F@HAHCHADC@KAE"],["@@@@BC@AA@@@AAA@A@ABA@@B@B@B@BAD@BABBF@B@BDDDD@@B@@@@G@A@C@CBE@A@A"],["@@CAAAAC@AAA@CAA@@@BAB@AC@@@@BAB@B@D@B@BBDBBBBDD@BDBBBD@B@BA@A@A@CAAAA@A"]],"encodeOffsets":[[[112615,33009]],[[112637,32998]],[[112476,33114]]]}},{"type":"Feature","id":"420381","properties":{"name":"丹江口市","cp":[111.513793,32.538839],"childNum":1},"geometry":{"type":"Polygon","coordinates":["@@OWCMAMHQFMBQEKAEAIBGFGL@TPDHFFFFFDHBFCFCHIBG@IAGDMCWBEFCLEF@NENEJINEHCPAhEPEPGLCJMFSJOFSB@BA@@DEBC@ABADCBABA@C@A@CCC@@BA@AB@BAB@BCDC@@@C@ABGBA@A@ABC@ABBBAFCD@BABCB@BAB@FDB@B@B@B@@AB@B@@AB@B@D@H@DBB@DDBD@B@@AF@@BD@@DBF@BAB@B@B@B@D@BBDDB@@BAD@@AB@D@D@B@BB@@BB@BADCB@BABA@CBAFGBABABA@A@AACAAA@CAAAAAAC@E@CBA@C@A@A@A@AAACAACCECA@CACA@@AABC@EDCBEDABCFA@@BA@C@A@A@@A@A@A@A@@BAFC@ABA@AA@A@AAEFEDABAB@BA@CBCBC@A@AC@ADCDADADAFEBADAD@HAJBHAH@BBD@B@FABGDAJBBC@CAECCC@@CBCFADAFC@A@CBCDCBAFAFAPMB@BAFALELGDCJURSCMDMBEDQLMRORMLKNGNEJALFDI@G@SEKGMIMMOUS@EBC@A@@ACA@CEAAAC@AIIGKE_MQMNCAIGGACBAA@CA@C@A@AA@@ACAC@A@AAAAA@ACCCC@AC@@@A@CBCBABC@AACCCCCEA@AAA@@BC@E@A@A@@A@A@CB@FCDABABC@@@E@A@A@@DCDE@A@AECGGIIMKKGSASCKEUQMES@CHUPMJKBGEACHGEIEKIGOEOIUIOACA@@@@IAGGKMEECQIQKGOEUASCSGWMSQQMES@CAAAAA@@A@A@A@CB@DAFCBA@AAACECCAAGECAECECIFA@@@C@A@@B@@B@@B@@@BAAABEAA@C@ABADA@A@A@ACA@IEA@C@@@CDAB@DABA@@ECCAAA@E@AAAAC@A@ABEBCF@B@B@B@B@B@DABADAB@@IHOJQHM@KAKAOIGEKO[QMCOEIKScEGKKUIYAQASFKFGHIVANGRAFUHQHQDUCSIUEKKOEQDIHEHSFeICAEDBJPVCJI@MEKIMEI@KBOFKNGNCPChCdE\\G`C\\CPBFDBDBHAD@FAF@D@DBBDDFBBDDDBH@F@FBDBBBBFBBDBDBB@B@DFDFBBBBB@HBD@BBBD@D@FBF@BFBHDHDHBFDJDFDDFHDFDBFDLDLBFDLBDDDDFBF@D@B@D@B@B@@DHB@F@D@BDBDBDBD@FAJ@F@DCD@F@D@BADCDEBAFAB@FAFCD@@BBDABBBBB@B@DCFBHLABAD@BDB@B@B@BB@D@D@B@@DBBAF@DAD@FBB@BADABED@@@DHFBBHAFCB@BBAF@B@@DBBD@BABCBC@CAOFCBEBCBC@CBABAD@@BBBBDB@ABADB@@@FA@A@IAC@IBEFEDEBCHAD@@A@AA@@C@ABB@ABGD@@CDB@B@DABBBBBBBBD@BBD@FCDABA@CBAB@@@@@BBAD@BA@@B@B@BAB@D@@BBD@D@FBB@@B@@@@@DABABE@A@@@ABBDB@D@B@BAFABB@@@@BABCFAJED@BEB@JAB@@FBFDHDD@BA@GAM@G@CDCDCB@D@B@BAB@@@BB@D@@@AB@H@@BBDD@BBB@BAH@B@B@BBBB@BA@A@CBAB@JDHDBDBB@DCFAB@BBBDDDBD@F@@@B@BD@BABAF@B@BB@@@F@D@@BA@GBABA@AD@BDDAD@D@F@@BBB@B@D@@BA@CBCB@FHBD@B@BF@D@BBBF@BB@@ABCBCB@BAB@BBBDBD@DABADEBABA@@@D@BBB@BEFEDE@AB@DB@D@D@FCDABA@B@F@DBBBBDBB@@AAC@EBCJABA@C@C@A@@B@PDDBD@FBAFCN@BD@FBDD@BBBBHB@DBBABBDBFBB@D@F@BBDDDBDBB@DAD@D@D@BBB@DBB@HBH@B@D@D@DA@@DABADAFCFAB@DABAB@BAD@H@J@D@JDB@B@H@F@@BBB@BJDBDOTELANANDTLXLRRPPPDRDXHZRPTJXTLLNJVHdDVHXRFVB^L`JHP@HEBKFK"],"encodeOffsets":[[113924,33747]]}},{"type":"Feature","id":"420325","properties":{"name":"房县","cp":[110.741966,32.055002],"childNum":4},"geometry":{"type":"MultiPolygon","coordinates":[["@@AAA@ACAACAC@A@A@K@E@CAC@@@E@EAC@@ACA@AHI@AUOEAE@EBA@AABEACCGEAEBCA@@CAE@A@ABAD@BHBBBALBFBDBDDBNFDH@@@B@D@@@F@B@BBBBB@BBDDBDFBFDD@@BBB@B@FGDCBADEBABAB@B@B@D@@@FBBBBB@@@BBDBBBDBBB@D@D@DA@@BEFGFG"],["@@BAD@@@BABABADAFEB@@A@GBCB@FCB@@A@AAAAAA@C@CBC@A@@@@ABABIBAACBA@CBCBADCBEBC@ACCAAC@A@AA@ECK@C@CAG[J@D@D@D@BBBB@B@@BBB@B@B@B@BABAB@@A@AA@@AAA@E@@@X"],["@@HEFDDHBLBHHHHBLDTAJBB@FFBDCFIFKAcâXbCHKJQPENANCRMREFIFKFMFKDMFOHGHKXCRBRHNROFQBKFINEPCV@V@Z@ZBP@RF\\JHJNBNFNLTRLNHD@H@HBPFFFF@NBH@J@FBFDDBJHDADAHCD@BAB@BABABAAC@@AA@AACCC@A@ADABAB@BABAB@@A@@BCDAB@@AB@DBBBB@B@@CB@H@BABAB@B@B@@@@AACCACCACAEBCBCFAHCDCDEBEBEDCHBB@F@BABC@EACCCCE@ABAFAFAF@HAH@BBFBDFFBDDFDD@DCFCFBF@B@FB@B@DFDJLDFDANCNIFCBA@ABCBAB@B@F@D@BAJODEFEBGDKBGDIBGBGBEDCBAD@D@JBFBJFDDFDBHDDDFDDBBF@DBDBBDDBBDDBDBBL@DBBB@BCD@H@D@DAD@D@F@HAFADAFKD@H@D@F@D@FCBEDCFADGC@GBCACAAEDOD[H_F[DcDgDOHMLMPELAJ@NFLJNFJ@DIOUAIFCDBfJTEFGJGRCPFLLVFTJVDRCRGVGBEHQBMJUHGLETERBZBVJLLFHTdJLPFND\\RLPHFPJLBLBN@RGPIJG@@BABCBA@C@A@A@A@A@ADEFABAB@D@BBBBF@B@BBDD@FB@BA@CBADC@@D@B@JFB@BDB@B@B@BCBAD@B@FBBABB@A@@@AA@@@@AB@D@@@B@JECEKG@AAABABABAD@B@DAFCBABCD@@@B@B@B@BBBBDBBBD@DAB@F@@ABAAA@AEE@CAE@E@C@C@E@E@CBC@ABABAJADADABABCBC@ABADEBABGBAE]KWMUGMKWOMIOSOSKSKKE[MWEABGFEBA@C@A@C@AAEACACA@AA@@CEECCCCAA@AABC@CBC@AACICCCAIACAC@CCGECCAACCAAEA@@CFEBGDAHADA@CAEICCIAGGEMEKCM@E@@D@FDLFLBL@FABCBA@EAAAGAGEKGACAAE@QAC@CLGJBBAACAG@CAAE@C@AE@EACAAA@EDC@CAEECC@CAE@ABE@A@@@A@@CCA@@@BAFBBA@AAAAA@@@A@AD@BADABA@AB@@@B@@B@B@B@BBBD@BB@B@DBDBBFFB@B@BADAD@D@DEBABGBCB@@A@A@AC@AAA@AI@A@CBABC@@LEF@BABADAFQDCBA@C@AA@CCECEAA@A@A@ADGFABELGH@BCBCDCDABA@C@CAAACGAA@B@BCT@BCHMNADCJ@PAF@@AHCD@BADIHIBCAG@IBM@GAGCCAC@AAA@@I@ABCBA@A@@AA@@C@C@A@@@AAAAA@EIAC@ADAFCWC@G@C@A@A@A@AB@@ABAA@@@@@@@ABA@AFAFCBAD@@ABCBA@C@@BABA@@AC@ABA@CBA@@B@B@B@B@@B@@@B@F@B@B\\I@AACAA@@@@BAB@BADAF@@ADGDCCCKGCCEGA@A@@@A@@A@@@AB@BA@C@EDEB@@@B@@DB@@@BAFAB@B@@ABC@ABADC@A@YAG@EDCBCDCBADABCBC@C@C@CACAAA@C@C@EC@@@ABAD@BA@A@AAAA@AAEC@@EAIAAAAACAA@A@CFEFAH@DDJ@BAB@@CD@@@B@@@BD@HDB@BBBD@D@F@B@B@B@BABCFABABA@CAA@ACAACCECGCGGCCACCAE@AD@DCBADCBEBCBCDABADAD@J@DABA@KBABGHABA@A@A@GCECEAOEG@CA@C@ADC@A@C@CCBEBIBEBEDEDABCDADADABABC@E@G@IAECAAAA@@BABCHCBABA@A@AAAC@C@@@CFCBABABA@AAAC@CDEHG@A@A@@AAA@CAK@MCE@I@A@A@ABCDA@@BA@KAA@A@ABCDA@A@C@AAC@A@GDC@CBAAC@CACAAAA@ABADCDEH@BC@EDE@G@G@EA@A@EDEDO@ACCACCAC@K@C@EAECAC@A@EFCCCAA@AAAA@CBA@ABADAFCFABABABA@SDI@Y@CBEB@@A@KBEBIDEHO@ODMFOH@@EAECAA@CAIAE@AAAAAAAC@C@C@E@CBMHCBA@CAA@ICAAA@ABC@@BEDA@E@CAKGA@AAA@C@A@ABIF@BA@C@C@EAIEC@C@ABEDA@A@GAC@C@G@GBEBEBG@O@@@E@GBA@@AA@AIAA@AAA@@AAC@GAE@CAA@A@CDAB@@DFDF@BBB@BAD@DA@@BA@A@E@CBCBGAWEICKGACBCBAJEBA@A@AA@AAOEKECA@A@@@EBG@CAG@AA@AAA@GBA@AAGAGEGEA@A@A@ABABEDGBOB@B@@@B@BBBABADABA@ABOBCAA@A@CAE@E@EAAAAA@CCEAECCAACAEAEAAAC@GBIBC@C@CAEA@AA@@C@GAMBM@C@ABABE@C@@@AECECEAKCKCCAA@A@G@IBE@G@KAMAG@A@C@KDC@G@M@IAGBIEEEGGIEKCKAKCICGEGGEG@KBGAMCIEMEQAA@EAEAEEGEK@AD@D@DAB@DCJEDCFEBCBE@IAMACCCCCICICEACAEACEEEEIAGBA@AF@DAB@DEB@B@D@B@HC@@BAB@BCB@@A@A@@@ADAB@BA@@@A@AB@@@@AB@@A@@BA@A@A@@@@AC@@BA@AAABA@A@AC@KCCAAAAAAA@E@I@ECEAAAAC@ABABIHKHCBC@IBC@@BEHEFCDABABCL@BEDCBCBCBE@E@C@EAM@YBS@C@CACAEC@ACAGCSIMGCAAAGMGEKGOGIAKEEAKBI@GD@HHPFN@JHNFDDJFNDN@JBJBJFFDHFN@LAJ@JBFDJBNDNBJBLAVCLGPGJCJDBBBDD@@@B@B@B@B@B@B@BBB@@BDDD@@CBKDEBGBG@Q@CBA@AB@DBHBJBBBBHFFF@B@L@PBB@BBBLJBBFF@BBD@FBF@BBBB@@@HAFAFCF@NBFDDBAF@@D@FLBJDLHHDBFBHBNBDDNFJJJBJ@JAH@NDLFJHHLBN@JELALCNCRERDHHNBJBLCFEBKBIDCLCJEJIJKDGFAH@LFPLLJPHLRDVLLJFLBJBL@D@DCJDLJPJRPVPBlOnMPGX_NCNFNJ`B\\NRRHPFL@@@@DHJXNdDZ@N@JGFEFDTJF^AHBDHAL@PLP\\HL@HF@FCJIHDNJHZRDHCBQAUAKFCHIHNN"],["@@WCEAKCKGAAEKEG@IDIMMKPALJH@LGRAHMDMBKIOQMGEFEXDXHFD@dpSbd@XTNL`Rdá"]],"encodeOffsets":[[[113819,32805]],[[113664,32754]],[[113044,33004]],[[113076,33034]]]}},{"type":"Feature","id":"420304","properties":{"name":"郧阳区","cp":[110.812099,32.838267],"childNum":2},"geometry":{"type":"MultiPolygon","coordinates":[["@@HBH@J@D@\\BB@LAF@JAD@JAD@H@H@LAF@ZAF@D@L@DA^EJG@@@@^YBAH@dNNBF@DBRFLd^NDBF@DBH@BBTJBBnjBBZJBBB@N@B@B@D@F@DG@EAMCEGIAEAGCCEC@EDAHAJBH@LDB@@B@BABAB@@BB@BD@B@D@B@B@B@B@DDBDBD@D@F@F@D@BAB@BAB@D@DDF@FBFBFDBHEJGDADCBCBABA@@ACA@A@CBCB@@A@AA@@@A@@B@FE@ABA@@DCB@B@DDB@BBBB@FDFBFBLBFDBH@BCDEBEJGBEBCDCD@FBDBF@DMAIAEBGBA@CCCACDGDCHGDEHCRCL@JBLDJHLHXJHBJDBBDD@FADEDCBAD@DDJBF@D@FAH@DAHAD@DHBLBDBBFBHD@@KAC@E@CF@HDNLDBDAD@DCACCEAE@EDAF@DBDD@FF@DAFBBBAHCDEDAB@DBDFJ@DCDCDEDAFGHBDDB@FBDDBFADCDCFCD@J@HAB@JDF@FAAA@GBAHDDDDBCHCHCBBDBDBFAFCDAD@DBDBD@DCFCFFBFAFADDBF@H@DCDEDCDAH@HBHDFFDHBNBDD@DIFGFCBEDEDE@AAEB@FE@AAGBAB@FFBF@D@@D@DBFFBD@DBEFABCDABA@CBABABCDCBC@EBA@EBA@ABA@AB@BADABC@AB@@ABADADAD@BB@@BB@D@BABABAD@B@@BBB@D@B@B@D@B@B@F@B@BBF@RFLJFFDJLHFTFNHPRJNPPHNLNFJDFVWROPMRARF@JCL@NHRLRRLRNPFZFR@PARAHABBB@DBBBBBBDBB@@BBFDDD@@D@@ABE@A@ABCBAB@@AF@B@BBDDBBDF@B@BCD@DABAB@DADADAD@B@BABBDBD@B@BBF@DBD@DDDBBBBDDBBBB@DDBB@DBD@FBB@BAD@LFD@D@B@B@BAB@B@DBBBBB@DBB@BB@BB@@BBB@`CPEPGLAVDTPNPXZPPNPHFLFP@BBDAH@D@DA@@V[BCBADAB@FADABA@@B@B@D@BABABABC@ABA@CDCBCBABAD@B@BAB@B@FEDC@CDEBAREHEU]@@ABC@A@AAA@@A@@@A@@AA@@@AA@AAA@AA@CA@AAAACAA@CCAAAAB@@A@@F@D@BBD@B@@BBB@@B@D@B@@@B@BD@@@@B@B@@B@@XOOSFGJBTTNNVLPDP@LCHEFILOJELAHCBEBBBBDBJD@A@A@AAAAAAA@@@@@A@A@@@@BAB@@ABA@A@MBARMVMNEB@D@B@BADCB@B@B@HCFCHCBECEAC@AACBC@CBCNKLMFOAMUIGAQAMGIEMIEG@MJEPDTHNDL@vA^CRAJEFEBIEKDMNGXSJOJUFQDMKQKGEAKEELALGFO@IGK_A]EUWQUGcCUGMIKKWSSIQOGYCWCQOOQOKQKWCSBMBMFKPSACIC@AAA@AE@G@A@A@ICC@I@G@C@ABA@ABCBA@EBEDCBABCB@@CBC@C@A@G@GAA@CAA@AAC@C@C@CBA@CACACCAAE@C@A@EACAAAABCAA@AGAA@ACCEAC@@ADMBEEAC@CAOCA@@@@B@D@DABIBAD@FBD@BA@CAAAAA@C@E@AABCBEDC@C@A@@CBAF@FCFE@AAA@A@C@@ABABCFABCBC@CAAA@ABA@ADADABA@@AAE@AA@A@CAEA@C@GA@EDADAB@@AC@A@A@AA@@@E@CBCCC@ABCB@BAHAB@@AC@E@@@A@@A@ABEBA@AACA@@@E@C@CACCAA@ABADE@CAAACGCICA@AB@D@BABA@AA@A@A@ABG@AAA@ACCAA@@@GBA@@C@A@@A@@BA@A@A@CDADCDCH@N@HBB@@ACCCGAE@EA@IBA@AFC@IFEBADAB@@@@AAEBABA@C@A@ACBA@@B@F@BABA@C@@@@@AA@EAC@C@AA@@@CBA@A@A@AB@@ABCAA@@@@A@AB@DABCBEDC@AAC@AAAAAAAACBA@A@GIGBEBCB@BBDAHAHCFCDGDCHCFILCD@@@DDN@BAB@@CAAAC@C@@B@@DFBBBBA@A@AAECEAGBAB@@NJ@FAFABCBE@GDAFCFAD@FCHADEFAB@DBFCF@FCDCBEBGBEDCDEH@DAFAJ@HADABEBE@E@EACAA@@BAD@DCFCDAD@DCDABCDCDCACAAAAE@CAGAIBCBEDC@@GCEAECCCACCCCCCCAE@GEECCEEECA@ABCBC@E@C@ABABCDEDEBG@G@E@E@CAACCEAEACECCAE@A@EDGDCBCF@DAFCDCFADEDAFAJGNEBC@C@ICECEAE@GBG@CDEDEFEFEBEBGBEBG@G@G@GDA@C@EAC@KDADCDCBCBA@AA@EBE@GAEAEAECAABCACAE@EBCBC@KCE@C@G@GBE@G@E@G@IBEBCBCDCDGDCBGBGBGAAAAACCCACAACGCCC@CACC@AECKCGIGCAECEG@CDCDCBCBC@C@CAE@EBGDCBC@EAGAMCECAECEAEECCEEECAE@C@ABEAC@CBAB@BBDBF@D@FAFAFCBGBE@I@ABAHAF@D@DBF@FAHAD@BBLHFBD@D@D@DBB@BFDBD@B@F@J@DAFABCBCDEDCD@JBF@DABEBC@CACDOACCAAE@EEE@A@@BC@C@E@@BA@ABABCAGCEBABCAAA@E@EB@@@F@D@@WCWBE@IECC@AHIA@MEA@@EBAFCFAH@HDFDF@@@DIHMDGFGBADBDDD@NCPEFC@E@EAEC@KDGBC@ECACHCJGBAAAC@KDC@A@@GBELCFGHGJECAECEAI@G@MAE@EEOEGAG@C@MGQKKSEMAMIMIG[QEO@YAY@U@U@ODMFEJALERQPDzCRBRELKJO@SGGC]BOHSDGJstQJOBOGA@@@@@OOKISEUBOHGJ@JFJTTPTPVFR@HGJmZPFPHHFDLEFUNIFKRERKHQTGFGFCNBPHVFP@LDR@hGXAJEDG@MGM@GFIHELBJFLFFJNFJCFBF"],["@@JCJODSWWAAWPBBBB@B@@@B@@DF@@@B@B@@A@ABV^"]],"encodeOffsets":[[[112785,33597]],[[113712,34000]]]}}],"UTF8Encoding":true}