{"type":"FeatureCollection","features":[{"type":"Feature","id":"440103","properties":{"name":"荔湾区","cp":[113.243038,23.124943],"childNum":1},"geometry":{"type":"Polygon","coordinates":["@@@C@A@@@@AA@@@@@@B@@ABABC@@@C@@@@@AB@@AD@@@@@@@@@@@B@@@@@@@@@@@@@@@@@@@@@@@@@@@@@B@@@@@@@@@@@@@BB@@@@B@@@@@@@@@@@@@@@@A@@@@@@@@@@@A@@@@@@@@@@@@@@@@@@@@@@@@@@@@@@BA@@BAA@@@@@AA@@@@@@B@@@@@@@@@@A@A@@B@@A@A@@@@@A@@@@@@@@@@@@A@AAA@A@IA@@AA@@A@@@@@@@@@@@FA@@@@@@@@@@@@@A@@@@@@@@@@@@@@@@@@@@@@@@@A@@B@@@@A@@@@@@@@B@@A@@B@@@@@@@B@BA@@BA@@B@BA@@@@@@B@@E@@@@@@@A@@AC@@@A@@@@@@@A@@@@@A@@AA@@@A@@@A@@@@BA@@AA@@@AB@@A@A@@@@@A@@@C@@@@@@@@@@@@BA@@@@@@@AGA@@@@@@@@@@@@@@@@CAEAA@EAB@BCDEDEBAHW@A@AB@@@@ADEBC@@BC@@BA@@B@@@@ABABA@@@@BA@@@@@@BA@A@@BAB@@AB@@@BA@@@@@@DA@@@AB@@@BA@@@@B@@A@@DA@A@@B@BA@@@AB@@A@@@@C@CAC@CACACACACACACAMEI@WAOAIBMBE@CBKLGFGFIDE@EDEBCDCJAD@BBB@BBB@B@@CD@B@@B@F@D@FBFFFBDBBBVA@@@@@@B@D@B@@@@@@@@BBB@@A@@@@@@B@@BBDB@@BB@@AB@@@BBB@@@@@@@@@@@B@@@BA@@BB@@@@BD@B@@@@B@D@@@B@@ABCAAAA@EB@@@@CP@@@@AD@@@@@@@@@B@@AD@B@@AF@@@@@@@B@@@DADB@L@BDBJBP@JBBDH@FBB@@B@BCDGBAFABA@AFC@BBB@BB@@@@@@@@@@@@@@@@@DBBDDDBB@@@@B@@@@B@B@DBD@@@B@@@@@@@@@@@@@D@BHB@BB@@B"],"encodeOffsets":[[115961,23716]]}},{"type":"Feature","id":"440105","properties":{"name":"海珠区","cp":[113.262008,23.103131],"childNum":1},"geometry":{"type":"Polygon","coordinates":["@@J@F@FB@@B@@@H@D@DAB@DAF@F@@@@@B@HAL@R@D@B@B@@@@@LB@@B@@@@@@@B@D@BAD@D@BAD@@@B@DAB@D@@@BA@@B@@@@AB@@@B@@A@@@@B@@@@@BAFADALAB@BAAC@ACEBADADABAA@ECEACAA@AA@@A@A@CAC@A@AA@@@@@@A@@@CAWGQCGCGECEACAC@ABC@ADC@A@A@AACAAACAACACAEAC@A@AAC@A@CBC@A@CBCBGDGBEBGBA@A@C@A@E@C@EAE@G@GBG@EBE@EBEBE@CBA@A@C@C@AA@@@BA@@B@@ABA@@@@BCB@@@BA@@@@@AB@@A@@B@@CB@@@@@@AB@@A@@BA@AB@@@BAB@@@@@@AB@@@@ABAB@B@@A@@@AB@@AD@@ADCF@B@@A@@B@BGXABCFCFADA@FBB@FBDB@@@@@@@@@@@@@@@@HBHDLF@@@@@@FB@@@@@@@@@@DBJ@B@D@DA@@B@@@@@BALC@@B@@@@@JCDAJAB@DAF@FBF@JB@@@@@@@@DBB@@BD@D@@@"],"encodeOffsets":[[116043,23664]]}},{"type":"Feature","id":"440104","properties":{"name":"越秀区","cp":[113.280714,23.125624],"childNum":1},"geometry":{"type":"Polygon","coordinates":["@@@@@AB@@@@@@@@@BC@@B@@@@@@@@@@@@A@@@@@@@@@@@@A@@@@@A@@@@@@@AA@@@@A@@@@@@@@@@@@@@@AAA@@@@@@@@@@A@@@@A@@@AC@@@@@A@@@@@AB@B@@@@@@@@@@@BA@@@@@@BA@@@@@A@@@@@@@@@@@@@@BA@@@@@@@@@@@@BCBE@@@@@@@@@@@@B@@@@@@@B@BD@@BB@@@@@@@BB@BA@@@AB@@@@@@A@@@@@@@A@@@@@@@@@@@A@@@@@A@@@G@@@@@@@@@@@@@@@@@@@@@A@@@@@@@@@C@@@A@@@@@A@@@@@@@@@@@@@@@@@@@@@@@@@@@@@@@@@E@@@@@@@A@@@@@E@@@C@@@A@@@@@@@@@@@@@@@E@@@@@@@A@A@@@A@@@@@A@@@@@@D@BAB@@B@ABAD@BA@@@A@@C@C@@AA@CA@@@@@@@@IAE@EAE@CBA@IBCBID@@@@A@@@KDAB@@@@A@@@CBC@A@I@CA@@@@@@@@@@EA@@@@@@KEGC@B@@@@@@AB@@@@@@@@@@@@@D@@@B@@@@@B@BA@@B@@BB@@AB@@@@@B@@@B@@BB@@@B@@@@@B@@@@@@@B@@BD@@@B@@@@@@@FA@@@@@@@ABA@@@AB@@ABA@@@@@@@A@@@@BA@@@@@@@@@@B@@A@@@@B@@@@@@@@@@@@@@@@@@@@@@@@@B@@@@@@@@@@@@EB@@@@@@@@@@B@@@BB@@JBB@B@BBB@@@@@@@@@@@@@@B@@@@@B@BA@@@@B@B@@@@@@@@A@@@@@@@BB@@@@B@AB@@AB@@@@@@@@@@@@@@@@@@@@@@@@@@@@@@@B@@@@@@@@@@@B@@@@@@@@@@@@@@A@@@@@AA@@@@@@@@@@@@A@@@@@@@@@@@@@@@@@@@@@@@@@@@@@A@@@@@@@@@@@C@@BA@@B@@@@@D@@ADAB@BA@@@@@@@BB@@@@@B@D@B@@@@@@CB@@@B@BB@@@@@@@@B@@@@@@@@@@@B@@@@B@@@AB@@@@@@@@@@@BA@@@@@@@@@@@@@@B@@@@@@@@@@@@@@@@@@@@@@B@@@@@@@@@B@@@@@@@@@@@B@@@FA@@@@@@B@B@FA@@BAB@@@@@@@@@@@@@@@@@@A@@@@@@@@@@@A@@@@@@@@@@@@B@@@@@@@@A@@@@@@@A@@@@B@@@@@@@@@BA@@@@@@@@@@@@@@@@@@BA@@@@@@@@@@@@@@@@@@@@@@BA@@@@@@@AB@BA@A@@@@@@@@@@@AA@AA@@@@A@@@A@@@AC@@@@@@@@@@@@@@HCB@@@D@@@@@@@@@@@@@B@@@@@D@@@@@@@B@@@@@@@@@@@@@@@@@@A@@@A@@B@@@@@@@@@@@@@B@@@@@@@B@B@@@@B@@BFBB@@@@@@@@@@@@DBD@@@@@D@D@BB@BB@B@BB@@@@@@@@@@@@BABAB@B@@@@@B@B@B@@@B@B@@@@@@@@@B@@@@@@@DD@@@B@@@@BB@@@@@@@B@@@@@@@B@@B@B@@@@@@@BC@@@@@@@@@@@@@@@@@@@@@@BAB@DB@@B@@@BBB@@@@@@@@@"],"encodeOffsets":[[116026,23716]]}},{"type":"Feature","id":"440106","properties":{"name":"天河区","cp":[113.335367,23.13559],"childNum":1},"geometry":{"type":"Polygon","coordinates":["@@EG@AA@@A@@@A@A@A@@@@@A@AAE@AAA@@@AA@@AA@@@BAB@HEHE@A@@@A@@@A@@BARMHCBABABA@@@@@@@@@@@@AA@@@@@@@@@@@@@@A@@@@@CA@@@A@@@AAA@A@@@@DCB@AA@@@CAA@@CC@@@@@@@@@A@@A@@@@@C@@C@@@@B@BA@@@@B@@BB@@@@@@B@@@@B@@@@@@B@@@@@@@@@@@@@@@@DA@@@@@A@@@@@@@@@@BD@@@@@@@@@@BB@@@@@@@@@@@@@@@@@@B@@@@@@@B@@A@@@B@@DDB@@B@@ABA@A@@B@@BB@@BAB@BAB@@@B@FBB@@@B@BA@@@A@@A@AA@@@@@@@@@AA@@AA@@@@@@@@AAC@@@@@@@A@@AC@@@@@@@@@@@@@@B@@@@@@A@@@@@@BAAA@@@A@@BB@@@@B@@A@@@@B@@A@@DB@@@@@@@@@@@@@@@@@@B@@@@@B@@@B@B@@@@@@@DD@B@B@B@@@@D@B@@@DG@@@@@@@@@@@@@@@@@@AAAA@@@@@A@@@A@@@A@@@@@@@@@@@@@@@@@@@A@@@A@@@A@@BA@@@@@@@@@AA@@@@@@@@@@A@@@@@A@@@@B@@@@@@@BABAB@@AB@GU@@@@@C@@@@EM@AAE@@@@A@@@@ACC@@@@@A@AAA@@@@@A@@@@@@@@@A@@@@A@@@@@A@@@@@A@@BCAA@@@AB@@@@@@AAAAAAAC@A@@@AA@@CAE@@A@AIA@EE@@GC@@@@@@@@@@A@AE@@@@@A@@AAKBCBEBAB@@@@A@@@@@@BA@@@A@@B@@A@@@AB@@C@A@CBA@@@C@ABC@C@ABC@A@@@@@@@A@@@KA@@@@A@A@C@Q@K@GBA@@@@@E@E@CBA@CBC@G@@@A@@@EAE@I@@B@@ABC@AB@B@AA@ABC@@@@@@@@B@@@@@B@@@B@B@@@@@@@F@@@@@@@@@@@@@@@B@@@D@@@F@@@@@B@@@@@@@F@@@@@@@@@@@@@@@@@@@@@@@@@@@@@@@@@B@@@@@B@@@D@@@@@@@@@B@@@@@@@@@@@@@@@@@@@@@H@@@B@@@@@B@@@@@@@@@@@B@@@@@@@B@@@@A@@B@@ABA@@A@@@@@@AA@@ACA@@@@@@@A@@@@@@@@@@@@@AFAD@@@@@@@@@@@@AB@@@@@@@@@@@@@@@B@@@@AB@@@@@@AB@@@@@@@@@@A@A@@B@@@@@B@@@@BD@@B@@@@@@B@@@@@@@@B@BB@@@@@@@@@@@@@@B@@@@@BB@@@@@@B@@@@@B@@@@@@@@@@@@@@B@@@@@@@@@@A@@@AD@@@@@@@@A@@B@@@@D@D@@@@@@C@@B@BA@@@BB@AB@@@BAB@@@B@@@@@@@@@@@@@@BB@@@BA@@@@@@B@@A@@@A@@F@B@BB@@@@@@@@B@@@@@@@@@@@@D@B@B@BBBB@@@@@@@@@@@@@B@@B@@@@@@@@@@@@@@B@@@@@@@@@@@@@@@@@@@B@@@@@@B@@@@@@BB@@@B@@@@@@@BABA@@@@@@@@@@@@B@@@@@@@@A@@@@@@B@@@@@@@@@@@@B@@@@@@@@@@@@B@@@@B@@@@@@@@@@@@@@B@@@@@@@@@@@@@@@B@@@@@@@@@@@@@@@B@@@@@@@@A@@@@@@@@@@@@B@@@@@@A@@@@B@@@B@@@B@D@@@@@@@@@@@@B@@@@FDBDBB@@@@@@@@@@@@@@@B@H@@@@@@@@@@B@@@@B@@@@@@@@@@@@@@@@B@@@@@@@@@@@@@@@@@BBBBB@@B@@BF@@BD@@@@@@@@@@@@DD@@@@@@B@@@@B@@@@@@@@@@@@@B@@@@@@@@@@B@@@@@@@@@BL@B@@@@@@@@@@@B@@@@@@@@@@@@@@@@@@@@@B@@@@@@@B@@@@@@@@@@@B@@@@@BBF@@@@@B@@@@@@@@@B@@@@AB@B@@@B@@@@@@@@@@@@@@@@@@@@@@@@@@@@@@@B@@@@@@@@@@@@@@@@@B@@@@@@@@@@@@@@@B@@@@@@@@@@@@@@@@@@@B@@@@@@@@B@@@@@DJ@@@@@@@@@@@@B@@@@@@B@@@@@@@@@@@@@@BBJF@@@@@@@@@@B@@@@@@@@@@@@@@A@@@@B@@@@@@@@@@@@@B@@@@@@@@@@@@@B@@@@@@@@@@@@@@@@@@@B@@@@@@@@@@@@@@@@@B@@@@@@@@@@@@@@@@@@@@@@@@@B@@@@B@@@@@@@@@@@@@@@@@@B@@@@@@@@@@@B@@@@@@@@@JA@@@@@@@@@@B@@@@@@@@@@@@@@@@@@@B@@@@@@@@@@@B@@@@@@@@@@@B@@@@@@@DDB@BDDDB@@B@@BB@BBBJDDDB@HFB@B@@@B@@@B@B@DG@A@A@@@A@@@A@@@@@ABI"],"encodeOffsets":[[116128,23790]]}},{"type":"Feature","id":"440113","properties":{"name":"番禺区","cp":[113.364619,22.938582],"childNum":1},"geometry":{"type":"Polygon","coordinates":["@@ABCDA@CACC@@A@BHABEFEDEBA@CDGFCF@F@D@BBBBF@B@D@D@DDDBBB@BBDB@BADA@IBABAF@D@DBFBB@BFB@BABAH@DJABAB@DA@BBDBBABA@CAAB@BAPEP@DDFBFDBDBDBDBDBDBDBD@DBD@@@BBD@D@B@B@DAF@FAFAF@FAH@HAH@F@FBD@F@B@D@B@B@HAFAHAHCDADAB@D@DAB@D@BBB@D@FBDBDBBBBDBBBD@B@B@BCD@BAD@BBDBDDFHFHDRDXHDBBC@ABCBA@A@AAAACAA@ABA@ABAB@DADAD@FBR@D@B@FDFBFDDBHDFBFDHBHBH@HAH@DAFAFADAHCDAPGNGDAB@NIFEJMHKNS@ABcF_FYJWHKHKJ[HSLYPaNOHM@G@MCMCQ@O@ASJYNcPSLUHAAMJMDSHYLOFE@UBGBa@OBEBC@EAGEGCGAEAM@S@G@GAKAGCIEC@CAMCCA@@KCGCOAQEEAIAGCGAC@I@eZEBCH@FBDBBD@D@D@BB@DAF@H@F@LAHAH@B@@@@B@@@@@@@BBDBB@@ABABBBDJBFD@@CHADCFABABCDCDADC@CB@BA@IDA@@@@@"],"encodeOffsets":[[115995,23506]]}},{"type":"Feature","id":"440112","properties":{"name":"黄埔区","cp":[113.450761,23.103239],"childNum":1},"geometry":{"type":"Polygon","coordinates":["@@ACEMEMEGQMKOEKAG@GMTGLINEFMJA@CBMHOHCBGDCBEBEBCBG@GBG@GAGAECEAGCCAECEAECA@C@Q@EAC@CBCBA@AB@BAB@BBBBDBB@B@BABAD@BAD@@B@@@@@@@BBB@D@DBB@B@@@BBB@DBFBFDB@ABCBCBABDF@BBDABA@BB@@@B@@@@BFB@@@@@@@@@@@HD@@FFB@BJB@@@BF@DB@@B@@@BBDBBBBBB@@@@@@BA@@B@DB@AB@@@@@B@@@@@B@@@@@@B@@@@@@@@@B@@@@BB@B@B@@@@DD@B@@B@@@@@BF@BFN@@@@@D@@@@HVA@@BA@ABAB@@@@@@A@@@@@@B@@@@@B@@@@@@@@B@@B@@@@@@@@AB@@@B@@@B@@@B@@@@@@@@@@@@@@@@@@@B@@@B@@@B@@@@BBBB@@@@@@@@@@@@@@@@@@CH@@A@C@@@@@@A@A@ACC@@@@@@A@A@@@A@@@@@A@@@@@@@@@@@@@@@@@@@CA@@@BA@@@@@@BA@@@@@AA@@@B@@BBAB@@@@@@@B@@@@A@@@@@@@@@@@@@@@BD@@@B@@@@@@BD@B@@@@@@B@@BB@@B@@@@@@@@BBB@@@@B@@ABA@@@A@EAA@@@A@ABA@AB@@AA@@@AB@B@BA@@@AA@CC@@@A@@@BA@@@@@@@A@@@@@@@@@@@@@@@@@@@AA@@@@@@@@@@AC@@@@@@@@@@@B@@@@CB@@@@@@@@@@@@@@@@@A@@@@A@@@@@@A@@@@A@@AA@@@@@ABA@@@@@@DD@@@@@B@@@@B@@@@@@@@DD@@BB@D@@BBA@CD@@@@@BBB@B@@@B@@DB@@@@B@@@@@@@@@@@@@@@BB@@@@@@@@@@@@ABABABGDQNAB@@@B@@@B@@@BGFGFA@AB@@B@@BB@@B@@BB@BBF@B@B@@@@@B@B@B@@@BB@@BFHB@@DB@BBDDBBAD@@@D@BAB@B@B@@B@BBB@@@AB@@@B@@B@@A@@@@DA@@DB@BBBBAB@@A@AACD@BCBA@@@@B@@@@@BBB@@CBAB@B@BB@@@BB@AFBDA@A@@@A@A@@@AB@D@BBBBAFAB@@@BB@@@@@@@@BBB@BD@@@BA@@BCD@BA@AB@@@BAB@@AD@@AD@@@@BBD@F@@@B@B@B@@@@@B@BBBB@@DAB@DCB@BEBA@@B@@@@A@@BA@@@@B@@AAA@@A@@@A@BC@A@@BA@C@@C@C@A@@ACABAD@BABB@@@@@A@A@@A@C@C@@@@@@@@@@@@@@@@@@@CADCBBB@@@@@@@@@@@@@B@@BB@B@@BB@@@D@@A@ABA@@B@B@HBD@B@@@B@DBBA@BBABA@@@AD@@BB@@@BCBA@@B@@B@@@B@@A@@@@B@BABB@@@@@B@@@H@@@@@@A@@@A@@BBBBBBB@@@BB@@@BAAA@@B@@@@@B@@DB@@@BBB@@@@D@B@B@JB@@B@B@@@BB@FBDB@@BB@@@@B@B@@BBB@@@FBDBDBB@@@BB@@@@@B@@@@@@@@@D@@B@@@@@@B@@@@@@@B@@@BB@B@@BB@@BA@A@@@@B@@AB@@A@@@@A@@@@AA@@@@@A@A@@@@B@@@@@@A@@@@@A@@@@@@@@@@A@@@@@@@A@@@@@AB@B@@@@@B@B@@@D@BBBB@@@@@@@@@B@@@@@@@@B@@@@@@@@A@@@@@@@@B@@@@@@@@@@@@@@@@@@@B@@@@@@@@@@@@@@AB@@A@ABMF@@@@@BBBDDDL@@DB@B@@B@BBBBHD@@@B@@@@@@@@@@@@@@@@@@BJAB@@@FAB@@AD@@AD@@@@@@@@@@@@AB@@@@@@@@ABA@KDCBABAAA@@@AAA@@B@@ABAB@DABE@GA@AA@@@IB@@CB@@A@A@@B@@AB@@BD@@@@@B@B@@@@@@@B@@@@@@@@@@@@@B@@@@@@@@@B@@@@@@@B@@@@A@@@@@@@@@@@A@@@@@@A@@@@@@A@@@@@A@@@@@@@@B@@@@A@@@@@@@@@@@A@@@@@@@@@AB@@@@A@@@@@@@@@BD@@BB@@B@@B@@@@@@@@@@@@B@@@@@@@@@@@@@B@@@@@@B@@B@@@@@@@@@@@@@B@@@@@@B@@@@@@@B@@@@@@@@@B@@@@@@AB@B@D@BABB@D@B@D@BB@@DF@BA@@BABADA@ADCDCDBH@@@@@B@@@@@@@@A@@@@B@@@@@@@@@@@DABA@@B@B@@@@@@@B@@B@@D@BBB@B@B@H@DA@CAA@AACAAB@B@DBDB@B@B@D@B@DB@@@@@BABAB@D@B@DDBBBB@@AB@@AFAB@F@DD@@B@@@@B@FH@@@@@@@@@B@@@@@@@@@@@BB@@@@@@B@@@@@@BB@@@@@@@@B@@@@@@@B@@@@@@BB@@@@BB@@D@@@D@B@@@@B@@@AB@B@@@JCF@HAFADEAG@E@E@@B@D@B@@@DCDABCB@BAFADAB@BADAB@B@BBDB@@BGHE@@BCBABADA@@BCB@@AB@DCBA@C@@H@LF@@@@@@@AB@@@@@@@@@@@@@@@@@BAB@BAB@B@BABADC@A@A@A@@@@@@@@@@@A@@HE@@@@FABADCBA@@DC@@B@@@@@@@@@@@@@@AB@@@@@BCAC@@@@@@B@@@@@@@@@@@@@B@@@@AB@@@@@@A@@@@@@@@@@@@@@@@@@@AA@@@@@@@@@EC@@@@@@@@@AA@@@@@@@@@@@@@A@@@@@@@@A@@AC@A@@@A@@@@@@B@@ABA@@@A@@B@@@@A@@@@@@@@@@@@@@@@B@@@@@@@@B@@@@@@@@@@B@@@@@@A@A@@@@@@@@@@@@@A@@@@@@@@@@@@@@@@@A@@@@@@@@@@@@@AA@@@@@@@@@@A@@@@@@B@@@@@@@@@@A@@@@@@@@@@@@@@@@@ABA@@@A@A@@@@@@@@@@@A@@@@@@@@@@@@@@@@B@B@BCB@B@@@DC@@@@@@DABAB@@@DA@@@@@@@@B@@@@@@@@@@@@@B@@@@@@@@@@@B@@@@@@@@@@@@@@@B@@@B@@C@@@CCA@@A@@@@@AAEAA@@@@@AA@@@@@@@@@@@@A@@@@B@BBBBB@@AB@@@@@BADABCB@@EB@@@@@@@@@@@@@@@@@@A@@@@@@@@@@@@@@@@@@@@@@@@@@@@A@@@@@@@@@CB@@A@@A@@@@@B@@@@A@@@@@@@@@@BE@ABC@@CC@@@@@A@@BC@AAE@@@@@@@@BA@@@@D@@@@@@B@@@@@@@@@@@@@@@@@@@@@@@B@@@@@@@@@@B@@@@@@@@@@@@@B@@@@@@@@@@A@C@A@@@A@@@@@@@@@@@@A@@@@A@@@@@@@@@@@@A@@@@@@@@@@@@@A@@@@@@@@@C@@@EB@@@@@@@@@@A@@A@@@@@@@@@@@@@@@A@@@@@@@@@@@@@A@@@@@@@@@@@@@@@@@A@@@@@@@@@@@@@@@@@@@@@A@@@@@@@@@@@@@@@A@@@@@@@@@@@@@@@A@@@@@@@@@@@B@@@@@@B@DA@@B@D@@@@@B@B@BBB@@@BBB@@AB@BB@A@@@AA@@A@@@@@@@@@@@A@@@AB@@@@A@@AA@@@A@@@A@@@AB@@A@@@A@A@@@A@@@A@@@AB@@A@@@A@@@A@@A@AA@@A@@@A@AA@@AA@A@@@A@@BA@@BA@A@AB@@A@@@A@@@A@@BA@A@@@A@A@@@AA@A@@BA@A@@@@AA@@A@@@@BAB@B@B@@@BBB@@@BA@@AA@@@@AAA@@A@A@@@A@@A@@@AAA@B@@@BAB@B@B@@@B@@A@A@@AA@@@@AAA@AAA@A@A@@@AAA@@@AA@@@A@@AAA@@AAA@@AAA@@AAA@@@@AA@@@A@AA@@A@A@@@AAA@@@A@@AA@A@@@AAA@@@AAA@@@AA@@A@@AA@A@@AA@A@@@AAA@@@A@@AA@@@A@AA@@A@@AA@A@@@A@@@A@A@@@A@@AA@@B@@@@A@@@@@A@@BAB@@@B@BAB@@A@A@@@A@@@ABA@@@@@A@A@@@A@@@A@A@@@A@@@A@@@@@@@A@@@AB@@AAA@@@A@@@A@A@@@A@A@@@A@@@A@A@@@A@@@@@A@@@@AA@@@AAA@@@A@@A@@@ABA@@BABA@@@AB@B@@@BA@A@AAABA@@B@@AB@@A@A@A@A@A@@BA@A@A@@@A@A@A@A@A@A@A@@@A@AA@@AA@@@AAA@@@A@@@AA@@@@A@@BA@@@A@@@@BA@@BA@@@ABA@@@A@AB@@A@@@A@AB@@A@A@@@ABA@@@A@@BA@@@A@A@@AA@@@@@AAA@@@AA@@AAA@@@AA@@A@@@AB@@@@AB@@@@AB@@ABAB@@AB@@AB@@AB@A@@A@@@A@@@@@@@ABA@@@A@@@A@@@A@@@A@A@@@A@@@@B@@@@@AA@@@@@@ACACA@AAA@@@@A@@@@AC@@A@@@@@@@@@A@@@@@@@@@AC@E@@@@B@@@@@@@@@B@@@@@@@@@@@B@@@@@@@@A@@B@@@@@@@@@@@@@@@@A@@@@@@@@@@@@@AA@@@@@@@@@@A@@@@B@@@@@@@@@@@@@@A@@B@@@@@@@@@@@@@@@@A@@BABA@@DC@@@@B@@@@@@@@@@@B@@@@@@@@@@@B@@@@@@A@@@@B@@@B@@@@@@@@@B@@@@@@@@@@@@@@@@@@@@A@@B@@@@@@A@@@@@A@A@@@@B@BA@@@@@@DA@ABA@C@@@@@@@A@@@@@@@@@@@A@@@@@@@AB@QEK@GE@@CA"],"encodeOffsets":[[116276,23632]]}},{"type":"Feature","id":"440114","properties":{"name":"花都区","cp":[113.211184,23.39205],"childNum":1},"geometry":{"type":"Polygon","coordinates":["@@BAFGHEN@BAB@@A@AB@DAD@B@F@B@D@D@DABABABADABABABABAB@D@D@D@@@B@@@B@D@NKFCEE_CGGHINBBAB@D@DCFCFCFCBAB@BAB@@C@ABC@A@C@ABA@CBKBABAFBDBF@@BBBBBDBFAFA@@D@@@HAF@DC@@DAB@BB@B@DPDFADAF@F@F@DDB@BBB@DB@@@@B@@@B@BAB@BADAB@DAD@@AB@@@B@@A@@BA@A@A@@BA@@@A@A@@@A@@BAFGF@DBDAAC@CA@DAB@BBD@B@@AACAA@AA@CBABA@@@CA@@DC@AAEDCFABABCBCCACCACEEACACCC@EDM@@BABAD@B@D@B@DAD@B@FFDA@@DADADEACBIFC@@@AF@BAAGCC@@ACA@AAAAAAAAAAA@@@@ACGDCDAH@DAFCFEBABADCBA@A@ABC@@AAAA@AAA@@GACACACCAACCC@CAA@EAE@C@C@A@@A@A@CBA@AAC@CA@AAAAA@AC@@C@CBA@A@CCCCACC@A@CBID@@A@CAGGECGCCACAAAC@ABAB@BAD@HBVABADC@A@A@GBAFCDCBACEGGCM@G@C@CCAC@CAAAAACAAAA@@A@A@C@A@C@A@A@AACAACCA@CAA@E@AAA@AA@A@@@A@A@ABA@CBABC@A@ABA@C@A@A@A@AFQ@CIAGAAA@@AA@@A@@@@A@@@A@@@A@@@@BA@@BAB@@A@@BAA@@AA@@AA@AAA@AAAA@@AA@AAA@A@AA@@@A@@BEGGK@@@AA@AEACKAA@@@@GCEAA@C@@D@@@@@BBDADA@ACACAC@@@IFCBG@@@A@@AASAECA@OCAIAEC@GBKAG@GH@@CBABA@BJAHDLEJMFAAQACDCACACAEACAA@CDADC@EDEAICAECCCIGKGKAGFGBGBGAIAC@CAIBC@@BEACKAABEFIBA@KHKNEMACS@AB@@AFMO@AF@@A@ABA@A@A@@ACEGMBC@A@C@A@AACA@@AA@@@@@@@AA@AAA@AAA@@@C@@AC@E@C@C@A@A@@A@@@A@@@A@@BCBABABC@A@A@CBA@ABABA@ABABCBA@ABC@CAA@C@A@A@CAAA@AAA@A@C@AAA@C@A@@BA@A@ABABC@ABAAA@C@A@A@@@A@@@C@A@CBA@AAA@AA@@E@@DFFFHBHB@DB@DADA@ABBJ@FADCDABE@EDGHCDBBB@@BABAFADA@A@A@@B@F@FBDBH@FBDFB@DADCBCBE@@@@CA@CBEFABBF@@@@DHBDDDDDFDBFFDJN@B@BABABABABC@A@C@A@AAAAA@CEA@AEEEEACAAEA@CB@DABAD@D@F@BA@AB@@A@A@AA@@AAA@@@ABA@ABA@ABA@A@A@ABA@AAC@A@C@A@A@ABAB@@@B@@@B@B@D@D@D@B@BA@@BAB@@@BA@@BA@A@CDBB@@DBDDA@CBAB@DBBDBD@@B@@@B@@@B@@A@A@@@AB@@B@BD@BB@D@B@@@@@@B@@@BABADAB@B@@@B@BB@DBB@@B@@BB@B@@B@@@BA@@B@@BB@@B@@BB@BB@@@B@B@B@B@BBABA@AB@BABC@CH@B@@ADC@@@AB@@ABAD@B@BAB@DAB@DA@@BA@@BA@AB@B@B@@@BB@@BLD@D@FABABCCC@EAA@AECECCC@C@CCCCCCACE@ABAF@FBDBFBF@HDBDBDAB@B@DDDD@FB@BD@@BJAD@D@@D@DB@BB@B@HAFADBDBDDBCDABAHAF@F@JD@@HGBBEF@BJ@@BBBCB@BPHDCBARB@BBDH@NGB@@@FB@@@@FBHHBD@B@@BB@BBBBB@@B@@@B@@BB@@@B@B@@BB@BAB@@B@@H@BHHHFDHADAHHH@DAD@DDHBDANHDFEHABBBB@BBFIHDFFDBHALCRAACFCJCFDDB@D@B@BFBB@FAHHDCALDF@A@I@CHB`DDBBB@BABEHDDFBBJB@DBBBB@HHBDHADF@FCDGFBDBB@@B@@BBBABADCBCBABABABABBHBFBHAH@@DBDDDBDBDDDBB@D@DAB@BBD@@BB@F@@J@FBBF@DAFCDAF@DEBAB@BD@@@D@DCH@BBBGPDBLI@@DBBBDDB@BBB@BBD@B@D@B@B@DBB@BB@BBB@@BBDBFBDBBCBCBEB@@AB@@B@@@B"],"encodeOffsets":[[116001,24177]]}},{"type":"Feature","id":"440115","properties":{"name":"南沙区","cp":[113.53738,22.794531],"childNum":1},"geometry":{"type":"Polygon","coordinates":["@@@GHKFKNSZ[^_^_lq~NQÓV§Z¹EMSKmK[ASAiBSBCLUveKLIFOJCBK@GBEDMJCFAAEDEEGFEE@BEHGLEFENOXEJIPGN@B@BD@D@FBBRcZ_V_TSPUPMLBB@@@@FNeLCBMBCBG@Q@QFIDQJA@ED@BGDIF@@SLMJCBOLABCFCJCJAJ@@@DB@DAHBFBBBDBDBDCBABBBBFBB@DDB@JJBBBBDB@@BD@B@@CBEBABABABADEDCBCDC@ABA@A@CAC@@@A@A@ABABC@KCE@AA@CEAA@@AEAAF@BA@A@CA@@E@AAA@GHEDKBKDGDCDAD@DAJ@XI@ABAB@BCDAFGA@DB@AFJFCHAHDBB@@DABJ@D@HBHDJBFBRFPBHDLD@@DBNDDBD@JFHDLBHBH@T@N@FBHBHDHFFBD@FAPAb@HAVAF@PEZKTGNCNIBBVGTKdOZMTI"],"encodeOffsets":[[116297,23406]]}},{"type":"Feature","id":"440111","properties":{"name":"白云区","cp":[113.262831,23.162281],"childNum":1},"geometry":{"type":"Polygon","coordinates":["@@A@A@@B@@@A@@A@C@@@C@@@AA@@@@AA@@@@@@@A@@@@@@@A@@@@@@A@@A@@@@A@@@@@@@AA@@@@@@@@@@A@@@@@@@@@G@@E@A@@A@@@CCE@A@EB@BA@@BA@AACA@C@A@CBABA@A@@@@CAA@C@A@A@A@AC@C@ABADBBBB@DBB@@C@G@A@AAA@A@CA@@@@A@@@@@@@A@AB@BA@C@@@@@@@@@@@A@@B@@@@@@@@@@A@@@@AGDCDCBCB@BCBA@AB@@ACE@@AAC@A@C@A@BA@A@C@ABA@@@@@@@A@@@@@@@@@A@@@@@@@A@@@@A@@@@@@@@@@@@@A@@@@A@@@@A@@@@@@@@@@@@@A@@@@@@@@@@@@@@AA@@@AA@@AC@@@@@@@@B@@@@@BA@@@@@@@@B@@@@@@@@@@@B@@@@@@A@@@@@@B@@@@@B@@@@@@@@B@@@@B@@@@@@@@@@@B@@@@@@A@@@@@@@A@@@@@@@@@A@@@@@@@@@@@@@A@@@@@@@A@A@@@@AC@@BA@@@AB@B@@@DA@@JA@@B@@BHBF@BA@CBABA@@@AB@BB@@B@BBBADALCB@BA@@@@@@@@BA@@@@@@@@@@@@BC@@BC@@BA@E@@BAAI@@@@@@@@@@@@@@@@@@@A@@GCAAAAA@@@@ACA@@CKCCAA@A@@@@NEBAB@@@BA@@@@@@@@@@@@@@@A@@@@@@@@@@@@@@@@@@@A@@@@@@B@@@@@@@@@@A@@@@@@A@@@@@@@@@A@AA@A@C@@@A@A@@@@@ABA@@@@B@@@@@@@B@@@@@@@@@@@@B@@@@@B@@@@A@@@@@@B@B@@@@BB@@@@@B@@B@@@BA@@@A@@B@B@@AA@@AA@A@@A@@@A@@@@@@@A@@@@A@@@@C@@@@@@@@@A@@@@AA@@A@CACAEA@@A@AA@@@A@A@@A@@AA@AC@EAA@@A@A@@@IAA@A@C@@@@@AA@A@@CA@@@A@@@@@AB@BB@A@@AA@@A@AAAAAA@@@B@@@B@@@@G@@@A@@@@@A@BA@A@A@@B@@@@A@@@AA@@@ABAD@@A@@AC@@B@@ABAB@AABCAA@@@A@C@GAA@A@@@AB@B@BC@@@A@@AA@A@@AA@@@@@@@@@@@@@A@AACDDB@@@@@@@@@@@@@@@@@@D@D@B@@@@B@B@@@@AAABC@ABDB@BB@D@D@@@@DAB@@@BADB@@@B@@@BB@BA@@@@@AB@@@B@@A@@@ABAFA@CDA@CB@@AAAAA@@@@@A@A@A@@@E@C@AA@@@@BC@@BC@@BA@A@@BAB@@ADC@AB@@A@@ACA@AA@@@@@@@@AA@@A@EBABAA@A@CBA@@B@B@@@B@B@ACBEA@@A@@AAA@A@AB@DA@AA@@@@A@@@@@ABADC@BD@B@BA@ABAA@ACA@@CB@@@@@BA@@@@A@@BA@@A@AAA@@@@A@ABA@A@C@@BCAACCAAA@@CA@AJ@B@@@@@B@@@B@@@B@BCHA@A@@@A@@@A@A@GEA@CCICAA@AAA@@@AA@CCACA@CC@@@@@@A@@@@@@@@@@@A@@@@@@@@@@@A@@@@@@@@@@@@@@@@@@@A@@@@@@@@@@@IB@@@@@@@@A@@@@@@@@@@@A@@@@@@@@@@@@@@@@@@@@A@@A@@@@@@@@@@@@@@@@@@@@@@@@@A@@@@@@@@@@@@@@@@@A@@@@@@@@@@@@@@@@@@@A@@@@@@@@@@@@@A@@@@@@@@@@@@@A@@@@@@B@@@@@@@@@@@@A@@@@@@@@@@@IEAA@@@@@@@@@@@@@@@A@@@@A@@@@@@@@@@@@@CI@@@@A@@@@@@@@@@A@@@@@@@@@@@@@@@@@@@A@@@@@@@@@@@@@@@A@@@@@@@@@@@@@@@@@A@@@@@@@@@@@@@@@@@@@@@@@@@@@@@@@A@@@ABA@@@@@A@@@@@@@@@A@@@@AE@A@@@@@A@@@@@@@@@@@A@@@@@@@A@@@@@@@@@@@@@@@@@@@@@A@@@@@@@@@@@AAK@@@@@@@@A@@@@@@@@@@@@A@@@@@@@@@@@@@A@@A@@@@@@@CC@@@@@@@@@@@@AC@@AE@@@AA@AAAA@@@@@@@@@@@@@@@@A@@@@@@@@@@@@@@@@@@A@@A@@@@@@@@@@@@G@A@@@@@@@@@@@@@@AAACEC@@@@@A@@@@@@@@@@C@A@@@A@@@A@@@@@@B@@@@A@@@@@@@@@@@@@@B@@@@@@A@@@@@@@@@@@@@@@A@@@@@@@@@@@@@@@A@@@@@@@@@@@@@@@@A@@A@@@@@@@@@@@@@@A@@@@@@@@@@A@@@@@@@@B@@@@@@A@@@@@@@@@@@@@ABAB@@@@@@A@@@A@@A@@@@A@@@@@@@@A@@@@@@@@@@@@@@@@@@@A@@@@@@@@@@@@A@@@@A@@@@@@@@@@@@AAAAA@A@C@@@@@@@@@@@@@@A@@@@@@A@@A@A@EB@@@B@@@@A@@@@B@@A@@AA@@@@@@@@@@@@@@@A@@BA@A@@BAA@@A@@ABA@@@@D@@@@C@C@@@@@@@@@@@A@AA@@A@@@CAA@AB@@@@@@@@@@@@@@@@@@@@@@AD@@@@@@A@A@@@@A@@@@@@@A@@@@@@AA@@@@@A@@CC@@@@@@A@@@@@@@@@A@A@@@A@A@A@@@@@A@A@ABAB@@@@@@@@@@@@AAA@A@@AAAC@C@@@@@C@CA@@@@@@@@@@@@AAAE@@@A@@A@A@@@@@@@A@@@@@@@@@@@@@A@@@@B@@@B@@@@@@@@@@@@@@@@A@@@@@@@C@@@@@A@@@@@@@@@@@@@C@@@A@GD@@@@@@@@@@@@@@BD@@B@@@B@@@@@BBB@@B@@@@@@@@@@@BABA@@B@@@@@@AB@@@@@@@@@@@@@@@@@@@@@@AB@@@@@@@@@@@@@@@@@@AB@@@@@@@@A@@@@@@B@@@@@@@B@@@@@@A@@@@@@@@@@@@@@B@@@@@@@@@@@B@@@@@@@@@@@@@@@@A@AB@@EBA@A@@@@@@@EB@@A@@@@@@@@@@@A@@@@@@@@@A@@@@@@@@@@@@@@@@@@@@@@@@A@@@@@@@@@@@@B@@A@@@@@@@@@@BA@@A@@@@@@A@@@@@@@@@@@A@@@@@@A@@A@A@@DA@@@@@@@A@AA@@AGA@A@C@@@@@@@@@@@@@A@@AC@C@A@A@@A@@@@@AACCACCA@@@@@@@@@@@@@@@@A@@AAA@AED@BABEBABCHADA@@@AA@ECGAAAB@B@@E@@@@@@@A@@@C@@@C@@@@@A@@@@@@@G@@@@@@@A@@@@@@@@@@@A@@@@@A@@@@@A@@@C@@@A@ED@@@@CD@@@@@@@B@@@@@@@B@@@F@@@@@@@H@@@DBBDFBDDDDBBDBBB@@@TH@BDF@BAF@D@B@B@D@BBD@DADADAD@@ADABABADABCBCBCDABADA@ABAD@BG@@@@@E@MLBNAH@@@@@@@@@@AF@B@BFB@FBDBF@FBF@B@DAB@DAF@FAFAF@DCFABCDABC@A@C@A@ABA@AB@B@DAB@D@@A@@BA@A@C@C@A@A@ABABA@@BAD@B@D@BB@@B@D@@ABLBBDAF@@ADBJ@DBDBJAHAHEHBHHLHLDJDDBFJDFBFCD@BCDCB@DBFBDBDBDBDCRBBBNEFICKBGAIB@BADA@@HGH@LBHAD@BFBJPDB@FDTBBB@@@B@@AHED@J@@BDBDBDB@BCAC@A@@@@@CD@B@FBHD@@@@BBDLFB@BBB@@L@HHAF@@@B@@BBB@B@BBB@@BB@BB@BBB@BBB@@BB@@BB@AB@@@BA@AB@@A@@B@@@B@@@B@@@@@@BB@@BB@BBBHDJR@BEB@B@B@D@B@BAB@D@BADAB@BAB@B@@@B@B@@BBB@B@FBB@DDBBDDBBBB@B@D@B@D@B@B@@@BBBBBDBBBB@DBDDDD@H@N@HDFHBDDADCBEHAB@B@D@BCBAAU@GBC@ABABAD@BBDBDBHDFDHHDBB@@@JCDAB@D@BDDDDDB@B@DAD@@@BDB@BBBBB@@DBD@BAB@D@B@BB@D@D@F@FBB@DBD@DDBBDDDBDBHB@@BABAF@DCB@FAFAJCBCHGDE"],"encodeOffsets":[[116223,23974]]}},{"type":"Feature","id":"440117","properties":{"name":"从化区","cp":[113.587386,23.545283],"childNum":1},"geometry":{"type":"Polygon","coordinates":["@@@G@A@A@AB@BA@CB@BCB@B@BCAA@CB@@C@C@A@AACCC@CBCB@FABA@ABA@CBCBCAA@CDC@@BAAABADEBAB@BA@@DCACC@@AAGC@@E@A@@@G@EGAECICCECE@CAGDIJAJGGEKCAEBCDANIPADEFMBACBUCEAGACCAA@@CC@EIEECCIAEC@CHCD@DAFCAC@GB@B@BBJJDBFBFCBEAECAEGG@@CAACAAAA@@CAAAA@CAA@A@CAA@C@C@A@C@C@CACAAA@A@@@C@@@C@C@C@A@CAA@AAAAGC@A@GBICA@CEECEBGF@@ABA@A@C@C@@@A@A@@@A@@A@@@AA@@@@ECAEBAAIAECG@A@@AA@AEACACEIEAK@E@CG@G@CAKGEEKAAAACACACAAAC@CAA@CAA@C@C@A@C@IC[AAAGGRI@EQDACAE@GCIKAQBM@@@@@@CBA@CDCB@B@B@BAB@B@@AB@@@@AAA@@AA@@@A@AAA@AAA@AA@A@AAA@A@A@A@AA@@AA@A@@@A@@AAAC@A@@@A@@B@BA@A@ABA@@BA@@B@@@B@B@BBD@B@F@D@F@@AB@@@@A@A@@AA@AEAACKAEAAEEBEAOACAEDCBABA@EACAGBC@KBK@ECKEQEKGAABCAC@C@CEGAGACCE@A@A@AAA@AAAAA@AA@A@AAA@C@AAAA@@AGBK@ABA@@@A@A@A@A@@BA@A@@@AB@@@@A@A@A@@@A@A@A@A@A@AA@A@A@A@A@A@ABA@@@A@AA@@AAACACAEACCCAAACAA@AAA@@@AFEDEAAEC@@CAA@AAEACEAEEEICA@A@@@A@A@@@@@@AAAAAAA@@@AAAA@A@@@A@A@AA@@AA@@BECCCEG@C@AE@@@AAA@A@C@A@C@AAA@AA@AAA@AAAAA@AC@AEEE@IAA@C@ABC@C@C@A@CAAACAAAACAAAAAAIE@@IAAA@ECCIC@CEEIGGB@@CA@@AA@A@@CEACCCAACAAAAAA@A@AAAAA@@AAA@@@A@AAA@C@A@AA@@@@@ECCCACCCAC@AAC@C@@BA@@@ABA@A@ABAAA@@KDEA@ECG@G@A@C@CAA@AACKEG@@@@DABCDA@@BA@AD@@CBABABAD@@GFAH@@CAAAA@A@CBABA@CBEBABA@ADCBCD@@A@C@A@@@@F@FBHCFEBGBE@ID@@CFGHADIDEBEBA@CDE@ABABBB@BBBBB@@AD@B@BABCDABABEFEDCBG@CBCDDH@B@@B@BBBBBBBBBBB@BD@@DDBHABE@@B@@EDAJBDCFCBCB@@CBEEA@C@CBA@C@A@C@ABAB@@CN@FDDBDBDFFBDDDDBADADABEBCDBF@BCD@@DB@@B@BADAB@@BBBBD@BA@C@AAA@CBB@@DBDCBCAE@EHAB@@@B@@@B@B@@AB@@@B@BAB@@@BA@@@A@@BC@CBA@CBABA@ABA@@@A@@@@@CAA@AAA@CCE@E@E@CBEBOC@C@AAAA@CB@@CDE@GB@@C@@@EBEBCAAAAA@AE@CAEAABABAL@DAB@B@D@BAD@B@DA@ABA@ABEDEDEDCDC@A@ABMAGJHH`DFFEDMLC@A@@@A@@@C@C@C@A@ABABABABCBABABABCBC@C@A@E@A@C@CBA@@B@BA@ABM@GFEHAB@B@@BBBBDBBBB@BBBBB@BBBDBB@BBF@FBDBF@BB@@BBB@BB@@B@@@BA@A@ABC@CBA@CBA@@B@B@@@B@@B@BBB@D@D@D@B@DBB@D@DAD@DADAB@D@B@FBH@DAB@DBB@BB@B@B@B@B@DAD@B@DB@B@B@B@B@B@BBB@BBBD@F@DB@@BBBB@B@BBD@B@B@B@B@BBBB@B@B@D@B@BB@@BBBBBBDBB@B@B@B@B@@@B@@BBBDBFDDBF@BBF@DBD@BBDBBBBBBFAF@DFB@@B@B@@@B@B@@@H@FBFBHBDBAB@BAB@D@D@@@JAHBHC@ABA@ABAB@FADBF@F@@@@@@@@@D@B@D@D@BBB@BBBBB@B@@@B@BA@ABABAB@HDHDH@FC@CIAFCB@BEAAHCFCHCD@JCFADCCEBA@ADABCBA@GACHCJGHAFF@@DAFAB@B@B@HELBDBH@FCH@DBDDFBB@@@B@BABBD@DBDBDDFBDBFDFBBBBBCDI@HFJBJAH@FAJI@A@GHABABA@A@@@AAA@@CCBGJD@@B@BADABABABA@@BAJ@D@@I@AHCBAB@BAB@B@BA@ABAB@@B@DBBDFB@BBDD@BRLBBEFAF@BDBBBJDBBFF@DAFFDHBD@JADFCDEDE@CF@JBBB@DB@DAD@LFFD@@BABABGJHLDLIF@BAFAD@DADADADABABA@ABABC@GLAFHDDDCDE@@DB@HANLLJAFBDBF@@FB@DBFBDBBDDDBFB@BJBDA@A@ABBFBDAF@DEDAHBRABABAFB@JFPF@FEBCB@F@FABCBCHANJDBF@DD@DCBADCJAFFFBLCHELGDBFDDBDLGBDF@DEAGB@FB@FB@D@BCDAF@FDFDB@DADCDCDBHD@B@@F@BDFHBDDBDJB@BBBBD@FHFLFP@B@HDBHDBF@BHBHAD@F@@@D@DBBADC@ADBD@BBDB@BBBBBB@DBDBFBDBB@BBB@BBBBBBBBBBDBDBDBD@FBD@F@DBDBFBDBDD@BB@BBBBDBR@DBD@D@BC@CDADADABBDD@DDDBB@BDCBCH@DBD@D@DEBCFAHBHDFBJDFA@@B@FBF@@C@ADABA@@@AD@DDH@LHNBDADADBHFDACEHBL@FBBCDCFDLDHAJ@FFB@B@BBB@@ABCBABBDCB@@A@@BAB@BA@CB@@BB@D@B@DAB@B@B@BA@@BAD@@AB@@ABA@AAABA@ACC@C@C@CBEDADA"],"encodeOffsets":[[116774,24476]]}},{"type":"Feature","id":"440118","properties":{"name":"增城区","cp":[113.829579,23.290497],"childNum":1},"geometry":{"type":"Polygon","coordinates":["@@A@AB@BA@@B@@A@@B@@A@@B@@@BB@@B@@BB@BB@@B@@BB@B@@@@BB@@@B@B@@AB@@@B@@AB@B@@@B@BA@@B@B@@@BA@@B@B@@AB@B@@AB@@AB@@@@@B@@AB@@@B@@B@@B@@@B@@BB@B@@BB@@BBB@@@B@B@B@B@B@B@B@@@B@B@B@@AB@B@B@B@B@@@BA@@@AB@BABBB@B@@A@@@ABA@@B@BA@AB@BA@@B@@@@B@@BB@B@@BB@@@@@B@@@@@B@@@B@B@@@B@@@B@B@@@B@B@@@B@@BB@BA@@B@@@B@@@@@@@B@@@B@@@B@B@@@B@@@B@B@@@@AB@B@@@B@@@B@BA@ABA@@@A@AB@@@B@@@@@B@@A@@@BB@@@B@@@B@B@@@B@@@BBB@@@BB@@B@B@@BB@@@B@@BB@B@@@BBB@@@BBB@@@BB@@B@@BB@B@@BB@B@@@BBB@@@B@@BB@B@@@B@BB@@B@B@@BB@@@@BB@BB@BB@@BB@BB@BB@@@B@@BB@@B@BB@@B@B@B@BBB@BB@@@@BB@@@B@BA@@@A@A@A@AB@@A@B@BB@@B@@@@B@@@B@BB@BB@@@@BB@@AB@@A@AA@@A@A@A@AB@@@@@BB@@B@@B@B@@AB@B@@B@@@B@B@@@BAB@@@B@@@B@@@BA@@B@BAB@@AB@@@B@@@BBB@@BBB@@@B@@@BBB@@@@B@@@B@@@BA@@B@@@B@@@B@@@B@B@@@BA@@B@@@B@@@B@@BB@@@B@@A@@B@@@B@@@@@@@@@@@BB@@B@@@BAAA@@BA@AA@@A@AAA@A@@@@@C@A@@@CBA@@@@@@@@A@@@@@@@@@@@B@@@@@@@@@@@@@@@B@@@@@@@@@@@@@@@B@@@@@@@@@@@@@@@@@@@@@B@@@@@@@@@@@@@@@@@B@@@@@@@@@@@@@B@@@@@@@@@@@@@@@BB@@@@@@@@@@@FA@@D@@@@@@@@@B@@@@@@@@@@@@@B@@@@@@@@@@@@@@B@@B@@@@@@@@@@@@@@B@@@B@D@B@@@@@@@@A@@@@@@@@@@@@@A@@@@@@@@@@@@A@@@@@@@@@@@@@@@@@@@@@@@A@@@@C@@@@@AB@@@@@@@@BF@BAD@@@B@@@@DD@@AD@BAF@@@@@@@@@@@B@@A@@@@@B@@@@BA@@D@@@@@@@@@B@@@@@@@@@@@@@@@@@@@@@@@@@@B@@@@@@@@@@@@@@@@@@@FA@@DABABC@A@@@@BA@@AAAA@A@A@@B@@@@@@@@@@@@@BB@@@@B@FBBB@@@@B@@@DB@D@@@DA@@@A@@@@@@@@@@@@@@@A@@@@@@@@@@@A@@@@@@@@@@@@@A@@@@@@@@@CB@@A@ABCB@@@@@@CD@@A@A@ADA@A@@@@@@@@@@@@@@@@@@B@@@@@@@@@@@B@B@@AB@B@@@@@@@@@@@@@@@@@B@@@@@@@@A@@@@@@@@B@@@@@@@@B@@B@@@@@@@@@@@@@B@@@@@@@@@@@@@@@@@B@@@@@@@@@@@@@B@B@@@@A@@@@@@@@@@@@A@@@@@@A@@@@@@@@@@@@@@@@@@B@@A@@@@B@@AB@BA@@@@@@@@B@@@BBD@@@B@@@@@@B@@@@@@@@@@@@@B@@B@@@@@@@@FD@@@@@@@@B@@B@@@@@@@@@@@@@@@@@@@B@@@@A@@B@@A@@@@@@@@@@@@@A@@@@@@@BDAD@@@@A@@B@@@@@@@@@@@@A@@@CD@@ABCDABEB@@@@GF@@@B@@@@@@@@@@@B@B@BCDABABA@A@ABA@AB@@@@@@@@@@@@@@@@A@@B@@@@@@BD@BBB@D@D@B@HDH@FFBLC@@BBAB@B@BAB@B@@AB@@@DBD@BBDDDBDDDFD@@@@B@@B@B@DBB@B@B@@BB@BB@BBBBB@B@BBBBDBBBDDBDDF@@@BBB@@DB@@HAJHFF@DJDDD@FBBJB@@JFBBBBBBBDBBDBBBDBB@D@D@D@BAD@B@JBF@FF@BBDB@BBBBB@BBB@@BBB@B@D@B@D@BBB@B@@BFD@H@DFDDAF@@BB@@BBB@B@@@B@B@BB@B@@BBBBBB@B@@@@B@B@@@B@B@JDFFBFDFFBBBB@DB@@FDBBCFEF@B@@BB@BBBBDBBDDBDBFBDBDBB@@BBB@@@B@BAB@B@B@B@B@B@@B@B@B@B@B@B@@@B@B@B@@A@@B@@@BAB@@@B@B@B@B@@AB@BALBH@@BBBBD@B@BBB@B@@BBBBB@BBB@B@B@BDFBDBHFH@D@DBDADBBLHRFLFFDL@LAD@HADBFBB@BADAFCDBPBFBFABFFBLBBDFB@ABAB@B@@AD@B@B@BBB@B@B@FAFADCFABAD@BADABA@C@CBA@CAAACAA@CAEBA@ABABAD@@AB@@A@@@AA@AA@@CAAAA@AAACAA@CAC@@AA@A@A@A@@@A@AB@B@BAD@B@BABADA@ABA@ABA@A@A@@@A@AB@@AB@@AB@@A@@@A@A@A@A@ABA@ABA@A@A@A@@BA@ABABABABAD@DAB@D@B@DAB@DABABABCAC@A@A@A@ABA@ABABCBAJABCBCB@DABAB@BAB@@ABABA@A@ABA@AB@BABAB@D@@@B@B@B@D@D@B@FEDGDCF@N@@@LA@@@@@AB@AACIEEAAAAA@A@A@CBAB@@A@AB@A@ABCBADCDAD@D@B@D@BBB@DBF@DAD@B@D@DDD@B@D@BADAD@B@D@DB@@@@BAB@BA@@BAHGCAGICAGAK@E@KD@@A@@@@AAA@@@A@A@CAC@CBA@A@A@AB@@A@A@A@@CMBEBADCBABABABA@ABAD@B@D@D@D@JCJBJF@@BAB@BA@C@A@AAA@AAAA@@AAA@ABA@ABA@A@@BAAA@AA@@AAA@A@@@A@A@ABABABABABADABADADADA@@BABA@@BA@A@A@A@AAA@AAAA@@AAAA@@AA@A@A@CCEACCEAAAACBEDEDCBGDEBEBIDELGDCB@@C@@@@@A@@AAAA@@CEAAACCCG@@A@@AAA@@@A@A@AB@@A@@@@A@@@ABAB@BABAB@@C@A@IFGBEHGAG@@@C@C@ABEA@ABA@A@C@C@GDEBG@AB@FCBMHKDCDCBBHDLAD@HA@@B@BA@ABCBC@ABCBA@C@A@IHEFGAIAEAGBKBKB@@A@A@@BC@ABABABC@A@CAC@AAA@AAAA@AAA@CAAAA@AAAAA@@@A@A@@@A@A@ABA@ADABC@A@CB@@@@AB@@@B@@@B@@@B@@@@@@A@@A@@A@AAAAA@A@KCEACAI@CAGCA@CFE@AAGAAAA@AACAA@AAA@ACA@AAAA@AAAAA@@AAA@@AA@A@@@AB@@@B@@AB@B@B@BABAB@BA@AB@BAB@BAD@BAB@BABA@AAGACCAAIFGDMBCFIDEFABEAIAAI@GB@@COGC@@@AAA@@AA@AAA@@@A@A@@@A@AA@@A@@@A@@@A@@@A@@B@@@@A@C@ADGDGHAJBHC@ECIEEKCIBG@ABI@C@CAAAAAACCCA@I@EACEAEEAECAA@@@AAC@ABEAAAEACAABCCE@A@EA@@EC@@MABEDIBMHIDKDGBMBIAOAKBIDEBE@IAOAI@E@MLKHEDCBO@IAEAGACAIEIEGCIGIGGEKCG@GAG@GEIC@@A@@FBD@BABC@A@@@@@A@AAA@A@AB@@A@@@@@@@@@@@AB@A@@@@@@A@@@@@AA@@AACAEC@@AA@@@A@@BABA@@B@AA@AAAACCAG@OAWBK@KGGIIESI]EA@@@A@@B@@@@@@@B@@@@@@@@@@@B@@@@@@@DAB@BCB@@@@@@ABA@@@@@@B@B@@@@@B@@@@A@@@@B@@@@@@@@@@@@@@@@@@A@@@@@@@@@A@@@A@@@@@@B@@@@A@@@@@@@@@@@A@@@@@@@@@@@A@@@@@CD@@ABAB@@@B@@@@@@@@@@@@@@A@@@@B@@@@@@@@@@@@A@@@@@@B@@@@@@@@B@@B@@@@@@@@@@@@@B@@@@@@@@@@@@@@A@@@@B@@@@@@A@@@@@@@@@@@A@@@@@@@@@A@@@@@@FBD@@@@@@@@B@@@@@@@@@B@@@BD@@@@@B@@B@BBB@BDBD@@@@@@BB@@@@A@@@@@@B@@@B@B@@@B@@@B@@@B@@AB@B@@@@@@@B@@@BB@A@@BA@@BA@@B"],"encodeOffsets":[[116281,23690]]}}],"UTF8Encoding":true}