{"type":"FeatureCollection","features":[{"type":"Feature","id":"440204","properties":{"name":"浈江区","cp":[113.599224,24.803977],"childNum":1},"geometry":{"type":"Polygon","coordinates":["@@@ABGFEJQNOFGFGFGFAH@FADABC@CCK@ADCDEDEDCFABABA@A@CBABCDABC@@@@DADEBIBS@ACM@@@A@CBA@C@A@CBA@ABCBABABADCBAHAFCDCBCHED@DAFC@G@C@EDE@@B@D@BBBAB@B@B@B@BA@@B@B@@@FABCBEBCBAB@H@HBHBJBB@HFDBDBD@@@@BC@CB@@C@C@A@BBDBD@DBBBBBF@F@B@BAB@FDBH@BDDJLDBD@FCDADCFAF@B@BBDBBBD@@@FDJFFDH@H@FCB@@KCG@KIKGGAAIOCG@AAEGAG@EBCCAAAI@EBM@EEOAG@K@AEAKCACAC@QB@@AA@@ABA@AB@BA@@BCDABADCBAFMFEHCHABA@AFE@EFGZCFCJGDGBC@EAEIMGEEGAA@ABABC@ABA@CDC@A@CAACIGIIIIGECI@GEEKCAEAC@EAC@CAAAA@AACAAAA@CAA@@@A@A@A@@@AB@@EBG@CACAAEAEAA@@A@A@@@AB@@@D@HCDCBEBCACC@AAEA@A@A@A@@@AB@@ABABABAB@@K@O@ICAC@@AC@E@C@CACACACACACACAA@CA@@A@@@A@@DCDEBC@CAACBCBC@AAAC@E@MA@@@@@@@@@A@K@IAEAEACACAABCHADCBA@O@I@EAEAEEEAECAB@@ABAB@@AHCDCDEDC@ABA@A@ABA@CBAB@BAFBH@D@FAD@@H@D@H@HCB@BAD@FBH@B@B@BAB@DEDADADCHAHADCJEDAD@DBNNDD@DALADCF@BBD@DBDBDBDBFBFBB@DBHBFBFDD@@N`BD@@BB@B@B@H@B@D@N@J@D@BCDADAHABAB@@A@ABKDE@A@C@C@A@EAKEECEAGAGAC@A@A@ABAB@F@BAP@FBRFTBHBL@BBFBLADCB@BEBCFGHCFEFCB@@A@AAAAA@AA@@@A@A@@BAB@@@@C@@@CAAAAAA@@@ABA@AACAAACA@A@A@A@CAAAA@A@E@E@CAGCAACEAAA@@BAH@FDHBD@BBD@D@FADBBBB@BA@ABCBEBEB@@CBCFIJADA@EBC@E@C@AAAAAAAAC@E@A@ABAB@D@BBB@@BBBBBB@@ABA@@@C@A@C@@@ABA@@B@BBB@@@@B@B@BA@ABBB@DDBB@B@B@@ABA@C@A@CCAA@@ABA@ABD@DBBBBDBBABADCFAB@BB@@@BBB@@DBB@D@BDDBFBDBBDN@J@HCHCJAB@BEFADEBGDCDAB@DBBFDBF@FABADADBB@BAD@DCBCBAB@@CB@BCFABABABABBDDF@BAFGP@B@DBBBDB@BCBCBADABB@@@D@DAHBDBD@BD@DDBBBD@BBBBBBB@B@BABAD@D@BBDFDHFBBBFBF@DB@@@B@BA@C@@B@B@D@DBDBDBFBDAJ@NBF@D@DB@B@@@@B@DFJH@@@@FBLHBDD@FD"],"encodeOffsets":[[116245,25697]]}},{"type":"Feature","id":"440203","properties":{"name":"武江区","cp":[113.588289,24.80016],"childNum":1},"geometry":{"type":"Polygon","coordinates":["@@ECEAKOCAAAAA@A@A@AC@A@E@EAEAICEAEGCCACBADE@CBCCACCAAAAA@@C@@@CKIAEA@CGEAC@E@AAACAGKQCEAEAEEK@E@C@OBMAECCAAABC@GBC@E@CAAAC@C@A@ABE@CAC@CACC@A@ABABAAG@EAEC@CAAEE@CBGBG@AACGAAC@E@G@IDIBOBKBI@EACA@ABCBC@CAECC@CIGCGCAAAEB[HGDC@E@AACAC@AB@@@@ADBBABA@A@A@EDMHGBAAOEEACAAC@A@M@I@CACAACCGCEAGACAIIECCACAA@GAIBAG@ADA@AAAAE@@BGAKAKC@AAG@C@AA@ACAA@A@A@@BABAB@B@B@D@B@B@BB@@B@B@@@B@BA@@B@BA@ADAB@D@BAD@D@B@D@BA@ADKBI@E@@B@DBDJJBDAB@BC@CAA@AB@BBB@J@F@DCDCBAACE@GBK@C@ECACCICGACBE@CBCBEBE@EBABABBD@DDBDBDBDBDBDDFBDDB@BBD@BB@B@BC@A@A@A@AFADOCC@CB@@ABCD@B@F@@@B@B@D@B@D@@@BABA@K@EAKAG@C@@B@FDBJHD@@@@B@@@@@@@@ABB@@@@@@@@@@@@@@@B@@@@@B@@@BA@@@@@@@@BB@@@@@@@@@B@@@@@@@@B@@B@@@@@@@@@B@@@@@@B@@@@@@@B@BB@@B@@@@@@@B@@@@@@@@@@@@B@@A@@@@@@@@B@@@@B@@B@@@@@@@@B@@AB@@@@@@@B@@B@@@@@@@@@@@@B@@@@@@@@B@@@@@B@@B@@@@@B@@B@@@@@@@@B@@B@@@@@@@@@@@@@@@BFF@LBL@TAJEJ@B@@@B@B@@BB@@@BBBBBBDBDBBD@D@D@DCDCBAD@B@BBBBBDDDDBDD@BCFADDD@@D@D@B@B@BBB@BBD@BBBBBBDBBBBBBBD@BBB@B@B@BBB@DBDDDBFD@@DABABEBCDGBCBALAD@BBBF@FBDBDDAD@B@DAD@D@DAF@BABADABABC@EAC@E@CB@BAFBD@BBBFBFDFFDF@J@BAB@D@D@FAFAFAD@FADAD@F@FAFBH@FBD@DBDBBBB@BB@@BBDBBBDBDB@@BB@@BB@@@BBB@B@BBBBBBB@DBBBDBBBDBBDBD@BBD@DBD@D@B@B@D@@@B@BBB@DFBDDFBFBBBBDBBBB@@@B@B@@@B@@@@@BABABA@@BAB@BA@@B@@@D@D@DBBFBD@FINCF@DBBDB@@@@@@DFFFBBDADBBB@FAF@FDLDD@DADCBA@A@GCCCIAC@CD@@@D@BG@CBC@ABBHBDJJF@HBJ@DA@ADEFEH@BBD@DDDBL@F@@@DBDD@H@FALBFLNFH@H@FIJCD@@@DCBEDGFEFEF@@@@ADMN@F@BBDDBFBFHDHBF@BABAB@@@DBB@DBBBDDDDDDDB@BB@BBBDDBD@BA@AB@D@BBBB@D@DBB@BDDBBDDDDBDDBDDDDDDD@BBBD@@@BAB@BA@@BBDDB@D@B@BA@@@A@AAACCA@AA@BABA@A@@@@@AA@A@AB@BA@@D@B@D@@@B@BA@@AAAAAA@@AA@A@CBABAB@F@D@BBBBBBBBD@F@D@FAB@BCJIDEDA@@FAFADABAB@@AAAAABC@E@CAC@AACCG@EBG@AB@BBDFBBHDDBF@F@B@B@BBDBB@B@B@B@BDBBBD@BAB@B@@BBBBBB@D@@@D@@A@AB@@@B@B@@BBB@BBBBB@@@DAFEDEHGDEFA@ADABCAKAE@AAKAGESAQ@EBO@A@EBABAB@B@D@HBHBFBFDLFFBB@D@D@B@F@LCBAB@@@BABABGBCDC@A@C@I@M@C@A@G@A@AAA@@ACM_@@CCAEAEAG@CAAAEAEACACAC@CAC@ADEBCBK@CCCMMCAC@CBIFCDGBGBCDCBCBCFA@ABA@A@G@EAC@ABA@GDG@C@G@"],"encodeOffsets":[[116236,25329]]}},{"type":"Feature","id":"440224","properties":{"name":"仁化县","cp":[113.748627,25.088226],"childNum":1},"geometry":{"type":"Polygon","coordinates":["@@B@@@@@@CAIBCBAB@B@DBBDDFDDHFLHH@F@BB@@@B@BB@BB@@@@@@@@@B@@@B@@@@@BB@@@@A@@@@@@@@@@@@@@B@@A@@@@@@BB@@B@@@@@@@BB@@@@@@@@B@@@@@BA@@@@@@@@B@@@@@@@@@B@@@@A@@@@B@@@@@B@@@@@BB@@@@@@@@@@BA@@@A@B@@@@@@@@@@B@@@@@@B@@B@AB@@@@@@@@@@@@BB@@B@@@B@B@@@@@@@@@BB@@@@@@@@B@@B@@@@@@B@@@@@@@@@@@@A@@B@@@@A@@@@@@@@@@BA@@@B@@B@@@@@B@@@@@@@@@@@@@@@BA@B@@B@@@@@@@@@@B@@@@@@B@@BB@@@@@@@B@@@@@@@@@@@@@@@@A@@@A@@@@B@@@@A@@BB@@B@@A@@@@@@@B@B@@@@B@@@B@@@@@@@@@@A@@@@@@@@@@@A@@B@@@@@@A@@@@@@@@B@B@@@B@@@@@@@@@B@@@B@B@B@@@@B@@@@B@B@@@@@B@@B@@BB@@@@@@B@@@@@@@@@@@@BB@@@@@@@@@@B@@@@@@@@B@@@@A@@@@@BB@@@@@@@@B@@BBAB@@@@@@@B@@@@@@@@@@@@@@@B@@@@@@B@@@@@@@@@@BB@@@@@@@B@@@@@@@B@@@@@@@@A@@B@@@@@B@@@@ABB@@@B@@B@@@@A@@B@@@@@@@B@@B@@@@B@@@@@B@@@@@@@BA@@@@B@@@B@@@B@@@@@@@@@@A@@@@B@@@@@@@B@@@@AB@@@B@B@BDBBBDBB@B@DAD@BBFDFDBF@F@LADDB@B@DAB@D@DB@B@BABA@CBAB@B@BD@D@DAD@DEB@DB@DB@F@BA@@B@BCBABC@@BAB@BABCB@DAB@BADB@DAD@DBBDHBDDDHDD@BAB@@@BABABCDKDI@KDCDEDA@C@C@AC@C@C@CA@ABABAF@D@PBRHJAHABAF@D@D@DADAD@D@F@D@FAF@DBB@FBDBFFDHFFDFBJ@JDFDDBDBFHDHDNBNBFBBDFHJDHDDB@DAD@FFFFHBF@DCHAFBDBBFBD@D@DB@B@DCF@@CBGDAD@B@BB@DD@@@BADAD@DBDDDH@HBF@DDD@DBJAHA@@B@BBAB@B@BB@B@LAF@D@D@BCB@@@DAFAFAHBDBBFH@HDFDFFDDBDFAFADCFAF@H@D@D@FEHCDAFBBBD@F@FABCBEAEACIEGEKIGICC@EBEDGDCDCFAH@BAHCF@BAB@@@B@@@B@@@@ABABABC@@@A@AACBCB@F@FBB@@@BCDAB@DDFDJFJ@F@DA@C@ADABA@ACACCCAGAE@EAEECAAAB@FAF@FANEH@HABCBCAAC@E@EA@ADCBCDEJI@EAEAACAC@ABCBCBC@CC@CAEECCAAE@EBEJKJAH@DAHEHCDA@ACCKCI@G@CBC@CAEEECAGAE@K@AACAAAAAACCEAE@@@GAA@A@@ABC@AAA@@E@EGGCC@IDIDC@E@CCEECE@EAG@EEGCACCAA@ABABAH@D@@@@A@CIAIAA@JCJADCBADAD@BC@@CCEECAEEACAEACAACAIAAACEEEAEACBACCCEIQACC@C@A@CA@AA@@ABAF@B@@AACCCI@@@AC@CBCB@@CDEBCBAB@JBD@B@DADCBC@G@IBG@@J@D@BAB@DCBCBA@EACAEBABADADBB@BA@AB@B@@@D@BBB@@D@@B@BBB@@ABCBABAB@D@DBD@@@@@@C@A@ABE@AFC@G@IBCNM@@@A@A@AAAA@AAEAA@E@C@CBCBC@C@@@@@@BDJ@BA@@BA@AAAC@AAA@@A@A@C@A@CCGEAAC@E@AC@A@CCCAACAA@AB@DA@A@@@AEACEAA@A@AACCE@EAACIGACAA@AFCDC@@DC@ABAAC@GAC@EBIAEACAAAAIEC@GAG@G@ECACACAACAA@@A@ADAD@LBF@BA@ABA@@BKDKDIDK@C@@BA@AB@@A@ABA@A@@@A@A@A@A@@@A@A@G@GDEDG@ECGCG@A@C@E@EBCAC@C@E@C@AAC@C@AAA@A@@AA@@A@@@@BA@@@@@@BA@A@@B@@A@AFADGDCAC@AA@C@G@KBGCMACCA@A@@@A@@@A@E@E@E@E@AB@@ABABABA@AB@@A@@@A@C@C@C@C@ABCBABADCDAD@DBBAD@BAB@BABABA@ABC@ABABCBABABABADCDCDCBEBA@ABA@AE@EBC@AA@@@AA@AAEBA@AAEE@A@ADC@AACA@G@CAEAC@@@ABABABA@ACGI@A@C@ADC@@DC@A@AAACAAAA@E@CBCBAJKLEBCBC@CAAAE@E@@BEJCDCDCBEBC@C@AACACACCGACAE@E@A@CGEC@AEAAAC@I@E@KBEBGDABEFCDABCBGDCBEDEFE@A@CAC@EBKJC@A@CAC@C@ABA@ABAFEFAD@F@D@D@DADABA@CBAACACAIEEAECGAGAGAE@GBEBA@E@A@C@CA@A@EACAAA@C@C@CAAAABGBGDEFENABCDABCBAD@@ABA@@BAB@BB@@BA@@RBDBDLDFB@B@LBHFP@FAN@FBJBBDDFAH@HBBF@BDHJPBBHHJL@LDH@LA@EDG@G@ECIEEC@@C@AACAAAA@E@EBCDCBEDC@CAIKCC@AAGECA@ABA@E@E@AAAACAC@CAAAB@D@D@@@DAD@@A@@C@CACAGEA@IAGAGAG@A@ABADAFADEB@@A@A@@@ABA@A@A@A@ABAAC@A@@@CF@F@D@HEDCBC@GFADCDEDGBABCDABABABAD@BAB@D@B@DAB@D@B@@DN@BATAJCFCB@@@@ADCBADAB@D@BABABEBCDCFCFCD@BDL@DADCBEBG@EBEHEHEHMPIREFAH@B@@BBFDDDBD@DCLALAHAHEJCHCNAL@HBHHFHDFBDBF@DBBDBD@DBDDHDFBD@FCDAD@HCB@BAB@D@@HL@FDF@B@H@FBBBBFDBBDH@D@BCBABAD@BBFBFBDBFBDDFBB@@@BDH@D@D@BE@ID@D@@BDDDDFBFBFBFDJAHCB@D@@ABBBFDHH@D@FBFBFDDDDDDDDH@H@BBBB@BBB"],"encodeOffsets":[[116307,25924]]}},{"type":"Feature","id":"440205","properties":{"name":"曲江区","cp":[113.605582,24.680195],"childNum":1},"geometry":{"type":"Polygon","coordinates":["@@BADAFCFCFCFEFEFEFEFG@ABA@C@ABA@ABC@ABA@AB@BA@A@@@A@@AA@AAAAAAA@AAA@A@@@A@A@@@C@A@A@AAAAAACAAEECGA@@A@GDEBI@E@EAA@A@@BA@A@A@AAA@AACAACECGCGCEIGGEIEGEAAA@A@A@EAC@CAE@CAE@CAC@AAAC@AAC@C@CAC@CAAA@@AAAAAAACCAA@ACACCCECE@C@AAAAC@A@A@C@AB@BA@@BA@@B@BAB@@@B@B@B@B@B@B@B@BAB@@ABABA@@@A@A@A@A@AAAAA@AAAAAA@AAAAECGGA@CGACAAACAC@C@AAA@A@CBCAECCCCAEACAA@A@ACAA@A@A@C@ABA@A@C@CAC@AAC@C@CAA@A@A@A@@@AAA@A@A@AAA@@@ABC@ABG@EAEAEACAABABABADABCBCAEAAAGCEGGICEEBCBE@EAECCEEE@@A@A@A@A@A@@@AA@@AA@@@C@ABA@ABA@A@@BABCBCBa@GAECAEC@ABAFADA@A@A@AAAA@@A@A@AMCIACA@ADCDBBBDAB@@A@AAAIAAABADC@A@@AAEB@AA@@AAECAAAG@CAACECA@GAA@CDCJETCJEFABC@KAE@CDCHINKFCACCEGKMCACAA@@@@@@@A@@@A@A@A@A@ABABABCAOHI@ACAABA@@BA@A@A@@BC@CBAAG@A@@AC@C@A@CEEAIAAAACAA@CEAOBI@KB@@AAABA@A@CBCBC@CBCBABCBA@ABABAB@BABAB@B@BAB@B@@@BA@ABA@@@A@AA@@AAA@@CA@AA@@AA@@@A@ABABA@ABABA@ABC@@BA@A@A@AAA@A@CBABCBABEDGFEDEDABABBBADADA@CBC@ABA@ABCDA@A@C@CCA@A@A@G@C@E@A@AB@BBF@BABABAAEA@@AAA@@BCBAB@DA@@B@B@BBBDFBD@DCFEBGBE@EAACAC@E@G@C@AAAAAA@AB@@A@@B@B@DADEH@@A@CAA@C@C@E@C@E@A@CBABGBC@CAAA@@AAA@@@AB@@A@AAAA@@AAAA@CAA@CAC@AAC@AAA@@A@@@A@@@A@@AAA@@@A@A@AAA@A@C@A@C@C@@AA@@A@@AA@A@AAA@@AA@@AAAAA@AAA@AA@@@@@A@@@@@A@@BA@AB@B@BAB@@@BCDADCDCDA@A@A@ACIOECAAM@EDEDADCBA@@ACAACAEACACCCCCCCCAEAC@CAE@C@C@CAC@CAAAAAAAC@A@C@ABEBCBCBCBC@A@C@ABA@A@ABA@ABAD@B@BGJ@DBFDDDD@F@DABA@E@C@CAA@C@GBGBE@IAEAGBE@A@@B@@@B@BBH@DCBC@CAIMOOGEGCECY@EACBA@A@@@IAA@AACCAACCAAC@A@AAA@A@A@A@CAC@A@CAAAAAAAAAAAA@A@A@A@@BA@AB@@@BA@@BCBC@C@CBC@EBCBCBCBA@AB@@AB@BAB@B@B@D@B@D@@A@@BA@A@@BA@@BC@ABABABAB@B@B@DA@@B@B@@AB@@ABA@ABADAB@BAB@BBD@B@D@B@D@D@@@BA@@BA@@@@@A@@@@AA@AAAAAC@@@ACCCAEAA@A@@BAD@B@BA@A@AACE@ACCCAE@C@AB@ACAA@EA@HADCDCDGD@F@B@BBD@BAF@F@@B@B@B@DB@BBBD@H@BBD@BLBLAH@@BFBB@BCB@BBHJAHBB@DBDBFDJJDBHBFBHDDDBBBD@D@J@N@BBDDBFBPFBBHANGFCB@B@B@BAAABC@@@@BAD@DBBBF@D@HC\\GFABBDBDHJH@DDDBF@DADAD@BDBFBJ@LAPAJAJCH@F@D@BBDHBBH@HADAF@BFDBD@BF@FBHABAB@B@BDDDBD@DBF@BAB@D@D@BBDBF@D@HAD@BABBDDBFAN@P@D@FFLBFBFDFLRBHBDBBF@D@FBDHB@BFLJ@D@@@DB@BBBBDDDBAD@DCFABBDDDFHFBJDFBFBF@B@D@@B@B@BBBBBDBLPFBFD@@BC@E@CAGBE@ABADAB@BAB@B@BAD@FCDCDCBG@@BABA@@BAFDFBFFFBFBJ@P@B@DABCDGBADBDBFBFBJBL@B@@@@@@@@@B@@N@FBDBBD@DADABB@DADCFCD@@@B@@@BB@@DBBBDBDBDBDBDBD@D@D@FBD@@BDJDP@L@@@BABABABA@@BA@@B@B@B@B@BF@BDDDBFADADC@G@C@@BA@@B@B@@@BBBFBFDBDBH@FA@@BA@@B@B@B@@@B@DBB@BBDBBBB@BBDBD@FBD@FBDBFLHFJ@FDJHJJHJDJBB@D@BCD@DAB@BADAB@BBBFHHFJNBF@FADCHIHEDYDEH@FEF@BBBDBD@D@B@BBBD@F@BDBD@B@F@B@FAHAF@HBHBHBFDFBJFDBDBBBDAB@BABC@C@C@C@EBCFEBEBAB@BAD@D@DBB@D@LIFAD@DBB@F@FEFCDAHCDABADCFEBAHCFALAF@J@D@BBFB@BFDDHB@F@F@DBHBDDDBDBBBD@D@FADADCDCFI@AF@F@BBDBD@DAFALKBIDADAF@B@BBDBBB@B@BCD@@CD@B@D@BHJBDB@BABABA@@D@FBDBH@B@BD@BCD@B@BFFBBB@FABBB@@B@@BBD@FAF@"],"encodeOffsets":[[116681,25445]]}},{"type":"Feature","id":"440222","properties":{"name":"始兴县","cp":[114.067205,24.948364],"childNum":1},"geometry":{"type":"Polygon","coordinates":["@@AAAABCBCDC@CACAAAC@ADC@AB@FE@CAGAICCGCCCA@@CBAJGHGFIBI@MCQCGGCGCEIEAIAGAAAAEAGCCCCACEACCAAAA@ABCAA@CEEEEAEAC@EBEBA@ACAA@E@EAECCE@@AAAGFQ@MACIAGCACAIFEHIBGBIAAEKAGCEACAAGAGCE@EAEGEECCEAGCE@IBG@ICGEEECM@I@GCIA@AAAAAAA@I@G@AACACAC@E@EBC@C@AACB[AWIQGK@CA@@CFEBKDSAOAICAGBGDABADABCBEDCBAFCDA@C@@@I@@BADAFC@@BAECGCE@BFADCDE@@ACEAEBM@C@AAAAAECCGAAACACGAEACAA@ACAACACAIAGAI@GAIAI@CBC@ECECCACAECCACAA@CCACCAAAAAC@CAC@G@EDCFCFGFGDGBEBKBCA@@CC@CACACAABA@CBACGEGEEEGAAAC@A@ABCBE@A@ACEAECCAEAAAC@CBC@CBADGBEBE@EBC@ACCACACACACACCACCGAE@GAEBE@AAA@CCACC@A@A@A@AAAA@@A@@@CAABC@@BADA@CBABCBCBC@CBC@C@C@C@A@GDIFMHGDIDKBEAIAE@A@AB@BAB@B@DBB@B@D@B@B@BABCDABEBABC@A@C@A@AAA@@@A@AAA@@@A@A@A@@BAB@@@B@B@B@@@@@B@@@BA@@@@B@@@@AB@@A@@AA@A@AA@@A@@@A@ABA@ABABABABAB@B@D@D@D@DBD@FBDB@@BBBB@@BB@@BBB@@BB@@@B@B@@@B@@ABABAB@B@BAD@BADADAB@DABABABAD@@@@AB@@@B@B@B@BA@@BA@ABA@@@ABA@@@AB@B@B@B@BBBBDBFDDDDBFAD@D@BBB@B@DBDBDBBBDDHB@HHFDBBBBB@BBBB@BBBBB@B@B@B@B@B@@ABAB@BA@ABA@A@A@A@A@A@A@@@A@ABA@@@AB@@ABA@@B@D@B@BBDBB@B@DDFDFDDDB@BBBDDBBBBBB@BB@BB@DBD@D@DBD@BBDBBD@DBF@DBF@DBD@FBB@B@B@BBHFJFHFJHDFDHDHDFBBBD@BBB@B@B@BAB@@@BBB@F@FAJCF@H@BB@DHFFBBBDBBBB@B@B@B@D@@@B@B@@@BBB@BBBBBBB@BBB@@@B@@@BABA@@BAB@BAD@BAB@B@DAB@BEHEFEFEFEFEDEDEDCBAB@BAB@BABAFCDCDCDABABABABADAB@BAD@BABABABA@ABC@ABCAC@CBCDABABAD@B@D@D@D@D@B@@@BA@@BABABAB@BA@@B@F@F@F@F@B@@@B@@@BDBBDDNAH@L@H@DBBD@DBHCBCBEB@@@@AB@B@@A@@@@B@@A@@B@@@BB@@@BBB@B@DBD@B@D@F@DBDAD@F@F@D@BDHDH@FCHCF@H@H@B@B@@@B@B@B@B@@@BAB@B@BA@@BAB@@@DCLCJCLAL@@AB@BABE@KAC@CB@B@BB@DBBBBDBDFDH@H@HBD@JFBBBBBDBFAJ@FBD@HBDAB@BCD@@CDED@BBBBDJHBDFBF@DDBBB@B@FBBDBF@@B@B@@CBAB@DBBBDD@D@BBDF@D@BBHFDDB@D@B@B@@@BB@BBDBBB@@AB@@ACI@A@@@@D@D@DADAD@F@B@FBBBB@BBB@D@B@@BFBBDBDD@DDHDBDDBFFDFFBFFBBDDBBBBB@BBBB@BBDDBDBDDF@DBDDBBDDBBD@B@B@DCBCDADAF@D@BBF@FAFAF@DAFAHAF@F@FBD@@B@FBFLDJBHBHDJ@NAH@@ABA@CDADBFDHBB@BA@ABGAKFOBCB@BCB@@@@@HGLOPKHIHQBODO@A@@AGBGJADAFAHADADBB@BD@BBBBBD@DBB@DA@@BA@A@A@A@AB@@AD@FADADCB@BAF@@@@@@@DADAFBD@DC@C@EDEFALADCFG@G@GCGAEBCBE@I@G@EBA@E@ABAACCAAA@CAAAAA@@@CIAOGMGOCG@EDELDRHJ@DC@G@CFCLAH@DHLFdB\\FJFLFH@HCFGFEJ@LDLBHELEPBT@NBHGDB"],"encodeOffsets":[[117143,25551]]}},{"type":"Feature","id":"440229","properties":{"name":"翁源县","cp":[114.131289,24.353887],"childNum":1},"geometry":{"type":"Polygon","coordinates":["@@@C@ABEBC@GBGCCGAQCEAAACECCAABEBC@AACGAGAGAEAAAACDGHCDCBE@I@GDGBC@AFGHELGFCFKHEJCBCAEGEOCKCIICECGAGIEMGGGEECACCCAAAE@E@EEECECCC@EBCDEBC@E@CDEFCDCDC@ABCEGAICG@IBGBG@E@CAE@CAC@ABAF@HBJDPBR@D@DA@ADAFGHIB@B@@EAEEGCCGCECEGCGCCAE@CBCFGHGBC@ECIEIGM@@GKGEAFIFEFCAAGAMAKBGAEGAGBEBGDCAGE@@CBEDGBA@G@GEIGMEG@EAEEEICE@@A@GJIFABECEGE@ECEAEAEACAEACCACC@E@EDCBABCAC@KAICCAAAGCIEEAECE@CAGCGCGECEAA@A@CDE@ABGBCBE@A@@AAAACEAE@CBC@ABAHAHC@ABAEICEBCDADC@CCCEAAFA@AAAACKEIGEEECI@CBABADAFADAF@BAB@@A@AAEIIMGOEOAM@EFAH@FA@@@EHGF@DBHBH@BADADA@ABA@A@ACEGICOAQ@K@CBA@@@ABBB@BBD@@BB@B@B@@ABCDCBCBA@ABC@EBC@AB@B@DABADCBCBCFCFADABA@@@AD@BABAD@BAD@B@D@D@D@D@D@@@@AB@BA@@B@BFH@B@@@@A@A@AAA@@@AB@BA@@@CA@@ABAB@@@@A@A@CAA@ACA@@AE@C@CBCBA@C@AA@@CE@E@@AA@@A@@@ABA@ABA@A@C@AA@@CBA@ABABA@C@CAC@C@A@C@@BA@@BC@KDIDABEF@D@BABA@@B@D@BA@@BA@@BAB@@@BB@@BBBBB@D@@A@@BA@A@@BA@@@ABBH@F@F@DGDGDE@C@AEACA@A@A@A@ABA@@B@@@@@B@B@B@@BB@BBB@F@FCBEDIDCACCAC@@AAA@@@A@@@A@AB@BAB@@ABABA@ABABC@ABCBA@@BAB@B@B@HBDB@JB@@FDBD@B@BA@C@@B@@G@BDBF@BBD@D@DAFAH@F@FABBB@@@B@BB@BBB@@B@@BB@@BD@B@D@D@B@@AFADELEHCFCBC@EAA@A@CBCB@@A@EBEBABCFA@@BBBAB@DBFB@ABCBC@AB@@@D@B@D@BABADABADABADCDC@AD@BAB@D@DBBBDBB@@B@@B@@BB@BAFBFAD@B@JADE@A@A@ABCBA@ABA@CB@@CD@B@@ABABA@AB@@A@AAC@A@A@C@ABADABA@C@ABC@ABC@AB@BAD@B@D@D@D@DAD@DA@@@A@@@A@@BA@@BA@ABGBI@M@U@G@ECAE@SCIBEECACC@CBE@A@ABEHW^IHGFB@AB@BABADAB@DAF@D@BBB@B@B@@AB@@ABA@A@@@A@ABABA@@B@BAB@@@B@@B@@BB@@BDB@@BB@BB@@B@B@@AB@BAB@@A@A@ABA@A@ABABA@ABAB@BABADABAD@DADAD@D@BABBB@BA@@LAJBPDFB@DBBBBBBJFF@D@B@DBD@@@BBHAB@DAD@@@B@BAB@@ABBBBDJ@PGDBBABABAB@B@B@B@@@B@@@@@@@B@DBDBLNFHDDDBLEJMDGDCF@LBD@BAFEDIFSDIDCB@HBB@FDBDDBH@BBDBBF@BB@@BFABB@@@BCDABBBJBBB@B@BA@CBAACACD@BDBJBND@B@B@BB@BB@B@B@BCBEBAB@BFDDBBF@HAbADADAB@@@BAB@BAB@B@D@@BB@@BB@@B@B@B@B@B@@@FFDFFDFBF@DAFADFHJFHHDBBFBDBDABABCBABABADBFBFBFBH@BAD@BA@@B@BBB@B@B@BB@@B@B@B@B@DBD@D@BBD@DBD@B@B@BAD@B@B@B@DB@A@ABA@@B@BA@@B@BAB@@AB@@A@A@A@A@@BA@@@@BCBABABA@CBABCBC@ABC@A@ABABABA@@@A@@@A@A@@AA@@AA@AA@@AA@AA@AA@AC@EAC@C@C@C@C@ABABABABABAB@BAB@@@B@@@BBB@B@@BB@@@BA@@@@@A@@B@@A@@@A@@@@@A@A@A@@BA@AB@B@B@@@B@BBB@@@B@BBB@D@B@D@BAFABADCBA@A@A@A@C@AAA@C@ABA@ABAB@F@JBFBLAJCHCNGJEHCB@D@D@D@D@DAD@DADABADAB@BC@AD@BADB@@B@@@BBBBB@B@B@D@BDDDB@BBF@FAHBF@HBDDDBBDBDBDBDBDDD@BAD@FAFAFCHAB@DAD@DBDBBBFDDBFDF@B@BAFAD@B@BBDBBFHFFFHDHAB@DABBBBDBD@DDD@@DBLAFAHAHCHEDEDEFCH@D@DBD@BBBBDBBDDDB@DBDBFDDBDBFDFDD@DAJ@JBHBJ@HBJBDBDBBBBDB@DBFBHBBDBDBBDHFDBBBB@B@DHBF@D@DBDFHBFBH@L@HB@CBELEPEJCJALFJDJ@LCJCBABEBEDCB@@AD@JAJBB@D@BABA@CB@@C@C@ED@HADADG@I@@@ACCBCBC@A@CBCDABCDCBCDE@EBG@EBCDCHA"],"encodeOffsets":[[117052,25164]]}},{"type":"Feature","id":"440281","properties":{"name":"乐昌市","cp":[113.352413,25.128445],"childNum":1},"geometry":{"type":"Polygon","coordinates":["@@AA@AAAAAG@G@CCCCCCCCAEAE@E@CGGECAABA@@@CDABGCIAEAEAECECCAC@@@CJCF@@A@C@CCG@A@@AACEACAEACAEAE@ABCBADA@A@CCGAAECAAAA@E@G@ACE@EGK@@@CBA@ADA@GBCDC@EACCECGAC@CACACCAE@CAEAGCGEAG@GBKDMDGFIBGBGBKDK@CACCCECAA@@ECC@ACKGEA@@@@IGCEA@@@@@@ACAC@E@MAI@CBEACACACAC@A@A@@@@DABA@@@A@@CAEAEAAGEECAC@A@CBCBA@A@AAAAAAA@AACAACCC@@AACACBG@C@C@@AACBABADAD@D@@BB@@AB@@ABAB@@@BABAB@DA@ABA@@A@@@@@ADA@@@@@A@@A@ABA@ABCBA@AA@@AA@E@GACAAKCC@I@E@CAC@A@@@@@@@A@@F@BABABABCBCBE@@AA@@A@@@ABA@A@AA@A@@@@BAB@BA@A@A@AAAA@C@AAACCGEEAECCCCE@CCAE@CBGBE@C@AA@@CAAAA@CBEFA@EDADABCBCFABEACBEBABA@AACAEAE@EBC@CAAA@@AEAC@AAA@@@@A@A@CJ@BABE@A@ABCHABABC@@@ABAB@B@BBD@BAD@BA@CBA@IAC@@B@BBDBBJFBBABEJ@J@FAFEFA@CDE@GAIACACAAECCEGECGACAQ@GAQBKDCFEJEFEDCLEDAD@HDDHFFDDHBHAD@HGTEL@B@BAD@D@@GFGDEJCFEHCDEBG@GACA@ABG@C@C@AKEECGCAIAC@@ACCI@CBGCIACAEEIAA@@@@AAICAA@ABAFCBC@EAC@@GAG@CAEBEDCFCDA@A@AAAG@ABEDCBC@CAAI@C@CBCHABA@CAA@C@@DCDABC@A@AAAC@AAAE@C@IACAAE@EDGBCAG@I@EBGBKDK@CFEDEBK@I@GCECE@@ACECEAEC@@@A@C@A@CAA@AA@CA@AAAA@AA@AAAAAAAAAA@AAAAA@C@A@C@CBC@ABCBABAB@@ABCFABEBCAAA@C@E@ABA@A@CCCCACAE@GA@@AA@@@@@A@@@@@@@@@AB@@@@@@@AA@@@@@@@A@@@@@@@A@@@@@@@@@@@A@@A@@@@@BA@@@@@@@@@@@@@@@AA@@@@@@AB@@@@@@@@@@@@A@@@@@@@A@@@@@@@@@@@AA@@@@@@A@@@@@@A@@@@@@AA@@@@@@@A@@@@AA@@B@@AFCBABABE@CAKA@D@D@F@FBBBHAFCDC@A@AB@@@@@@BB@B@@@B@@@@@BA@@@A@@@A@@@@B@@@BB@@B@@@B@@@@A@@@A@@@A@@B@@AAA@@@AB@@A@@@@B@@@B@B@@AB@@@B@@AA@@@@A@C@@@A@@B@@@@@BB@@BBB@@@BA@A@AHBDFJ@FAHIDEF@@@B@@ABA@AB@@A@@@A@@@@@A@@BB@@B@B@@@B@B@B@@@B@B@@@@B@@BB@@@B@@B@@@B@@B@@@B@@@@BB@@@@B@@@B@@@BB@@BB@@@@B@@BB@@@@D@@@@@@B@@@@@B@@@@@@B@@@@@@B@@@@BB@@@@B@B@BB@@B@B@@@BB@@@B@@@BB@@B@@@B@@@B@@B@@BB@@BBB@@@BB@@@@B@@@BA@AB@BA@@@@B@B@@@B@B@BBB@B@@BB@BB@@BB@B@@BBBD@@BFDBDB@@@@BB@@@@@BBB@@@B@@BB@@BBBABGBGBEBCDCNENCDCDEBCD@F@@EFAHCDEHEDGFCDEHCF@FBRDNABBJFJTJPHNHJHBDDDBBB@H@J@HBJBJFHF@D@DEHCJA@C@EAE@EDEDCJCJCDADADAFCBABCBCBAB@D@FBBABADIDEASCEBCDADAB@B@@A@A@CAAAC@EBCDCDA@E@ACAAAGACC@EDEDG@A@ABE@A@AAA@@CBG@@AACAABA@CB@BADAD@@A@CAIA@@IAA@@@CCGC@E@@A@@@@@AAA@C@CBABADCBADADE@C@EBABABA@G@AAGACBC@ABADADBFBD@BA@@@@B@@DHDDBB@@@D@B@BFF@@@BA@ABC@A@@A@@A@@BCBADCNCDA@CBABABABDL@H@HCFAD@DBDDDBD@DAFCD@BA@AB@DABAD@D@D@BDB@@FAFCFCDAHGD@D@DBFH@BD@F@DAB@HLBBBBFABCBGDMBODODCFEFCJGPEFADBDF@P@DFHDFAH@DBDDBFBHAFBFDBFBFBFDBH@HBFBBDFLBDB@F@DAFBHDHDD@B@DCBCFAD@DBDB@@@@D@BAB@B@DBFDB@FABADGDAD@D@D@BB@B@HBDDBB@@@@B@@@B@B@@BD@BD@DBBB@F@BBBF@FCFDJFDFF@DBBDBDBBFBFBFBJ@F@D@FB@D@BAFBDDBFBFHBB@DBBAFBFFDDBDB@BABA@EBAB@B@BBBRFDBF@DADAB@DBD@B@DCB@B@DCFADCD@D@BB@HAJ@F@B@DENADCDCBCDABAD@B@@@BB@DBFABBFB@B@DBD@BABAAA@@A@CAAAACB@BABBDBFHJFFFBB@F@F@FBH@F@FBBB@D@BE@C@GCC@C@AB@BBDBBDDD@BAFAFD@BAFCL@DBDBBF@PAHAFEBEDQDEFCF@FBNHVFLLFH@F@BBHFDDFLJJFFDJBHBFDFBD@FCB@HOFGFCDABABBDD@DBBBBD@HCDADAB@B@@@BA@@AAAA@A@@@@B@BABABAB@B@B@B@@B@BD@B@B@BB@BBB@B@D@DEJBFDHDBFAF@H@BABAB@@C@@AAE@EACAAADEB@BC@ADAFABA@AB@@EBC@CB@BAB@@@ACAE@IDGBGFE@ABCAE@CAI@I@C@C@C@C@A@@@AB@F@FDBDBDFBHBDABAHBH@BADCJIHGBAB@D@DBD@DAFEDEBEBIBMBGBKDGBCD@D@DDH@FBB@B@DCBA@CDADADBJDHDF@DAHAFAFEFEBG@I@IDGBCFEFADABADCBEDCHAH@HDHHDDFDDBBADABCBAB@F@DDDHFHD@DBFADADAHAH@FBFBB@D@BCDAHAD@B@B@B@@@@A@@@AAECCAA@CBCDCFEBADBDDDDDFFDDFBFD@B@F@BAB@BA@EDGBAD@D@@A@@@@DGBCFCLALAHAHCFADCBC@EBKAICIAI@AB@"],"encodeOffsets":[[116307,25924]]}},{"type":"Feature","id":"440233","properties":{"name":"新丰县","cp":[114.207034,24.055412],"childNum":1},"geometry":{"type":"Polygon","coordinates":["@@AI@@BCBEACKCIEAEDCJ@P@J@BCACE@O@OAA@AC@CFCPGHI@@BEFOHMBEBCACAAAC@CFAJ@LENEDCBCBE@GCCCCEEAEAEBGDEJEJEHGDIDIFIHGDAFAFCDEDADCAE@GBEDED@FBBDBHBD@FB@BBDDDBBBDDF@DCBADAFCBCHEHAHDJHBBBBBBD@D@BABAB@DBBDD@B@FAF@BAD@DAL@F@B@D@@BB@@BB@B@B@@@@ABAAA@EBCBAB@B@D@D@BB@@@BB@BBB@B@BA@@BCBABA@A@A@@@ABA@@BA@CDAB@BAD@D@@BB@BABABAD@FADCD@DABCBA@AB@D@BBHDBBDA@@DABAB@B@BBBB@D@BBBD@@@@DCDGFAH@BAD@DADGDGDCBCBBBDBD@DBBF@H@H@J@B@DC@@@CAC@C@AFAD@FJFH@BABCAEDADBJFDF@FBD@BBBDBBD@B@BB@BDBDBFBBB@D@DBHFJHDDFDBBBB@D@DBBBBHDDBBBBBFDHDHBJDFBFDFFFDDFFNFJDBB@DCFIDM@@DAHELCH@HBFAFABABA@EBEBABCBC@ACECECEAE@CBC@CAE@C@CDCBAHGFE@EAGCGEEGCE@@@IAI@IAGAICEECCACBGBE@EBCDCFAEAAACE@A@A@CAEE@C@EDCFEBC@C@CGECC@CF@HBJAF@@E@EECMEIIEEIBEGG@AA@@@@@AAAAAA@BA@EDEHEHCBABG@CC@EBCBEDCAC@AEEECACCEAGCGEEECGCEACAECE@G@CACAGAECCCAAAAACCAACACBEAC@A@@AEBEDEDIBG@EA@EAMBKAACCKAIA@EDCHEDG@ICK@CA@@@EDCBABACCCAEAEAEGAEACBC@CBABCLGCCEBEBAB@C@I@ACE@CBEDGBADABEC@AAA@AAACAC@GFGCEGCAAAG@GDAAEBEDGCEIAC@EAAECMDCACAAAAA@AAG@CC@ADADA@A@C@CAAACCCACCAA@C@CAAGEBABE@ADEBED@@ILCACAECEEK@KCE@E@AAED@DADEBCDEBED@FC@GAECBAAACBI@IB@DABC@CJ@@G@IGK@KBKF@HHFDHDFFLHBFHCBEACDDDDD@@D@BBFADDDBJBLH@HJDGBAHCBEAGBACAEEEA@E@EEGCEBKMC@C@GCOBEBEBEFA@ECE@A@CAECGHA@C@A@C@ABEHCD@HBBEBEBEBC@C@EACC@ACCC@C@COGKGCIAC@ADCBABC@E@AACDE@DCEEC@ICC@EBAADEGCICICIBI@CCCCAAE@ADADC@IAIAAL@BC@M@CBA@CBCDCBAAAAAAAAACAAACBEEGAA@AAC@AA@CGAACA@ABCCCAC@@AC@BA@CBCBAF@D@D@DDD@BABBB@BAB@BA@@BC@AB@@ABA@A@A@CBA@C@A@@AA@@DABA@AB@@@BA@CDAAABAD@BA@AAA@A@EEI@GBKCECCDADEAK@GADFCBGECACBCBMAKGG@CCC@@B@@ABCB@B@DE@EAA@@@EBICEAGCGAEBADCFC@C@CAG@ADCD@AAACC@CCCAACBCBCB@DADC@C@CAQ@CAAAAAA@@ACCCAEACACAE@C@EAC@CACACAAAAAAAAAAAA@AAA@CAEACACAA@AAAA@ACAAAC@CA@BCDABCAC@@HCD@DBB@H@F@@@B@B@FADA@CAAB@HA@ADCDCBCBE@ED@@KBFFA@ADCD@D@J@@@@@B@@@@ADC@ABAD@DCBA@A@C@E@CDCACCEBAB@@C@CACACBAB@@@BAD@@CFBDCDEBE@ABADBBBDBBADADGBCBADCFCBADA@DDFDJBBBBDDD@BBBBBBBB@BBBBBBBBBB@BBDBDBDBFDDB@BBB@BBB@@BBBB@FAF@@ADABCBAD@DBLJDBF@D@BABABCDCB@DBDBBB@FAD@D@B@BBB@BBBBBB@BBBBBFDDBDDF@@@BBDBBDBB@DABA@@B@B@B@B@BBBBB@DB@BBBBBDBD@D@F@BBDB@FEL@DDBB@DAD@DBBD@B@F@B@BHDFB@@@D@@@B@BA@@@ABA@@@AA@@E@CB@F@H@FBFD@FF@DA@ABABABAB@DAB@D@BBD@BDBDBDBDBDBB@B@BBB@@@BJDHF@J@F@B@BBBDDB@BBD@B@DABCDAB@@C@E@ADANEH@DFDDB@@@BBBB@@BHDHBFBHDDBBBDBBBDDDDBBDD@BB@BBB@BBB@@@BBD@DBFABA@AAABAD@D@FBDDJ@F@FAD@B@DBBB@DBF@B@BAB@@C@ICAA@@AB@B@F@D@BDBD@B@BABAB@DA@@BBD@B@B@BAB@BA@@B@@@BB@@@FDF@@BBD@B@DADAD@F@@BB@BDB@DBB@B@@@@@BABA@@DB@@B@@ABA@@B@BBB@B@@@@@@AEG@A@AB@@ABA@@@@@C@C@C@C@C@ABC@ABCBA@ABC@@B@BABCDEDEDADABCBA@C@ABAD@FAD@BAB@DADADCBA@@@A@AAA@@AC@AAABA@@B@DAL@R@PBJDFHBDB@B@BAB@BCBC@AAGAG@CHEFG@@B@@EBGFEN@PBPFNHJJBF@B@BA@ABE@CBEBCBABAB@DDJFFHFFJDLBBBBB@BEFBDD@DCDCBADDFFJAB@BGDGBAB@BAD@DBFDFBBBB@@@BAFADAH@BCF@D@BBBDFHFHDHDDBF@FDFBJFHDBBDBJDLBD@DBBADAFCF@D@BDDDFBDBFBFBFBFDF@FHFDBAJEHIB@@@DFFJFFFBH@NFJHHFH@B@HAFCDA@@HFDBHCFAHAHBBFAHBLBNBHDBFEJEBE"],"encodeOffsets":[[117008,24866]]}},{"type":"Feature","id":"440282","properties":{"name":"南雄市","cp":[114.311231,25.115328],"childNum":1},"geometry":{"type":"Polygon","coordinates":["@@B@@@F@DBB@@ABAACACA@CBAA@AAM@E@ADCBAB@BBB@B@B@@D@J@HBFJ@NINIBICGAI@C@@F@BABAAA@ACCCE@ABA@@DAB@F@D@D@B@DABA@CDCDE@ABA@A@CBABABADADABA@ABA@A@A@C@CBADAD@BABADCBAD@BBD@F@DBFADBHBB@BBLADADCJGFGDAB@FCF@F@DDBFBDBBB@D@DCBAB@DBB@BABA@C@CBAB@DBDBB@B@D@BBBA@@@CACAC@CBAFAF@B@BADC@C@C@ADG@AAAAA@A@E@CBAD@LBFADEDA@ADA@@BA@AB@@ABE@C@GBG@EAG@G@EDEBAFC@ACAE@E@EAA@@C@GBCBABBFBDDD@B@@ABAAACCCAAAECEAEBCBADCDCDC@A@CAMMGECAC@CBEAA@CCA@@ABA@A@ACAEAC@@ABADE@EAEB@DBDA@@@CEEEEC@EBGBC@C@AAAA@CDGDCDAD@BA@C@CD@AAACECACBADADCJEB@D@F@@ABA@A@AB@NAL@DBF@F@DA@A@CBEDAD@F@D@BA@EAGCEAA@C@@DABA@C@A@@@ABABC@@@ABC@CAA@CAGA@ACA@A@A@E@CAAACAA@CACAC@CAACAA@ACACAC@ABIEMCIBGDI@MCKCCCAEBMGEOOOIKCK@Q@SFCBC@CAAAAFAF@DC@A@ACEACE@CDCBC@AA@C@@DCDCBCBCBA@IB_@MAIKISAAEEACAEIGAC@ABC@KAGAEEIGGGCG@GFGBEECKASAGGC@@KAMDA@CBCAC@C@AD@DCBCAC@OGAAE@CCAAC@C@A@A@A@@A@A@C@CBEBE@C@CACAACCGCQES@Q@CCAGBCHE@CACGASAG@GAEACAAACAGHMAS@OAKFGFKAKCI@EFEHGDG@KEIE[EcAKECGG@KBED@D@HCDI@QGKCCF@FDHHPHNBPDJ@@B@BBBB@DBBDBBDAB@B@FAB@F@H@JAFADBFDH@H@HEHCDKBEBCF@F@DCDC@EACBCB@@@@@@E@ABA@CDCBEBC@@BA@@B@B@B@BAB@@CBA@CAC@AAAA@AACA@CACBGBEBCBIBAHBH@@@BCPAPGRGJOLKPGH@@@@A@ADA@ADEPBLAH@BABA@GAECCACB@DAB@BG@MBI@GCGAIAKCAE@E@AC@EAE@E@GBEBCBE@EBEBE@AAC@E@CBCBADCDA@A@C@AACCAACCCAE@CCCACAAC@AAAAAA@AAAACCAAEEEACEEECAACGCCCC@ACACEA@AA@C@A@@B@B@B@@MNAD@J@HED@BAF@B@B@D@@@@C@CAC@A@ABABAD@BA@AAA@@@@CA@AAC@@@A@A@@BABA@CACBABABBFBD@FABADCDA@ABC@I@@@AH@J@HADCDCBA@C@IAA@ABADCF@DA@AD@DBD@@J@DDBD@BA@E@AB@BB@@BDBB@D@D@BDJRDFDDABBDBFFFDFBBJBDBBBBDBFBDFFDBFFDD@@ADC@CBABCDIBIDB@JBJB@D@B@@C@G@ABAB@BBBDDDBFH@FBH@FDFFFDDF@D@JCJCD@HDFHF@@@BB@BAD@BB@B@HB@@FE@CBCBCFCHCFADABEAAAA@CAIBCD@BAJAD@FHDFDF@DBHBDBBBBBD@DBB@@B@BBDDDBB@HDD@@@BCBCBEB@BBBDDBHBDAFADAB@BFFDFFHHHHDBFDB@LFHFBDD@B@D@DAFAB@BDBDDBD@BBABAB@BBBDAHBBBB@F@D@BABA@C@A@AB@BBDBDFDDHDF@F@F@@@BABCBCBC@ADAF@HDNNFFD@D@D@HCDCDABCBC@CAK@AB@B@D@HBB@F@D@HAD@DCBCB@B@@B@DBBFBF@JCbKF@D@D@DBFL@DBBB@FAVAFADABA@CAC@ADA@ABCD@F@HBBBB@@@ABED@BC@@B@BABADDBBBBBBBBBB@BAB@BBDDBBDABAB@BB@B@FADA@@@@@CBA@ABCBAB@@@F@F@D@B@D@BBB@BB@@@D@D@@@@BEBABA@BDNFDBB@F@HCFCH@H@J@HCJEJCJAT@D@F@BABC@GBAB@DBB@D@@@@@AAAA@ABAD@DBBDDFBDF@F@@BB@B@BBFBDBBDBH@BD@B@BBB@D@B@B@DAB@D@BBD@DBB@BBBBB@BBDDBDBB@@@BABABCD@@@@DBD@BB@DFNDHBFBF@FBHBBDDDBDD@B@BBBBBPDF@HCDA@AAAAC@ABAB@D@B@BC@@HAFEB@DC@@B@BAD@BB@BBBFFF@H@FBFDJFDBFBBD@DADCDAB@D@D@D@BBBF@FBBBB@D@B@D@DBDFPPHDJBBA@ADABAB@D@DAFCFEDABAF@F@FADCDA@AB@@@"],"encodeOffsets":[[117322,26011]]}},{"type":"Feature","id":"440232","properties":{"name":"乳源瑶族自治县","cp":[113.278417,24.776109],"childNum":1},"geometry":{"type":"Polygon","coordinates":["@@A@ACAA@C@AHOBE@ACEACBABABABADE@ADA@@BADADA@CBC@AAABCBCBA@EAEECAA@CBADCHCFABCFE@ABADIDG@G@ICMAAACAECC@A@CAA@CA@AA@@A@@ABADEBCBAAAACAACAC@@@C@AA@ACCCCCCACCCCACCACCAACA@CAC@A@AA@A@CBAB@@AACCCAA@AAAA@CCCCCCACAA@CAA@C@@BABA@AAECGEGEACAAC@A@ENMBC@@@@FEFEHEFCDA@C@@DCJI@E@GEGKMAEBK@E@GCCCA@@E@K@CACCC@AAG@EFCF@BCBI@GAE@IIACAGBAD@DAH@@A@C@@DCD@JBDDHDB@B@DABC@CCCCK@EBE@EAACACBAAEECE@@@@@@CAAA@CDEJM@EACAECAC@C@@@A@@@ABA@AB@@ABABAB@@@@A@@@A@A@@@A@AACAAAAAAECEACCEA@AAA@@@C@A@A@C@C@CAC@AAC@CAAAACAAACAA@CAAAAAA@A@AAA@A@@AA@@AA@@CACAAACAAA@@AAA@AACACAC@EAG@EAEBE@C@CBEBC@EBEBEBC@C@A@ABI@E@ECCEAEAEAAC@EAABA@@D@FBD@FADABCBABABE@CBC@C@CBA@C@CBACAC@EAEAAC@KBABADCHADAFABCB@@ECCACCCAA@AAA@A@A@AAC@AAAAAACAAAAAAAC@AAA@AAA@A@C@C@@@CCBCDE@ACCCACCACAAAAA@C@ABCDCDC@C@C@AAACACAAAA@A@@AA@@@A@A@@@AFIBI@SAK@KEE@A@@@@@@@@@@@@@@@AA@@@@@@@@@@AA@@@@@A@@@@A@@@@@A@@@@@@A@@@@@@@@@@@@@@AA@@@@@@@A@@BA@@@@@@@@@@AA@@@@@@A@@@@@@B@@@@A@@@@@@@@@@A@@@@@@@A@@@AAA@@@@@@@A@@@@@@@@A@@@@@@@@@AA@@@@@@@@@@A@@@@@@@@AA@@@@@@@@AB@@A@@@@@A@@@@@@@@@@@@@@@A@BA@@@@@@@@@A@@C@IGCA@E@AD@H@LBFBL@B@BA@A@@@C@A@C@A@A@@@E@ADCBA@@DAD@PDBCBEB@B@B@D@@A@AAAC@AAA@CCEACCCACACACACA@CACBABAFAF@FADADAF@DAHBJDDDDB@F@DAL@HDFBBDADC@C@E@IAA@ABAB@DBD@@ABAACIIAC@C@AF@J@LABCB@@A@C@A@CBC@A@CBABCB@@A@AB@@A@A@@@A@AA@@A@A@A@C@A@ABABA@A@@@EBE@AAC@A@A@EHCDCDCBC@G@EEKGGAGCEEACAIBEBCDIFE@EAEEEAC@E@CBCBEBC@AA@CAIEECAA@CDABAFBDBF@BA@C@A@@BABEBG@EBEBINSR@@A@EDCDC@C@AACAC@AAA@AAA@AAA@AA@@AAAAAA@A@A@A@@@A@A@@@A@@ACACAA@ACEACAC@C@A@@@AAAA@A@@BA@A@@@AB@@A@CAGCGAGAGBOHABCDCBCACA@DAB@@ABABAB@@A@A@ABABAB@@ABABABA@EDCBAB@BAB@BA@A@AB@B@B@D@@@@AB@@@B@BBDABAD@DAD@B@BAB@BA@@@A@@@CBA@ABABCBABABCBABCDCBABABABAB@D@HCFEHEFA@CAC@CAE@ABAB@BADAB@@AB@@BB@D@B@B@BABA@@BABABAB@BAB@BAB@DABABCBC@CAABAB@F@DBDDTABABABABCBEBEDCBA@A@AA@@A@A@A@@BA@A@ABA@@@A@A@@@@@ABE@G@CAA@C@ABABCDA@G@EAG@EAA@CCCAA@@D@DABC@EAECECC@CDAD@NAR@DHFNTFFBD@D@@@@@B@BBB@@@B@B@BA@@BAB@DAB@BAB@B@BB@@BBBBBBBBBBBDBFBDBFBB@@BB@BB@B@@@B@B@B@@@B@BABAB@BADABAB@BAB@B@BABBB@B@B@B@D@@@B@BAB@BABAB@BAD@BAB@D@D@B@D@B@B@B@BAB@BA@@@AB@B@@@B@@@B@@@@@B@@BBBBB@@@BBB@B@B@B@B@D@D@DAD@D@D@D@D@DBB@B@BB@@@B@@@BA@@B@BADBDB@D@DB@BBB@@BB@@@BBB@BBBBB@B@B@B@@@BA@@B@@ABABAB@BADAD@D@D@B@B@BBB@@BB@@BBB@B@B@B@B@@BB@@B@BB@@B@BBB@BBBBBBBBDBDBD@DBDBDBDB@@@@BB@AB@@@@@B@@@B@@AB@@@@@BA@@@@BA@@B@@B@@BB@@@BBB@BBBBBB@BB@@BBB@@BB@B@@@B@B@@@BABADADAB@BAB@BAB@@@BB@@BA@@BA@@BA@@@A@@B@@@@@B@@@@@B@@@BDDFDFDHBFBFBFBFDB@BBB@BB@@BB@B@B@BB@@B@BB@B@BBB@@@@A@@B@@@B@@BB@DDDDDDFF@@BBBB@@DBB@D@D@D@D@B@D@B@D@BBB@@@@@@BB@@BB@@BBB@DBD@DBD@D@D@D@B@BADABABC@ABABABCB@DABAD@D@D@B@D@B@D@B@DAB@@ABA@A@ABA@@BA@@B@B@B@B@B@B@BBD@BBD@B@DABAB@BABC@ABA@@B@@AB@B@@AB@BABAB@@@@AB@B@@BFAD@BABAD@@BDFBRBHD@@DBDB@B@BABABCBABA@CFA@@@@BADB@@BDB@@DBBDLBDBF@BABADABE@@@AB@@B@@B@@@@@@@B@@B@@@@B@@@@@@@@B@@@@B@@B@@@@@@@@@@@B@@@@@@@B@@@@@@@@@@A@@B@@@@B@@B@@@@@@@@@@@@@@AB@@@@B@@@@B@@@@@@@@@@@B@@@@@@@B@@@@@@BB@@@@@@A@@B@@@@@@@@@B@@@@BB@@HBF@DBDBDD@D@BAB@B@F@DBBDBFABADEBA@@BABADABAD@DAD@B@D@B@BBBBB@BBBBBBBB@BBBB@BB@BDBB@@BBB@D@B@D@B@@FDFBFDBD@@DFDF@H@JALCFEF@DCLALAH@F@JBHADCH@FBFDBJBD@F@BB@BBDBBB@D@BADC@CD@B@DBB@BADGDAD@J@BB@DADCDAF@BBHBBB@B@DCDEFCFADBH@HB@@BD@FADEDAB@BBBJDBB@@@@BBFJBFBDDJAH@DDJBD@@BDBJHDFDLF@B@D@DAH@BDBHBH@FADCFGDEFIHCHE@@@CBC@A@AFKHS@GBCAGCGECGECC@GBCFCDKFCFEFIDELCRAHBR@DBHBFDFHDDBFDBDBJBHBF@DCB@FEBE@E@IFIBAAAIEAAAC@A@AD@JBB@DAB@@ABC@AAC@A@ABABA@@D@BABADGBAB@F@BA@ADIB@B@@@@@BB@BBDBF@@BBDBD@FAF@FBDBBBB@BAFADAFBBADEDABABCFCB@FEDAB@BBDB@@BBD@F@HADAF@DB@DDFDDFDFBHFDDBB@B@DBBBBB@B@B@@ABA@A@@B@B@@B@BAB@B@@@BB@@BF@DADABABABA@A@EB@@@@@@@B@D@DBF@J@D@LDBBBD@H@FBB@@BBB@DABAB@BAB@@@@B@@@@CB@B@@@@@BB@BAB@@CBABA@A@@BABA@@BA@@AA@@@C"],"encodeOffsets":[[116160,25637]]}}],"UTF8Encoding":true}