{"type":"FeatureCollection","features":[{"type":"Feature","id":"450803","properties":{"name":"港南区","cp":[109.604665,23.067516],"childNum":1},"geometry":{"type":"Polygon","coordinates":["@@ACACAA@AFE@@B@BB@@BDBB@DB@@BB@@AB@@ACCAC@A@A@@@@B@DDBBB@B@B@B@@A@AE@A@AAAA@A@A@A@AB@B@B@F@B@BBB@@@B@@A@@@AAAC@A@AAA@@A@ABAB@D@B@D@@ADABAFABCB@@AA@AAAAACAA@E@EBGCCAEAEDCJIBCDEBA@ABABA@ABAB@BACAA@AAA@A@AB@@AAAC@AAAAA@ABA@C@A@AAAA@AABA@A@AE@AD@@ABBB@@ABA@A@A@@ABCAA@A@A@@B@B@BCB@BA@AAAAAAAA@@@A@@CA@CBC@@B@DA@@BBBB@A@AB@@ACC@AAABCACCB@B@@A@@ECAAGAA@A@A@@ACCCAAA@AAA@CCAGGAACC@@C@AACAE@A@A@CA@AACGC@ACB@@A@A@IHEDA@C@A@@ABEBC@@AE@C@ABA@CFAFADCD@B@FBAD@BDBDB@@@AAC@A@ABCBCBAFE@A@C@ADEDABABA@CBABADE@EBEB@D@@DBBBBBBBA@GAAA@CABABA@I@A@AAAAAB@B@DADAFCDCH@DADCDEAACAGAA@CDA@A@CBGDA@C@A@CAAAAAA@AAACAA@CB@BABA@A@@DBDCBABCHC@E@@AEBCDADADADB@@@BABCBCDBDHDB@BA@EDABAB@BA@CBADAFBD@B@@AACAAAA@AA@A@E@CDCBA@IBABC@EBCBA@AD@BBBAHCBCBCAAA@AE@E@ADC@C@AAGACA@C@A@C@CACAABA@ABC@C@GAI@A@@EAEAG@ACACAC@@DADC@CGCE@EFCD@@EDCDADEBGCCAC@EAEBCBCFCBCA@ABE@CACCEGCEAAC@C@A@CBCBC@CBEBCDC@GDC@@DCBA@C@EAAACC@BG@CDCAC@ABEDE@CAAEMAE@CFAHGDADAF@JAB@DCDOB@B@@AFCBCAEGC@AAEAEACCACAIAUCIAAC@ACCC@ABGJCDC@G@MEGCEECE@CCMGG@KDCBCHABCAEMIMBKCEAGAC@E@C@CACAACSIGECCKOCECACABAGDA@ABA@EDA@ABC@ACAA@ABABAACAA@@C@A@CAA@I@A@AAC@EAACAA@@CAAB@BAB@DABABEFA@G@AB@DBFBDABCB@AABB@BBHBHDBD@B@DEB@JABAD@@ABABABEH@BC@C@A@@@@@@FDFKLIH@@CBA@A@@@AA@@ACA@AAAA@@ABADIJJD@BBBBD@BADABADCF@@EBCDABAD@@@F@F@@@BBB@@BBD@@B@@BBCFEDADBHABABCB@@A@@@AACAA@CBGD@BCD@BA@@D@@BB@B@@@B@@GDOACDC@C@E@EACC@@A@@@CBA@ECA@CAAB@DE@E@EBAEA@C@A@E@CBDF@D@@B@@@B@B@@BBH@DCBCF@DDDD@BH@BAFLLEF@B@DBD@BB@DBHAB@BA@@BABA@AF@B@DDFFED@DADGFA@IH@BC@BBDBDBDFVNDDHFJDDDBBFPDFBDHFDBNFDDBBBBBD@@AD@D@H@DBJBFBN@D@DADCNAFBFBPBFBB@BB@BBB@B@B@HAFAFCDADAHAFEBAB@@A@C@C@CBCBABAB@D@B@JFHDLBHBH@RBHBD@@BBB@B@B@DABADCBKJMJEBGDGBC@GBGBE@ABQHEDA@ABABAB@F@BBDDDHJJJJLBDBB@B@B@B@DAB@@ABA@E@A@G@CAKCIAGAC@C@CBCBAB@BAB@BBD@DBDBBBBBDBDBFADADEBG@GBCBAB@B@FBBDDFDPFBBFB@D@D@DADABADCBABGFAD@BBDDFHFDBFDBDDF@DBD@FDHFFBDHDDBBDB@HFFBBBD@D@F@HCJERIDAFBD@DFBDFBDBDBH@J@BBBBDD@DBL@FDBDDHBH@L@FAH@J@F@HADAHADCJCB@D@F@BBDDDFDHDDJFD@DBDAH@JCBADADABADEBEBGBGBA@CBC@CBIBADA@@BADAD@B@HANCJ@JAH@`BFBDBDBFHFHDHDLDDDBDBBBHBH@N@HABAF@FAFAD@"],"encodeOffsets":[[112499,23648]]}},{"type":"Feature","id":"450802","properties":{"name":"港北区","cp":[109.59481,23.107677],"childNum":1},"geometry":{"type":"Polygon","coordinates":["@@CB@B@DA@ADCBA@ACACACAAAA@A@AAA@A@C@C@CA@AAC@CB@BABA@AAA@A@AA@ACAA@ICCCC@AAEAA@@DABABC@C@CBABC@EBEDGAC@E@GACFAB@DE@ADIACBOC@@@@IAKMCFE@EBDDAFBBCFC@EFBHDDBB@@@D@BDBBBB@@@BC@@B@DBB@BBBAB@@ABAAG@AB@@@B@BB@BBDAFCBBFP@@HEBADLDBJAFKB@BLFUAATEFDFAHJA@BRB@BFB@DOCABA@AFGBBDFDF@ALEHHXRXQDCLEAACAFEEIDBHFFGBAD@CGEFA@EE@GBADADMJEAMDCF@FCDJPF\\NPHBITAAKBLF\\DFOLDJBFHH@GHTCDDD@DBHABFDAB@B@BBFAB@@BB@BBBB@BBBBB@BDBBB@BABA@AF@@@D@B@B@D@BAFAD@B@B@D@B@B@D@B@DABABB@@BB@DBB@B@FADAB@CHABCBAD@B@BBBDBBBBBD@BB@BFFBBBDDBHD@DDBB@B@@DBB@BDDHD@DJBDD@DBDBFDBNDBDBD@H@BADBB@BF@DD@DAF@BBDBBBDDFBD@DDBADABAB@BFBJFFFJBDABC@CCEBAFBDDBDDDDDFBFFDB@D@DDFADB@DDDDDDDDFFBBFBDBBB@F@BBBDBBDBLDDDDFB@DBDBFFFBBBBH@FBBDDB@DFBB@BADEDADADCBADBB@D@DCBEDAB@DA@E@AACDABABCDABADABA@B@@DB@@@AD@@A@@B@@B@AFBB@B@BADBBBD@@ABGB@DBDBB@BC@AB@D@D@DADAD@FAD@BCBAA@AA@C@A@A@CAC@ABCB@BCBADABA@ABABAH@BADADADBBABC@AAC@CAABEBAACBABADADCDC@BBBD@DA@BBBAD@BBBDBDBBBBBBABABEBGDGDCBCBCB@DADEDAF@@AHGDEBCBA@CDEACAE@C@AJ@B@@@B@DCB@@B@@F@B@DBB@B@@ABAB@D@BAB@D@@A@A@@@CBA@ABCCCAAC@@CBCFAHE@CBCBA@AAA@AA@@@AA@AAAA@AEACCGEO@A@ABABA@C@A@C@AB@DA@@@Q@AG@A@@AAAC@A@KAA@A@BA@AA@@C@AAA@CBAB@B@DIB@D@BAD@DAD@B@@AAAA@C@A@AAAAABABC@@@A@E@A@@@@C@C@K@GBI@MB@@@F@JB@@@CBC@ABC@E@EBCAA@CDADCBAF@DABA@A@CCGCACCEAEACA@@A@CCAC@@@C@A@AD@@CDCDABABABAB@F@BABCBADABABA@A@ABAB@@@DBB@D@@ABE@@D@D@@@@AAA@A@@@AAA@ABAAABABAD@DAB@D@BADABAB@@A@AF@D@BAFIBAHGBE@CBCCGAAGACAC@EBEBE@ABGBM@G@GAAACACACCCKCGEGEGCACAEA_AG@IBI@MDGBA@C@CBAB@@CBABAJ@DAD@DABAHAHAFCFABCBCBABIDG@CBCAC@IECCCGCECCAAE@C@A@IDCDGBCBGBE@I@G@EBK@G@GACCCA@EAK@CCCAAAAI@G@CACAEAACCEC@EACBQJIFGDE@C@C@AAEAGEA@ACCAGCACEECG@EAC@CCEACECCA"],"encodeOffsets":[[112208,23606]]}},{"type":"Feature","id":"450804","properties":{"name":"覃塘区","cp":[109.415697,23.132815],"childNum":1},"geometry":{"type":"Polygon","coordinates":["@@@AAA@CA@A@CA@CGCCAACAAEE@AAAC@AAAACAAA@A@ABCDABADGA@CBEBA@A@CAA@@AA@BABA@C@A@C@A@A@C@A@ABCBE@A@C@A@A@C@@BEB@BA@AAACA@AAAAA@AAAAAA@@AA@EBAAA@A@CBAEGBCAC@CCSDHGG@EGIAKCEP[CKELABBJSGAMOE[IODC@EDENCFBNIBCBCHAF@@FEBHF@DBCHAEEAGJCFFBEBDFBDKRCQWGWFGBKE@ECACHABEB@BAPD@CEA@AQA@AIBBGCEFEBSVBKE@ALABEAIKCBCFA@GO@AEDABEAC@AAAA@@@A@@BBHAB@BA@ABAAA@CAA@@@AD@@A@AACA@A@C@@AACCAGFED@DEAABECCFAF@DELNJB@@@@PDDAJBBCF@@CBADEHBF@D@HBFCFAD@BADAD@D@BABA@CB@FBBBD@DDJDB@DB@BBBB@B@BBB@BA@ADAD@BBB@@D@D@D@BBB@B@BBBBBBDBDBDB@DABCB@@C@ADAGECEAC@ABCHEBADABCBABC@C@C@CEAAAOEECCCAA@E@ABADAHAH@FABCBCAEACACAAAAAC@CAC@ABA@ABADADAD@D@HBJBLDDBH@B@F@B@BA@@BA@C@A@A@AAAACIKIIGICCAC@A@EBABABAB@FCRGBAF@HAHAD@HAHCFANILIDABCBA@C@A@AAA@AC@GAQAG@GAKAGCIEA@C@A@ABABAD@D@D@D@BA@ABEFGBCBCBEDEBGBA@A@A@AAA@@AAAAEAOAEBEDMBC@C@CAMAEAI@C@G@CBC@@ACAAAACCMECAGEACCEEOAACCICGECCUMCECACAAA@@GCGAGCEAQBI@GBEAE@@B@BADABA@@BB@BB@BCFEDCFAJA@CAA@EBGDGDABA@@B@B@@HL@BEDEBADABBD@@DDD@RDB@BD@BBBBBFBHAB@BBD@DBFD@BAB@B@BAJ@BAB@B@BCDAB@@@@YHIDOFQDGDKDBBCFI@GAGCG@MFADBDBH@DAFABU@A@EDMBA@A@C@EDILAF@BFF@B@DABOLCHGDCBCDCF@BCHAF@BDLA@ADEBCBEBCFCLMHADC@ABAFG@ABE@CBEDEACB@BCFCDDB@FDDB@BBHHDHB@BA@@A@AA@A@A@@@BBB@@@BB@BA@@B@@@AAB@@@BA@BB@@@@ACC@@B@BB@@@D@@B@@@BA@ABAA@AB@@AA@A@@BBB@@@@AAA@AB@BD@@B@@A@AB@@DABAD@@@@AB@B@B@AA@@@@DA@@A@AA@ABA@@B@@B@B@BBB@BD@DDBJBBBC@C@A@AJJ@FDLAENG@@LDHBCFABJDDDDBFCFKDGFCDAFC@BFADCDCBC@AHAJC@C@CCACI@C@E@EBGFE@AB@DC@EBEBA@EB@CA@CCC@AAEBE@GDCCCAIBC@GCA@AAAJEHD@FFBFEBCF@BADA@CB@BBDDBFHAHCFADCFAF@D@DADGAAA@AAB@D@B@HBFBH@DDRBB@B@BBFB@DHCD@BBBADBDB@BB@BABBBDBHD@FDB@FABCB@BDABDABCA@DB@FDD@@FABEDC@A`IBIFGBEDG@ABBHJC@FBDFJ@@I@AHEDAH@JA@G@EDUNDDBA@AD@@B@@FCLALD@BBBGBLBBBDB@BG@ABDDJD@BABA@E@IDC@KBCDAJEBFHCD@BCBCAGD@FC@ADB@@BDFFBBBBBFBDDAFC@E@ABFFAFE@ABADHFJ@DHBBHBJ@BFBBHBDCF@DJDAFBBDBBF@@CNCFBFCFFADDDDPDABAHB@JGB@DBD@F@BFBBDDDDDF@@AD@BBH@F@BDAJBDBDDDBDF@@AB@DBH@DDFBFCB@CD@@E@C@AAA@A@DFBBJBBD@DABFD@@@DD@BJBA@EDADHD@DAFB@CFCBADAFADD@BBDBDF@B@BBBED@FDB@BE@CHCFEBBDAAA@AHECC@EEGAABIFKDBDBFA@CA@FCHDTDFBH@FA@GDCFEBCDAHDHCBBFEAAFC@EHCJDDHDBBFBHHJBBFBHBNBHBH@DABDFAFGLHDBBE@E@ABABGCIDEF@@AC@DCAA@CHBFCBMFCJCCIAEBED@DAB@BAD@FADA@GAADEDB@ARKBADCBCFCDEFADC@CBC@CBA"],"encodeOffsets":[[112171,23859]]}},{"type":"Feature","id":"450821","properties":{"name":"平南县","cp":[110.397485,23.544546],"childNum":1},"geometry":{"type":"Polygon","coordinates":["@@BLBBPNPND\\KTKLSLS@QDMNINMHOBMHGNCJER@NDNFJBFHJHL@HBFPNNHHNCLEHEHBNFLHFB@B@BADBB@@DABBDBHBBB@BBBD@BABAB@D@F@BDD@@@DABCB@BADAD@B@DBBDBBBB@B@JBBBFBBAD@DBFA@@B@D@BA@BBD@BBD@B@BA@@@ABABCF@BBBB@@ABBDB@D@DAD@@EDAF@@B@B@@@B@BBBD@@BB@B@BBDABAA@@CA@A@CA@CAA@@B@BCAABABA@ABG@KJALDNLJHHJHFLDJBL@TBPBPDLDFFHFDTT@@DHDNDHDLFJHTBLENOLK@GBKHEL@NALCNAN@D@@BJ@BA@A@CAAACBC@ABGBEF@@AD@D@B@BBBB@BB@BBB@B@@@B@F@D@D@D@DCBC@CBE@K@GAGAI@GFCHAJAH@N@N@HAHCBEBCDC@G@KEQAIBCJBJBD@DFDLNCLGDGDGH@FABCLAFGHGFCBKPCP@V@TBJ@JFLDJFR@D@TINIBQGQKGMBEAO@KGGIAGEMIIAO@EAKDGLBJJPDH@FCJCPCLCFAFELOJIAO@C@IBIFIJKDM@MBILEJGPGJKHEBEBGHINELAJ@JDBJNTZLPLJ\\XXVX\\TPPHPCRKPOLIT@TRHXDTBXHPRCLMRKNI^FF@DBBBB@B@FQB@BABE@CBABCBADCBGFGDABABABA@ADEBC@C@C@@BA@AB@DBB@D@@BD@@BABAB@B@DBBDB@BBBD@@BBB@B@BA@@BAFAD@BA@AB@HBB@D@BDBB@@B@@DD@BBBBBB@BBB@FB@BB@BDDFDH@@@B@BBF@B@BABAB@BAFADAB@B@BABA@C@A@A@A@A@CAA@AAA@@@@BBB@B@BBD@BAD@B@B@BD@B@BDBBADAD@BABA@@BDD@BCDAB@B@B@B@BADAB@BAD@@DDBBBDBB@BAB@@A@A@AC@CA@CA@@A@A@A@@B@B@BA@@DBBBDB@BBBDBB@@@DDBFD@@BBD@B@B@BB@B@@@BAD@H@B@@@D@D@BBBBD@BB@@B@B@B@DAH@DDN@HBDDBBDFFBBDAD@DBBBDDBBB@DBH@DDD@D@DDDBB@B@DAD@B@BBDBD@FAHAD@D@FADBDDBDDBBDD@DAF@B@F@JF@CBA@@@@FGDE@I@EBGAGCICGEICKDODKBADGBQ@IESKQOMUGMCECKUCQBO@MHMPIPENCH@PAPCJGFEDIFGLALDF@HBHBLBHEDCJKFGFCFCHBFBJDJDBAFCHAHCJM@GECAACCCGBGDEXaHEPCX@VFLJHJFLHNFDJAFGFIDCHKDG@E@I@ABCLKB@FE@ECEAEUcCEIMAACA@@CBAAA@@A@C@ABA@C@CAA@@AAA@CEAA@C@A@MCE@E@ABAB@@ABABE@AAABG@E@AB@BDD@BADAB@@BBBB@BBBB@BBBBADBB@BAD@@@@CAA@ABC@C@A@@@ACE@AAA@ABA@AAA@AAAAAAA@AAABABABADAB@@C@A@CCCCDCACA@AAAA@AAAAABCAA@G@ABC@AAA@A@AAAC@C@EAA@A@C@AD@@A@EFA@ABAAABAB@B@B@BABAB@DCB@BC@@B@B@DB@@DB@@BABAFCBAFAD@BABA@C@C@AFAFABAB@BC@CB@DC@AACBE@AAAB@BCBA@@@AA@@AAAA@@ABA@CAA@AAA@@A@AAACAAEC@AACAABABAD@DBD@D@PBDABGDEDCBABABC@A@E@ACCCAAABA@ABAAC@ABAB@B@DAD@B@FADAFGBCAECG@I@GDCDSBS@O@MJULMDEBKCICEMKKEE@OGIAM@IGGKAGBIDMAGGMACMgAI@@BABABABA@A@AE@A@C@CA@ABAD@B@B@@BDAB@BA@ABCBABA@A@AC@@BC@A@AC@AAAC@GAE@AAAABC@CBA@@B@BA@A@A@@D@@BFDF@DBD@DA@@BCBABADA@AAA@@BADCBEAEAAGAAA@@@CBAFCB@BCBCBBB@@A@CAA@AAA@CAABABGB@D@BBB@DAB@B@BBF@DBDDDBBBF@F@B@@A@ABCFABAD@B@B@DABA@AR@\\ILMF[CaAGCQEQGIKEKGIEEIAMEGMGGEUIQBMDKJGDC@EBGAEC_[IKAEAQHSJUDOCMCICKAKBK@EAGIEKCKEECMIAKAMSMOAEMBQAIKIKBQHW@SGKGWSMCGCO@CHORODKEIGOOKEMGIAKAIDIDKHEFGJIF"],"encodeOffsets":[[112982,23613]]}},{"type":"Feature","id":"450881","properties":{"name":"桂平市","cp":[110.074668,23.382473],"childNum":1},"geometry":{"type":"Polygon","coordinates":["@@@IBIFKJMHGFAFALGHIHOFIJKNAN@LCJIJEJAD@P@JBPIFKBEDEDKDODI@ECGIOAIHKLCFBP@JBNJHFJBHH@LBPAFHNRLRHJAJM@S@CEQCIEK@IAI@S@UDOLODAHEHGBEDKBA@EHGHCHCDKKMEC@CACAIDIJARBLFH@D@DCFADABG@G@M@MBGBIDGHEJ@HBHBL@F@DAD@DA@C@C@C@C@E@A@@@AAA@AAAA@AA@A@A@CBC@@FEHABAD@DABBDBB@B@@AAI@@@CBMDMBK@MFKLGHAL@PKFMAKGSEICKCGCMCG@@SSECEGCECKAOAO@SAKCIEKIGGGKICMBKLIH@BAB@BABADB@A@AB@DBB@@D@BDB@@BBBAAC@A@AAA@@ACAAA@@@A@A@@@BEFC@@BC@C@CCAAA@BA@AA@ADEBABA@@B@@A@AAC@AAC@AABC@A@@@EBCAC@ABEAAAIAA@A@AACAAA@C@ABCBC@ADABA@C@@CC@A@E@CBABA@AACAAA@AAAGACBA@CA@CAABA@A@GEEKAMFGFGDKGMMGOMAE@GGKGIAEEICM@MFQDIHMNGPANGJMNMRCT@TKLKLSC[OMOMAAAKCO@M@QESCKOMIFOPI@KOAIFYHQAYKOOSSOQIOOAM@KJSBOAM@QBKBMDGDE@ECAGCWBQBOCGBBJ@JAJ@JEHOLIHKHQ@WBS@_BWCQCKGMKKKIAEHCHCLCLCNGJKLGPEPIRALCF@@@@ADMBGCEEGMIMK@IFCHEDABCDCD@@OFI@EEABEFEBEBABDP@@AD@FIFGBBH@B@BIDOLEF@DDBBD@BC@A@AB@AAAC@@@AAA@@A@ACD@DA@AB@BA@ABAB@@BBAB@@C@@@A@A@@@@BABE@ABC@CBA@@AAB@@A@@BB@@@BAB@AD@BA@AA@AA@ABBB@BC@@@C@C@A@@@B@BB@BB@@B@@ABAA@A@@A@@@@DABABEDAAAEA@E@@B@D@BA@ABAAA@EBAA@@@C@CA@@B@B@@A@BD@BA@@@AA@AA@DAAACBBFA@A@@AAAA@AA@AA@ABA@CAAA@AA@AAABB@@BBBA@@@C@C@A@@BA@CDA@B@@@A@A@@D@@AA@@AA@@A@AAB@@A@@A@A@@B@BCA@@@A@AA@@@@B@FA@AA@@E@@@@B@D@@A@C@CAABA@AB@BABAB@BABCFADIJCDBFBFDDAH@F@FBBBDBBBBB@@BA@ADEBABCB@BC@A@C@A@AB@B@BB@BBB@D@BB@B@@@BA@@@A@AAA@E@A@A@A@@B@B@B@BBBBBB@F@@B@BA@A@A@A@AACCA@@@@@@B@BBDDD@BA@@BA@@AA@@CAAAC@@AAA@@@EF@BBBBDBDDBHBBBDHAD@DAFGHABEJABC@E@@B@BA@ABCBABC@A@CBC@ABABBBAB@BBB@B@@@BBB@B@@C@C@@@AF@BC@A@CA@@A@AB@B@BABABCBABADABE@A@ABABABCBCD@DC@@B@B@D@@BDDDB@@@DBFBFBDDDBDH@D@BABCBE@ABCDCB@DBBAD@F@FAD@BAD@D@@IAE@@@A@@NAJ@H@L@D@D@@B@F@B@@@D@BABABBBBB@D@B@BB@BA@C@CBC@ABC@A@CJA@A@AB@DBB@B@DB@@BABB@B@LBB@D@BB@BB@H@@B@R@@CBA@@B@D@B@DABAB@B@BFPDHBDBFB@BB@BBB@@B@@BBB@BABAD@DGFEBAD@DD@BBDDAD@BAB@D@@@B@BC@A@ABC@A@AB@BA@A@CAA@E@@@@AA@CDA@@@A@I@@B@DBFBDCF@DABADCFGH@BE@CBCFCBA@ADADCDCHAHAFABABAAAACACAAA@ABCAA@ACBC@AA@ACDCDCBABABBDABAFBB@DBD@BADABCACBCBABG@ABAB@BABCBABADA@AD@BBD@D@B@B@DBBB@ABADC@EBC@CBCBC@C@A@@BADA@CACAA@AH@BC@AACAABA@A@BBBDA@ABAD@BAB@BA@BB@@B@DAD@@@BAB@B@@@@B@BB@FAF@DDJLFJHZARCHAPDHLFN@NCJ@J@NBPFHDHLFVDFFDRBvIV@TCJUBCB@DG@E@C@CBE@C@C@CBABCBEDABCBADCB@B@B@@BBDAB@D@B@BBBB@BB@BABB@BA@BBBB@@@BBCFB@B@BAB@BBB@@@B@@BABB@BBB@BA@B@BBBBDBDBBB@BBB@BB@B@@BDB@@@BB@@BB@BD@BB@@DD@@AD@DAD@BAD@B@BFD@B@B@DCDBDBDBDBBBB@B@@D`CTEPAdFVLZRPNRDJ@@@@FTFXD^CdCXB\\BHFFFBR@PDHV@VD\\BFTLPJNVJXHTTPPDDAjF\\LXLRJJF"],"encodeOffsets":[[112709,24372]]}}],"UTF8Encoding":true}