{"type":"FeatureCollection","features":[{"type":"Feature","id":"510603","properties":{"name":"旌阳区","cp":[104.389648,31.130428],"childNum":1},"geometry":{"type":"Polygon","coordinates":["@@BA@@AA@@@@@@@A@@@A@@A@@@@@@@@@@@@@@A@@@@@A@@@@@A@AAA@@BA@@BA@AB@@A@@B@@@BA@BB@@BDD@@@@B@@@@@B@@BB@@@B@@@@@@@@@@@B@BA@@@@B@@@@@@@@@B@@@@@@@B@@@B@@@@A@@B@BA@@@@@@B@@@@@@@@@B@@@@@@@B@BBBB@B@@@BABAB@B@@BDDBB@BBB@@@BA@@@@B@DBB@B@@@@@@A@@@@BA@@@A@@@A@@@@@@@@@A@@@@@@B@@@@A@@D@BA@@@@@@@@@@@A@A@@@@@@D@@@@@B@@@B@@@@@BABADEDA@AB@@AB@@B@BAD@@B@@@@@BCD@BAB@@AB@B@DD@@@@@@B@BB@@B@@@@AB@DABA@C@ECCACECECEEGCKCG@C@A@CAAC@@@CBEBA@@A@A@ABA@@@@A@@@AB@BAB@B@D@BA@@@A@@@@BA@A@AC@A@A@A@CA@AA@@@A@CAC@A@AACA@AAC@@BABADAB@B@D@DBD@F@B@@ABCBABE@CCCAACCECAA@AB@BA@@H@B@D@BADCB@FADABAB@@CBABCAA@A@A@@@CBA@@@A@@A@A@@@A@@A@AA@@@@@A@@@@@@B@@@@A@@@CAA@@A@@@C@@AEAE@CAACCAAEAC@CBAB@@C@CBAB@BC@AAA@@AA@@AAAA@@@EBA@@@A@C@EBIFA@A@@@@AA@AC@A@@CCAABC@CBC@E@CAA@G@EBE@CBABA@@@A@AAACC@ACEKM@A@@@AA@AIIUAEAE@A@ECAAACCA@A@C@ABC@CDCBEFCDABA@C@C@GA@@A@A@A@A@A@@@A@C@CAAAA@ACA@@@CAAAE@ABABCBC@CBA@A@@@@AA@@@AAA@@@A@@@CAEAA@AAAA@@A@@A@@AA@AA@A@ABABEAC@A@CCCAAAAE@CAACB@@@@AB@B@B@BA@@D@BAD@@@BAF@@@@@@@@@@AFAB@BCDAFABA@C@E@A@@BA@@BABC@C@A@@E@@AA@@C@A@ABABA@@BA@@AA@@BA@A@@@A@@@A@@BB@BBBB@@@BA@ABA@A@EBA@@B@BAB@BABA@@@AA@@AAA@A@C@C@ADAFCJAD@B@@@BAHABA@CDCBEBABAB@B@BAD@DA@EDCBA@ED@@@B@@A@@B@BABCBADEDADABBDAB@BCDCBIFEFABADABCBCDADAD@DABA@ABABCBC@ADCBABA@ADAB@DAB@BA@ABC@C@ABA@AB@B@BAD@FA@@BABADCFAF@FENELEPAFAD@FAH@FAF@D@@BB@@BBB@BBB@@BABA@ABAB@@A@@B@@@B@@@DAF@B@D@@ABA@CBC@@@AB@BB@BB@@DBFBBBDB@BB@B@@@BB@@DBDBFFFF@BBB@BBDBD@B@B@DBF@D@BBDBBB@AD@BCB@@@B@D@BBB@BB@B@B@BAB@BB@@@@@BBF@@DBD@B@@BBBFBB@DBFBDBDFDDDDBBBDDDBB@@B@BBB@@BAD@B@BB@FFFBBB@B@@@BAF@@@BBBD@BB@@BD@B@B@B@DAB@F@DAH@H@FDFHFFDFDD@DBBAB@BB@BBB@D@F@BBD@@BB@BD@B@B@D@B@B@BCBA@CBEBABAB@BABCBC@C@EBABABABA@ABABABAB@B@B@@@B@@AD@@@B@BA@@D@B@B@@@BA@AB@@@BABB@AD@B@B@B@D@BB@@B@D@@@B@B@J@D@B@BAB@BADABA@ABABA@@BA@A@@@@@@@@@@@@@A@@@@@@@A@A@@@A@A@@@A@A@@@@@@@A@@@@@@@@@@@@BA@@B@B@@BB@BB@@@@B@@@@@@AB@@@@AB@@@@@@@BA@@@@@@BA@@@@BABAB@BABAB@@A@@@@@@@@@A@@A@@A@@@@@A@@@@@@@A@@@@BA@@BAB@@@@@B@@BB@@@@@B@@A@@BA@@@@BCBABADABA@A@A@@@@@A@@@A@@@A@@@CBA@C@@@C@A@ABE@ABCB@@A@AB@@@@@@@@@B@@B@@@@@@B@@@@@@@@@@@@@@@B@@@@@@@@@B@@B@@@@@@@@B@@@@@B@@@@@@@@A@@@@@@@A@@A@@@@@@@@@@@@A@@A@@@@@@@@A@A@ABABAB@BABCBE@ABA@@B@B@B@@@B@@@@@B@B@@A@@B@@@@@@@@@@A@@B@@@@@@@@@@@B@BA@@@@B@@A@@@@@@@@@@@@B@@A@@@@B@@@@@@@@@@B@@B@@@@@@@B@@@@@@@@@@@B@@@@@@@BB@@@@B@@@@@B@@A@@B@@A@ABEBCBEBEBABABADADC@@B@B@BBB@BDB@@@B@@@B@@BB@@@@@@@B@B@@@B@@@@@@@@@BA@@@@BA@@@@B@@@@ABB@@B@@@@@B@@@@@@@@@B@@@@AB@BA@@@AB@@@@@@@@@BABAD@BAB@@@@ACC@@@@BAB@B@@@B@@@@BB@@@@@B@@B@@@@B@@@@AB@@@DG@@"],"encodeOffsets":[[107031,31966]]}},{"type":"Feature","id":"510626","properties":{"name":"罗江县","cp":[104.507126,31.303281],"childNum":1},"geometry":{"type":"Polygon","coordinates":["@@BAFAD@DADCDADCFIHGDAFADAD@@@B@B@DABADA@@@@DCBC@C@@BA@CBCBAF@F@D@D@@@D@D@BABABABABABA@A@CAA@@AA@A@EBC@@@GBABEBABA@ABA@ABA@C@A@AIOAA@A@A@A@CBCBA@@BAFCFAFAHAF@FAB@FEFCBAB@BABA@@B@@@HAFAB@B@BAB@B@@@FAB@@@DAD@FCJA@@DAB@DAF@D@BABABEBC@EBC@AA@@CAEAABC@ABA@AD@BABADCBC@@BABABADABABC@ABCCCCCAEBCDABCBABGBEBC@CAEBAB@F@LBJ@F@BDBFBB@@F@FADAFAF@BAAA@GAGAGACCAACQGICGAG@E@E@I@EBC@G@C@C@AA@AA@ACEECECEAC@C@CAA@AAAA@E@AAAA@AA@@C@@AAA@A@A@CBAB@BADAF@DADCDEDA@ABA@C@CBCB@BC@A@@BA@@BAB@BA@A@@@C@@AA@@BA@A@@@A@AAA@CDGBCBCA@@@@@A@@@A@A@CBA@ABCB@@ABAA@@AA@@A@@A@AACA@A@@AC@AAAAAAC@@AA@@AA@@@AAAC@@BA@@BA@@@A@@@A@@A@@@@BCDE@@BAAA@@@@@A@@@A@A@C@@AA@AA@@@A@ABA@AA@ADCBAAAA@@AA@ABC@AD@@@@A@@@BC@A@AA@@BA@@BCBCFABAB@@@@A@@@A@@@@@C@@@@@@@@B@B@@@@@@@@@@ABC@@@@B@@A@@@@@@@@B@@@@@@@@@B@@@B@@AB@@@@@B@@@@A@A@CAA@@@@@AB@@A@AAA@CAAC@@@ABABA@A@@@AAAAAA@@@@@@@A@@@@@@@@@A@@@@@@@ABA@@@@B@@A@@@A@@@@@@@A@@@@@@@@@A@@@@@ABA@@@@@@@@@@@A@@@A@@AA@@@@@A@@@@@CC@AA@@AAB@@A@@@@BA@@BAB@@AB@@BB@B@B@@@@@B@@@@@B@@@@@@@@@@@@B@@@@B@@@B@@@@@@BB@@AB@@CH@@A@@B@@A@@@@@@AA@@@@@A@@A@@A@@@A@A@AB@@@@DD@B@@A@ABC@ABAB@@@@@@@@A@@B@@ABA@@B@@A@@@@@@@@@A@@@@@A@@@AA@B@@A@@@@@AB@@@@AB@@@@@@@@A@@@A@A@@@@@@@A@@AA@@@A@@@A@ACA@AAA@A@@@CDCBABABABAFAFADAF@B@BA@@@@BA@@@@@A@@@@@AA@@@@@@A@@@@@@@@@@@A@@@@@@@A@@@@A@@@@@@@@A@@@@@@BA@@@@@@@@@@@@@@BA@@@@@ABA@@@@@@@@@@@A@@@@B@@@@@@@@A@@@@BA@A@@@@@A@@@A@A@A@@@AB@BAFADABA@ABAB@B@B@B@@@@@@B@@@@B@@@@@@@@@@B@@@@B@@@@@@@B@@@@@@A@@@@@A@@@@@@@@@@AA@@@@@@@@@A@@@@@@@@@@@@@@@A@@@@@@@@AA@@@@@@@@@A@@B@BA@AD@BAF@B@B@D@@@DAB@D@@@B@@@B@@@B@@@@@B@BABCBABABAD@@@@AB@@@BA@@@@@A@@AA@@@@@A@AB@@AB@@@@@B@@@@@@@B@@@@@BB@@@@B@@@@@@@@@BA@ABABA@ABAB@@@@AB@@@@@@AB@@@@@@A@@B@@A@@B@@@@A@@@@@AAA@@AA@A@@@AB@@@@@@@@@@@@@B@@@@@@@B@B@@@B@B@@@B@B@@@@@@@B@@@@@@@@@@@@@BAB@@ABAB@BABCBABA@ABA@C@I@A@A@@@C@A@@@AAC@A@A@A@C@@BAAAB@@A@@BAB@@A@A@C@@@ABA@@@C@@BA@@@A@A@A@ABABAB@BABABABAB@F@DADADABA@ABABAF@DABADA@A@C@A@A@C@BBCBEDCJ@@@@@BA@@BAB@@AB@@@BAD@DABABA@ABA@@@AAA@@@@@AA@@A@@@ABAB@BFFDBF@F@BBB@@@B@BB@B@D@BBDBAFADCBADBFDFDF@DABADGDG@@VELBHD@F@FDBFABAFCF@J@F@FCJA@AD@HAFA@ADADC@BDHBBA@@BAB@BBDB@DDB@B@@A@AAA@A@@BADAD@LFF@BB@@DBB@B@D@FC@@BAB@@B@@BB@@@@@@BA@@@@B@@@D@@B@@@B@@@@BBB@F@@@B@@@HDHBD@D@@@BBBD@BBBB@D@B@@@B@BBB@@B@B@@@BA@@BABCBCBCBABCB@DAB@DBBBBB@B@B@@@B@BB@@@B@BB@B@B@@@B@B@B@BBB@BABADC@@B@FDDBBBBF@D@F@DBDBBBBDBB@@@BBB@@@@B@@C@AAA@@@BBBB@@@BA@A@A@@@@B@@A@@BBB@AB@BAD@BA@@BA@@B@@@@AB@B@@@BBABABA@@@ABABBB@B@B@B@@B@@C@@@A@ABAB@BABAB@@BAB@BAB@@@DBB@@BBB@BA@@B@@@B@@@BFBF"],"encodeOffsets":[[107033,32198]]}},{"type":"Feature","id":"510683","properties":{"name":"绵竹市","cp":[104.200162,31.343084],"childNum":1},"geometry":{"type":"Polygon","coordinates":["@@A@@@AA@@@@AB@@A@C@@BA@@BDD@BABCBAB@@@@@D@BAB@BAD@H@BAB@B@D@BA@A@@B@D@DBFBB@@@BBDBB@@AB@@@B@BB@BB@@@BB@BB@DDB@BBB@FBD@D@DDHBDDF@DADCDEFBBBB@FAB@F@DBFFDFDFFDB@DABCDBBJFRHDBFDJDDBHDDDFBBBBDFJDDHHHDFBBDFFFFFBDBL@B@F@FAD@DAJCBAD@FDDBFFJHFHFFBBFBDBF@DBF@BADALAH@B@D@D@DADAHCFAJCDAD@DBB@BBBBBBBBDBB@B@BAFAJEJCHCB@BABAAA@C@ABA@A@AAC@@AAECAAEECCAEEGAECE@EAABEBCBGBCAA@EBA@ABCBA@ABABADAFCFADCFCBCDABC@C@A@@@ADA@@FAD@DABA@A@AACACAA@ABABABABADADADABABADC@ABA@CBCBC@C@C@C@E@G@A@ABA@@DADAD@FADABABAB@@A@A@A@A@AACCCACCCACAAAABA@CBCDC@EBCBC@A@C@AACAC@A@A@@B@BAD@D@B@BAD@BABADABAB@@BB@@BB@@BBB@BB@@BD@FBBBB@D@B@D@DAD@BAD@FADAB@BAB@BAB@BCBA@ABABCBA@A@A@AAC@A@@BABAB@B@JAB@@A@AAA@CD@B@BABADCDEDCBCBCBCBABC@CBA@C@C@ABABABABAD@FAD@JADCD@@@BADBD@BBDB@@FBD@DADADABA@@@AB@BCBCBABEBCDCBCBCBCBABCBAB@BA@@BADAB@B@D@FAF@FADADADADAB@@ABABABEDCBABABABCBA@A@@D@B@B@BAB@@@@A@@@AAA@AA@@AAA@A@ABABC@A@ABADC@@BABADCDABA@AHEAC@A@C@AAAA@@@A@AAE@E@CAEE@ABABA@@B@@@BB@@@@B@BB@@B@BAB@BABA@CBC@A@@BA@@BA@AB@@A@@@@DIFCDAAA@AAA@@AC@A@E@CAA@AAAA@ABCAC@ECECGECE@E@GBG@C@EBA@C@A@A@AAC@@AAC@AA@A@@BE@A@@@AAAEAEEA@@A@ABC@AA@AAA@@@AACCACAACCCCCECAEACAA@EAAA@AA@C@CA@@AE@A@@@@AAA@ABA@A@A@@AAA@A@C@A@@DA@ABCA@AAAC@A@CAE@C@A@AACAC@AAA@AEEEECACA@@AA@@A@A@@ACAAAEACA@@AAA@@ABA@@D@DAB@BA@@@C@ABE@C@@@A@@@AB@@@BABAB@BA@AA@AAA@AA@@AA@@@CBE@EBG@EBCBEFOFKFM@EBEDEBCA@A@ABEB@@ED@@@BABEHEDCDCBC@ABA@ABABCFCBCBC@ABEDCBC@ABA@EBCBEDC@ABCBABCBABC@A@C@A@CBC@EDE@A@ABA@A@AACBCB@BABA@@BABA@CBE@A@IFA@C@C@CD@@ABC@ABABADABABG@CBEBEBEDGFC@ABABCBABEBA@A@CBA@C@CBA@ADCBABCBADCBA@ABE@ABC@@@CAA@C@A@CDE@CBABC@CBC@A@AAABADA@EBABC@CB@BABABCBGFEBEBADCDC@CBABA@ABCB@@ADEFABA@A@AD@B@BBD@BABA@AD@BADADADADABAB@B@@ABA@A@CBCBADABBB@@@DADAFAB@B@D@F@DADAF@B@BFF@BBDBD@BBBBBBBDBDD@BBDBBBBFBDBD@DDB@@B@D@BADAD@BA@A@CBA@A@ACA@A@@@@B@BA@ABEBC@@B@B@BAF@@BBDDDB@B@@ABABA@ABAB@D@BB@B@D@BB@@@BA@@BAD@D@D@BA@AB@BAB@DABAB@B@D@BADAD@BCBCD@@AB@@@B@@BBBB@B@B@B@B@@BDDBBB@@DBB@BB@BBB@DBB@DBD@BABCFABCB@B@BA@ABAAA@C@@@ABAB@@C@AB@@CBABCB@@AB@BA@C@C@C@@@ABABADABABAD@@@D@@BBBBBDBDBDBFB@@B@BBBB@BDB@BB@@@@@BA@ABA@ABBB@B@@AD@@@@@BDB@@@B@@AB@B@BA@A@CBA@A@CBA@AB@@BBBB@B@B@D@BC@AB@@A@@B@B@@@B@BA@@BA@@@@BA@@@ABAA@@A@@A@AA@A@AACCA@E@@@A@AB@@@D@B@B@@@BC@@@@B@B@BA@AB@@@@@BA@@@A@A@@A@@@A@@@AACAC@@BA@@BA@@@A@@A@A@GAA@C@AB@@@B@B@@@BA@CB@BA@@@A@A@@@ABAB@@A@AAA@A@A@@@@BBB@@@B@@A@@@A@AAAA@@CA@@A@@B@@AD@D@@ABC@@@@BA@@B@@BBD@@BBB@B@@@@A@ABC@ABBB@BCB@BBB@@@BA@ABAB@@BD@@@@ABCB@BABAB@@@BBB@@@D@@ABAB@@ABEDA@@@BB@BA@ABAF@@B@BB@@@B@BA@@@"],"encodeOffsets":[[106416,32295]]}},{"type":"Feature","id":"510681","properties":{"name":"广汉市","cp":[104.281903,30.97715],"childNum":1},"geometry":{"type":"Polygon","coordinates":["@@B@@EBC@A@ABAB@BAD@D@BAB@@ABA@CBABCB@BADABCD@DABABAB@BA@CBCBCDCDABABCBAFEJEDADC@ABAACBABCFCBCDABA@A@AB@@@@A@@FCB@DAFCB@@CBC@A@ABABAFADADCB@BABG@A@@@ABCDIBEBCD@D@B@B@BB@@BB@@B@BA@ABA@A@AB@FAB@B@BAB@@A@@AAAAA@@AB@@@B@@@B@B@@AB@@BB@@AB@BABAB@D@@@BB@@@FB@D@D@BA@AB@@AB@F@D@B@BABEDC@ABABE@@@@@@@@@@BE@A@@BC@A@CB@@A@A@ABA@@@@DABB@DBFBBDBDDB@D@FBBABAB@B@@BBB@@@BB@@@BBBBB@FBDB@@B@@@B@BB@@B@@B@@B@B@DAD@DABABAAAC@CAAACA@@@A@ABAAA@G@@@CBCDCBADCBA@AAEAAAA@A@@AA@A@@@A@@B@@AB@@@@AB@@@@@B@@B@@@@@B@@@BB@@@B@B@@@B@DHBB@@B@D@B@B@DDD@D@@ABABAD@FABAB@@A@@@@BA@C@AACAEAC@C@CBCDCDCFC@ABAB@BCBA@A@CAA@CAC@CBCBCDCBABCBC@C@C@ABCBABA@@D@BA@@BA@AAGAAA@CA@@AB@@AB@B@@A@CBA@@BGD@BA@A@@B@B@@A@AAC@CBC@AB@BA@A@@BA@A@E@A@@BABAB@@@@A@@AC@E@A@A@@AA@@A@@@@C@@@@@A@@A@A@@@AA@A@@@A@AB@@@@AA@C@AA@@AA@@@A@@@AAABC@CBA@ABA@@@@@A@A@@AAA@BE@CBEBC@CA@@EA@@GAEAECGA@@C@@@AD@@AB@@CD@@A@@BC@AAA@@A@A@CAC@CAAACACAA@C@ACAC@ABAD@@@B@@AB@DABA@EBCBAD@@CB@@CBCAACCA@C@AAA@AAAAACGEGCGBA@ABA@@@AA@@AGCAGAC@AA@@@@BA@@BABCBA@@@@A@@AC@@@AA@AAA@@@AA@@AA@@A@@@A@@@@D@@@BA@A@A@AAA@C@AACECCEEA@C@A@GBABABCDA@ABE@EBC@EBABEBE@ABA@C@ECC@@AA@ABE@EBC@C@CACAAAC@C@@BAB@D@B@BCBC@AAA@@CCCCACACACAA@A@C@A@CBA@E@E@AAAA@AA@A@@@ABABGH@@CBCA@@CEA@A@@BCBAD@BAB@@B@@B@@A@@BA@@@A@@@@@AA@@A@@@A@@@AB@@BB@@@D@B@@@BABCBABM@AAEAEA@AA@A@A@CBADABC@@@A@AAAAC@A@CB@BABAD@@ADA@@@A@CAA@@@A@A@C@@@AA@AACAAA@E@A@EB@@AB@BAB@B@B@BAD@BA@CBA@@BABBB@@BBB@B@DBBADB@@B@@@BB@D@@@B@B@B@B@B@D@B@B@BBB@BDADBB@BD@BBF@DD@B@FB@@@D@BCDAD@B@BB@BBDB@B@B@B@BBB@BBBBB@@AD@B@B@FADCDAD@BBBB@BBB@@DAD@DCDEFABA@@@@B@BCB@BA@A@@@A@A@@BAB@DA@@@@@A@A@@A@A@AA@@@C@@@A@@B@@@@@BB@B@@B@@A@@@ABC@A@@@@@@@@@@B@@@@@BA@@D@B@@A@CB@@A@C@@@GB@@@@EBA@CBEBAB@BC@A@A@@@A@@A@@A@A@@@AB@BAB@B@@@BBBABB@@BB@@BB@D@BB@@@@B@@@AD@B@@@@D@FBD@B@FCD@JABBB@@BB@@B@@BB@@@@B@BABC@CBABALBF@F@DBDBDBFAD@BB@B@@BB@@ABABABABG@AB@B@D@BABCDCDED@@A@CBCBABA@AB@@CBCBADAB@B@@BDDBFDD@H@D@B@@@DD@@@@DBB@B@@B@BBFBB@@B@BABCB@B@BABBB@B@B@B@BABAB@B@@B@@@@@B@@@BB@D@B@BBBB@@B@B@BAB@@@DF@@@@ABCD@BB@BBD@@@@@@BB@@@@B@@B@@@B@@AB@DB@@@@ABCH@@@B@@BBD@DA@@@BBB@BB@@@BA@@B@B@@BBBBB@@@@AB@@@@@B@BBBBB@@@B@@@BDFB@B@B@BB@AB@@@D@B@B@B@B@B@@B@@BB@@@@B@@@@@@BBB@@DDDDBB@B@@ABCF@B@@D@B@B@BBA@@B@D@D@@D@B@B@@B@B@BCH@DA@@@A@@B@@BFBB@B@@@@BB@@B@B@D@F@@@BBB@B@BB@@@@B@@ABA@AB@@ALA@@B@@B@B@BB@D@DBF@B@@B@@B@B@B@BBD@BBB@@B@@@BB@@@BA@AB@B@BBB@@BAB@@A@AB@@@BDFBB"],"encodeOffsets":[[106779,31896]]}},{"type":"Feature","id":"510682","properties":{"name":"什邡市","cp":[104.173653,31.126881],"childNum":2},"geometry":{"type":"MultiPolygon","coordinates":[["@@B@@@DB@@BBBBB@@@B@@@@A@@AA@A@@B@B@B@BBB@@@BABA@@B@B@@@B@@ADAB@@A@@@A@A@@BAD@B@HBB@B@@@@B@@AB@@AB@@BDBD@B@@@B@@@BB@B@@@B@@A@@@@BAB@@A@A@A@@D@@A@@@A@A@C@@BAB@@@F@B@DDBBB@B@@B@BB@@@BBBA@@B@@A@@B@@AB@@A@A@@@A@AB@@@BAD@@A@C@A@AAAAA@@BAB@DAB@B@DAB@B@@A@ABA@@@A@@CA@A@@@@BC@@@AAABAB@BAB@@A@@@@AAA@ACA@AA@A@AA@AEACACACAAAA@@@C@@BCBABABCBABA@@D@D@D@B@@ABA@@DABADA@@BAD@@@BABA@@D@B@BBBAB@@A@ADABADEBA@AAC@CAA@CAA@AAAA@CA@@AACAAC@@@A@A@A@AAAAA@@@A@@BA@@DCDA@ABCBC@A@C@ABABA@CBA@ABAB@@A@C@CBC@AB@@A@@AAC@A@A@@A@CBABAB@BABA@@@ACACCAA@@BE@A@A@AD@FABAB@@A@A@@B@B@BDB@B@DAB@B@@ABCBC@A@C@AA@CCC@CAEAAAAAAC@ACCCAAAAAAA@AACAC@AEE@A@ABEBC@C@E@C@ABABEBC@C@@AABABCDADAB@B@BA@@@ABABABCBCBCBC@ABCB@BA@AAC@A@ABCB@B@BAFEBC@@DABAB@BADAD@DCBCFAFAHEDABABA@ADAD@BAFAB@BCBABBB@D@DAD@BADAF@DCB@D@B@DB@@D@BAF@BAB@DABCDABADABCB@DAD@B@DAB@B@FABADABABAD@HEFCFAFADAH@BABABCBABAD@BA@@DCD@D@B@JEB@F@DAB@BA@AB@BA@ADADABBB@B@BAB@F@FCD@DAB@D@B@D@BADABADABAD@FCDAFAB@BAD@DAFCBAD@DADADEBABAB@BAD@DADCFCFGBA@A@@FC@@FABAB@B@BA@AAACE@A@@BAB@@@BA@AA@AAA@A@@BAB@@A@@A@@@AA@AAC@AAA@A@A@@@@AA@E@CAC@A@@A@A@AA@@@KB@BA@@BAB@BA@@@@@AAA@A@AA@@E@C@A@A@@@AA@@@@@AAAAE@@@AB@@@B@@CDG@A@A@AA@A@C@@@@C@C@AB@AAA@A@C@@@@ADEBA@@@AAACCCC@@AA@A@@@@A@@@@@AA@@@AA@A@A@A@A@C@@@A@@BAAA@A@A@CE@A@@@A@@AAAA@A@A@@@@BA@@@@AAAA@AA@A@@@AB@@A@@AAA@A@@CBC@AA@@@A@@DGBA@@@@CAA@@BA@@@A@@@@A@@A@@A@@@@C@AAA@@ADCBA@@@@CE@@A@ABA@A@@@AAAAA@C@A@@A@@@A@@@@@AA@A@ABABA@A@A@A@AAABA@A@ADABA@@@AAAE@A@AA@A@CA@@@@CC@@A@C@G@C@ECCAAC@@@ABABCDADA@@BAB@BADADAB@@@FCDCDCBA@A@C@ABAH@BABABABA@@AA@@@AAAC@EBCACACAE@E@KAABAB@DADABA@@@@@AA@@@AA@@AA@AAIBC@EDA@C@EAC@A@A@A@A@A@C@A@E@@@AB@@@@@@@@B@@@@@@@@BA@@@@B@@@@@@@@@@@@@@@@@@A@@@@@@B@@@@@@C@@@@@@@@A@@@@@@@@@A@@@@A@@@@@@@@@@@A@@@@@B@@AB@@@A@@@@@A@A@@@QDCBA@@@@BAB@@@BA@C@CB@@@B@@BBBB@@@BA@@@AB@@@@@@@@@@@@B@@@@B@@@@A@@@@@@@@@@@@@@@@@AB@@@@A@@@@@@@@B@@@@@BA@ABA@@@AB@@ABA@@BA@@@@@@B@@@@@@B@@@@B@@@BBDAD@@@@@BA@ABCBA@AB@@ABCBA@C@A@IBA@@@@B@B@@@@@@@@@@A@@@@@@B@@@@B@@@@B@@@B@B@@@B@F@B@@@@@@@@AB@@@@@A@@@@A@@@@@@@@@@@@B@B@@@B@@@@ABA@@@A@@@A@@@A@CB@@@@A@IFC@@D@D@@A@@B@@A@@@BBBBB@@BA@@@@B@@EBA@A@@@AB@@A@@@A@@@A@@@AB@@@@@B@@A@AB@@@@@B@@AB@@@@@@@@@@A@A@@@@@@@A@@@@@DD@@@@@@@@@@@@A@@@@@@@@@@@@@@@A@@@@@A@@@@@@B@@@B@@@@B@B@@@@@@B@@@@@@@@@BA@@@@@@@A@@B@@A@@@@@@@IAA@@@@@@@@B@BB@@BDBB@@BB@@@B@DBB@@@BB@B@@@@@@@@A@@@A@@@AB@@A@AB@@A@A@@@AA@@@@@@AB@@@@@@A@A@A@@@A@@B@@B@@BB@B@@@@BB@@@@@@DBBAB@@BB@@FB@B@@CD@B@@@@@@@BB@@@@@@BAB@@@@@@@@@A@@A@@@@B@@@@@@@@@BB@@@AB@B@@BB@BCB@B@@ABBD@BDFCDEDA@CBA@@@A@@@AB@@@@@BB@@@@BA@@@@@A@@@@@@@@@@@ADA@@B@@@@@B@@@BBD@@@B@@@B@@B@@B@BCBBB@@B@BBD@B@@B@D@@A@@B@@@@A@@B@@A@@BCB@@@BA@@B@@B@@@@@@@@B@@@@@BAB@BAB@@@@A@@@@@@@@@@AA@@@@@A@A@@@@@@@A@@@A@@@@@@@A@@BADA@@@@B@@@B@B@@@@AB@BABAB@@A@@@@BCB@BA@@BCB@@A@@@AA@@A@AB@@@@@BBB@B@@GF@B@@@BAB@@A@@@@@C@@@A@@BA@@@A@@@@@A@@@@@@BB@@@@@@@@@@@@@@B@@AA@@@@@@A@@@@@@B@@@@A@@A@@A@@@@BBB@@@B@@@@AB@@@@CB@@@@A@@@@@@@A@CAACEH@@@@A@@AA@@@@@@A@@@@@ACC@@A@@@A@@AA@@@@BA@A@@B@@A@CAA@A@A@@@A@@BAD@B@@@B@B@@@BB@B@@@@B@@@B@B@@@@BBBB@@@@AB@@@@A@@@@@AA@@@@A@@@@@A@@@@B@@@@B@@@@@A@@@@@A@@@@@A@@@@@A@@@@@A@@@A@@B@@@@@@@BF@B@@@B@@@@@B@AB@@@@A@@B@@@BA@A@@@ADA@@@A@A@AAA@A@AB@@EJA@ADAD@FBBBDDDBBBFAB@BCDCDAB@BCDAD@FBDDBBBDBBB@B@BADCDADABIDEBGDCBADAD@BCBCBA@CFAB@BADABADABGBABCDABAF@B@F@D@D@H@HBFBFFHFDFFFFFDFFFDFBDBD@B@B@DBBDDF@F@DADCDCBA@A@AB@@AB@BBD@B@D@BCDEFCDAB@@ABA@ABABAB@B@D@F@DEFCFCDCDAB@FADABAB@B@BBD@BBB@DBBABCFC@CBA@@@AAAAAAAAAACAC@CAC@A@ABCBCBADCDA@A@CACACCCAECEAC@C@AAG@ABC@ABE@ECA@AAA@A@A@ABEFEDEFABAB@DAD@D@BAFCBA@@BA@ABC@C@@@A@@@@AAA@@@AAACA@@@@@BABAD@B@BBB@D@B@B@B@B@@@BCDABABA@@BBB@B@D@DBDBB@D@@ADADABAD@D@D@DBBBDHJBDJHDDFFDBLHBBFF@DBHBDDDFBJ@F@F@BBBB@HDJ@FDFBDDHBDHFDBB@BCHGJCDEBAD@BBD@D@DADAFGHCDCHGDAD@D@BHDBDBF@@@BBDRFHFDFBBB@@BB@@B@@A@A@@AAA@@@BEBAB@@AAA@@B@FCBA@@BABA@@@C@@AA@A@@BABA@ADABA@@@@AC@@BABAB@@A@@AA@ADA@AAABAD@BAB@@@@@@AAA@AC@AA@@@AB@@A@@D@BA@@@CBC@@@A"],["@@@@@@@@B@@@@@@@@@@@@@@@@@@@@@@@B@@@@@A@@@@@@@@A@@@@@@@B@@@@@@@@@@@@@@@@@@@@@@@@@@@@@AA@@@@@@@@@@@@@@@@@@@@@@B@@A@@@@@@@B@@@@@@@@@@@@@@@@@@@@@@@@@"]],"encodeOffsets":[[[106436,32248]],[[106606,31777]]]}},{"type":"Feature","id":"510623","properties":{"name":"中江县","cp":[104.677831,31.03681],"childNum":5},"geometry":{"type":"MultiPolygon","coordinates":[["@@D@B@B@BAD@FCBABABABCBA@C@CAC@C@AAACA@AAAAACE@AAA@AAC@AAA@E@GBEBG@CAC@@C@A@@AC@C@@@CAAG@A@AAAE@G@GAEAAAA@@A@A@@@A@@@ABC@ABC@CBABCBEBADGBABCA@CAA@@AA@@AAC@EBCBC@E@CAC@E@E@C@C@C@CB@@ABAB@FCD@B@@@@@@B@B@B@BBBDDFBD@BADABAB@BBBDBB@@B@@ABABCBCBCB@DAB@BABABA@@@CBE@C@A@A@A@A@@A@@@@@@@@@@@@@@A@@@@@@@@@@@@@@B@@@@@@@@@@@@@B@@@@A@@B@BAB@@A@@@@A@AA@@AA@@@A@@@@@A@ABA@@@@@ABA@@@@BAB@B@D@D@FBB@@BB@B@B@B@D@D@BAB@DABAHAD@@@B@@A@ABA@ABA@@@I@CAGCC@@@AAAAAACECCCECAACCAA@ABA@A@ADCDCDABCBABAB@DADADADEBABABADADADAB@BABCDEBAB@FAD@D@B@D@B@@ABABCDCBCBCBEBE@EBE@CAC@C@CCI@CAABA@C@ABABABABABABAB@DADABABABA@@@AAACAAAACCCAACCAAAC@CAABC@@@EBA@@BC@@@C@AFAD@@@FAFAD@@@B@@AHCBAFEBCDCBCA@BC@@BC@@BE@@@A@@@CAC@@CCCCCCACKGAA@A@CBABAD@BBBBDDD@DBBBBDB@B@BABABADA@@D@BBBB@@BAD@B@B@@A@A@@@E@A@@BAD@B@@ABA@@@C@@@@@@@@@@@@@@@A@@@@@A@@@@@@@@@@@@@@@@BD@@@@@@B@@@AB@@@@@@BBBBBBB@@B@@B@B@BAB@DAB@@@BA@CBA@@B@BB@BDC@@@@@@B@@@@@@@@@@B@@@@@@@@@@BB@@BAB@BBBB@BABAD@BB@BBBBBAB@BAB@DE@@@@@@@@@@@@@@B@@@@@@@@@@@@@@B@@@@@@@@@@@@@@@@@@CF@@BBB@B@B@B@B@@@D@JADBB@H@HBD@D@@@BC@AFIFMB@DI@@DEBE@@BC@ABA@EBAAEAC@@@CAA@@@C@C@@@A@C@@B@BA@BFA@@D@@@\\AB@BA@C@E@CAC@@AC@@BEAABC@@@AAA@@AGEIAEAC@@BC@C@C@CBC@CBCDCB@@@BBDBBDBD@D@@DF@B@B@BDBF@DDBBDD@@BD@@DB@@BB@BD@D@B@BC@@@K@@@E@C@A@@@@@CAC@C@@ACAC@@AC@@@A@@AC@@@@BEBIBGBKBEBE@CBEDC@@BE@@BCBC@@DCBC@@DAB@BAB@BAB@@C@A@C@@B@B@@@B@BB@@B@B@@@@AB@@C@@BA@@B@BAD@BA@@@A@@@AAC@@AAB@@@FCB@BA@@B@@@BBB@@@BBD@B@B@B@B@@A@@@A@@@A@AA@@A@@@A@@B@BB@@DDB@@DB@@@@BB@@@BA@@@AAC@A@A@@@@BA@@B@@@B@B@BBBB@@@@B@@@@A@@BAA@@A@AA@@A@@@A@@@@BA@@B@@@@@B@@@BBD@@BB@B@B@B@@@B@@@BA@@BA@@@@@@B@@@@BAB@BB@@@@@B@@@DA@@@@BC@@BAA@@A@@@@AAA@AAA@@AA@@@@A@@BA@@@@B@B@@@DBBBFD@BB@@@BB@BB@@@B@@@@A@@@A@@@A@@BA@AB@@AB@@A@@B@@@BA@@@AA@@AAA@@@@AA@@B@@A@@B@BAB@BA@@BAB@B@@A@BB@B@@B@@BB@B@BB@@@B@BBB@B@B@B@@@B@B@@@@@@AB@@A@@@@B@@ABB@@B@@@BB@@@@B@@@BA@@@@@AB@@@@AA@@AA@A@@@AA@@@A@@@A@ABA@@B@@@BBB@DBBB@BB@@B@@B@@BBAB@@@BA@@@AB@@@B@@@B@@@B@@@AB@@@B@BA@@BBB@@@@BB@@B@@@B@BA@@BA@AB@@A@@@A@@@A@@@A@A@A@@BA@@@@BA@@BB@@B@@BB@@@B@BAB@@@BA@@@A@@@A@A@@B@@@B@B@B@B@@@@@DE@@B@B@DBDB@@B@@A@@@AACAC@@@@@AB@@@DBB@DD@@@@@@@C@AB@@CBABABCDCB@B@@BB@BBB@B@@@B@@A@@@AACAC@@@@@ABB@@D@B@@A@@@AAC@A@A@C@A@A@@BAF@B@@A@C@A@CAA@@A@@@A@@@CD@@@@A@AC@@@CB@@AB@@@B@D@D@B@F@D@BADAB@@AB@@AAA@A@@@@@AD@B@@A@@@AA@EA@A@A@A@AA@@@C@A@@@AA@A@A@CBA@ACAAC@C@C@EACECCAMAEAC@CACA@CBAB@BCACACCCACDCDCF@BADCBCBCBC@C@@A@A@A@A@A@@@A@@@@@@AA@@@@A@@@AA@@@@@A@@A@@@@@A@@@@@AA@AB@@A@@BA@@@A@@A@@@@@E@C@A@A@@@@A@@@@@AB@@A@@A@@A@CCCAC@@A@@@@@A@@@@BA@@@AB@@A@A@@@@@AA@A@A@@AA@AB@@@@AB@@AB@@A@AB@@A@ABA@@@@AA@@@@@@@@A@@@AB@@ADC@A@@BAA@@A@@@@AA@@A@@AA@@AA@@@@A@@@A@@BA@A@A@@@@@A@@AA@@AA@@@@A@@@@@AB@@A@@@A@@@@AA@@@@A@@@A@C@A@A@@@@A@@@@@@@ABABA@@@@@A@@@@A@@@A@AA@@@@AA@AAC@AA@@CB@@A@A@A@@@@@@@AAB@@@@@@AD@@AB@@@@A@@A@@ACECC@@@A@@@@@@@ADAB@DC@AB@@@@A@@@A@@@A@@AA@@A@@@A@@A@@@@@AA@AA@AA@@@AAC@A@@@@@A@@@@A@@@A@@@A@@@A@@@@@AA@@@@@A@@@A@@@@@A@@@@A@@@@B@BC@A@@@AA@A@AAA@@@AA@@@@@AA@@ABA@A@@BC@A@@@A@@@@@@AA@@@@@@AA@A@A@AAACAA@A@A@CHAB@@A@@A@A@@@@@A@@A@@@@A@@@@@@A@@A@@@@@@@A@@@A@@@@@@@AA@@@@@@A@@@@@A@@@A@@@@@@A@@AA@@@A@@@@A@@A@AAA@ACA@EACBE@ABAD@BADCHAFABCBGBGB@@A@AAAC@@A@A@@@E@@B@@@BA@@@A@A@CCC@ACBAHE@C@A@GAA@AACC@AACBEBABA@C@@A@C@A@AAAC@GAC@ABA@@BAACBABE@C@E@E@C@CBAFOZEPADEJEHABAD@D@@DDBB@B@D@@AFADBD@D@@B@FDBB@B@BEFINAD@FAD@@@B@B@@@B@@ABEAEAAAA@A@@B@@FF@@@HAB@@CACA@ACACAE@CBAAA@@A@GBE@AAAA@A@EBCBA@@B@D@FDH@BA@@BAAA@@AA@ABB@@@BBDFBB@BABA@AB@@@@DB@@@BA@@BC@CBEH@@A@AAAACAABA@CD@@A@AAA@AAAGACAAA@A@AAAA@AA@GBA@E@CAAAAGBIBAAAA@AAA@ABADAFAXCPADA@C@AAAC@@DOAC@@AAC@GBA@A@@ABA@A@AACCCA@AAEBCBC@@@AA@C@IFKBC@EBK@AAC@@EAA@@B@@@@@B@@@@AB@@@@A@BB@@@@@@@BC@@@A@AA@@@@AA@@@@@A@@A@AA@@@@@@@A@@AA@@@@@@AB@B@B@@@B@@@BA@@@@@@@A@@@@@@@@A@@A@@@A@A@@BCD@@@@@@A@@@@@@A@@@@@A@A@@B@@@@@@AAA@@@@@A@@@A@@@@@@@@A@AB@@@@A@@A@@@A@@@@A@@@@@A@@@A@@@@BA@@BA@@@@@A@@@@@@@A@@AAA@@@@A@@@AA@@@@@A@@@@@@CA@@A@@BA@@@@@A@@@@@AA@AA@A@@@ABA@@@@@@@@@A@@@@@@@@@B@@BB@@@@@@B@@@@@B@@A@@BA@@@@BB@@@@B@@@B@@@@AB@@A@@@@@@@@@BB@@@@@@@@@@@@A@@B@@@@@@@@@@B@@@@@@B@@@@A@@B@@@@@@@@B@@B@@@@B@@AB@@@@@@BB@@B@@@B@@@B@@@@@@@@@@@@AB@@@@@@@@@@@BB@@@@@BB@@@B@@A@@B@@@@@@@@@BB@@@@B@@@@@@@@B@@@@@@@@@@@BB@B@@BB@@@@@@@@@@B@@@@@@BB@@@@BB@@@B@@@@@@B@@@@@@@B@@@B@@@@@@BB@@@@@@@@@@D@@@@@B@@@@@@@B@@@@@@B@@@@@@B@@@@B@@@@A@@@@B@@@@@@@B@@B@@@@B@@@@BBBDB@@@@B@DBFBBD@DDDDFHBJ@B@D@DABCBEH@B@B@BAAA@A@CAA@CBA@C@AAA@@AAAACAA@AA@C@@@ABA@@BA@@@@DBH@BABAD@B@B@D@@AD@D@@AF@B@@CD@@@B@@CD@@AD@D@@AD@@@D@@ADAD@ACD@@CB@@@B@@AF@@ABAB@@CB@@C@E@E@E@AB@@ADBD@@@@@D@@@D@D@@AD@D@D@@@DBD@@BBDDDD@@@D@@AD@@C@EBC@@@A@@@EAEBA@E@@@C@CACA@@CA@@AB@D@@@D@@@DBBAB@@C@A@CAA@ABABA@C@C@CAC@CBABB@ABAB@BBDBB@@@BABABAB@@CB@@A@@@AB@@@B@@BDBD@@BBBF@D@@AB@@@@CB@@CDABADAD@@AD@@AD@FCJ@FADAD@ACB@@CBCACAAC@@AA@@AAECEA@@C@@@CB@@@@ABADBDA@BB@B@@B@@ABAB@@@B@@@@@BB@DAB@B@FAD@@AFERAF@@@@CDAD@@CD@@ADCB@@@F@@AD@@@B@@BDBBBBBB@DABCB@BC@C@C@@@KA@@CB@@A@E@C@CD@@ADCD@@C@C@@@G@CBE@A@AB@@CBC@CBCBA@@@C@@@C@E@@@EBEB@@C@ABAB@BABADADADAB@@@DCBC@@@C@@@C@@@CAEC@@CA@@E@C@C@@@A@CB@B@B@DAD@BADEB@BC@ABABABAB@BA@@@A@C@EACAC@EBCBA@C@@@CBAB@@CD@ACBAB@@EB@@E@CB@@GBGB@@GBCB@@ABGBB@ED@@C@GBE@@@CBC@@@CBC@A@A@A@A@AD@B@@@D@B@@BD@@BBB@BB@BD@DBBB@D@H@JHX@D@BABIDA@CBCBCD@@ABCD@@ADADCBABEAAAA@A@ABC@ABC@AB@@BH@BAB@@ABC@@@ABABAD@B@D@DADADABCDADAD@DBD@DBB@D@BABADA@AB@BEDCDCDAD@D@DBDBFBD@B@DAB@@@@@BA@ABEBC@ABAB@BC@C@CCA@A@C@A@@@AACGA@@@A@A@@@A@@A@@@A@@@@@AA@@@@@A@@B@@A@@BA@@@@B@@@BBB@@@BBBBBBF@BABCDABCDAD@D@@@HBBAB@B@B@@DBBBDBD@BBF@BBDB@@B@BDB@BBDBD@B@@@B@B@B@B@B@@@HBD@D@B@BADCFEDADCD@BAD@B@B@DDBBDB@F@BBFBFJVBJB@@B@@@BLNDF@BDDBB@B@B@@ABAB@DAF@F@HBB@D@FAD@DADBBDD@@@BBDB@@B@@B@B@JEFAD@B@@@B@FA@@B@BB@BB@@BB@BBD@@ABADAD@@@BADAD@FBBBDDBB@DBFBF@@@D@@@BB@DB@@B@@@@@@A@@@@B@@@@@B@@B@BB@@@B@B@@@@B@@AB@D@@@B@BBBADAB@DA@ABCBEBA@CDABC@A@G@@@ABA@@BBBFDDDBBDD@DAFABAD@BA@E@C@CAC@A@A@CBABAB@@BD@BDBBBB@D@DBB@@@B@@BDBB@B@B@D@@B@BAB@@@@@B@@ABC@A@A@ABA@@B@@@B@@B@BAB@B@@@ABAF@D@@BDDBB@D@H@LDHDFFFDFDBDDD@F@DABCBA@@B@@A@@@AAA@@@@@@@CCA@A@@B@BB@BBABCD@BBBB@BAB@@@B@@BBB@@@D@B@B@@@B@@@@BBAB@@CFAD@@@@@BB@@@B@@@B@@AB@@AD@BB@B@@BB@@BB@@BDBBBB@BBD@@@BDBBBB@@@@BB@@BB@AB@BA@AD@BAB@D@B@B@@@B@@@@DBDAHADCB@BBB@@@B@B@@AB@@BD@@@B@B@@ABA@AB@@AB@D@@ADADAD@B@BAB@FCDCBC@CBEBC@ABADAB@B@B@BB@@@DB@@BBBBBF@B@BB@BBB@D@DBDDFDFFFBDB@@BBBD@D@H@D@FAJ@F@F@H@HBJDRHBDDBBDBHBH@HBBBBB@@BB@BDBBB@B@BABA@AB@B@BAB@B@BB@DBDBDBB@BBBD@@BD@B@BA"],["@@B@@A@A@@A@@@@B@@@@@@@@@@@@@B"],["@@DE@@@@@@@@@A@@@@@@@@@@@@A@@@@@@@@@CFB@@B"],["@@AA@@@@@@@@@@@@@@@@@A@@A@@@CDB@@BB@B@@A@@B@"],["@@@@@@@@@@@@@A@@AC@B@@@@@@@B@@@@@@@@@@@@@@@@@DB@@A"]],"encodeOffsets":[[[107250,32032]],[[107271,31894]],[[107423,31687]],[[107413,31680]],[[107394,31680]]]}}],"UTF8Encoding":true}