{"type":"FeatureCollection","features":[{"type":"Feature","id":"510703","properties":{"name":"涪城区","cp":[104.740971,31.463557],"childNum":1},"geometry":{"type":"Polygon","coordinates":["@@AC@@AAACACAAAAC@AAEAAAAA@CBGBCBC@CBEBCFOFIDE@CBE@A@EAEAEAG@C@CDIBA@AAA@AAAACAAECCAAA@A@A@AB@FAFAJAJCJANCJGFCBA@ABA@@@C@ABEBA@CBEBEBC@CBCBA@ABA@C@A@A@C@A@ABC@CBCBADCDEDAJEB@JBDBB@JAB@DAF@DAB@@ABA@EBG@GBGAC@A@@@@GICEA@@A@C@A@CBABADAD@FAB@D@DCDABC@ABAB@BCFCDCFCBAD@DABCBA@AAE@A@ACEAGAC@CACBI@C@G@EDG@ABADADCDADAFADAFAF@D@F@D@FE@ADA@@@A@CGKCECCCCECCA@@CBAB@@C@C@CA@CBA@CBAAAAACCEAC@A@A@G@C@AAAAACAG@@@@@@A@AAA@AAA@@ABADEBCBEC@E@ABG@A@C@CACAECEACCCAECE@GAI@E@EAEAEAGAEAEACAECACABA@C@@AC@AA@AAAACAC@CAAA@A@ABA@A@@BABABA@A@AAACA@@AA@AAABE@EBCBEBE@@@AAAEACE@I@KAE@A@ABBF@DADAFAHABADCBADBFDDDDAD@BADABCBABABAB@@ADCDABABC@@BAB@BADBBBF@DB@@BAD@FADAFABABC@E@CBA@CB@@IBEDC@CB@@A@EB@@A@A@ABA@A@EBGB@@A@@@ABABA@ABEDEFA@EBE@GBEBEBEDAB@@ABAD@D@B@B@BBBJP@B@B@DAB@BAB@BABABAFAB@H@@AD@F@BBB@@BB@D@BABABABABABABC@C@@@C@C@E@E@ABAD@DAB@@@DADCD@@@@CBABCBA@A@@@C@CBEBCBGHEJCDCBCDCBC@EBABCBC@CD@BABADABA@EDC@CDABAB@BA@CB@@AH@DAB@FB@@@@@B@B@BB@@@BCF@@CBEBCBABCF@BABADAB@@@BB@@@B@B@@B@@@@AB@@@@A@A@AAA@AAAA@@C@A@A@@@ABCB@@ABCBCB@@@BB@@@BB@@@DA@@BBBBD@BBBB@@BBB@B@BBDB@BABA@@BADAB@DBDDDDD@D@D@DAHGLK@@@CAAACDCBCB@DAFAD@B@B@DADCBCDCFCD@D@H@H@DDDBFFB@DBJAHAFCDAFCFCFADADADBBBBBFHHLDHBDFDDFDFHFHFJDDDDBFBH@HBB@B@BDBD@DBBBBBBD@BBB@@BADADAB@B@BBDBD@B@F@B@F@@B@B@@@BAB@@@BB@@B@@@@@B@@@@@@@B@@@BBD@BAB@BB@@@@@D@B@@BFBBBBB@F@F@DB@@@H@BAB@@A@A@@BB@@BB@B@@@D@B@B@BH@BBB@BA@BB@@DF@B@B@BC@GDQHCD@B@@@BD@DBFBDBB@@B@B@BBBBBJJFBBBB@B@DADADAB@B@@@BBBBBF@BBB@B@B@B@@@B@@B@B@B@B@BBDDBB@@B@BBFBB@@@@AB@BB@@@@@@@B@@D@B@@@@A@@B@@AB@D@B@F@@@D@"],"encodeOffsets":[[107230,32367]]}},{"type":"Feature","id":"510704","properties":{"name":"游仙区","cp":[104.770006,31.484772],"childNum":2},"geometry":{"type":"MultiPolygon","coordinates":[["@@BM@@@@A@@@@@@@A@@@@@@@@@@@@A@@@A@@@@@@@@@AB@@@@@@@@A@@@@@A@@@@@@@A@@@A@@@@@A@@@A@@@@@@@@B@@@@@B@@@@@@@B@D@@@B@B@BA@@@@B@@@@@B@@@@@@@@@@@@B@@@@B@@@@B@@B@@@@@@@@B@@@@@@@BB@@@@@@@@@@B@@@@@B@@AB@@@@@@@@@@@@A@@@@@@@@@@B@@@@DFBAB@@@H@BDB@BBB@B@D@B@B@BAD@B@BABABCDABCBAB@BA@ABABABEBC@CBAAA@AAC@AAABC@ABAAC@A@C@C@C@C@A@C@ABC@A@@@@@C@ABEBA@ABCBCAA@AAACCA@CAA@ABAB@BADADCBCBE@EBABC@E@AA@A@ABCBC@AAA@C@@AEAC@CBA@ABCD@BABC@AAA@CBA@C@A@A@C@CB@BABBD@D@DBDBD@B@B@B@BAAA@ABA@ADCB@BC@AAE@C@A@ABAB@B@B@BA@A@A@@AAA@AA@A@A@A@AAAA@AA@ABC@C@A@AAAAAAAAABA@AB@@CAAACAAB@B@DAB@@@BBB@@BDDBBD@PBB@BCBA@CAC@C@C@CAEAAAA@A@AB@@ABC@CBA@ADAFBF@BAB@BC@A@A@AAAACAABCBCBAD@D@DAB@BAB@@C@@AAAA@A@@DAB@BABABEBAAAA@AAAAAA@C@A@AAA@CAA@CAEAAAC@A@ABCAC@A@A@CCAACAC@ABCBCBC@A@A@C@C@CBC@A@A@A@G@C@A@A@AAA@AAA@A@C@C@A@ABAJGFAFADCBC@ABCD@BBBB@B@B@B@BBBDDBBD@@@B@@@@A@C@A@ABADEB@@@B@B@DDB@B@@@DA@@B@BBB@BBB@@@B@@ABB@BBB@D@B@D@DABAB@BB@@@B@B@B@BBBBDBB@D@B@DABAD@DAD@D@DADADABADABABABABG@ABADAB@D@D@DAD@D@@A@A@@DC@C@AAKEEA@E@C@CA@C@ABCF@F@HAD@BA@CAAA@IAOMCAABE@C@CAA@CA@@AABC@@B@@AA@@A@AB@@AAAAA@AA@ABABCBABABA@AAA@@@CAAA@ABABCBC@A@A@CAAAAA@CAA@CAA@AA@C@ABA@CB@@A@C@A@A@A@@BADAD@@A@A@A@AA@@@AA@@@@@A@C@@@@A@A@CBAB@@AB@@@B@DBBBDAB@@A@C@AACAC@CAAB@A@@AC@A@@A@A@A@AA@@@A@A@@@@A@C@CBA@A@A@@A@AAAA@@@AA@A@A@E@AAAA@@BC@A@@@AAAAAAA@ABCDA@@@AAAA@A@A@@@ABAA@C@ABAAA@@AAAA@A@@BBBAB@B@@ADABA@A@A@@A@@BCAAA@AAAB@@ADABC@AB@@ABB@@BABA@A@A@ABA@ABAAA@A@A@ABA@AAEFEFAF@BBBBBDDDDA@A@C@EEEAABCB@@ABABADAB@@@BBBB@B@@BBBABAD@BC@@BA@AAC@@AAAA@A@ABABA@A@@BC@CBCDABADCDABA@C@A@CAA@CBE@EBCDCDABAF@DBFBB@B@BCBABABEBE@E@C@C@CBA@ADCDEDCAC@AACACCACCAAAE@A@A@CBABABABCBABA@@AA@AAA@A@CEGGGCE@ECCCCACAC@A@ADERABC@A@CCKMAA@ADAF@DABC@AAAACAABCA@AAC@A@ADA@A@AACAAC@A@CDE@C@AA@CACBC@CBGC@A@ABAAAAAECOQEEAC@@AE@CEFC@E@C@E@EBCBEBCBCBCDCBAB@BCH@F@H@DAJBD@DBDBHDF@B@BBF@BABADCBC@ABEDCDEDADA@AB@BADCBCDC@A@EBC@CBABAB@D@B@D@BB@DFHJ@@@@@BBDAH@HAH@FAB@BA@CBE@CBA@IBA@CAIAA@IFCBCFCDABAD@DAD@B@B@D@B@B@DAB@BABAD@DADAFAF@DABAF@B@D@@AB@BABEDIHMDIBIDIBEBEBA@@B@B@BBBDBFDBBBDBB@BBB@BABCJ@D@DBHBFBF@F@BAF@DCFEJEPADAF@DADADAH@DBBBBFBBBD@BBBBBDBDBB@@BDDABA@@@@B@BABA@ABA@A@@@A@@@@BAB@BBF@B@B@BBDF@@@@BB@B@BB@@BB@@@BB@@@@@D@D@B@@@BA@EDAB@@@@@BBB@@DBD@@@@BB@@B@BAB@@B@@B@@B@B@@A@@@@B@@@B@@@@@ABA@@BC@A@A@@BA@@@@B@@B@F@B@@@B@B@@@@@B@@AA@@@@A@@B@@AB@B@@AB@B@B@@@@@@@BA@AB@@@D@B@FA@@@@B@@@@BB@@@B@B@@@BA@AB@@@@@B@B@B@BB@@@AB@@@B@@@B@@@BB@@BB@@@@DAB@B@@@DDB@@B@@@@AB@@@@@@B@B@B@D@BAD@B@B@@B@@@B@@ABABA@@B@@@B@@BB@@@D@@@BA@@B@@@B@@@@@B@@@@GAC@@B@BAB@BAD@BADAB@B@@@@@@@@@B@@@@@B@@@@B@B@@@B@@@@@B@@BA@@B@B@@@@@@@@@@@@B@@@@@@B@@@@@@B@@@@@B@@@@@@@@@@@@@B@@@@A@@@@@@B@@@@BAB@@@@@@B@@@BA@@@@DADA@@B@BB@@B@B@@ABAB@B@@@@B@@A@BB@@@@DCB@@A@@@@AC@@@@B@B@B@@@B@@A@@BA@@@@@@B@DBB@B@@@@@@A@@@A@@B@@@@@BBB@@BFAB@@@@@B@BA@A@@@AB@@@B@@@@D@@BB@@B@B@BBDBBBD@D@@@BD@@@BCBABB@@BB@BA@@@@@@@@@@B@@BA@@B@BA@@B@@@B@@@BA@@B@@AB@@@@@@AB@@@@@@@@A@@B@@CBAB@@AB@B@@@@@@@D@@@B@BAD@D@B@B@B@@@@@D@@@B@@BB@@B@B@@@F@@@@@BB@@@@ABA@ABEHCDEF@B@BB@@BB@FB@@FBB@FBLBD@BDBD@DB@@BB@BBB@B@@@@F@@BBB@B@@ADAB@BABAB@BAB@BAB@D@D@B@DEB@BA@A@@@A@ABCBAB@@@B@@@B@B@@@DABAB@BA@@@@@AB@@AB@B@B@BA@@@@BA@@BAB@D@D@B@DBBB@@@B@B@@AB@BAB@B@BDF@B@@BBB@BBB@BA@@BBBB@D@B@@A@@@E@G@AB@@@@@B@DBD@DB@B@@@@BBBAB@B@@B@@@BA@@B@B@@@A@@AA@BADB@@BA@@B@@@@@@@B@@@BB@@@AFA@A@A@@@C@@@ABCDCB@B@@@@@B@@@@BA@@@@@@@@@BBB@@@B@BABAB@@GBABABA@@HB@@@B@@AH@B@BBHB@BFBFB@@BD@B@@AB@@@B@@@B@@BB@@@DABA@@AAB@BABA@@@@@ABECECE@GB@D@B@D@@ABBB@B@B@B@DDBBBD@@@B@B@H@@@@@BB@B@@@BBB@BB@@B@@BD@D@BB@@BBBD@B@@B@@@B@B@@@DBB@@@FCBA@@B@FDDD@@@@B@B@@@BAB@@@DC@@@@@@@AB@BAB@@BB@@@B@"],["@@CEA@@@@@@B@@@@@@A@@B@@A@@@@@A@@@@@A@@@@BA@@@A@@@@@A@@@@@A@@@@@@@AAAN@@@@DB@@@@@@BB@@B@@ABABA@@B@B@@@@@@B@@BB@@D@BA@@AEAAB@@ADA@@"]],"encodeOffsets":[[[107505,32478]],[[107518,32472]]]}},{"type":"Feature","id":"510725","properties":{"name":"梓潼县","cp":[105.16353,31.635225],"childNum":2},"geometry":{"type":"MultiPolygon","coordinates":[["@@D@@DDBH@B@DBB@BABAB@B@B@B@@@B@@@B@@@@AA@@A@AB@BABABA@A@IB@BABAD@B@BABAD@D@BCBA@@DABCAAAACACAA@CC@AAC@E@CBC@CAGAEAAACAAAAAAAA@C@A@EAEAE@C@ABCDCD@F@FBDDB@BBBAB@FAHAF@B@DABADAD@FCB@BCBADCFIBC@A@I@E@E@A@AAAE@CACA@@ACBGLKLGDA@ABC@CBAB@BAB@@B@BDLBDAD@B@@BBFHDBB@B@@@BEBA@@B@DAFBD@B@BBBBD@DAB@BGBABAD@DA@A@@ACAAAC@A@ADEFCFADAD@B@DA@CBEBEBC@ABE@CBE@@@EAC@A@AAC@AA@A@A@ABABCBGAEAGAE@EAEACAA@@A@A@CDC@CBC@AAAA@AAAA@AAA@@AAA@A@CAAAACAAAAA@CBC@C@CAA@@A@CAAAAACCAA@AAAABA@CB@B@F@BADABCBABAD@DBDBBBBBD@H@FAD@BAD@B@DBBBBBDBFDDBDDDBDDBBDBB@JFB@@B@@B@D@@ABC@CBCBC@CAAAC@C@@DCHCDCBABABC@CBCBAFAD@BABCBCDABADABABA@C@CACBCBGBE@C@A@A@ACAEACAA@@CAC@GACAECCCAAC@C@C@CBA@@F@FADAFCBAB@BAJANEBCBABABA@AD@B@DBBHBDDBB@B@DAB@F@D@D@D@FAB@HCB@DCBCBE@EGOCGBCBGBCBC@A@E@@@C@EAC@C@C@ABC@CBA@A@AAC@AB@DABBBB@@@BA@A@@@@F@@B@@ABADAJCBAB@@@@@DCB@B@BBB@BABA@EBI@@CCAA@ABCBABAD@BBDBD@H@D@B@BA@A@@AA@A@ABA@@D@D@BABAF@D@B@D@BA@CDAB@F@@A@ABABADAB@DA@@@A@AA@@@@@@A@CBE@ECAB@DADC@@@@AACCEAAA@@B@B@DABABE@@@ABA@A@A@@@@CEAAAAIC@AECAACC@@@@A@@@@@@@@@A@AC@A@@A@@@ABA@A@@A@@@@@C@@B@@@F@@@AEAA@@@A@ABA@@BAAA@AAA@@@C@AAAAAACAC@A@E@CAA@AC@@@A@AA@CCCCAA@A@ABADABA@A@A@C@@@C@C@AAA@AA@@BA@@BA@@@A@A@ACA@AAACAAACA@@C@A@@@IHEFCBCBAAA@@AAA@@A@A@ABBB@B@B@@@F@BADABA@C@C@C@A@C@CBABAB@BABABABC@C@C@A@CBA@A@@B@B@BBB@BBB@BAB@BA@C@I@EAC@AAAACAAAACCCAAAC@CA@@@AA@AA@AAAA@@AACBCBGHCFCBCBIAICAC@CAA@CAAAA@@A@ABCBADABCBABA@GDCBAB@DBF@@@@AB@@DBBBDD@B@BABC@@@AAA@AA@@CBEBC@AACCC@KAGBCBEBEBC@AAACFM@CA@@ACAA@AAC@A@AACACAE@ABA@ABADADABABAB@B@B@B@BA@@BABAD@BBB@D@@@BA@C@CBAAC@ACAAAA@C@A@A@AA@AAAAA@AAAAAA@@@@@@@A@@BA@AB@BABABCDCBA@C@AACAECA@A@C@C@ACAEAGACAC@AAAAAA@AAC@AC@CAC@A@E@A@C@C@ABA@AB@@@B@@@B@BBD@@A@A@CBA@CBAD@@CB@@C@C@C@CAC@A@C@A@EBA@E@A@AAAA@@C@C@CBC@C@A@CBAB@BAHABABABCBABCBCBCBC@C@CBC@ABCBA@C@A@CAAAAAA@A@A@@@A@@ABABA@C@C@A@CAA@AAA@BA@@@A@AAA@AAA@@@CB@@A@A@CCA@A@@@A@CFAB@B@B@D@B@@A@@@C@AACCAA@A@A@A@AAAAAC@AD@BADCDEBEBIHAB@B@B@D@D@BBB@BBB@B@B@B@D@H@B@B@BAD@D@D@D@B@BADADAD@BBDBDDB@D@B@BBDAD@B@BBDBBBF@DBB@DBB@B@B@DBBBBBBB@BBABAFABABA@CB@@@BBBBB@@@DA@ABA@CBC@C@ABADADBBBDBB@B@B@BADA@ABE@EACB@BAB@DAD@BA@@B@BBBBBBF@D@D@DBD@DABADA@OAC@AACC@AA@AA@@A@CBA@A@BBBDBB@DA@@BABBBBBBBBB@B@B@DAD@BBBB@BB@B@B@B@BBBB@BB@@@B@BABA@A@A@AB@B@B@DBF@BADA@CD@BAB@BBBABA@A@A@C@CACAC@C@AAABA@@D@D@B@B@DAB@DBB@BADABC@AD@BAB@DBDBF@@@DBB@BADAD@B@BBBF@D@BAFAF@DADABCBC@ABABAB@DBB@DDBB@BBBADAD@BABAF@B@D@@@@@BAD@B@D@B@D@D@D@D@BBDAB@BADBB@BBD@BBBAB@DADAFABAB@BABA@ABADCBADABABA@C@ABA@A@C@A@A@AAA@ACG@@@A@AB@@CB@BA@BBBF@@ABC@@@AA@@@A@@@@A@A@@@ABAB@BA@@@AA@@@@@@CA@@@@A@@@A@@AA@ABA@@B@@@@@@CD@@A@AB@@A@A@@@@B@@@@AB@BA@@BA@A@C@@@A@@B@@@B@BBD@@@@@B@@CHA@@BA@@B@B@B@@@BABA@@BA@@B@@@@@@@B@@A@AB@B@@@B@@@D@@B@@B@@BD@B@@@@@B@@A@@@A@ABABAB@@B@BB@@@BB@@@@D@BB@@@@BBBDBBBB@DADAB@F@DAB@B@B@BBDBBB@BB@@@B@@@B@@A@A@A@A@@@A@@@@BA@@B@@@@@@@@@@B@B@D@B@B@@B@@@B@B@D@B@@AB@@@@@@@@B@D@@@BDBB@@B@@@@@BA@A@@B@B@@AB@@A@EA@@@BAD@@@BA@@@A@A@@BA@ABA@@@AB@@@@@@BBBAB@@@@@@B@@@@AB@@@@BDB@@@@@B@BA@@B@B@@B@@BB@B@@@@@BA@AB@@@@@BABABABEBABA@A@@@@@@@AB@@A@A@@@@@@@@AA@A@@BA@@BA@@@A@CC@@@@AB@@@B@B@BABABA@@@@BAD@D@BB@@@FAB@B@B@@@@@@B@D@B@BB@@@@AB@@@BB@@@@@B@@AD@@@@@@@@@B@@@@@B@@@@BBB@BCB@B@@@HF@@@@@BGF@B@@BBB@JD@@BB@@ADCL@HAF@B@@@@@@@D@DBDB@B@DBB@BADCB@@ABCBABA@ABE@A@C@@BABA@CBABAD@BADBB@B@D@BB@@BB@BB@B@DBB@B@B@@@BBBBBBB@DBB@BBDBBBDBBB@@BBB@B@B@@@BAB@@@B@B@B@@@@@@B@BA@@@@@AB@@@@AB@@A@@B@@A@@B@@@@@BB@B@@@BDDB@@B@B@@@@@@A@@@A@@D@B@D@BBB@BBABAD@@@BFBD@D@DBD@BBBAB@B@D@BBB@AD@B@BAD@BBB@BDFD@DBHBD@DB@@BB@BB@@ABABABA@ABABAD@B@BB@@BB@BBBABCJ@BB@B@DAB@DAB@@@B@BBB@BA@@DCBAB@@@BB@BBB@BBDA@@BABABA@@BBBBB@B@B@BABAB@B@BBB@D@BBDBDDBD@@@FB@@BB@F@D@@B@B@B@BADAB@BABBD@BAD@DAB@B@@BABBB@@BBFBBBB@DBB@DBDBD@B@BAB@B@F@F@D@BA@A@@@@@@@@@A@@@@B@@A@@@@@A@@BI@AB@@A@@@@BA@@@@@@FABBFB@@@BB@@BD@D@B@B@BBDH@@B@BABA@CBA@ABAB@BA@B@@@BABAD@B"],["@@@@@@@A@@@@@@@@B@@@@@@@@@@@@@BA@@@A@@@@@A@@@@@@@@A@@A@@@@@@@A@@@@@@A@@@@A@@A@@@@@@A@@@@@@@@@@A@@@@@A@@@@@ABA@A@@@C@A@@@@@@@A@@@@@A@@@@@@@@@@B@@@B@@@@@B@@@B@@@@@@@B@@@@@B@@@@@@A@@B@@@@@@@@@B@@@B@@@@@@@@@@B@@@@@@@B@@@@@BB@@@@@@B@@@@@B@@@@@B@@@B@@A@@B@@@@@B@@@@@B@@@@AB@@@@@@@@A@@@@B@"]],"encodeOffsets":[[[107710,32669]],[[107516,32469]]]}},{"type":"Feature","id":"510781","properties":{"name":"江油市","cp":[104.744431,31.776386],"childNum":1},"geometry":{"type":"Polygon","coordinates":["@@ECCC@@@A@CBAAAAAA@G@E@CAGAC@CA@@AA@A@@@ABAB@BAB@F@D@@@B@B@BADEDAHAD@DAB@BAD@@A@CCCYSAAGEGEIEAAGECA@AAA@A@CBA@C@EBC@CBC@G@A@AAAA@@@C@CA@GCEAAHG@A@CBG@A@A@AAA@@@@@E@C@@@@BD@@BA@AB@@@DBFBB@D@DABC@A@C@CAEBI@@@@@A@@@AA@@A@A@@A@@@ABA@A@CCA@@A@EBA@@@AB@B@@ABC@@CAA@BCAA@@@ACCAABAAABABADC@AAAACAAAAAAAAAA@@AB@@CB@@AB@@BB@B@BAB@@@@@B@@@B@B@BAB@@@BA@@DA@AB@BABAB@B@BAB@BAB@@@B@BAB@BA@AB@BAB@B@@@B@@@B@@@@@@@@A@@A@@A@@BEAA@A@C@@@@A@A@@A@@A@@@@@@@A@@AA@@@@@@@@AB@B@B@@A@@@A@@@AD@B@B@B@B@@AB@@A@@@A@BA@A@A@@@C@@@A@AA@@A@AAAA@@AB@AAB@@@@A@@@@@@@@A@@@@A@@@@@@@A@@A@@@@@@A@@@@A@@@@@@@A@@B@@AAA@@@AAC@@D@B@@@B@B@@@@BB@BAB@@@BC@C@@@@@@A@@@@@@A@@@@@A@@@@@A@A@@@@@@@@A@@@BA@@@A@@@@A@@@@@@@A@@@@@AB@B@@@@@@@@@@@@A@@@@@@@@@@A@@@@@@@@A@@@@B@@BBA@@@@@@@@@A@@@@B@@@@@@@A@@@@A@@@@@C@@B@B@@@@@@@A@@@A@@@@@AA@@AA@A@@A@@BA@A@A@AB@@AAA@@@A@@A@@@@@@B@@@@@@A@AA@@@@AB@@@B@@@@@@A@@@@@@AA@A@@@@@@A@AB@BA@@BA@A@A@@@A@AB@@A@A@@@A@@@C@@B@@@@@@@@@BA@AA@@A@A@@@ABA@A@@@@@@A@@@@@@B@BA@@A@@CFCFEFEJI@AAA@AA@BA@AB@@ABA@A@EAACC@A@AACBABCDABA@ABA@C@ABCDCDABAB@B@B@BABAB@BADBB@BA@@CA@@@A@AB@@A@A@AA@A@C@C@@@AA@G@A@AACCAC@AA@C@CAACCCCACCGCCACAC@A@C@@BCBCB@@ABCBA@A@@@AABA@AB@BAB@DABABA@@@CGAAA@A@C@C@@AA@@A@@EAAAEB@@@@@@AB@@@@@BA@@BAJ@@@B@@@@@BA@@@@@@B@@@@@@@@@BABC@E@E@A@A@ABA@C@CACAA@CAA@AAEAAA@@AABA@AA@A@CBC@ABC@AAABA@CBABA@A@A@@@@C@EAA@@EA@@C@CAACAC@A@CAA@A@ABABA@A@A@AAAAA@AB@BABA@AB@AC@AAA@AAA@@A@ABCD@@ABA@AAA@@@A@CBA@CBA@A@@ADIBAAA@AAA@@AAA@C@ABAB@BABABAB@BA@@AAA@@CAC@GACAC@CE@AAA@ABC@A@ABCA@AAC@A@A@ABAAC@CAC@C@EA@A@@BCBAAAA@AAC@A@C@@@@B@@@B@@@@A@A@@@CAAC@@A@A@@A@@@@@AB@@@@AB@@@BA@@@@BA@@@@B@@A@A@@@@A@A@A@@@A@AB@@A@A@A@AA@@AACAAACAAAA@CAA@AAAAAA@@A@A@A@CAA@A@@AAA@@AAC@A@A@CAABC@ABAB@DABAB@@@D@BAF@BABABAD@BA@CDABA@CAA@A@AC@C@C@@@@@@@ABE@GDKBC@@AA@@ICA@AA@@@AHE@A@@@@GE@@A@A@ADA@AA@@@@@A@@@@@A@@@@@@@@BC@@@A@@@@AA@@A@@B@@A@@A@A@C@A@@@@A@A@A@EB@@A@@A@CBC@A@@B@BABA@A@A@A@@BA@@@@DDB@@@B@@AB@@AB@B@@B@@@@@@B@B@@@BA@@@@@@B@B@BAFABABABA@A@@@@BAB@@A@@@@@AAA@@@AA@A@@@ABA@@@@@A@AC@@@@BA@@@@@A@@@@A@ABAA@@@@@@BA@@B@BAB@@AB@B@@@B@@A@@BC@A@@FBB@@@BA@@@A@AB@B@@A@@@@@AA@CA@A@@@C@A@@@@@@A@@BA@C@A@A@@@A@@@@A@A@C@A@A@@@@@@@@A@@@AB@@@@@B@@@B@B@B@BA@@@A@@@A@@AAACAAAA@A@A@CBE@A@CBCBA@AACAAA@A@@A@@A@C@@A@@A@@AAA@@@BABABAB@@@B@@@@A@@@@@AAC@@@AA@@@@C@@@A@@@ABAB@@@@A@@@@@@@AB@@AB@BA@A@@@A@A@AB@@AB@DG@@@A@@@@AC@A@A@@@AB@@@D@B@B@@AB@@ABA@@@@@A@@CCECA@@@ABED@@A@CA@@A@A@@@A@@@@AACAA@@AAC@C@@AA@@@AAA@AA@@A@A@@A@@@@@G@A@A@@ACAACCA@A@A@A@AA@BC@A@C@A@@HDFDFAF@B@@@@ABABA@BB@@ABCB@@A@@AA@@@A@@@A@@BA@C@@AA@AEAEA@AG@A@ABG@@@A@@GA@@ABABAB@HA@ABABA@@@A@AA@@@@@@@@B@@A@@A@@@@@A@A@CDAD@B@@@D@@@B@BEB@B@@AA@@A@@@@@@@A@@@AB@@CAABB@@BB@@@A@A@@@AB@@A@@@@ABAAA@A@@A@A@@CAC@C@A@@@@BAH@F@@@B@@@@A@CAAAA@@ABA@AAA@AA@@@ACE@A@ABA@ABA@@@A@A@@AACAA@C@C@A@AB@@AB@@@@ABA@A@A@@BA@@B@@@@ABA@ABCB@@A@A@@@A@@@A@ABAD@B@B@@@BABA@CFA@C@C@A@ABA@ABA@ABABA@CB@BA@A@AA@@@E@@A@A@AAA@@AA@@CACACC@KAEAA@EA@@EAA@@AA@@A@AFEDCFGBAB@BA@@@@AA@@@@E@@@A@A@@@AA@@@A@@@C@@@@@A@A@A@CBC@A@A@@@C@@@@@@@ABA@@BADA@@@AB@@@@@@@@@BA@@@@@@BA@@@AB@@A@@@A@@@AB@@A@AB@@AA@@@@@@@@@@@ABA@@AA@BADA@A@@AC@@C@C@AACAAAA@A@@@AA@@@C@@A@@@A@@B@@@BABA@@@@@A@EB@AA@AA@@@@A@@@@B@@@B@@@@A@A@CAA@@@@@@@AB@@@BA@@@A@A@A@@@@@BD@@@@@BA@CD@@@@AAB@@@@A@@A@A@AB@BA@A@@@AAA@@@CBCB@@@@AB@@A@@@@@@@BA@A@@A@@@@@@@@B@@A@@@@@@@@@@@@@A@@@@@A@@@@@@@@A@@@@A@@@@@@@@@@@@@@A@AB@@AA@@@@@A@@@A@A@@@@@@A@@@@@A@@@@@@@@@ABABC@ABC@ABA@A@AD@HB@@@@@A@@@@@A@@@AB@@A@@@C@@AA@@@A@@@AB@BABA@@@A@@@AA@A@C@ABC@A@A@A@@@@@@@BA@@@@@AA@CC@@A@A@CB@@@@AA@@AA@@A@@@A@@@A@@B@@AAA@A@A@@@@@A@@BAB@@A@A@@@A@@A@@A@@@@@EBA@C@@@A@@BAB@@@@@@A@A@A@@BA@A@@BA@@@@B@@B@@BA@@@@@A@A@@@A@E@A@@@@A@@B@@AB@B@D@@AB@BA@@@@A@@@A@@@@@@BA@A@@@@AA@@@BA@A@AA@@A@@C@CA@@AA@A@@@@BAFCB@@A@@@A@C@C@@@@AA@@A@@AA@@A@AAA@@@@CEAAA@A@E@AAA@AB@@@@@B@@@BAB@BABABA@@@@@ABCBC@@@E@A@C@A@@BA@@@@B@@A@C@@@@A@@@@@@AAA@@B@@A@EAAAA@@@AACCAAA@A@A@A@@@@A@@@A@A@AAA@AAEAAAA@@A@A@CBCBCBA@A@AAEAIIAAAA@A@A@AA@CAEACAC@@A@@@ADCRGHCD@@A@A@ACE@@AAB@@AAA@AAGA@A@C@@@A@A@@AA@@AB@B@@@BA@A@G@@CAE@E@A@AAAAAE@@@A@C@@@@AAA@ABC@AA@@A@@@@@@@A@@@@@A@@@AA@@A@AB@@A@A@@@@BGAC@A@@@C@C@AB@B@B@@@BBB@@@@@BAB@@@@A@A@@@@@@@@D@@@@ADA@CDAB@@@B@B@@@BAB@@@B@BAD@B@@CBC@C@C@C@A@@A@@A@A@A@A@@@ABABA@@AA@@@@AB@BA@@@@@AA@@@AAA@CAC@ABA@@@@B@D@@@@@@@@@D@@BB@@@@DAB@FBB@@@@@BB@@@B@@@BA@ADC@@@AB@@@@@@BBB@B@B@@@@B@@@B@@A@A@A@A@A@@@@B@@@@BB@@BB@B@@AB@@@@@@B@@@LCB@@@@BABAB@B@@B@JAB@@@@BB@@@@@@BABEDADAF@B@@@BDDBBDBDBDBBBB@@@@B@BAB@DCDADA@KFA@CBA@GBC@EBA@ABABA@CB@@C@ABA@CD@@@B@B@D@@ABE@E@EA@@ACA@GCEAAAA@A@@B@BCBA@@@CBA@A@@@AA@@A@@BCB@@@B@@DH@@@@CBC@ABCAA@@B@@@@@@BDDF@BB@B@B@@BBB@@B@D@@@@BBDBBBB@B@@@BEJA@@BID@@AB@@@BEFABC@IDA@MJ@BCBEFCDCDCF@B@B@B@DBB@@BBD@FBF@D@HBBBDBB@DBBB@@F@FBBBDBFBFBHDFDHFHDFBJFFDFBFFBDDBDBDDBB@DBBAB@@@BDBBB@BBBLH@BABAFA@A@E@AAC@A@@BABBB@@BBB@@BABADIF@BEHADBDFBVJBBB@B@D@DBDDB@@@@BA@ADADABABCBA@ABA@A@@@@@ABA@CBABCBABAB@BA@@B@@@BB@@B@B@@@B@@AB@@@B@@@B@BBF@@@BB@@F@D@B@B@@@B@@@BB@@@@BB@@@BB@@@@@BB@@BB@@@@BB@@B@@BB@B@@@B@@AB@@ABAB@@A@@B@@@@@B@BBB@DBB@BB@@B@BA@@B@@A@EBA@CB@@A@@BAB@@A@@@@@A@@@C@A@@@C@AB@@@B@@@B@@@BA@@BABAD@@@B@BBB@@@BA@ABABEDCBCBC@ABA@@@A@AAA@EBC@AB@B@BBBBBBB@B@@ABAB@BDHJD@@@B@B@BBDB@F@F@JAD@BBDBDBF@DBDBDBDDFBBBBBBBBBLFJBFBHBFDFFDBJBHDFF@@DBBDFH@@B@B@NIJEF@D@DADA@C@ACABCBEBC@@HGFCBAB@BAB@BA@A@ABA@@B@D@JDJBFBDBDBHHJHJLHFFFLH@BA@GFABEJADAB@BBD@BBBBBBB@BBD@BA@@BA@EAGAA@C@AB@@ABAD@@CBIHAD@B@B@BBD@DBD@DBD@DDLHR@BABABA@@B@B@BBBDBHLDBDBFBHBDBBB@@DDDDBDBHB@B@D@BBB@@@BB@@B@@@B@BA@@DBJF@@B@BBD@BB@@BB@BBBBB@BB@BBB@BBB@B@@@JFBBB@JDBBDDFHB@F@D@DADBB@FD@BD@B@DABEB@@ACACG@@AE@CBGBE@@@@BAAA@A@ABAB@B@DABBDBBBDB@B@@B@BB@@B@DDBBFF@@BDB@@@B@B@BABADEBA@AB@BA@@BBB@DB@@BB@B@B@B@DBB@@BBB@@@B@B@@@B@@@B@@@@@@B@@BB@B@BB@@B@@@B@@@@@@@@B@B@BB@B@BB@@B@B@@@@@@BB@BD@BBB@@@@D@FB@@BAB@@@BBBBBDB@@@@@BBB@@@@B@@@B@@@@B@@@B@B@B@B@@@@@@AB@@@BB@@B@@BBB@B@@BDBB@BBB@BAB@@@BC@@@@B@BB@@D@FAD@@@B@B@B@DBD@B@B@BBDBFB@@BB@BA@@BA@@BB@B@B@@@BB@@@@AB@B@@B@BBB@@@B@DB@@B@@@@B@B@B@@@B@@@BBDBBBF@B@D@BAD@BADADADAD@BAB@D@B@D@BAD@BCDAB@@ABC@AB@@@FBBDB@@BD@BBBBBBBBBD@BBB@DBBDBB@B@B@DAB@DBB@BBBB@@DBB@BBB@B@BBB@D@@@BBBDBB@BBDBBBDBBBBBBBBDBBBBBB@DBBBBBBBB@@BBB@BBB@DBD@D@D@@@BBBBBD@DBB@DAD@BBBBBBDAB@B@@EAABA@ABAF@@ABABCDAB@B@B@B@BBB@BBB@BB@@D@B@B@D@B@@@BBB@D@@BBBD@BBDBD@@ABBB@BAFAD@@@B@BA@@B@@B@D@@@B@B@@@@BB@@BBB@BB@@BD@BBDB@@FD@@D@B@B@DBB@BB@B@B@B@B@D@B@BBB@@DBBBB@DBB@BBDBB@B@DADBD@B@F@@@B@@@B@B@BABB@@B@B@@@BBD@D@LBB@D@BBDBB@BB@BB@BB@@PLB@BBDBB@JBBBHBFBDBBBBB@B@D@DAFBJDDBDBBBBBBFBB@J@H@D@D@B@F@D@B@D@F@F@B@BAB@@A@C@AB@@@F@B@FBBDBBBBDD@BABAB@BBH@FBD@B@BBBBBB@DBHAD@B@HBFDB@F@@@B@BBBBB@B@D@FAB@B@BBBAH@D@LAHAD@BAB@FAB@B@BBBBD@B@FABAB@B@B@B@@@DADAB@DBD@@AF@HA@AB@DBJBBBB@DBF@HBB@B@B@H@B@B@B@H@DDBBBBBBDDBBB@BBB@FBHBBBD@D@D@B@D@JBFBB@D@B@BADEBAFIDE@A@A@AB@AA@CA@@CCAEAMKAACCCCA@@@DCBCDEBAFCFCBA@@BCB@DAB@@@BBFBDBHDDBB@@@B@DAAECKBADA@AAABACCCE@CAEEGGGEGEGACB@DCBCFCBAB@@ABA@A@AAAAAA@A@EACAEAAACAAACEEGB@DA@@@CAC@A@@C@A@@A@@BAD@DA@@@ABA@@@@@@B@@@BBBBFBB@@@B@DA@@BAB@BAD@@@B@DABA@@@AAAAA@@@@@A@@D@B@DAB@@@B@@B@DB@@@@@DE@AAEACCCMOCC@@CACA@@GEAC@@@AHEBADCDCFEBCB@B@B@D@LB@@FC@ACE@A@A@AB@FE@@D@DABA@A@@BA@@@A"],"encodeOffsets":[[107813,32911]]}},{"type":"Feature","id":"510727","properties":{"name":"平武县","cp":[104.530555,32.407588],"childNum":1},"geometry":{"type":"Polygon","coordinates":["@@@@@A@A@ABA@ABABABADA@@BAAABA@A@CBABA@ABADA@ABC@A@C@CBA@C@C@ABC@A@ABC@A@C@C@A@C@@BCB@@A@@@AAEBA@AD@B@B@@ABCBC@@D@DBD@BBB@BAB@B@BABABAD@BADBDAD@B@B@DABABAD@B@B@D@DBD@D@D@BAD@F@DAD@D@F@B@D@D@BABAD@@A@ABC@ABAB@BABAB@@A@C@A@A@AAA@AB@D@B@D@B@DABADADABA@ABAB@@AB@BAFABAD@DABAB@@@BA@A@@@A@A@ADABABADAD@DAD@DAD@DAB@DAB@BADABA@ABA@AAC@AA@AA@AAA@A@@BAD@BBD@BAD@BABAD@BAB@DAD@D@D@BAD@BCBABADABA@ABABABA@A@A@ABAD@B@D@D@D@D@F@D@DBBBD@DBF@DBBBDBDBB@DBD@B@D@F@HAD@FAB@B@@ABA@CAABABC@ABA@ADAB@BBB@D@B@@@@A@A@C@A@ABABA@CBABA@CBCBAB@BABAD@D@FBDBFBDBDBDBDBDBBBD@B@DABAD@BAD@DAF@BAD@BADA@@BA@ADAHCB@BABA@A@A@A@ABA@C@AAC@@@ABC@ABABABC@ABABA@ABCBABABADAD@DAFAD@DAD@FCBADADADABAB@@ABCBAFCFCB@DCBABABABC@@@AAA@CA@@AAC@AAAAAAA@A@CAA@A@C@A@ABA@A@A@A@A@AAA@@AAA@AAA@AAAA@AAAAA@CA@@AAA@C@AAA@A@C@A@@@C@ABCBABA@ABA@A@A@A@AA@@AAAAAA@AA@A@@@A@CBABADADADAD@D@D@DAD@BADA@ABABCBABABABCBADABCBAB@BABABA@CBABC@ABA@ABC@C@C@A@A@A@A@AB@BCD@BADAD@D@D@D@BBB@BBDBB@DBB@B@DAD@D@D@BAD@B@D@BAD@BAB@DAD@B@D@D@DADADADCDAFABADAFADADCDADADABAD@DAD@DAB@DABABABCBABA@@DABAAAACAA@ABA@ABAAA@A@A@@CE@A@AAEAGFGB@B@BABC@@BCBABC@@AACG@@AAAA@@A@AAAC@@BA@@DC@@@AACA@@@@@BA@@@A@A@A@C@AAA@A@AAA@A@@A@AA@ADCDA@ABAB@B@@AA@BA@A@@@A@@@@BABA@ABABA@A@CBAB@AA@@@@AACAAE@@@@@AD@BA@A@@EAAAA@@A@@@@@@DBB@@A@ABC@ABBD@@@B@@A@ABC@A@ABADA@AB@DABADABA@ABA@ABC@AAA@C@A@AAA@A@C@A@A@C@A@ABA@ABA@ABAB@DC@@B@B@B@@@B@@@@A@A@ABABC@@B@B@BA@ABADAB@DABADABABADADABADABAD@DADBF@B@D@D@BABA@A@ABA@C@ABA@@BABADCBADADAD@DADEBC@@B@FBDDHB@@DBD@BBB@DBD@D@D@D@F@DAD@D@FAD@D@DAB@D@BADCBA@ABA@ABCBADABCBCBADABCBABADABCB@BABCB@@ABABAB@FBD@DBB@D@DBD@D@B@D@BBBBB@@BB@BBDBD@F@F@D@DAD@DAD@B@B@J@B@BBLBB@B@BBB@B@@@BA@ABADAB@@@@CB@BA@@@A@A@A@@@@A@@@@AAA@@A@EBA@ABE@AAA@CA@@@C@@AC@AACAA@AAAAA@C@A@A@A@C@A@ABC@CBA@ABADADABAD@F@B@DABA@@BABA@A@@BC@ABAD@DA@A@ABC@A@@JGFCBA@A@@BBDA@@@CBC@AA@ACAGEI@@@ABI@CKAC@C@AA@@A@A@@@AAABA@A@@@A@@@E@A@C@CACBA@A@CAAAA@CAA@AACA@@AA@A@A@C@A@A@A@AAAA@CAA@A@C@@@EC@@CAAAC@@AA@@AAA@AA@@A@@A@A@@@C@A@@@@AB@@A@A@@BCBE@AAABA@@ACAC@AACAA@@@CAA@A@@@A@C@A@A@CA@@AAA@AAA@A@A@A@ABADCBABA@@BEBAB@BAFB@@@ABAACAAAA@ABC@CAA@CACAAAA@@C@C@C@CAA@AAA@AA@@AAAAAAAA@CAAAAAAACAAAAAACAAACAAAA@CAAA@A@@@CAA@A@AAA@AAA@CA@AA@AAA@CBA@C@A@AAAACCAA@AAC@AAAAAAAA@AAC@@CAAA@E@@BAD@BA@@BADC@ABC@A@C@A@CBA@ABCBCBCBC@ABC@A@C@AAEAAAC@A@@@A@@@A@A@A@@A@@@CAA@@@A@AAA@@@@ABA@@@@AA@@A@A@A@@AB@@AB@@AAA@@EACAAAA@A@C@CAA@A@A@@@C@EBC@@@AAA@@@@@AD@@A@ABA@AAA@CA@AA@A@AA@@@AA@@A@@BA@@@@@@@A@A@A@A@@@A@@A@@@A@@@@@AA@A@@@@CAAAAA@A@@BA@AA@@E@C@@A@AAC@@AAA@@@@@@@A@AA@@A@AAAA@A@@@@@@@@@@A@@@AA@@A@AAA@@@A@@@@A@@@A@@@A@A@@@A@AA@@AA@C@A@A@AAA@@CAA@AA@@ABA@@BABCFABABA@A@@@A@AC@@EEAACCA@@@AAA@@@@ACAAACAAACBA@A@AB@B@BBBAB@@@@AFAH@DBF@@DHDB@BA@AFCBA@C@@AECA@CACBC@E@A@EGCCAAICA@AAIE@@A@A@AAA@AAA@@AAAAA@AAA@@AAC@AAA@@@IECA@@ABA@@@A@@@AA@@A@AAC@A@A@A@ABEHCB@BABABABAB@B@B@BB@@B@B@BAB@BCBABCDCBA@A@CAAACAAAC@CAC@CAC@CAEACACAEACAA@CBA@CBABABAB@BABCDABABCBCBCBA@C@CBC@EBABCB@DAB@BAB@D@D@D@D@B@BBB@DBB@DBB@BBDA@@@A@A@C@C@C@C@A@E@A@CBCBC@ABC@C@CAE@C@E@EBGBC@EDC@ABABC@ABC@AAC@A@CAA@A@A@CBABABCBCBA@E@CBC@C@C@C@A@A@A@@BAB@BABA@@BA@CBA@ABABA@ADCBABABABCBABABABC@A@C@A@A@CAA@CBA@ABABCBABCBABABABADA@ABAAA@AAC@AAABABA@CBABABABCBABABABABAB@BABABABABCBCBC@ABCBABABCDADC@A@C@C@CA@AAAACBA@C@ABC@CBAAC@ABA@A@CBA@C@@AAA@CAE@C@CBCAA@CAACAACCAAACAAACAACCAA@CCAACACAEAA@ACAA@AAE@CAA@CAC@E@ABABCBADA@ADABAD@B@DABABCBC@ABEBCBC@CBC@CBCBABCBAB@BAB@BAD@BBB@B@D@B@BA@ABCBABABEBCBA@EBC@CBCBCBCBEBC@CBCBEBCBC@CBC@CBA@CBC@ABA@ABCBABCD@@ABABABABCBABABAD@B@B@BABAB@BADABABADCBABABADAB@BADABA@A@A@A@C@AAC@C@CBC@C@C@CAC@CAA@C@EBCBCBA@@B@B@BAB@BABABCBCBCBCBEBCBCBABCB@DABBD@BBB@BBD@@@B@D@B@B@B@D@B@DBB@B@BBB@D@BBD@B@DBDBBBBBBBBBBBBBB@BBB@DBB@BBD@B@DAB@B@B@BAD@BAB@HABCJAD@BAH@@AJAH@DADADCBABIFC@EFEFABCBEBABCDAB@BABADCBABABABAHABABCD@B@BBB@BBDBBBBBD@BABABABEBYDEBCBCBEDAD@@CBA@CAAAEEAACCCCAE@ABC@ADE@A@C@CAACECCAEAA@A@EAC@AAGACCA@@AAA@@A@CBCBEBCAAAAAACCCAMCICEACAAAACAACGAE@EAAAA@@CFCBQ@QHMDI@EBOAA@MJAAEBABAB@BCH@DABABA@CBO@C@G@C@C@CAE@I@K@CBEBABCF@BAB@B@DAB@DAFCD@BCBGBCBGDABA@AF@BAB@F@DEFADEDCDABEBCBCBABABCD@BADADA@ABC@GAC@IAO@CBA@CDKBKBABOLEBC@C@CAA@C@C@A@AB@BADAFCH@BCDCDCDABCFA@ABABA@GBAB@@BBBBD@BBBDBBABADCBAFABEHCDC@A@AB@BAD@BBB@BBBBF@D@D@B@F@BBFBFBBBFBBHHBB@B@B@D@D@FBFBF@DDF@D@B@BADBBDBBBBDBBBDFH@BB@@BAD@DCFAHABAB@DAD@D@BAH@B@BBF@BABADABAB@D@DBHBD@D@D@DAB@DCD@BAF@B@B@BBFBDBFBDBB@D@@ABADA@CBADCBABABCBEDADEHABEHABCDCFCD@BELABCLABA@CBCBCBABCBABEFADABABCFABIPADAH@B@D@B@DBDDJBF@FBFBHBFBBB@BBD@D@D@HBFBDBDBDBDBDBDBBDJHBBDD@BBB@D@DBD@@HBD@D@FBD@D@DBD@B@BAD@HCHED@DADBFBB@HBHBJ@FBD@B@D@DAF@D@DBDBB@FDBBFBD@H@HBF@FBDBD@D@F@DALADABABAFCB@D@F@FBHBBBDBDBDBBBHDDBBBB@DAB@BADABCBADELEHCFCB@DCBAFCBCBABCBCBE@A@A@CCK@AACBE@GBADABA@A@C@CBC@A@ABCBCBCBCDGBCBCDGBCBABCDCBADEDCBADAJGDABCFCJGDABADCPKDAFCBCDCBEBEBC@C@A@CBC@ACC@AAC@A@ADA@AB@BB@@@@@AAACCCAAA@A@@@C@CBAAA@@EAECC@@@AAGC@@@A@GACKCECKEOG@@B@F@@@TBBAFBHBD@L@TDD@HBD@BBBBB@DF@B@B@D@D@F@F@BBDBBJNDDDFDHBBDDD@@@BBCFAF@@@F@DBBFDBDBBDBD@D@@B@BAD@BAF@DAD@F@B@HAB@D@FAF@D@B@F@F@RAD@D@B@BDHBFBB@F@H@BDJBDBBBDBB@B@B@BAD@DBB@F@F@B@DAF@BBBBB@BBB@BAH@B@DBJ@FABBF@DBF@D@BBBBF@B@BAF@BABADCFAD@BAB@F@BABCDABABC@EBC@ADABAB@BCHEJ@B@B@F@D@BABABA@CBCBABABADCD@@GFED@BABABCBA@A@CBFF@BBD@BAFBBAD@BDBDDDDBBDDBDBBFD@B@F@D@BAD@@EFABAB@@@FBH@@@BA@A@A@CAA@A@C@A@ABCJAB@DABCJCF@BAFADA@A@A@EAE@C@ABC@ABAB@D@F@B@D@BABCJ@BABBB@B@BBBBB@F@D@D@L@FAF@BADADABEDIDCBE@C@EDCBABA@A@A@A@AAAAACCEAECCAAECC@ECGACACBA@A@C@CAEAA@CAA@ECAAAAAC@EAC@ABA@CAA@@A@C@C@ABCAIACAA@AAIAGAAACAA@A@CBEDCBA@ABCFCFCBCDA@EDEDCDCBADCB@DA@@BBBDHDD@FBB@@BBB@JBBBD@FDDBBBBDBB@B@FAH@L@B@BBB@BABC@CBKFGBCBA@ABA@A@AAC@AAC@A@CB@BA@EBCBA@AB@B@@@BDDBD@D@B@BABA@A@CAC@@B@B@HBB@@BDBB@D@B@@@BABCBAB@B@BDBBBD@D@DBB@DBBB@@@B@DAFADCHAFAD@BBD@@BBBBFBDBFB@@@@ABABABAB@BAD@@ABAB@@@BBBB@BDDDBBBB@D@BABAB@DADBB@DBBDDFDBBDBBD@B@B@@@BCBAB@B@BBDBF@BABAB@DAB@F@B@BD@BBB@D@@B@@@B@BBD@D@D@DDDABCBAD@BFFBDHJBBB@D@BADAD@BBBB@FBB@BBBD@B@F@DAD@B@D@BB@@BABADADABADAB@FCDCF@DC@CBAF@F@DABADEBEBADCHCFCJCFADEBADCB@LBFAHAHCFANAFB@@BDBDBBB@NEJC@A@C@ABA@EBADCDCBAB@DADAF@B@BADE@ABC@ADADAB@D@@ALEB@BABA@EBA@@BAB@FAB@@ABABCBCB@DADAD@DADABA@A@@AC@@@E@ABADEBAB@LGFG@AHGBCBA@CBC@AB@BABAB@DAFBFBB@B@D@B@BA@ABABAFCDCFCBC@@@A@A@AAC@@@CBA@ABABAD@DAB@B@FADCHABABABA@ABC@ABABABAFADABCDBDBFFD@HAB@@BB@JB@@@B@F@BBBH@DBDBB@"],"encodeOffsets":[[106780,33681]]}},{"type":"Feature","id":"510722","properties":{"name":"三台县","cp":[105.090316,31.090909],"childNum":9},"geometry":{"type":"MultiPolygon","coordinates":[["@@@B@B@B@DAF@D@@ABABABA@CBA@ADADADAB@BA@@@AAACAAA@ABCBABC@EACCAA@A@A@A@A@@@@A@C@EDA@AB@BA@@D@D@D@D@F@FBD@D@FADAD@FBD@BB@@BB@DBB@ADABCHABAFADAB@DAD@BAD@B@@@B@@@B@BB@BBFBHBH@F@BB@B@BBHDB@@D@D@@BB@D@@@BD@DAHAF@H@FBB@BBD@BBB@BDFBBBB@BDBBB@B@DBD@D@DABADABABABEDC@ABA@A@C@BDFDDBFBFBHBFBFBFBF@J@HBF@FDDBDDFBFDDBDBD@B@H@BAF@D@AFADCFAB@BB@BBB@BBB@@@@@@@BHBDBBBBD@H@B@B@D@FBDDBBBBAB@DAB@DDBD@D@@@BADA@@DBFDDDDDDFHL@D@B@@CB@B@DBF@@BDFFPRFDBBBBAB@B@BHDDAD@DADBB@@B@DCF@D@BBDDBBBB@B@BCB@D@BBB@ADBBBDBB@BADCBE@CB@BBBLNDDB@D@BAFQBCB@D@DBDBDDFDF@HDHHDFB@B@BBB@@BB@BADABABABADAB@B@F@BBDBBDDDDBBBD@DBFCDCBCB@DAD@D@F@F@FABABADA@A@AAAAE@CBEBADCDCFAF@DAB@DBB@D@B@BADCBCBADCDAD@@AB@B@BABAB@B@BB@BD@BBB@@AD@@ABCBAAA@AA@A@AA@A@@BABCBABA@@DABAFBFFD@B@B@CCCCAAAA@ABEFEFEBBB@BAB@B@B@BBBAB@BAB@B@B@BA@AA@BA@@BAD@BABC@@BABBB@BBAD@@@BB@B@B@BABC@@@ABAAA@AB@B@BB@BB@BBBAD@B@AB@B@@@B@BBBBB@@B@DCBAB@BBBBBB@@B@D@@AB@BB@B@F@B@BBB@@B@BB@B@BB@B@B@DAD@B@@@@@@B@B@@BBB@B@B@@@@BBD@@@BBADBD@DBBBD@B@@@BAACAA@C@A@@BA@@BADAB@B@@@@@@D@B@@@@BB@@B@@B@B@B@BC@CBAB@@@B@B@B@D@BA@@DAB@B@DBBB@DBB@DBB@BBBB@D@B@BADADAB@BBBDB@@B@BBB@BABADABABAB@@BBBBB@BA@@B@BB@@BA@@@ADBB@@DBB@DBD@F@BADBPNJBB@BB@DABC@GBE@E@AD@B@DDBD@F@B@FFBL@B@DCD@@@B@B@@BBBBB@F@B@FAB@D@B@D@DBD@D@D@@@DA@@BCDAB@DAB@B@@@AC@A@A@@@A@@BAB@BAD@D@B@F@B@D@DBD@@BBD@BBBBBBBD@DBHB@@BA@A@C@EAACAE@AAAA@ABCDE@CBA@CA@@AAA@A@CBADABABABADABCBC@ADABADABAB@@A@A@@@AAC@C@@@A@A@E@AAAA@AAAA@CAAAACCAA@@@A@CBCDCBAD@BBB@BA@@BA@ABAD@D@BA@ABC@ABAFEBAB@DBD@D@HAHAHAD@FABAD@DADAD@BABA@ABA@A@ACAA@CAE@ABA@ABCAC@C@C@CAA@A@@A@ABADADALCFAF@@@DCBCBCACEAG@I@CAA@CAAA@AAA@C@CBCBCDA@CBA@ABCBA@A@AACAC@C@ABABCDABADABABABA@C@AACAA@C@CAGAA@C@ABC@CACA@AAAACAAAAAA@A@A@A@A@AA@AAA@CB@@ABAB@BBD@B@D@BAB@BC@@BCB@BA@@DBDHFFDBFCHCHIHGDE@@B@B@DABA@EBABCAAAAAAEACCCAAACAC@A@CAEAA@AAACC@AAAAC@A@@CAAAAA@A@A@@A@A@C@AACAA@A@ABAFAB@DBD@B@B@D@BABA@CAC@ABABCBABABABC@A@CAAAA@ABABADABBDBD@F@DBD@DBF@B@B@FABA@A@CAAAACAAACACAAACACCAAAAAA@@BCBADADABABABC@ABC@C@ABA@CBCBADA@ABCBCBA@A@A@AAACAC@C@C@CAA@AAA@@A@A@@DAB@B@D@D@BABA@CDCBC@E@ABC@A@A@@AA@AAA@AAAACC@CACAC@E@C@ABCBADA@C@CACACCECE@EAC@C@CBC@C@GDA@A@A@EACAA@@@A@@BCB@BE@A@G@C@A@ABABABA@CACAAACCACACCCAACAC@C@C@ABEBA@@AAA@AACAACAAC@A@CB@FCBADC@A@C@CAAAC@AACAC@AAEAAACAA@AAC@AAAAAAAAAAAC@CAC@CACAAA@AA@BA@A@A@ABE@A@@AAAC@@@A@@@ABADAD@BAB@@A@C@C@CBABA@@DCBCBC@A@A@CAC@CBA@CBA@CBA@C@CBADABABABC@A@AACBA@C@C@C@C@AAC@@@@@@@@@A@@@@@@@@@A@@@A@@@@@A@@@@@C@ABA@C@AAAAAC@A@C@ABC@C@CAA@AAAAAA@C@CBC@CBABCBCBADCBABCBCDCBABCBABCBC@C@@@@AAA@@A@@AAB@@ABAB@@C@CBCDAFAFAFABADCBA@CACAAAAA@@@@A@@@@CCEAAAC@CAA@AA@ABCBCDCBCBCDCBABAB@D@@BB@@BB@B@D@BCBABA@AB@B@BB@BBFDB@@B@@A@@BA@@@@@C@A@ABAB@B@B@DAB@@CBC@A@C@AB@@A@@@AA@@A@@@@@A@@@@BA@@@@B@@A@@@@@A@AA@@A@A@AAAB@@A@@@AAA@C@CBCBEDCDCDCDCBABCDC@CDAF@FBDBDABCDEDG@@BCAEBE@CBC@C@EBCBC@C@ABCBCBABABC@EACAGAE@C@CBEDEBA@C@CCCAC@C@ADABABABABAAA@AAAAACAAAAAAAAAAC@AC@A@CBABA@CACA@@GEEE@CAC@C@A@CAAA@C@GFCBE@CBIBA@C@GBABABA@AABABAFEBAAAA@C@EAA@ABABC@ABCBABABAAC@CACCIEC@CAAAAACCA@@@A@C@CBEBCBAAAAAA@A@E@CACAC@GC@E@A@C@C@A@@@A@@BA@@D@@BDB@@@@@DC@@B@@@B@@@BB@D@B@D@BA@E@AB@@@B@B@D@B@BBD@B@@@BA@C@@@AA@B@@@@BDBD@B@@@BA@@@A@A@AAA@@AA@A@CDADABAB@DA@@B@D@@@@@@CCA@CA@@A@@B@@@@BDBD@B@@@BA@@@CACAA@A@@@CF@@@@A@A@A@A@@@A@@@@B@B@@@B@@AB@@A@ABA@@@A@@AA@@@AA@@AB@@@@AB@@@B@B@B@@@B@@@B@@@BA@@BAB@@ABA@@@A@@@AA@@@@AA@AB@@A@A@@BA@@A@@@A@@@A@@@A@@B@@AB@@A@AB@AA@@@@AA@@AAACAA@AA@@A@@@AB@B@B@@@B@@BB@@B@B@@BB@@B@@A@@B@@@@AB@@A@@@@@AA@@A@@@AA@BA@@@@@@BA@@B@@@@A@A@@@A@A@A@A@AAA@@@A@@A@AAA@@@AA@A@@A@BA@A@AB@@ABA@ABA@@@@BA@@@BB@@@@BB@BB@@B@@AB@@A@@@@BA@@BA@@BAB@@@B@@@B@@@B@@A@@@A@@AAA@@A@@AECAACA@@A@A@@@@@AB@@@B@@B@@BB@BBB@BB@@@@@BB@AB@@AD@@@@CB@@A@@@@@A@@ABA@A@@A@@@@@@@AB@@AB@@A@@@A@A@A@A@@AC@AA@@A@@@@@A@@@AB@@@@@B@@@BB@@B@BB@AB@@@B@@A@@@@@AAAAA@A@@@A@@@AB@@@@@B@BBD@B@@AB@@A@@A@@A@@CA@CC@@AAA@@@@B@@@BB@@B@B@@@B@@@BA@A@A@A@C@AA@@A@AA@@A@@@ABA@ED@@A@BB@@BD@B@@@B@@ABC@ABA@@@AB@@@DA@@B@@A@A@@@AAA@@@A@A@@@@D@B@DA@ABA@ABA@CB@@ADCD@@ADAD@@AF@@CDAF@DAFAFALAHAJAF@@@@BD@@@B@@BD@@BDBD@@@DBD@D@@@@@B@D@F@@@L@@ADA@C@C@@AAA@@CA@@AC@@CCAACCE@CA@A@A@ACE@@@CACACCAAA@@A@CDAD@DAD@D@D@DAD@@BDBFFJBH@@BB@B@@ADBBAF@@BD@@BD@D@F@DABA@[B@@C@@@EB@AABA@@@@D@B@@@D@D@@BB@D@@BDBFAB@FAB@BAD@@AFCF@@CJA@ENEJ@BAD@@C@C@GAG@A@CAIBC@@@A@A@A@A@A@AA@@@AA@A@ABA@ABAAAAA@@ABCBA@AAAAAA@AB@@A@@@@BA@A@@AA@@AAAA@@@AB@DAB@@A@CBA@ABA@A@@@@AA@AAAAAA@@@BA@@@AB@BA@C@AB@@@B@F@@@B@BA@A@C@AB@@AAAAC@@@CBABABABA@A@ACAACAC@CCAAAAC@ABAB@D@BBBLHBDDDDDDD@@BD@D@@@B@@AF@@AD@@ADB@ADCDADEFABGD@BA@@@C@EBEB@@C@EB@B@D@@AD@@AB@F@@ADBB@DBDBBDDBBDDBDBBDBBB@B@@ABABABCBCBA@ABABABABABAB@B@DABBB@DDJ@D@DBD@DAF@FAFAFADADCDADAB@BA@C@A@C@C@EBA@ABCFADABA@CBCBCBABABABCFCBCBCBA@ABABADCBCDCD@B@BAB@BBBDDBBFDDDFDBDBBBB@B@@DDBH@D@J@@AB@BAB@B@BA@@@C@GBABCBA@ABC@C@A@A@A@A@@AA@EAC@C@A@A@AB@@@@AB@B@@@@AB@B@B@@@@@B@@BB@@BBB@@@@@@BA@ABA@@@@B@@@@@B@BA@"],["@@@@@@@@@@@@@@A@@@@@@@@@@@@@@@@B@@@@@@@@@@@@B@@@@@@@@@@@@@@@@A@@"],["@@@@@@@@@@@@@@@@@@@@@A@@@@@@@@@@@@@@@@@@@@@@@@@B@@@@@@@@"],["@@@@@@@@@@@@@@@@@@@@@@@@"],["@@@@BA@@A@@@@@@@@@@B@@@@@@@@"],["@@@@@@@@@@@@@@@@@@@@@@@@@@@@"],["@@@@@@@@@@@@@@@@@@@@@@@@@@@@@@@@"],["@@@@@@@@@@A@@@@@@@@@B@@@"],["@@@@@@@@@@@@@@@@@@@B@@@@@@@@@@@A"]],"encodeOffsets":[[[107271,31894]],[[107271,31892]],[[107425,31684]],[[107424,31683]],[[107394,31680]],[[107412,31679]],[[107393,31679]],[[107412,31678]],[[107393,31677]]]}},{"type":"Feature","id":"510723","properties":{"name":"盐亭县","cp":[105.391991,31.22318],"childNum":1},"geometry":{"type":"Polygon","coordinates":["@@@CDADA@@B@@@B@B@@A@@B@@@B@@@BAB@B@B@B@@@B@@B@BDBFDB@@B@B@BB@F@BB@@@BBB@@@@B@@AB@BA@C@A@@@@@AB@B@B@BBBB@@B@B@@AB@@ABCA@BADIDGDEFCBABAAAB@B@B@D@BAFE@C@AAECCAACAAAA@A@AA@CBC@C@AAAA@AA@BAFAD@BABA@A@AA@A@C@A@ABAA@@AA@A@AA@ABABA@AAA@AA@AC@ABA@ADABA@@BABABAB@B@B@BA@@B@@@@AA@AAA@@AB@BCDABCBABABC@ABA@ABADABAB@B@B@B@DABABAFCB@HCHABADAB@BBBBAD@B@DBBDBDBBBB@BABABCBABABAB@F@D@DAB@BA@ABABBBB@BBH@B@B@BDBBBBADADAB@B@DBDDBBB@@@BA@A@ABC@ABAAA@CCC@A@ABC@ABABA@ABABABAD@DBD@B@BB@FBDFDDDDDBD@@@BB@B@DADADBFBD@D@D@BBBABAD@DBDBBDBBBBBB@DBB@BD@B@@@DADCBCFKBABA@@F@BBBB@@B@BA@@D@@A@C@C@E@C@ABC@@BABC@CACAA@C@@@AA@C@@BAA@C@AAA@C@@@AAAA@CAAAAA@AAAAACEAA@AB@B@B@B@@B@@BB@BB@@AD@D@@@@A@@C@AAA@A@AAAA@AAABA@A@AA@@AA@A@ACAAE@EAIEA@AAA@ABABC@A@C@@AAA@I@A@AB@DAD@BA@CAA@AAACCEC@AAC@@AC@A@EAAEGAAAC@AAC@@BEB@@A@A@@AC@A@CB@BADAB@BBDFBDBBB@FB@@BAB@B@DBB@DADABABCBAHAD@B@DABA@ABADAD@BABABABCBA@CBABABA@C@AAA@CBA@CBA@C@A@ABABABAB@F@FBD@F@BADABABABAB@F@DBDBB@B@B@BAB@BAB@@A@A@@AAA@@@CAA@@@A@AA@CACAC@AAAAACA@AACBCBCDABABABCBE@CBEAABABCBAAC@C@C@CBCBA@C@AAAA@@A@AB@BAB@DBB@DBBAB@@ABAB@@@BAB@AA@AA@@@AA@@A@@A@AA@A@A@A@@BA@A@@@A@@@C@A@A@A@A@@AAABC@ADA@ABA@A@AA@AAA@A@@A@@@C@CBCBCDAB@D@BB@BBBDAD@@A@@D@BAB@@@B@@@BB@@B@B@B@BAB@BB@@BB@@B@B@@A@ABA@A@@DCB@@@B@BBBB@@BB@@B@BA@@@A@@@E@ABCBABAB@BA@C@ABABAB@BABADCBAAACA@A@ABCDABABC@C@CAA@CCAA@CAA@A@@A@ADCBC@A@C@A@A@C@CBA@AB@D@DA@@BA@A@@CK@CAAACCCA@C@@@AB@DBJ@BABA@AAACACAC@CBCBCDCDA@ADABCBEBAAE@AACCAACACAAAAA@CAA@ABA@AABA@AD@DAFCDA@ABAACAA@@CAA@A@@@@CBC@E@E@E@C@CBC@AAC@ACAAAC@AAAC@C@ACAAAECA@A@C@CAA@AA@C@AAAACAAA@C@CBC@EBCBABABA@C@E@EAC@CA@A@A@ADABA@C@CAAAA@@BABAB@B@BAACAACACAC@CAA@GBA@EBEBC@I@IBA@C@AAAAAAC@A@AA@A@AA@ACAAECE@CAC@@C@A@ADADABABCAC@C@A@@CAC@C@C@CAC@CAE@@@AA@@CAC@A@@AABA@AB@B@@ABABABCDABAB@BABC@EBEDEBABCBADADAFABAFAHAD@BBD@B@@@BA@A@CAE@A@A@CBC@EDC@C@AB@B@B@BABABCBABA@@DADABCBA@C@C@C@EACBC@A@A@CAAAA@CBA@CBC@EAA@AB@B@BBHBDAB@BA@C@CBA@CBC@A@AACAA@AAABCBCFADADABAD@FAD@DAB@BADADCB@B@B@@@BA@G@G@EAEAECA@@@A@@@C@ABCBCDAB@@ABABA@A@A@CAABC@A@A@AAA@ABABAD@DADABABCBA@C@AACACAECC@A@A@ABAB@D@BBD@D@BADAD@B@B@BABABEBAD@B@B@B@BCBC@ABAB@B@@@BAH@BCDABCBCBAD@D@B@D@DBD@BBBABAB@@ADEDABCD@DAB@D@D@DBDBB@B@D@D@BADAB@BA@CAA@A@C@@BADABC@EBE@CBE@CBA@A@A@AA@AAA@CBCAC@CCAAAAAAA@CACCAACAAAC@CBCBADA@ABAACAAA@C@CBEBC@CBABC@@BAD@DAD@B@BABA@AAAAACAEACAA@C@ABADABCB@BC@AACAACACAA@CAC@C@ABC@A@AAAA@AA@C@ABA@@@A@@B@BAD@B@FADCD@DABABC@C@A@A@CB@@@B@BB@BBB@DBD@D@D@DBBB@B@B@BABADAD@BCBABAD@DAB@B@DAD@BADABABCBCBABAD@@BBBBBBDDDBBBDBDBBBDBBBBB@D@BABEBA@A@E@CAC@CAE@C@CAAACBABAB@BBBBB@D@BADABABABADAB@BBD@DABABC@A@A@C@CAA@EBAB@B@BBBBD@B@D@B@BB@B@B@BBBB@DB@D@BBBBD@BDBBB@FBDBB@D@DBBBDBDDFBBBBBBBADAB@FABCBA@A@@@CFGHGJGDEDCAEECGCA@@ABA@AD@@ADA@ABC@A@C@AAA@AB@BA@@DBB@BBBB@B@B@B@B@BBBBDBBBBBB@BD@DAD@B@DBBBH@D@DBBBD@B@DABABABCBABCBADAB@B@DBDBD@B@BABAD@BAB@DCBADAD@D@DBB@BBBDBB@DBJ@H@FBBDADADCD@@E@EBKDCBCBAB@B@BB@B@DBD@D@D@DBBAB@BAF@DBB@DB@B@BAB@BABABC@CBCBC@ABEBC@GBGBGBC@C@CAA@ABEFAB@BAD@BABC@C@AB@BAB@@ABA@AAC@ABCDAD@D@B@@BBDDBBBB@DBBBBB@BB@B@F@B@B@@@DBD@B@@@B@BA@ABCBABCB@BADADCBABABABCBAB@D@BBB@BB@@DAB@DCFAD@BBBBBF@DBBB@F@D@BAB@@FBDB@B@D@D@BDBBFBD@B@DABCDADABABA@@BAB@@@B@@@@@@BBBBBBB@BBBBB@@B@B@B@DBBBBBDD@BBDAD@B@@A@@@CAA@ABCBA@AB@@A@A@A@ABABABABCBCBAB@BAF@DBDBBBB@D@BBB@DB@BB@@DENBDBBD@FAFADAHALBD@DDBBD@FADA@@BBB@BB@@D@BA@A@ACCAACA@@BA@@@@AE@CBADAHCB@BADABABCDABAB@@@BBBB@DBB@DBDJDJBDADADEHGDADABB@@BBBBB@@BBB@@B@@DBDBBDDBDBBDBBBBBD@FBJ@D@B@@ABA@AAA@AAA@A@A@AB@B@DAB@D@D@D@BABABA@ABABADAD@B@D@D@D@B@BABC@A@E@@@A@AAABAB@B@@@BB@BB@BBDADAFEJG@@B@D@@@DBBBDBBB@BDB@B@B@B@@AB@@AB@@BBB@BBD@D@@@D@B@B@B@BABCBAB@B@DBDD@DBBB@@@D@@BBB@D@F@BBDBDBBBB@B@D@@BB@BBBAB@@AB@B@B@@BBBF"],"encodeOffsets":[[107976,32237]]}},{"type":"Feature","id":"510724","properties":{"name":"安县","cp":[104.560341,31.53894],"childNum":1},"geometry":{"type":"Polygon","coordinates":["@@@@D@B@DAHCD@F@FBD@@@FDFDBBBBH@FBDBD@B@FDD@@B@BABAF@BB@F@PBBBB@BBBDBBBB@B@B@BB@B@BABAB@B@DDBDHF@BJ@BBBB@B@@AD@B@@B@BBD@B@BB@@@BBDBDDBDBDBBBFDD@B@D@D@B@B@DBD@B@D@BBBBFDBBDBBBD@DBB@D@B@DABC@ABA@A@C@ABA@@@C@@BABC@C@A@CBABA@CAI@C@A@A@@DADADCBADCBCB@BAB@B@B@BBB@@@B@@@@@BA@ABA@AB@DCDEDC@CB@DAB@B@DBDBFBB@BBBAB@BA@@@A@A@A@AAGAE@EAA@ACECAAC@A@ABAHAFADAB@FCDADAB@D@BBF@D@DBB@B@@AB@DC@C@CBC@AB@B@@C@A@@@AAA@@@AAA@A@A@@AA@@B@@ABABA@@@@B@@@@@B@BBB@BBB@@@@@@@BA@A@@@@@@BB@@@@@@B@@A@@@A@@@AAC@@@@AA@@A@@@ABABA@@AA@@@BAB@BA@@@@A@C@A@@@@@@A@A@@@@B@B@BA@@B@@A@@A@@@CB@A@@@@B@DABAB@@@@AA@@A@@ABAB@@@@@@AABA@@AACA@@@@@A@@A@AAEBA@AA@A@AD@@AB@A@@@@@@@@@@@A@@@@@A@@A@B@@A@@A@@@@A@@@A@@@A@@@@@AB@@A@@@@@A@@@@@@A@@A@@@@@@AA@@@@@@@@@@A@@A@A@@A@@A@@@@AA@@@@AA@@@AA@@A@@A@@@@A@@@@@@@@A@@@@B@@@@@@A@@@@@@B@@@@@@@@@BB@@@A@@@@AA@AA@@@@@@@AA@@A@@@@A@@@@@@BAB@@@@@@@@@BB@@@@B@@B@@B@@@@@B@@@@@@@@@@@BA@@@@A@@A@@B@@@@@@@B@@A@@@@@@@@B@@@@@@@@@@@@A@@@@B@@@@@@@@@@@@@@@@A@@@@@@@@@A@@@@BA@@@@B@@@@@A@@A@@@@@AA@@@@@@@@A@@@A@@@@@@A@@@@@@@@@@@@@@@@@@@@@A@@@@@@@@AB@@@@@@@BA@@@@@B@@@@B@@@@@@@@@B@@B@@BAB@@A@@@@@A@@@@B@@@@@@@@@@AB@@@@@@B@@@A@@@@@@@A@@@@A@@@@@@@@@@@@A@@@@@@@@A@@@@AA@@B@@@@@B@@@@@@A@@@@@@@@@@A@@A@@@@@@A@@@@@@@@@@@A@@@@@@@@@@B@@AB@@@@@@@AA@@@@@@@@@@AA@@@@@@@@@@@@@A@@@@@@A@@A@@@@@@@@B@@@@@@@BA@@@@@A@@@@B@@@@@@@@@A@@@@@@@BA@@@@@@@@@@@@@@@@B@@@@@@@@@@@@@@@@@@@B@@@@@@@@AB@@A@@B@@@@@@@@A@@@@@@@@@@BA@@@@@@@@B@@@@AB@@@@@A@@A@@@@@@B@@@@A@@@AAAA@@@@@@AB@@@B@BB@@BBDB@@BB@@B@@BBBBA@@@AB@@AB@@A@@@@@@B@@@@@B@@@@@@@@A@@@B@@B@@@@A@@@@@@B@@@@@@@@@@@@@@@B@@@@A@@@@@@@A@@@@@@@@B@@@@A@@@@@@@@@@@@@@@@@@B@@@@@@@@BB@@@@@@@@@@@B@@@@@@@@@@@@@B@@@@@@@@@@A@@A@@@@A@@@@@@B@@@@A@@@@@@A@@@B@@@@@@A@@@@@@@@@AB@@B@@@A@@BB@@@@BB@@B@@@@B@@@@@@B@@@@@@@@@@BBA@@@@@@@@@@@@@@@@@@A@@@@@@@@A@@@@@@@@@@B@@@@@BA@@@@@@@@A@@@A@@@AA@@@@AA@@A@@@@@@@@A@@@@@@@@@A@@B@B@@A@@A@@@@AAAB@@A@@A@@A@@@@@@A@@@@@BA@@@@A@@@@AA@@@@@@@@@@@B@@@@@BA@@@@@@@@@@@@B@@@@@@A@@B@@@@@@@A@@@@A@@@A@@@@@@A@@@@@@@@A@@@@@@@@@@@@@@@@@@@@@@@@@@@@@A@@@@@@@@@@@A@@@@@@@@@@@@@@@@@@@@B@@@@@@@@@B@@@@@@@@@B@@AB@@@@@B@@@@@@@B@@@@@@@@@@@B@@A@@@@@@@@@@@@B@@@@@@@@@@B@@B@@@AB@@@@@@@@@@B@@@@@@@@A@@BB@@@A@@@@@@@@@@@@B@@@@@A@@@@@@A@@B@@@BA@@@@@BB@@A@@@@@@@@B@@@@@@@@@@@A@@@@A@@@@@@AB@@@A@@A@@@@@AA@@@@AB@@@A@@B@@@@@@@B@@@B@@@@@@@@@@A@@@@A@@A@@A@@@@A@@@A@@@@@@@A@@@@@@AA@@@A@@@@@B@@A@@@@@@@@@B@@B@@@@@@@@@@A@@@@@A@@@@@@@A@@@@@@AB@@@@@BA@@@@@@@A@@B@@A@@@A@@B@@@AA@A@@@@@@@@A@@@@@@A@@@@@@B@@@@@@@@A@@@@@@@A@@@@@@@@@@@A@@@@@AB@@@@A@@@A@@@A@@@@@A@@B@@@@@@@@A@@@@@@@@@@@@@@AA@@@@@AA@@@@@@@@@B@@@B@@@@A@@@A@@@@@@@@@@@@@@@@@@@@@A@@@@A@@@B@@@@@@@@@@A@@B@@A@@@@@@@@@@@A@@A@@@@@B@@@@@@@@@A@@A@@@@B@@@B@@@@@@@B@@@@@@@B@@@@@@@@@@@@B@@@@B@@@@@@@@A@@@BB@@@@@B@B@@@@@B@@BB@@@@@BB@@@BB@@@@B@@@@B@@@@BB@@B@@B@@@@@@B@@@B@@B@@B@@@B@@@@B@@@@@BBB@@B@@B@@@@@B@@@B@@BB@@@@A@@B@A@B@@@@A@@BB@@@@@@@@@BB@@@@@BA@@@@@@@B@@B@@@@@@AAA@A@@@@@A@@@@B@@@@AB@@@@@B@@AB@A@@A@@@@B@@BB@@@@@BA@@@@@@B@@@@B@@BB@@@@@@@@B@@@@@@@@@@@@@@@B@@A@@@@@@B@@@@@@@@@@@@B@@@@@@@@@@@@B@@@@@@@@@@@@@@@@@B@@B@@@@@A@@@@@@@A@@@@@@@@@@@@BB@@@@@@@@@@@@@@@B@@@@@B@@B@@@@@B@@@@@@@@@B@@B@@@@@@B@@@@@@@@B@@A@@@@@@@@@@@B@@@@@B@@@@@@@@@BB@@@@@@@@@B@@B@@@@@@@@B@@@@@@@@@@@@@B@@@@@@@@@@@@@@@AA@@@B@@@@@@@@@A@@@A@@@@@@@@@@@@@@@@@@@@B@@@@@@@@@@@@B@@@@@@@@@@@@@@@@@@@@@@@@@@@@@@@@@@@@@@@B@@@@@@B@@A@@@@B@@@@@@@@A@@@@@@@@@@@@@@@@@@@B@@@@@@@@@@@@@A@@@@@@@@@@@@@B@@@@B@@@@@@@@@@@B@@A@@@@@A@@@@@@B@@@@@@@B@@@@@@@@B@@@@@@@@@@@@@@@@@@B@@@@@@A@@@@@@@@@@@@B@B@@@@@@A@@@@@@@A@@@@B@@@@@@@@AB@@@@@B@@@@@@@@@@@@@@@@@@@@@@BB@@@@@@@@A@@@@@@@@@A@@@AB@@@@@@@@@@@@A@@B@@@@@@FDH@HEH@F@FDHD@@@@HF@@@@@@BBPJLJFD@@DDHHDF@@@@@@@B@@@@@@@@@@@@B@@B@@@@@@@@@@@@@@@@@@B@@@@@@@@@@@@@@@@@@@@B@@@@@@@@@@@@BA@@@@@@@@@@@@@B@@@@@@@@@@@@@@@@@@@@@@@@B@@@@@@@B@@@@@B@BB@@B@B@B@BA@B@@BB@@@B@@@B@@BBB@B@@@@B@@A@@@BBA@B@@@@@@@@@BB@@@@@B@@@@@@@@@@@@@@@@@@@@@B@@@@@@@@@@@@@@BB@@@@@@@@@@B@AB@@@@@@@@BB@@@@@@@@B@@@@@@@@@@@@@BA@@@B@@@@@@@@@@@@AB@@BB@@AA@BAAA@@@@@@B@@BB@@A@A@A@AB@@@@B@@@B@@@B@B@@@A@@@A@@B@@@@A@@@A@@@@@A@CB@@@@AB@@@@BBA@@@@B@BA@AAAB@B@B@B@B@@@B@@AB@@BBBA@@BA@@B@@C@BB@@@AB@BA@@@@@@@A@@@@B@@B@B@@B@@ABBB@@BB@@@BBB@B@B@@AD@@@B@B@@@BB@A@@BAB@@@@AB@@@@@B@BBB@@@@@BA@@@BBA@AB@@BB@@DC@@B@@@@@B@B@BB@BBDBF@ADEDCDCFEDA@ANIB@JCD@BAFE@A@@BA@@JC@AB@FI@A@@@AAAAAAC@A@@C@A@@@AA@AA@A@A@@ACEAC@@@@@@@AB@DBBAD@DA@@@@CG@@@A@@DA@AB@@@BB@@B@B@DA@@B@DA@A@AB@B@BBFBHDB@BD@@FBF@F@BA@@@C@A@A@@DCB@BAD@@@DAB@BABAB@FAD@HAB@DAB@LEB@BCDC@CBA@A@A@@A@AACACACAAACC@A@@@ABEBCFCBA@A@@@@A@@A@@A@IBA@@@@ABABA@A@@A@KD@@A@@@@@@@BA@@@AAA@@AA@@@@@A@@B@B@B@B@B@@@@A@@@A@@A@A@A@AA@@@@@@BA@@D@BCB@@A@@@A@@AA@@@@A@EAA@CB@@@@AA@@@C@@@@@@@@@C@A@@B@BAD@DBB@BB@@B@@B@@@@ABA@@B@@B@@BB@BABA@@B@B@B@B@@@@BB@D@D@D@D@DA@@@ABC@A@A@@BA@A@@@A@A@@BADCB@BC@@@@@C@@@@@@B@B@@@@@BA@A@@@@AA@A@@@A@ABAD@D@@@B@D@HB@A@E@A@E@AACAC@A@ABABCBC@AA@AAC@AAAAAA@CACACA@A@GAG@EACACCICGEGECECEECACCGGKEGAAAACACBCBEBEDEDCBEDGBIBCAA@EECACCG@G@C@C@EDCDADCDCBA@A@C@EBCBA@ADCDBDBB@D@@KLGHCBC@C@C@CCCCCAA@CBAB@@ABABA@AC@A@AAA@AA@AA@AACAA@AB@@C@@AA@@A@@A@@DADABA@@DABA@@B@B@D@@@BBBBB@BBB@B@@@@@BA@@@@@AA@A@@@A@@A@@BABCBA@ADEBADAFADA@@DE@A@@AAA@A@@@@@A@@EBA@CBG@@DAB@@ABABADCD@FCB@BABCBA@ADCD@DAAEAE@@A@@@A@@@ABA@AA@@AA@C@@BA@ABA@AA@ABABA@AB@B@B@@@DA@@@@A@A@AAABABA@@B@BABAAA@@A@A@@B@@A@@@AB@@ABC@ABA@@BAA@AB@@@@A@@B@B@B@@A@@AAAA@@B@BBD@@@@A@@A@AA@@A@CAAAAAAC@C@E@CAEAACAECA@@@CDABABA@AAA@A@A@@@A@A@A@@A@A@@AAA@@@A@A@A@AAAA@CBA@CDABADADADABA@AB@@A@@@A@AA@AAA@@@A@C@A@AA@AACAA@@C@C@GAGC@@A@@@E@A@AA@@@@@A@@@AC@@@A@@@@@AB@@@@@@AA@@@AA@AB@@EDC@A@A@CA@@AAE@KEC@CBAB@@@BBB@B@BA@A@CCA@AC@ABA@AB@AACG@ACDCB@BEBGBC@@BIBEDE@I@E@EDABEBCA@E@EGCKAUF@@CHCHABCBE@ECECCAABCDEBABGF@BABCBCDABAB@@CDAB@B@BADAB@B@BBB@BB@@BBB@B@@@B@@A@ABA@A@C@@@@BABADABABABCDAFABAB@BA@CBCBCBCBEBE@EBC@A@A@CBAB@@ABA@ABADABADADADCDADAFABADADA@@B@@ABCBCBCBC@EA@@CAAAC@CAAB@@C@CDIBC@EBC@ABABABAB@B@D@DAB@DADABADADADCDCFCDABABA@C@@DBB@B@BA@IBA@A@ABAB@@@BBD@B@B@BABADAB@BABADA@ABA@ABA@CBEBC@ABC@CBC@A@C@A@AAEAC@@AA@@AAA@AA@@AA@@AA@ABCBABABC@ABA@C@C@ABA@@@@B@BBDBD@B@D@BADAD@FCDAD@DABBBBBBDDDBDDDBD@B@B@B@B@BA@ABABCBEBC@CBCB@@AB@B@B@H@F@D@D@DADAD@DAB@BCDABABCBCBCBABABABAB@BBBBDBD@B@BABCBC@EB@@CB@B@@@B@DADCBADEDCDEBEDCBABAB@BABAD@BAB@FBBADAHADAFBB@FDFBFFHBFDDFFBBFDBB@@BD@B@BAB@B@DBBABABA@GDIDIFEBABA@A@B@FFDBDFBDBF@FADJ@HBB@BADADCB@BADBHDDDBBB@N@B@DBB@FDFJ@B@DBD@BBBBBB@F@D@DBFBF@FBDBH@"],"encodeOffsets":[[106672,32494]]}},{"type":"Feature","id":"510726","properties":{"name":"北川羌族自治县","cp":[104.468069,31.615863],"childNum":1},"geometry":{"type":"Polygon","coordinates":["@@AEAC@AAAA@A@@@@@A@@@CD@@AA@@BAB@AA@@B@@A@@@@AA@A@A@@@@BA@@@@BA@AB@A@@A@@@A@A@@BC@@@A@AAA@A@@AA@@AABA@@@AA@A@@@@A@@B@@@@@@@B@@ABA@@A@@A@DA@@@AB@@ABAA@@BA@@@A@@@A@A@A@ABABBB@@A@A@@B@AA@@@@BA@@@@DAB@@@@@B@@@B@@@@@@AB@@@B@@@A@A@@@A@@@A@@@@@BAB@B@B@@@AA@@@A@@@@B@BB@ABB@@AA@@BA@@@@@@@@@@@@@A@@AB@@@@@@@@@@@@A@@@@@@@@@AA@@@@@@@@BAA@@@@@@@@@@@AA@@@@@@@@@@@@@@@A@@@@@@@@@@@@@@@@@@@@@A@@@@AA@@@@@@@@A@B@AA@@B@@@@A@@A@A@AA@@@A@@@A@@AA@@@AABA@A@A@@@AAA@@@@@A@@@@@@@A@@@@@@@@@@@@@@@@@@@@@@@@@@A@@@@@@@@@@@@AB@@@@@@@@@@@@@A@@@@@@@@@@@@@@@@@@A@@@@@@@@@@@@@@@@@@@@AA@@@@@@@@@@@@@@A@@@@@@CEGGCC@@ECKIOIAA@@@@@@GE@@@@GCECE@G@GFG@EC@@@@@@@AB@@@@@@@@@@@@@BA@@B@@@@@@@@@B@@@@@@@@@AA@@@@@@@@@@@@@@@@@@@@@@@A@@@@BA@@@@@@@@@A@@B@@@@@@@B@@@@@@@@A@A@@@@@@@@@@B@@@@@@@@A@@@@@@@@@@@@@@@@A@@@@@@@@@@A@@@@@@@A@@@@B@@@@@B@@@@A@@@@@@@@@@@A@@A@@@@@@@@@@@@@B@@@@@@@@@@@@@A@@@@@@@@@@@@@@@@@@@B@@@@@@@@@@A@@B@@@@A@@@@A@@@@@@@@@@@@@@@@@@@@@@@@@@@@@@@@@@@@@@@A@@@@@@@@@@@@@@A@@@@@@@@@@@@@@@@@@B@@@B@@@@@@@@@A@@@B@@B@@@@@@@@@@@@@@@A@@@@@@@@@@@@@A@@@@@@A@@@@A@@@@@@@@AA@@@@@@@@A@@@@@A@@@@@@@@@@@B@@@@A@@@@@@A@@@@@@@@AA@@@@@@@@@A@@@@@A@@@@A@@@@@A@@@@@@@@@@@@@@AA@@@@@@@@@@@@@B@@@@@@@B@@@@@AA@@@@@@@@@@@@@@@@@A@@@@@@@@@@@@@@A@@@@@@@@@@A@@@@@@@@BA@@@@@@@@@@@@@@@A@@@@@@@@@AA@@@A@@A@@@@@@@AB@@@@A@@AA@@@@@@BB@A@@BA@@@@@A@@B@@A@@@@@@B@@@@@BBB@B@@@@A@@@@A@@@@@@AB@@@@A@@A@@@@@@@@AA@@@B@@A@B@A@@@@B@@A@@AA@@@A@@@@@A@@@@AA@AA@@@@A@@@@@@A@@@AA@@@@A@@@A@@@@A@@@@AA@@A@@A@@@@@@A@@A@@A@@AA@@@@A@@AA@@@@@A@A@@@@@A@@A@@@B@@@@@@A@@@@@@A@@@@@@@@@@A@@@@@@@A@@@@@@@A@@@A@@@@@@BB@@@@@@@@@A@@@@@B@@@@B@@@@@@@@@@@BA@@@@B@@@@@@@@A@@@B@@@@@@B@@@@@@@@@@@@@@@@@@@@@B@@@B@@A@@@A@@@@@@@@@B@@B@@@@BB@@@@@@@@@@@@@@@B@@@@@@A@@@@B@@@@@B@@@B@@@B@@A@@B@@@@@B@@@@@@@@@@@B@@@@@@@B@@@@@@A@@@@@@@@B@@@@B@@@@@@@@@@BBB@@A@@@@B@@@BA@@@@B@@@@@@AB@@@@A@@B@@@@B@@@@@@@B@@@@@B@@@@@@@@@@@@AA@@@@@@@@@B@@@@A@@@@@B@@BB@@@@@@@B@@@@@@@B@@@B@@B@@@@BB@@@@@@B@@@@@@@@A@@@A@@@@@@@A@@@@B@@BA@@@@BB@@@@B@@@@B@@BA@@@@@@@B@@B@@@@@@@@@@@A@@@@@@@@@@BA@@A@@@@AB@@A@@@@B@@@@B@@@@@A@@@@@@@@@@@@@@B@@AA@@@B@@@@@@A@@@@@@@@@@@BA@@A@@@@A@@@@@@@@A@@@@@@@@@@@@@@BA@@@@@@@@@@@A@@@@@@@A@@@@@A@@BA@@@@@@@@@A@@@@@@@@@A@@@@@@@@@@@@@@@@@@@@@@B@@@@@@@@@@@B@@@@@@@@@@@@@@@@@@@@@@@@@@@@@B@@@@@@B@@@@@@@@B@@@B@@B@@@@@@@A@@@@B@@@@A@@@@@@@@@@@@@AB@@@@A@@@@@@@@@@@B@@B@@B@@@@@AB@@@@B@@@@@@@@BB@@@@BA@BB@B@@B@@@@BA@A@@@@B@@@@@@@@@B@@@@@@B@@@BB@@@@BB@@B@@@B@@@@@@@@@AB@@@@A@@@@@@@@@@@@B@@@@@@B@@@@@@@@@@@@@@@@@@@AB@A@@@@@@@@A@@@@@@@@A@@A@@@AA@@@@AA@@@B@@@AA@@B@@@@@@@@@B@@@@A@@@B@@@@@@@@B@@A@@@@@@@@B@@B@@@@B@@@@@@@@A@@@@@@@@@@@@@A@@@@@@@@@@@A@@A@@@@@@A@@@@@@@@@@@@@@@@@@@@B@@A@@@@@@@@@@B@@@@@@@B@@A@@@@@@@@@@@@@@@A@@@@@@@@B@@A@@@@A@@@B@@@@@@A@@@@@A@@@@@@@@BA@@BA@@B@@ABAA@AA@@@AA@@CAAA@@AAA@@@A@@B@@@@B@BB@B@@@B@@A@@@@@@@@BB@@@@@A@@B@@A@@@@@@@@@AB@@@@@@@@@@@B@@@@@@A@@@@BA@@B@@@@@@A@@@@@@@@@@@@@@@@@@@A@@@@@@@@@@@@@@@@@AB@@@@@@B@@@@@@@@@A@@@@@@B@@@@AB@@@@@@A@@@@@@@@@@BB@@@@@@@@B@@@@@@@@@@@@BB@@@@@@@@@@BB@@@@@@A@@BA@@@@@@@@@@@@B@@@@@@@@@@@B@@@@B@@@@B@@@@@@@@B@@@@@@@@A@@@@@AB@@B@@B@@@@@@@@@@B@@@@@@@@@@B@@@@@@B@@@@@@@B@@@A@@@@A@@B@@@@@@@@A@@@@@@B@@@@@BA@AB@@@AA@@@@@@@@@A@@@@@@A@@@@AB@@@@@@A@@B@@@@@@B@@@@@@@@@@@@@@@@@@@@@B@@@@@@@@B@@@B@@@@@@B@@B@@@@@BB@@@@@A@@@@@AB@@@@@B@@@@@@@@@B@@@@@@@@@@@@@@A@@@@@@B@@@@@@@@@@A@@@@@@@@@@BA@@@@@@@A@@@@BB@@@@@AB@@@@@@@@@@A@@@@@A@@@@AA@@@@@AA@@@@@@@@A@AB@@@@@@@B@@B@@@BB@@@@@@B@@BBB@@@@@B@@AA@@@@@@@@A@@@@@@@@B@@@@A@@@@@@B@@@@@@B@@@@@@BB@@@BB@@B@@B@@B@@B@@B@@@@BB@B@@@@B@@@@@@@@B@@B@@@@B@@@@B@@@@B@@@@@B@@@BA@@@@B@@@B@@@B@@@@@@BB@@@@A@BB@@@@@B@@@@@@@@@@@B@A@@BC@@B@BBBB@FABBB@@@@B@@@@DBBB@@ABBB@@@@@@BABA@@@BB@@B@@A@ABCBA@@@@@@BDA@@B@@@@BA@@@ABA@A@@@@@@B@B@@@@B@D@B@@@@@ABA@AB@@B@@BB@BABA@@B@@@BB@@@@BD@B@@@B@@@BA@@@@@@@AA@@@@@@@BAB@@@@@@A@AAA@AAA@@@@@A@@@@@ABAB@BA@@@BB@@@B@BBB@B@@BB@B@@@B@DA@A@@BAD@D@DCDA@@BA@A@CAC@E@AAC@A@CBCBEDA@CBEBGBAB@B@BBDDBDF@BBB@FBFBH@B@B@B@B@@ABA@ABAAA@EACACAA@A@CBA@@DCDCFCDA@@BAB@BAB@@@@A@@@A@AAA@A@A@ABA@ADCDABCDCBCB@@@B@B@DBJ@DABAB@D@B@DADAB@@@D@@AB@B@D@BAB@BADCBA@C@A@CAC@AACAAAECAAAAC@A@C@CAA@A@C@C@A@C@ECAACACACAACAC@A@@AAA@C@AAA@@@@ABC@@@AAAAAI@@AGEACCCA@A@ABABA@A@@A@A@AAAAAACAAA@AAOAE@A@@ABEBA@A@AC@ECA@C@CAEAG@AAAAECEC@@C@EAE@C@GDCBA@C@@@@FBBBHAF@H@D@DADBF@BCF@B@BBBBBDDBBBB@BA@@B@@GBCB@@@B@BBD@HAB@BCBA@@BA@@BBB@BB@B@@B@@@@ABEAA@@@CB@@@BBBB@@B@BA@ABA@CBG@C@@B@DBBBBF@B@@@AD@B@@A@C@@@A@AD@BAB@F@@@DBBF@B@BB@BDJ@@AB@@@@IEA@A@@@@BEJA@ABAAA@@ADIAA@AA@C@IDABCAC@ABADABEFA@BF@B@DABA@KDO@C@A@ABABABEBC@C@I@G@C@C@CDAB@@E@@@CAC@CCIEECCAGACBCFCDAF@FAFADCBGFABCAC@CAIAG@EBQHAD@D@JABABA@A@CAGAE@G@G@EBE@EAGCIACAAAC@ABAB@@AB@@AFAH@DAJ@DADADABABCBE@EAABAB@B@D@D@H@DBFBFBB@DAD@@A@A@KDEB@BAB@B@B@DAB@B@D@BBB@B@B@@ABA@E@@BA@IHCHCDA@A@A@A@@BCDEJADA@@BA@A@@@AAAACCCEC@GCGCEAGAI@C@EAGCCAACAECGC@E@C@O@EB@BEBCBI@E@GBABABEDEHQJCDKFEBC@G@EAEBGBEDEBEBG@GBI@IBSAGBIHEDCBADBBFFBBBB@DBH@D@B@H@B@B@BDFBDBB@D@F@D@DAJBDDFBDJHFDFBDBBBB@@DAFAFBB@BBBB@DBB@BB@BBD@BBD@B@BBBDBBBD@B@FBB@BD@B@D@B@B@DDBDBJDFBDBD@DBB@BABB@@BD@F@B@BBBFJHJ@@@BAFGLCHAF@DABCJABAD@DBF@HBFB@@BDBD@DBHBD@@B@D@BADBFAHBF@BBBD@D@H@DAFAH@D@DAHADAB@BBDB@DBDBJAHAFADCHCJ@DADADA@BBB@D@NANCD@FAD@DAF@JAHADAD@DBDBB@D@BAFEDADADANGHAFAD@D@RDDBDBB@D@BAD@F@DAB@FCDABAB@HCB@PBFBD@BAHIFC@ADEBABCBCBABADAFED@B@D@FBD@BDD@BBHBH@B@DBB@BBBBDBFBD@NBFBJBD@H@B@DAB@DAB@FAH@J@D@DAHAH@FAPDDBBALCB@BNBBNFBBDBB@FBD@JBF@D@D@B@BAHCD@BAJCFIBCBAF@BAB@@@@FC@@@@DCF@BBBCFCDCHEHBB@BHBLDJL@FBD@B@D@D@B@DBJ@BBBDDBBBBDBDBDBJBBBBB@BBD@BBBFFBBFDFBFBFBDDJDLFNFRHDBF@D@H@F@L@F@DAP@DAB@@@@ABA@C@AAC@AAA@CAA@AAAAAAAAAAAAAAAAC@C@AAC@A@CAA@A@AAA@C@A@C@A@A@A@C@A@@AC@AAA@AACBA@CDABADADAFADADADADABABA@ABA@A@A@AB@DADAFAD@B@DBD@DBD@D@D@DAD@D@BBD@B@B@B@B@BABC@ABABCBABADABCBABABC@ABABA@A@A@ABCBABADABABABABA@@DCBADABAB@BAD@DAB@DAD@DAD@DAFADADAD@FADADADADAD@FAB@DAFABABADABAB@@A@A@C@AAA@ABC@ABA@ABADABADADAD@DAD@DAFABAD@DABABA@C@ABCBABCB@BCDABABAF@D@DBB@DBF@BBB@DB@BBBBFBDBDDB@DBBDDBBBDBBBDBBDDBBBDDBB@DBDAD@F@DBB@BB@@@DAB@D@BAB@BBDAB@DAD@B@DABBDBB@BDBD@D@B@D@BCDCBABADABAD@DADABABABABA@ABABABABABADABABABADAB@BABABBD@BBB@BBBAB@BCBABABADABADABABAB@DAB@DBB@B@D@B@D@BABABADABABABADABCB@BABAB@DAB@@AB@BA@ABA@AB@B@B@D@D@D@D@DAF@B@DADABABADAB@B@B@DBB@D@BBD@BAD@BABAD@FCD@HAFAF@D@F@DBD@D@BAD@DADAB@F@B@D@D@D@D@B@B@@@B@AC@AAA@CAA@CAA@A@A@C@C@C@CBA@ABA@CDABAFAD@DAD@B@DADADABABADCBA@ABABABADAB@DAB@DBFBDBDBFBDBD@DBD@DBD@BBDBBBDBB@B@DADCBADA@ABA@A@A@AA@@A@A@ABABABABA@ADAFGBAB@AGACCCCC@@AACAGAEACACAGKCAAA@A@A@AB@BABA@AGQCK@CAC@CAC@CAC@A@A@ABCJGDA@@BCBA@@BAD@B@HBFBB@@AB@@AAC@AAAAAAA@AAC@ABABCFIBAHEB@@AKGEEGEIKIGGGCACAEAIAICC@A@@@AB@B@BABA@ABA@ABEDGH@@ADAFADDB@B@DCBCBC@E@IFMJA@A@@@EGACCA@@EEGCIACAEEECGAEAIAKEAAAAAAAAEACCCACACAE@CACAAAC@IBE@E@A@AC@A@A@A@@ICCG@ABABA@@@AAAAAAA@A@ABAD@FAB@BBB@@@B@BAD@DADAFCBABAB@@A@@AA@A@A@@BCBA@AB@@A@@@A@@@A@@BAD@@@B@D@@@B@@@@@B@@@BA@AB@@@DAB@FAB@@@@AB@@A@AA@@AAA@CAA@A@A@@@@@AB@@@BABA@@BA@@@A@@@AAA@@@AA@@A@@A@@AA@@A@@@@AA@@A@@A@@A@@A@@@A@@@A@A@C@EA@@A@@AE@A@A@@@A@@BA@@@A@@@A@AA@@A@@@AB@@ABABADABADAB@BA@@@@B@B@BAB@DABABABCBCB@@A@@A@CCCAC@A@A@AAUIEAACBCFG@AJEBCBA@AA@AA@@AABA@AB@D@BBF@B@B@BEBA@AKGAA@AAACA@A@@BAAA@CAACCCACAACEEEAECIEEAGCGEECGCEAEACAAAEAE@@@AACAA@CAAAGAC@E@EAC@AA@@AA@C@A@A"],"encodeOffsets":[[107023,32437]]}}],"UTF8Encoding":true}