{"type":"FeatureCollection","features":[{"type":"Feature","id":"511302","properties":{"name":"顺庆区","cp":[106.084091,30.795572],"childNum":1},"geometry":{"type":"Polygon","coordinates":["@@@A@A@CBA@A@C@CACAAAC@AA@@C@ABAB@F@FADBB@BABCDCDCDCBCBC@@@C@A@A@A@@B@B@D@B@B@BA@CBA@ABADAB@D@D@BBD@@BB@D@B@DAFADCBA@A@AAA@AAAAAA@ABA@ABA@E@CAA@AAAAA@AB@BABABABA@@AAEAA@@CA@A@AB@@AHABA@@@CBA@@B@@@B@@AB@@A@A@@@AA@EACAAAA@BA@A@@@@@@@@@AA@AA@@AE@ABC@ACAEAC@AABADAHCLANCH@FBFDFBB@BABCBABAB@@@BADABBBD@@A@@BB@@@@BB@@@@BD@BBBBCFBBB@FAFGBABBB@B@BA@A@A@AB@BBBB@BBNBBBBDBB@BADCXQFEBEBA@C@C@A@CAACAE@A@CECCCECEGEKGGGC@CAA@G@C@CBABGFABADABAFAHAFADCDCBC@C@MGGCEAAACAECEAEAECCAAAAAAA@AAEAEAC@GAC@CAC@EBCAC@C@C@CBE@CAC@A@CAC@CCKAECKEMAC@CBCBEBABCAAA@CBI@EBKAKCIA@C@G@EEACACCECECEEGCCE@I@O@C@E@E@A@A@C@C@EAC@AAC@AAAAAAAACCACAC@GDA@CBE@CACEEC@@@@@@CEAEACACAKAEHCBABABCBCBA@AAGCCGCGBGD@@A@@@A@@@A@A@A@A@A@@@AB@BABAB@@ABABAB@DAB@@BBA@@B@@@@@@@B@@@@A@@@@@A@@@@@AAA@@@A@@@@@A@@@@@@@AB@@@@A@@@@@@@@@AB@@@@@@@B@@@@@D@B@@@BA@@@@@@B@@@@@@A@@B@@A@@@@@@B@@@@@@AB@B@@@@@@@@@B@@A@@@@@@@A@@@@@A@@A@@A@@AA@C@@@C@CBCBABA@A@@@@@A@ABC@@BA@@@@@@@A@@@@@@B@@@@@@@@@B@@@@B@@@@@B@@@@@@@BB@@@@@@@@BB@@@@@@@@@@@BA@@@@@@@A@@BCB@@@@@@AB@B@@@@@B@@A@@@@B@@@@A@@@@@@@AB@@@@@@@B@@@@@@AB@@@@@@A@@@@@A@A@@@@@A@@@@@@B@@@@@@@@@B@@B@@@@B@@@@@@B@@@@@@@BB@@@@@@@@@B@@@@AB@B@B@@@@@B@@@@@@@B@@@@@@BB@@@@@@B@@B@@@@@@@B@B@@@@@B@@@@@@BB@@@@@@@@B@@@BBB@BB@@@@B@@@@@@@@B@@@@@@@@@B@@@B@@@@@B@@@@@@@@@B@@@@@@@@@@A@@@@@EBA@@@@@A@@@@@A@@@@@@@A@@@A@AAA@@@@@A@@@@@@@A@@@@@@@@B@@A@@@@BAB@@@@CL@B@DAB@@@@@B@@@@@@AB@@@@@@A@@@@@@BA@@@@@@@A@@@@A@@@@@@AA@@AA@@@A@@@@AA@@@@@A@AAE@@AA@@@@@@@A@@@@@@A@@A@@@@A@@@@@@@@AA@@@@@AD@B@DBBBD@@A@@@@@@@@@ABA@@@@@@@A@@@@@@BA@@@@@@@@B@@@@@@@@@B@@@@@@BD@@B@@B@@@@@@@@@B@@A@@@@@@@A@@@@BA@@@@@@@@@A@@@@A@@@@@@@A@@@@@@@@@@@A@@@@A@@B@@@@@@A@@@@B@@ABAB@@@@@@@B@@@@@@@B@@A@@B@J@D@B@@@@@@@B@@@@@@A@@B@@@@A@@@@@A@EBC@@@@@@B@B@@@B@@@@@@@B@@@@A@@@@@@@A@@BE@A@A@@@@BA@@@@@@@A@@@@@@@AB@@@@A@@B@@@@A@@BAB@@AB@@@@@@@BA@@@@@@@@BB@@@@@@B@@@@@@@B@@@@ABABAB@B@@@@A@@@@B@@A@C@@BA@@@@@@@A@@@@@@BA@@@@@ABAB@@A@@@@B@@A@@@@@@@A@A@@@A@@@@@@B@@A@@@@@@B@@@@@B@@AB@@@@@@@B@@@@A@@@@@A@@@AB@@A@@@C@ABA@A@A@BBDBFBFBDD@B@BCD@@@B@@@BB@@@@BABBBB@D@B@DDBDDFBD@B@B@DAB@BCBADCDAF@DBBBDD@B@D@D@BB@@@DBB@B@D@D@@BB@DDBD@B@DADA@CBABAD@BBDBFBDBFDFDDDDBDAB@D@B@F@DBBDBBBDBBBDDH@B@B@@@BA@ADEDCH@HAZADADCD@BBBBBB@@@BBBAB@B@DA@A@@@ABABAD@BB@BBB@@BDFFBBBD@@FPAD@BDBB@D@BB@@@BAB@B@BBBBBBB@@@B@BABAD@B@BBJ@@BB@@D@B@D@F@BBDB@BA@ABA@CAAAA@AB@BBBFBBBB@@@BB@B@BD@@@@@BBBBBB@BBB@BB@@B@B@@@BCDABAB@BBBBDB@B@B@BAB@B@@@BBBLDD@BB@B@BBB@@JBBA@CBC@C@A@AB@D@BBD@D@BB@B@BBB@B@@@B@@AB@B@D@BAB@BBBB@B@B@BAB@DABBB@@B@JBB@B@@DBAB@@@HBBB@AB@HK@@BABA@ABA@@B@DB@@BBB@B@B@@ABA@@BA@@BABADA@A@ABAB@B@B@DBDBD@FCDAD@D@BBBB@DBV@@BDBB@BBBADAB@B@B@@DBF@DADCBCBCB@BAD@FBFBB@@ABC@E@I@CDEDAB@@@BAB@BBDBBBBBD@B@BABA@C@C@CBC@@@CAECA@C@A@ADADADBBBD@B@"],"encodeOffsets":[[108729,31816]]}},{"type":"Feature","id":"511303","properties":{"name":"高坪区","cp":[106.108996,30.781809],"childNum":1},"geometry":{"type":"Polygon","coordinates":["@@@@A@@A@AAAACCEEACCCA@@CGEIIKCAAA@@GAE@AA@@C@ECCAAA@A@C@A@CEI@@AA@AE[AAA@CAGAEAACAA@@CCCECCAEACBCBCBABC@A@CAA@C@A@CA@CAC@A@ADABM@EBC@AA@@CACCAAAAEOACA@CAABMLAD@BBD@BABCBAAA@CAGB@BC@CDCBABEHABAB@D@BFD@BBBBBB@BB@BABMHABADA@ABE@E@@@A@AA@A@A@AA@AAIEC@@AAABC@AA@@AA@C@C@A@EAA@ABCBCBA@E@CAECCC@A@AB@JHB@B@@@@AEC@@@AB@@@BBB@B@@AD@BA@@@@BA@C@AA@@AAB@@@BA@@BA@A@AA@@AAC@A@A@@AFG@A@A@AA@ACA@C@A@CBAA@@AC@AA@AACBE@CB@BA@CBCDCHGRADA@EBE@EBADABAB@@A@A@AAAACAE@CBAB@BBF@BBB@BABABCFADABA@@@@A@A@@@ABAA@@AAAACA@@@@I@AA@A@ABANAB@@AAEA@@A@@@@B@B@B@B@@@B@B@@AHABC@AA@M@AC@C@@BABABE@A@CCAAABCBCAAAAA@@ABIHEBC@C@@A@AHCBCDG@C@C@CFIB@B@BBBDB@B@BEDCB@B@@BAJBBBBB@BABAJAB@@AA@AA@EACBC@@BAB@@@@AA@@@BA@A@@@AAA@C@A@ABA@AGAA@@@ALAD@BCBA@C@@A@ABEACAAC@CBC@G@A@@A@C@CDCDE@CC@CAI@GCCAGMCCCAMEECCCAAAAAACA@@ACA@C@A@ABABABABA@CAAAAA@AB@@@@BB@@@B@@@@@B@AAAA@@AA@A@@@AB@@@B@@@B@@A@@@A@@@AB@@AB@@@B@@@B@@@@A@@@@@AB@@@@ABA@A@@@@B@BCBA@CBA@E@C@C@C@C@C@ABAF@BAD@DAD@DA@C@CAA@E@A@A@AAAACAAAACCAAC@@@AAA@A@ABCBA@ADCBCDABC@C@C@CACCCCAC@CAC@EAEAC@CAAAAAB@@@AC@ACCACAAECCAC@@AACAA@A@@@AB@B@@AB@@A@A@A@@@A@A@@BAB@B@@@BA@@@@@AB@@BB@@FD@B@@@BAB@@A@GCCCA@@@E@A@@@A@ABCFGHAFA@A@A@@@ABCJ@B@DBBBDDHDF@B@@BBFDDDDBBFBF@BAFADGHC@CB@B@DEDADAB@D@F@BDDB@D@DBD@DBBBBB@DADADCDADAFAD@DAB@DADA@ABABA@C@C@ACACAAGEEECCGEECEEIAG@EBA@CBABCBADADADAFCDCFAFBH@DBBBDDBDDBBDDFJDDFFDDBBBBB@DDFBHBJBD@BBBBABAB@BBBBBDBDBB@DCDCB@LGFKBEBADOAA@@BAB@BBDDDN@HAJ@FCNCHCFCFADCBCDCBC@E@C@E@E@C@EBG@EBC@CBAB@F@FBFDDFFJPBHBH@@HCHAHDDDBH@BABADADABABGDBFBLBDBDBFDF@@@@@@FDDFDBF@DAB@HCD@DBDBBDBBBBBB@BBD@BBD@F@D@D@B@B@F@F@D@P@JDFHDFFFDFDDDDBFB@F@H@DJBLDLBFAJ@DAB@BBADABAFAD@DBDFNDLBFDL@DBD@D@BBD@DAF@D@D@DBDAD@FBD@DBD@HBDBFBF@BBBBBBBDBFDFBFBFDDBBBFBHDNHD@D@DADCBCBEBGBEBABCBAHEBADAD@H@B@DBD@HHLHHFDFDFDDDFB@F@DBBB@D@B@DB@DAB@HCFELEDABA@ADABCDCBCAC@CACAC@CBCBCDAD@DADA@C@CAC@A@ABABA@CAA@A@AD@B@FADABA@AAADABADABADAD@BABABA@A@C@AAAA@C@A@A@A@A@EAGACAECCACAAACCAA@AAACBGBMJILA@AAACBC@ABC@ABABAB@FADAD@BABE@AB@B@JAFA@C@@@A@ABCB@B@BBB@B@B@AB@D@B@@AD@BBBB@B@@A@A@ABAB@B@D@B@BAB@@AD@@@DBD@DAHEFAD@JFB@F@BC@CBCDADCPOFEAAB@DCDAD@F@DABABADCAABC@CDCBADABABA@C@A@@@ABAAA@@@@@CBEBCBADADADAFAD@@@BBB@DBB@DADABADMBEAE@AB@DAF@D@DBB@BDBDB@FBB@JADADAFA@@DADCBCDCBCFAD@D@DBBBDAB@BE@AB@D@DAD@DADAD@D@D@@@@AHEDG"],"encodeOffsets":[[109044,31527]]}},{"type":"Feature","id":"511322","properties":{"name":"营山县","cp":[106.564893,31.075907],"childNum":2},"geometry":{"type":"MultiPolygon","coordinates":[["@@CBA@A@C@G@C@ABCBA@A@AA@AAAAACE@AA@A@KBC@A@A@CIA@AAABC@GB@BCBA@@BCBB@@B@B@@@BA@@@ABABA@ABA@@B@@@B@BBBAB@BA@ADAB@BABAAEACAAIAACAE@EBCBGTAFCBAB@D@B@BBBBBBDBBBB@@ABADA@EBK@E@AB@B@FADADAD@B@BDBBBF@B@@@@BB@@H@BBD@@B@DABAD@BBB@D@BAB@@BBBBB@BB@BA@@BABB@@@BBB@BB@@BAB@BAB@BABABC@CBA@A@C@AB@@@BAD@B@DAB@BAB@@A@A@C@@@@BABABABABBDADIDA@ABE@ECC@@D@BDFDFBDAD@BCBCAGAE@EBI@ICOAEACBCBAFCBC@C@EAECC@C@E@CCAAA@E@C@C@CBADCBEBG@A@A@@BCD@BEDAB@@@D@B@BBDAB@BABAB@D@L@BABADA@EBA@CB@B@DABC@ADAD@B@H@D@BBB@B@BABA@CAC@AAGBCBABCB@BDDBB@@@D@F@BBBB@BB@@@B@DBHBB@BB@B@BAB@@@B@BBB@@B@@B@D@DBB@HBB@BAB@BBB@@@BBBAB@B@@@@@@H@B@B@DABA@C@ABA@AA@AB@@A@A@@A@C@CBCDCBCDA@ABBB@BAB@@ABC@A@@BAD@BA@C@CAA@AB@B@BD@ADBB@DDDBBABADCFCDADABABA@C@EAABA@AB@B@D@DADABA@GAAB@@@BB@BBDBDB@B@F@D@D@B@BB@B@BBB@@B@D@D@D@HBL@DBBBB@@B@B@DAB@B@BBBF@DAB@D@B@BBBD@FBF@B@NCB@D@D@DDDDBBB@RDFDBBBD@B@DAFCFADABBBBBDDDDBD@BB@DBHBDBBBD@BBD@FD@B@D@D@BFLBLBB@BDBHBBBBBBD@F@BDB@BAB@@@BABCB@A@A@@@C@@@A@@AA@@AA@@A@@@@@A@C@C@@@A@@@@@C@@@A@@@@BA@@B@B@@BD@@@BB@@DD@HDDBFBDFBDDD@D@D@H@DBBD@D@H@DA@A@A@@BABA@ADC@@B@B@B@@@BA@@BA@ABC@@BAB@@B@BB@@BBBB@@@BA@@@AAAAAAACACAAAAA@@BA@@B@B@D@B@BB@@@B@@A@@@BB@@BA@@@@BABA@ABABCB@BAB@B@D@B@BBB@DBB@@BB@B@@@B@@@@A@@@ABAAA@@@A@@A@A@@@@ABAD@DA@@BA@@@AA@A@AA@@@@@A@@D@B@D@D@BBBA@A@@@A@A@AF@@D@F@B@BBFBD@F@F@BBBB@@BD@F@F@BB@DADGFAB@BBDBBD@HCF@BBFDFBFBHDHBFDBFDDDDB@B@BCBCDAFAFBFBFBDADABABBB@@DDDFBHFB@D@JAHCFCB@@@D@BADCFAFADAJ@DBDBBDDBFBD@FAD@HDHDFBDDFDD@D@BBFFBBDBB@JBBBBBBBBD@D@F@B@B@FADAD@FDBFAFEFCFA@AD@@@@@BA@@B@@@B@BA@@B@@@D@B@@@D@@@B@BBABC@@@CB@@A@@@AB@@@B@B@@BB@B@@@@DD@@@@@@BB@@@@B@@BD@@B@@B@AB@@AB@B@@@B@@@@B@@@@@BB@@B@@B@@@@BD@@BB@B@@@B@@@@@BAD@@@B@@A@ABAA@@A@A@@@@@ABAB@D@@A@@@A@AB@@@@A@@B@@@@CBCHGJCBAD@D@DDBPBFD@@@@BB@@@BB@@BB@B@@@@@@B@@@@@@@BDBH@DBDDFTBDD@B@DABABCAC@CDC@AB@HCFCDABCBA@A@ABAD@B@BBBDDHDDBBB@DAFAD@BBDDDBB@DBJLFHBBD@DB@BBBBBDBB@B@@@@BB@BAB@DAB@@@B@DDB@BBB@B@BAB@BABAB@B@BAH@D@DABCBA@C@C@CBCFADABBB@DDBDBBB@BABCBABCBCB@D@BBD@F@BCDCFANA@AFA@AECAA@ABAJCB@BABEDGHIDCBA@E@C@A@@BCBCB@B@B@BCB@BA@@DA@BBAF@DAD@AA@@@C@CAE@A@A@AAAA@A@CCAAACCOAECAAC@CDCJGBQDGD@BAD@DBFD@@@@BBDBBBBBB@BBB@DABABAAAWYIGGIAABCBABA@ADA@@D@D@B@FGHGJE@CAAACAA@@@CBC@@@ABA@A@ACE@CACAC@@AA@A@S@CA@C@ABAF@B@@A@A@@@AE@C@@CGCCEACACA@E@E@EEEBE@@BE@EAEAIBC@ADCFEHEFEBC@CACACAACAAE@CBE@ACCECCA@ACA@A@E@@B@BE@@AAA@GBA@A@@C@I@A@@@@BABCDC@C@A@AEIAAA@C@A@ABC@CAGAEAG@EACCAACEAE@CAEAC@@GECCC@E@KECAE@@@EBCAE@CCGGCEECAACAEAIAEAGCCCCCCICCCAA@A@AA@@@ABA@CB@@A@@BC@A@A@ACACAACACACCCAAAC@CCGACAC@E@C@CBA@A@ACACACAAIACCCG@CA@AA@@A@@@A@A@A@@AAE@A@A@@@@BA@@B@BB@@@B@@A@@BB@@@@@B@@A@@@@@@@A@@@AB@@A@@@@A@AA@@@AA@@@@G@A@@B@@@@A@@@A@@@@A@@@@@C@@@AA@@@@@@@AA@@@A@A@@@AB@B@@@B@@ABA@@@@AA@@C@A@AA@@@@@A@@@@BA@@@AB@@A@@@A@A@C@AAEAACAEAEAE@A@GDCBCDABA@C@C@C@GDE@E@C@CAE@E@AAC@A@A@@A@CB@BABADCBCBABABA@@BABA@A@E@A@@@@CA@A@@@@@A@A@AA@A@AACAA@AAA@AAA@A@A@CBCAC@ACAE@AAA@@AA@CAA@AAA@A@C@@@A@A@@AACAAAA@AC@AACAC@AA@@AAA@AC@A@A@A@A@A@A@A@ABAB@BCBA@ABC@@@C@C@C@ABCBC@ABC@AAE@AAAAAAACAAAA"],["@@A@@@@BB@@@@@@BB@@@B@@B@@@@@A@@@@@@@A@@AA@@AA@B"]],"encodeOffsets":[[[109228,31658]],[[109515,32016]]]}},{"type":"Feature","id":"511323","properties":{"name":"蓬安县","cp":[106.413488,31.027978],"childNum":1},"geometry":{"type":"Polygon","coordinates":["@@@CA@@A@@AC@@@A@AB@@A@@B@@@D@@@@@B@@@D@D@B@@@@@B@@@BB@@BB@@@B@@@D@@@B@BDABA@A@@BA@ACA@A@EACAAAAGACA@AAAAKEK@A@C@C@AECC@AAC@AACAGACAA@@AACCCCCAAAABABCDEBE@C@AACAAECQCA@AACCCCC@C@A@MDA@E@EAC@AA@A@A@CBA@CAEAAA@A@CBA@A@@@AAAA@CAK@G@C@C@C@AA@AAA@A@@A@A@C@C@E@ACACAAAA@@A@@BAHBB@BABC@C@C@ABAB@BAFBD@B@BABABCDCDEBCBAAACC@CAABCC@@A@ABAB@DBD@B@@ABC@AB@D@BA@@BA@AAABAB@DCDADCDAD@B@@@@B@BA@@BBBB@BAD@B@BA@C@A@A@G@@@@A@A@ABAA@@A@AAA@ABA@GAA@CAC@A@@@@AA@AAA@@@A@ABA@A@@AAAAG@C@A@@AAA@AA@A@E@C@@AACC@ADABADAHABBD@DBB@BA@A@AAA@A@C@G@ABCBCD@BA@C@ADAB@FAB@BCBA@A@K@CBABA@ABAAC@A@A@C@@BAFC@ADC@AB@B@H@FADABCDAD@D@F@B@BBDDF@D@D@FDFBD@D@DABEDADAFBPBJDJ@FAF@HBDBDA@ABCACCECE@A@CD@FDF@BAB@JCBCACBABABABA@A@@D@B@B@@@BA@ABA@C@ABC@A@@BAD@B@B@DAD@BABA@ABA@ABA@AA@@AAA@A@@AAAB@@ABA@@AAAAA@AA@ABC@A@AAC@ABCBA@@@AC@A@GA@@A@@A@E@AACA@A@ABCBCBC@E@ABAF@L@FAB@BCBA@@AAAAACAAAA@A@A@CBADABEHSDAFAF@DBBBBJDBFBBBBA@ABABCB@@ABAAA@A@A@@@AB@BAB@BABA@@B@@A@@@A@AA@DA@AB@DA@AHAD@BABBB@DJB@B@D@LAB@B@@BDFBBBB@BBBB@B@DABAD@H@D@B@B@DA@AAA@A@A@CBADADCFADEFCDADEBADCBCBCBE@A@CAC@@@ECCAAEAEACCAEAC@@@A@CB@DEBA@EAI@AAACCCA@A@A@C@@@A@@B@B@@@@A@@@EABCBC@A@A@@@@AAAB@@A@ABA@@@A@@AAA@CCA@AAA@ACA@A@EBE@IDCAC@CCECCC@AA@OE@@CDCFCBCBE@A@A@AA@ABCDA@A@A@A@CACAA@EAA@A@A@C@A@A@CBCBABABABCBABABADABC@A@AACACAAACAE@CACAC@C@A@C@AAAKCOECAC@G@A@AAC@AAC@@@A@@@IAAAAA@AACJQBGA@@@A@EBC@EBC@A@CDE@A@A@EBAAAAC@AAAA@AAA@AA@CBAAA@ABA@CBC@@@ABA@AB@BA@A@@@@AA@@A@A@EAACACAC@ABAACAA@A@@@ABAJCDAD@@CBGDEBAB@BAF@B@@@B@@@B@B@B@B@B@BC@CBA@A@@@@BAB@B@F@D@D@B@D@BCHHH@B@B@@AB@@EBA@C@E@EBGBCBAAA@CHGF@B@@C@C@C@CBCBC@CBC@A@@BAFA@CBAACAC@C@EBADCDADCDCB@@EBCBCBIBA@EAA@ACACA@CAC@E@CBA@@BBFAFCNABCBCBA@CAA@AA@@C@EBCBCBCBABADAF@D@@@@BBAB@B@@@B@DABABCBABCD@DADBBCDABABCBE@C@CBCDA@BBEFOPCDCBAD@DADE@A@IEC@EBGFCBC@CA@@C@@BA@ABA@C@A@A@AB@B@B@BA@A@AA@ABC@@@A@CBAA@A@A@AAA@A@AD@B@B@@@DEBIBA@A@@BAFABC@CBEBA@ABAB@BAD@BADBDBBB@JKNIHADABB@BBBDDBBDBDBFDDBHBFBB@B@B@B@D@B@BB@B@D@BABABABC@CBABCBABCBBB@BABCBEBA@C@@B@BBB@DABAB@B@BBD@D@DCBCBC@CBADAD@DBDBD@DBDADCDADCB@BABCBKFEFGDA@CBA@@DABAFEFWRCDABA@CAAAAAAM@AAAAAA@@B@B@BABA@A@AAABEHEBA@AADEAAAAC@@A@@A@@A@@A@@AB@@@ACAACBAB@@A@ABABADABA@EAECEAG@MDKBGDCBABBBD@FBDB@BAD@BBF@@BBB@@B@@@@@@@@@BABB@BBDBFBB@@B@@@B@BA@@BA@@@A@@@AB@D@@ABGB@BA@@B@BDB@@BBBF@BB@BABABA@ABAB@BBBBB@DBF@B@BAB@BAB@BBBB@BBB@B@BABCDEBCBA@C@A@@AC@AAC@C@A@CBAB@BAB@DABA@A@C@A@A@@@@B@B@B@D@@ADADCDCDCDADABA@CAEBE@A@AB@B@DB@@BBDBBBD@D@D@BAB@D@B@B@B@D@B@BBBDBB@D@DB@B@BCBEBADAB@BBBBHBBAB@@A@ECC@A@C@ABABBBBB@BB@@BA@@BBBDBFB@B@BABCBCBAB@BBBDADBDBDDBBBBDAFAB@B@FBDBB@B@@A@C@ABCBCB@D@BBBB@BBBFAD@FBDDDDDF@@@PBFDDFFFBJ@FBB@B@B@@BA@ABA@@B@BD@B@@B@BABAB@BAAA@AB@D@DLBFBFBFBFBDBHBLHADAD@H@DBFFH@B@DBBBD@D@DAF@D@B@@BBB@FDHDDD@B@FABCBABAB@B@BAB@@AB@B@BABA@AA@@AB@B@BAB@@@D@@B@D@B@B@@B@BBB@BB@DBD@D@BBBBB@B@BABA@AAA@AB@B@BBB@D@BABA@BB@@B@B@BBBB@BA@A@CBAD@D@DBDBD@B@B@@ABAAA@A@@@AACAC@@@A@CACACAC@AA@A@C@AA@@AAACAA@C@CDADBBDDB@@B@@@BABADAB@D@D@DDBBBB@D@F@D@FBDBDBBDDDBBBBFBD@BBDDDDBDBDDDBD@JDD@DBD@B@DB@B@DBHBFBFDDB@HBN@LAJ@FBDFBFBDBBBBBDDBDBDBB@DBFBDBDDBF@BBDBBD@D@D@FBDBB@DABEDA@CDEDABADADABCDADAD@D@DDBBBDBBBBF@D@F@BDBBDBB@HCDCDCFAF@FBB@BDDBF@B@B@H@D@B@@A@A@A@ABA@AB@B@B@BDB@BBD@H@D@DBBA@@@@"],"encodeOffsets":[[109067,32014]]}},{"type":"Feature","id":"511324","properties":{"name":"仪陇县","cp":[106.297083,31.271261],"childNum":1},"geometry":{"type":"Polygon","coordinates":["@@@A@A@EB@AA@CBE@A@ABA@ABAAA@ACAACBA@O@@B@@@DADCBA@@@CBA@@@@A@A@A@CA@@@ABA@AAA@A@ABABC@AA@E@CAA@AC@ABCDCB@D@JDDDB@BADCBCBCFM@CBBHD@@HCBAB@@A@@AI@A@ABA@ABADAPCBABA@ACAEICAOKAAAA@ACGA@A@ABABA@ABA@A@AAA@CCA@@@A@CBA@ABA@@A@@A@A@CAAAAA@ACAC@AAEGIKCAA@CACCAAC@EBCBA@AACCCGACAAA@C@AB@B@BABADCBEDGDA@@BCD@DBDADABCBA@C@ACESCCCAG@CA@A@@@@@@@A@@@@A@A@@AA@@A@@AA@@@@ECOACA@C@CBCDAHIDGDA@@@@@AB@@@@@BAB@@@B@@@@CBABA@@@@B@B@@@BBBAB@@@@A@@BC@A@@@@@A@@@AAA@@AC@@@@@AA@@@AA@@@@A@@@@@@A@@@ABA@@BAA@@@@AC@@AA@@@@@AA@@@@@@CC@@@@@AAA@@@A@A@@BA@@B@@@DA@@D@BAAAA@@@C@@@A@C@@@A@@@ABA@@@A@@@AB@@@@C@@BEBEDEFEBCA@EBCBC@E@A@A@E@CACAAAAAAIAA@CAAAEEAAC@C@ECCCEAGCGCC@EBC@EACAACCACAI@CBEBEBCDABC@@@A@EDGDIBC@A@GEEACC@CA@AAABCBCBEAEAEAEBCBADADA@A@CCCCAEECGAGCEAEAECAAE@GDC@AAAC@ABAHEBC@CAAE@E@C@@AA@AA@A@E@EACAE@A@A@E@CE@@B@B@B@@@BABAAC@C@A@C@@@@B@@@@BBB@B@@B@@AB@@CBC@AB@B@@B@B@@@@B@@BBAB@B@@@B@@A@@@A@A@@AA@CAA@AAA@C@A@A@ABA@ADAB@BABAB@@@@AB@@AA@@B@@@@A@@AAA@C@A@A@@@AB@@BBBBDBDBBBBBBB@B@@AB@@A@AA@AA@@A@AA@AB@@AD@BAB@@AB@@A@A@A@@@CD@BABAB@@@B@BCBG@C@C@AA@C@G@C@CCCACCEEACAGCC@@@@@ABCAC@G@C@AAA@ACA@A@A@@BAB@B@B@B@BA@C@G@A@A@E@CAACA@EAE@EBCDCDGDA@CAAAACE@C@E@AAAAACAACCC@C@CBCBADCBCBABCBCF@DCBAFCBA@CAEAC@C@C@AAAC@AAECCCAEACAA@CACACAACAAAAACAECEEAI@KBM@GAA@CCAEAEAG@C@ACAA@C@CAC@ICC@CACCCACACCAC@AACAEAACACCAAACAC@E@C@E@CAAAACCC@C@A@CBABAB@@A@@@CAACCACB@D@DBBBDBB@@BBD@B@B@@BBDBDBD@D@B@@BDBD@B@@@BBBAB@BA@A@C@CACAC@C@AB@D@BABA@AA@A@A@AA@@AABABC@A@AAA@A@@BBB@BABABA@A@AAAAC@C@CAA@@AAA@A@AA@A@C@A@@@CCAAECACEAICE@A@KDA@GDEBGDC@CB@DDBADABABDNEHDFFBCBBHJ@@FD@BB@HCA@H@B@@AB@A@@ABBB@@@@A@@@@@@BB@@@@@B@@@AB@BBBB@@@@BA@@B@@A@CB@@@DA@ADC@AB@@CB@@@B@@@A@@@A@@A@@@A@@@AB@@@@@@AA@@@@@@@@@BA@A@@@@@@B@@@BA@A@@AAAA@@@@B@@@@B@@B@@A@@@CA@@@A@@@@A@@@@@@B@A@@@@@A@@@@A@@@AB@@B@@B@@@@@@ABAB@@@@BB@@@B@B@B@AAB@BA@A@AB@@@@@B@@@@A@BBA@@BBBB@@@B@@@BB@@@@DB@BB@@BAB@@AB@@B@@@B@@@@@@B@@@@@@@@@@@B@@@@@A@@@@@@AB@BBBA@@@@BA@@@@A@@A@@B@@@@A@B@@@@B@@@@@@A@@@@@@BBAB@@@AB@A@BA@@@@@@@A@@@B@AB@@@B@@@@@@@@@B@@@@A@@@@@@@@@A@@@@@A@@A@@@@@BA@ABB@@@D@@@B@@@AB@@@@A@@@@@@@A@@A@B@@@@@@@@@@@@B@@@ABB@A@@@@@@@@@A@@B@@@@@@A@@@@@AB@BA@@@A@BBA@@@@B@@B@@@B@@@@@B@A@@BBAB@AB@@B@@@@B@@@B@@@B@@@@@A@@@@@@@@A@@B@@B@@@@@@@B@@@@@@@B@@@@@@B@@A@@A@B@@@AA@@B@@BB@A@@@@@B@@@@@A@@B@@@@B@@@@@@@@@@@@B@@@@@@@@@@@B@@B@@@@@@@B@@@AB@@@@@@BABB@@@@@@@@BB@@@@@@@BBB@A@@@AB@@@@@@BB@@B@@@B@@@B@@@AB@@@@@B@@@@@BD@@ABCDCFEFADADADAB@B@D@HAD@D@NBAH@@A@@@@B@@@@@@B@@@@B@@AB@@BD@@@@@@@@@@A@@A@@AA@@BA@@@@A@@@@@A@@@@@B@@@A@@A@@@B@@@@@D@@A@@@@@@@@@@@@BA@B@@B@@B@@@C@@@@@@BD@B@@@@@@@@B@@@@A@@@@B@@B@@B@@@B@@@B@@B@@B@@BA@@BA@@@@@@B@@@@@@@B@@@B@@@BB@@BB@D@@@BB@@@@@@@@B@A@B@@@@B@A@@@@@@BB@@@@@@@@@A@@@BB@@@@@@AB@A@B@@@@B@@@@@A@@B@@@B@@@@@B@@@@@@@@B@@@@@@@@@@@@@@@@B@@@@@B@@@@@@@@@@@@@@@B@@A@@@@@@BA@@@@BA@@@@@@@@@A@@@A@@@@@@@@@@@@@@@@@A@@@@@@@@@@@@B@@@BA@B@@B@@@@@@@B@@@@@@@@@@@@@@@@B@@@@@@@@@@@@B@@@@@@@@@@B@@@@@@@@@@@@B@@@@@@@@@@@@@@@@A@@@@@@@@@@@@B@@@@@@@@BA@@@@B@@@@B@@@@@@@B@@@@AB@B@@@@@@@@@@@@@B@@@@@@@@@@@B@@@@@@B@@@@@@@@@@B@@@@@@@@@@@B@@@@@@@@@@@@A@@@@@B@@B@@@@@@@@@A@@@@@B@@@@@@@@@@@@@@@@@@A@@@@@@@@@@@@@@@@@@@@@@@A@@B@@@@@@@@@@@@@@@@B@@@@@@@@@@B@@@@@@@@@A@@B@@@@B@@@@@@@@B@@@@BA@@@@@@@@@B@@@@@@@@A@@@@@@@@@@@@@@@@B@@@@@@@@@@@@@@@@@@@@@@@@BA@@@@@B@@@@@@@@@@@@@@@@@@@@@@@@B@@B@@B@@@@@@@@@@@@@@@@@B@@@@@@A@@@@@@@@@@@@@B@@@@@@@@@@@@B@@@@@@@@@@@@B@@@@@@@@@A@@@@@@@@@@@@@B@@@@@@B@@@@@@B@@@@@@@B@@B@@@@@@AB@@A@@@@@@A@@@@@@A@@@A@@@@BB@@@@@@@@A@@@@B@@@@B@@A@@@@@@@@@@@@@@B@@@@@@@@@@@@AA@@@@@@@@A@@@@@@@@@@@A@@@@@@@A@@@@BA@B@A@@@@@@@@@@@@@@@@@@@@@@@@@@B@@@@@B@@A@@@B@@@@@@@@@@@@@B@@@@@B@@@@AB@@@@@@@@@@@B@@@@BB@@@@B@@@B@@@@BB@@@@@@@@@@@@@@BA@A@@BA@@B@@B@@B@@B@@AB@@B@BB@BA@@BB@BA@@@B@@@B@@@BAB@@@A@@@@@B@B@@B@AAB@A@BA@BB@BB@A@@@@B@BB@@BA@@F@@@@D@B@@@@@@@@@@A@@@@@@@@@B@ABB@@@B@@@A@@B@@A@A@A@@@@@@@D@@@@@@@@@BBC@@@@BB@@@@@@@@B@@B@B@@B@@BB@@B@@@@@B@@@A@@@BAB@@@D@@AB@@A@BAABA@@B@B@B@BBBB@@BB@@B@ABBB@@BB@A@B@@ABB@@@@@@AB@@AD@@A@@@@@@B@B@D@@A@@@B@@@@@@BA@@@@@AB@@@@@A@@@@BB@@@@@AB@@@@B@B@DABB@@D@@@@AB@@BBB@@BB@@BAB@BA@@@BBAB@D@D@@@B@BA@@@A@@@A@@@A@ABA@A@AAAAAA@@AAA@@@ADABC@@@A@A@@AC@ACACA@@A@@@@@@@AA@A@@@A@A@@@A@@BA@AB@AA@AAA@@AA@A@CCAA@@@AAAA@ABAA@@A@@@@AA@@@@@@@C@@@AA@CA@A@ABA@@AA@@BABA@@@@@@@@B@@AB@@@@@D@@@@@@@@@@@@@@@@@B@@@@@@@@@@@DBD@B@DADABABBD@F@D@F@DAD@DAD@FCFAH@BDDBDDD@D@F@DBD@J@DBBB@@ADBDBDDBF@L@F@@@BBBF@DHNDJ@FADA@ABADABCDGFC@CBCBC@E@I@ADABABCFGBCAIAA@C@E@BF@DDDDBJAHAHBBBDD@DDD@BBF@B@D@DCDEDCBABCBADCDCBCDABA@CDADABA@CBCBC@EBCD@BABAB@BADBD@D@BADCDCBEBEBEACBCBCD@@ABAD@B@B@D@D@B@F@@@B@B@@@BCD@DABABABABABAF@DBB@B@B@J@B@D@B@DGVABABC@CBCBABC@A@EAA@A@A@ABA@@B@B@B@DABABCHAFAD@BBBBBF@D@BBB@BBA@@BA@A@AB@B@@@B@B@@BBBBBBFDBDFDD@DB@@BB@@@@A@@BA@@@BB@@@BA@GFEDABCBA@C@A@A@ABA@@D@B@BBFBBB@B@@@DAFCB@D@BB@B@B@@@BABAF@D@BB@@BAB@BA@ABABABCBA@C@AAA@CA@@A@@BA@@B@B@BA@@@AAC@A@A@@B@@@BA@A@C@E@AB@BADA@C@@@@B@B@@@B@@@B@@BB@@@@BB@@AB@@A@A@@@AB@BBBB@@@@B@@@@A@@@A@@B@@A@@B@@@B@@A@@@A@CB@BABBDBDDB@@@B@@@@@B@BBB@BB@@@B@BA@@B@B@BFB@B@@@BB@B@B@@A@A@@@AB@BBDBBNLD@D@B@DAHCBAD@BBBBDF@BA@@BAB@BBBLNDDFBD@DADCH@F@DAFA@A@@BBB@B@@BBBB@D@D@D@B@B@BB@BBB@DB@BBD@B@D@@@HANA^CF@D@DBBDDRDFDDH@B@DBD@B@DADAFCDCD@JC@B@@BB@@B@FAF@B@@@@@ABCB@B@B@B@@B@B@@@@BB@A@@BB@@BB@B@B@BB@@@@ABA@@B@@@@B@B@@BB@BB@@B@@@@@@@@@@B@@@BB@@@B@@ABA@@BADBB@@A@@@A@AB@BB@@BBBAB@@B@@BB@DB@BB@@BA@@@@AC@AB@@AB@BAB@B@@A@A@@FADAF@B@BBB@DDB@B@B@@@BADEBCB@DADABA@ABABE@AAA@@AAAA@ABADAD@BABABCBO@CAACA@CACBABCBA@E@G@EAAEEAA@ABAB@DAB@BA@AACBCBABADABBFAB@BABAB@BAF@BADBD@FDB@@@B@BA@A@CBC@AFC@ABC@C@ABA@ABAB@D@B@B@BBB@B@DADCBADBF@B@DD@@B@BB@@B@@DBFBBABDB@@B@BAF@DAD@BCBADABBBBB@D@D@BABA@AHCBAJEBA@ABCBAD@DADABABCBCBG@AF@B@BA@A@@@AAC@@@A@@AAAA@A@AFEBCACAECAACBCBCDCFAHAF@HBF@DAPIDALCHAFAFBFBFBHBH@DBAHBFBDB@F@B@@BABADABBBBD@@FBD@BBDPFBBD@@BBBD@BCBKPAD@F@FCD@BABAD@@@B@DBDDDHF@BBD@BBBBBBB@D@B@DBBDBDB@@BADCBAB@D@@A@@B@BA@@@@@A@@@ABAB@B@BBD@D@@B@@BBABBBFBHBHADCBABA@A@AAAC@C@KDC@@@A@@A@CBCFABCBC@C@ABCB@B@DBF@B@B@B@@A@C@ADEDADAH@B@@BBDBDBBBB@@FBDBFBJBJBD@DABCBGBEB@BABBBDD@FAD@FBFBDAFAB@LFHBD@FABABABBBBBBBBB@BADA@BBBAH@B@BB@DABADEDE@C@C@CCAEE@@E@A@AAAABCFGBI@AAAECAC@ABCD@D@JDDBF@BABC@ABCBAB@D@B@BBBBHBBB@BBBFDNFH@BBLH@@B@@@DA@@@BBB@@B@@A@@@A@@BAB@@@BAA@@A@@@ABA@@@@A@@AC@@@@AA@@A@@BA@@@@AA@@@A@@AAAAA@ABA@AA@@AC@C@@@A@A@@AA@AAA@@@CBADC@AAC@ADAD@B@B@D@DDBBB@D@BA@@@CCAAA@ABALCFCDABCBAD@B@"],"encodeOffsets":[[109407,32260]]}},{"type":"Feature","id":"511325","properties":{"name":"西充县","cp":[105.893021,30.994616],"childNum":2},"geometry":{"type":"MultiPolygon","coordinates":[["@@B@@AB@@ABC@@@ABADAF@F@BAB@@BF@B@@B@@@B@@BBDBBAD@@BB@@B@BABGFAB@B@BB@B@FAFCF@D@@@@@@@B@BABABA@C@@BA@@BBDFB@B@@A@@BA@@B@@@DBBBB@BAB@B@BB@@@B@@D@B@B@B@B@@BBBBDBBB@D@BA@C@G@ABABA@A@CA@BCBEDEDIDCDAD@BB@@AB@BBBB@DBD@FHB@B@BABAB@BAD@B@D@@ABAACBABAD@BBFBB@D@D@@@@@F@B@DABA@A@@BAB@@A@@EC@A@@BCBCBA@@BABADAB@B@BBBB@@A@@BBBDB@@@@B@@@BA@BD@BBB@B@@@B@@A@AB@B@BA@A@@DAF@D@@A@AAC@A@A@ABADABAAA@CAA@@@CAC@A@C@ABABAB@@A@@@@@@AA@@@@A@C@CCAA@ABCDADBB@@A@C@A@ABABAD@BDDBBB@@@A@AA@@A@A@AB@BDB@BB@AB@@ABAB@B@B@B@B@B@@@@BB@BDDHDBD@FBD@FAD@HCDADABAB@F@B@DBDBD@D@FB@@B@B@@AB@@@@A@@@@H@B@B@B@BB@@@B@HB@@BB@B@B@@AD@@@@@@@B@B@DBB@FDFBFAF@@@BA@@BA@AD@FCB@B@B@@B@@@BBBD@DABBB@@@@B@BAFBF@BAD@BA@@@ADCBADABAB@HBBBBBBB@B@F@DA@@@@@@B@@A@@@CAABI@ABABAB@D@@BB@@B@BAB@@@B@@DBBB@@B@@@BCBA@AB@B@D@@B@@AF@BBB@@BBDBB@B@BBB@@A@@@AAG@ABAB@D@BABAB@B@@@BB@B@B@BBDBBB@BBB@B@B@DABADABABCB@BA@@BADCD@BBD@@BB@@@@D@@@B@@B@BA@ABA@A@A@C@@@ABA@@DAF@H@D@B@DABCDADAB@BC@ABABA@A@@BAAAACAA@@@@@CBABABADABAB@BADBDA@@BA@E@CCCAAA@CBCAEAA@CI@A@A@CBA@C@ACAEAIAAA@A@A@ABABAB@BAB@@@@@@AB@@@@@@@@@B@@@@@@A@@@@B@@A@@B@@@@@@@BA@@@A@ACACAA@ACBC@AB@D@HBHBD@DAB@BBBBDBVCBAB@AA@ACC@CAAAAA@@A@A@ABA@CBABABABAB@D@BDBBB@DADADAHCDAD@DB@@B@BBD@B@@@@ABE@ABADAD@D@DBD@@@BA@@@A@AB@@@B@@CA@A@IAA@@@AABA@CBA@A@A@AAAAAA@ABC@A@A@@BA@@@A@A@AAA@A@@A@CAC@A@CBAB@D@D@DAB@AA@IA@AAA@A@@ACCAKAA@@A@A@ABA@A@A@ACAA@ABABADC@A@@@A@AA@@AAA@AAAAAAA@@@@C@@A@AAA@@A@AAEAAA@ABAB@BBDBB@BAB@@ACAAAE@C@A@C@@@AA@@AI@A@ABCBA@A@A@@AAAAAA@A@ABA@A@@AAC@A@CA@ABCEO@@ACAAEEAC@@AA@AAAC@ABAB@B@@@BCBA@A@ABAA@@A@AAAA@ADCBCBCBY@GDGFCBCB@@A@@@A@ACGACAAACAAACCAE@A@C@A@CBCACCECECCAEACAAAC@ABAB@DCBCBA@C@CA@CAA@@@C@C@AAA@C@@AAC@C@A@C@ACAA@CBEDCBCDA@ABA@C@A@AACCEACCCA@C@A@AABA@A@@A@@A@@@A@@DC@A@ACCEAEACAAAA@@@CCCAC@CCA@AC@CBABA@C@AACACAACACBCDEDCDCDCBCDA@CBEBCBCBCDEFCDCDABCDABADADADABA@C@@@A@AA@@@@ACAACEAAACA@AAGAE@E@IBACA@AA@C@A@A@ABABA@A@@@AA@A@A@@@CDAN@FADADADA@@BA@@BAB@D@B@B@@EDIBM@A@C@AD@D@JADAB@@@@@@@@A@@@@@@@@@@@@@@@@@A@@@@@@@@@@@ECCECAE@EDC@C@EAGBCBE@EAEAEAEBCDC@KCAAAC@EAICAEACAAAAC@CBADCRCDABA@CCCG@E@EBGBA@@BBB@BAB@@@B@@@BB@@@@@@@@@@BB@@@@@@@@B@@A@@@@@@@@@AB@@A@CBA@@@@@A@@@@@@@A@@@@@A@@@@@@AA@@@@@@@@A@@@@@@@A@@@@@@@@BA@@@@@@B@@@AC@@C@KGAAA@C@A@A@ABA@AAAA@@A@A@@@AB@BABCBCDABABCFAD@BADABABCBA@C@C@CAC@C@C@E@EBCBC@ADAB@BBD@FCBCBCB@@@@EDAB@@CB@FAB@F@DADA@A@CAAAAAA@A@@BABABC@@A@ABA@C@A@AAAAACAC@A@A@C@@@A@@AAA@ABA@CBABA@@AAA@EAE@CBCBCDAD@B@B@@BB@DB@B@@BBBAH@D@BBFAFABCBG@G@CBGFGPAB@BA@@BAB@BAB@BAB@@ABA@ABAB@@ABAD@H@@C@A@A@C@A@C@AD@B@D@@@B@DBDADABCBCB@B@B@DD@DBF@FDBBBDB@@B@BBBB@D@BBBBBBD@B@JAJ@D@FAFAB@HAB@DBD@DBDBBBBDABA@A@ABAB@@BBBB@D@DABCB@B@B@BDBD@FBF@D@B@BABADAFAD@DAD@B@BBBDBB@B@DBBB@DBD@B@B@FDBBDB@B@DBDBBD@BBDB@BBD@BAD@D@D@F@F@FAD@D@@B@B@DB@@BBBDAB@BCBEDCBC@@BABBBB@BAB@DBB@BBBBBDBDDBBD@BBFABAFADCB@BCBCDADAD@DBDBDBDBBB@BA@AAI@CBA@@D@B@DDBDBB@DDL@@@BAB@@CBC@A@@BAB@D@D@B@B@D@BADCD@B@BB@B@DBB@DB@DBB@D@DADABCBAD@B@BDBBBABCDABABA@ABAB@B@DABA@ABABAD@B@F@@@B@@ABA@@@AA@@AAAAA@@@A@CD@@@BAB@B@BA@A@@@AA@@AAA@ABA@A@A@@@AA@@A@@@A@ABC@@@@BC@CBAA@AAAC@A@CBADAD@D@D@@@BB@B@BBB@@B@BAB@BCB@BADBB@BB@B@B@B@D@@@B@@@B@B@@AB@B@B@B@@B@BB@@@BB@@B@@BBBA@AB@@A@AB@BA@ABCAA@CAA@ABA@@B@BB@BB@B@DABAD@D@D@DBDABADABBBAF@DAFADABABCBADADBD@BDBBBBB@BBDBD@DBBB@@@B@DBB@"],["@@@A@@AAC@A@ABA@A@BD@AB@@@@@B@B@B@B@@@@@B@@@"]],"encodeOffsets":[[[108216,32001]],[[108309,31639]]]}},{"type":"Feature","id":"511381","properties":{"name":"阆中市","cp":[105.975266,31.580466],"childNum":1},"geometry":{"type":"Polygon","coordinates":["@@B@DAB@B@DCDABAHCDAD@D@B@BBDJDDBDDDDBB@DBDDDBBAB@@A@A@O@ABCHCFIBABC@A@A@ACAAC@@DAD@J@B@HAB@BCBC@ABGBA@ADCBCFCDABADA@ABABC@A@CDABABBB@B@B@B@@A@@AA@A@A@C@ABABA@AB@@AD@B@B@DBDBD@B@D@BA@ABABAB@BAD@BBB@BBBBBB@@D@B@B@@ABA@A@@A@CACAAAAA@C@ADCBAB@BAB@@AAA@AAAA@A@A@@BCBA@AAA@@A@AB@@ADAD@BABAAAAAGA@A@A@@B@B@F@B@B@@A@A@A@C@ABCB@D@DAD@@A@A@AACA@@ABA@@B@B@B@DBB@BAB@@A@E@A@ABAB@BABADAB@BB@BBB@BBB@DAD@BBBBAD@B@D@BBDBDBDBB@D@BB@B@@CBA@CB@@AB@DABCB@BAD@BBBBBB@D@@B@D@DDBB@D@FADEFMDEDCNILEJ@FBBB@B@F@D@DDBJJDDBDBB@D@BCFEDEBABAB@DDJBBD@F@HAH@F@HBHDFBHFJDDBD@BAB@BAB@@ADIBCB@BAB@D@D@D@B@BBBB@DDBB@BBBAB@B@BADABA@BBBAFADABBB@BD@DBF@DBB@BB@FDFFBBBBAD@B@^FBBD@B@BADBDBDBDBD@D@D@BDDFBDBBD@F@H@FAFAF@B@D@D@B@D@D@B@DBB@BB@BBB@BABC@ABEBCBGDCB@B@@BDTFHFJHVPDBDFBB@B@BADAB@D@@@@@BB@B@B@B@D@B@B@BB@DCF@B@BFF@B@B@@@BBD@BBBBBDBDBDBFBD@BB@@BBBBB@@@BBAD@BADAD@BBD@@AB@BCD@@A@ABAB@@@BBB@BB@ABC@@@@BDBBB@B@@@@@BAACAAAC@AAAB@@ABA@C@A@BDBDBDBFBD@BADDBD@BBBB@BCHBFBD@DDBBBDBBD@L@@@B@BBB@@BB@@BBBBB@BA@A@ACA@CBCBADEBK@A@ABA@ABA@AB@@AD@DBB@HDB@FAB@@ABAAAAA@@@AB@B@BA@A@@DB@BBBBBBBB@BBFDFBBBD@FAB@D@BBB@DBDBDBBBDBBBD@B@B@D@D@B@BAB@BA@A@GAG@ACCACCAAA@AACBC@C@EBGDIBADCDAB@DADA@@FABABIBABABAB@D@BBFFDBBBBBFBD@D@D@DAD@DCBAD@D@BBBB@B@B@DDBDDD@B@@@B@@@@AB@@@B@@@@A@@BA@@@AB@@@B@B@@A@@@AB@@@B@@@@ABABA@@@@B@@@@@B@BBB@@@@@B@@@@@BB@@@BAB@BB@@BBDB@BBB@@@@B@B@B@BBB@B@B@BBB@B@B@BB@@B@DAD@BAB@B@B@B@D@DADCBBBB@BBF@DBFBBBD@D@@ABABABCBCFCBB@@BB@B@BB@@BB@@AB@@AB@B@B@BB@B@@AB@B@@@@BBBF@@B@@BB@@BB@@B@@@@BBB@@BBB@@B@@@BB@BB@B@@@B@BAB@B@B@B@@@B@@@B@@@B@@BB@BB@@B@@@@@BB@@@@BB@@BBB@@@@B@B@@@@@B@@BB@@@BB@BBBB@@BB@B@@@@@@AB@@@@@B@@@@@@@B@BB@@@@B@@@B@@@B@@@B@@B@@@@@@BB@@BB@@@@@D@BA@@D@BAB@B@B@DBBBD@FBHADAD@BABA@A@AACAEAABC@E@ADAFAD@BBBBDBBAB@BABABABABA@AAABCBCBC@CBA@C@A@CAAAA@A@A@@BCDADCBADBFBDBDB@@BBB@@ABB@ADC@C@ABEBABCBAFC@AA@CAAA@@@AB@BAB@@@BCBC@ABIBCBAFGHEBADGBABABCDABA@A@AA@G@CBE@EBCAC@EG@CBCFCB@BA@G@AACAAAAAAAABC@EACAAAAAAA@A@CDABABG@ABCBA@EAA@ABAB@D@BA@C@CA@ABE@ABCDC@ABAACAACCAAAA@CAAA@C@@A@A@A@AAAA@GACAAAAC@A@A@@BEB@BADAHAB@BADCBAB@DALCD@B@B@@@FCBAFCDA@@BABA@@AA@@BABA@@AA@@@A@@@A@@@AAC@@BAB@B@B@BAB@B@BA@ABAA@@A@@AA@A@@@A@@@@@A@@A@@A@@@A@@@@@@@@A@@@AAA@@AA@A@@@@@@AB@BA@@@@AAA@A@A@@AA@@AB@A@@A@@A@A@@@@A@A@ADABA@@@@A@E@EBA@@@AA@@@AIDC@CDEDCBCBA@C@CAA@G@CCCECQACCAC@E@]DMBGB@@C@A@C@AAA@@CAA@AAAA@A@C@C@C@A@AA@AA@A@AA@@@BEBCBE@G@CDCBC@EACCKMAA@ABA@AB@@ACEAAAAC@ABGDCBA@C@C@MKAAAC@ABA@@B@B@@@@A@AAA@@A@A@AEA@A@@@ABA@@@A@@AAA@A@A@@@@@A@@CAACACBA@ADAB@@@B@@@@A@@@AB@@@@AB@@@B@@@@@@A@@A@AA@ABA@@B@B@@@BA@@AA@@@@AA@@@A@@@A@@@A@A@@D@B@BC@ABAF@D@B@B@@A@@@AB@B@D@BB@@B@@A@A@AB@@AB@@@DBB@BBD@B@DABABABAB@@ABA@AA@@A@CBEBA@A@@@A@AAAC@A@EDCB@@A@A@AAAE@A@A@CB@BAB@B@D@B@DABAFCHEB@@A@@AA@@B@@AB@@@@@AA@@CAC@ECACECAAAAAA@@@A@A@@@ABAB@B@@AB@AAA@AAC@E@AAAA@ABCBEDGBABA@C@A@A@AB@BAB@B@B@FBB@D@BADADAD@BABAHU@C@A@C@A@I@A@AAA@CBEBABABABABA@CDCC@A@A@A@A@AB@BA@A@AACAA@A@AA@C@K@AAAAAAAAAB@@ABA@A@@@@AAA@A@ABA@@@AB@BA@A@@AAC@E@A@E@A@@AAA@EAC@@@C@C@CBABCBA@@A@AB@FCBA@A@@@A@AAE@@C@C@A@ABCBCBCBCBCBABA@C@A@CACACCCCCCECECCCA@CAEDE@GAC@A@A@@BAD@BCDA@GBCBC@A@AACAGIAAAA@@ABABCBE@EBE@EAEAA@CBEBC@E@A@A@ADAF@FBD@D@D@@ABA@A@EA@@A@@AAA@ACCC@G@C@CBC@E@AACGCA@CACAC@@ACC@A@A@ABA@A@@@GGAACCEBA@CAGCECA@@@@A@@@@@@A@@@@A@@A@@@@@@@@@CBC@@@ABC@AA@@AACACACAA@E@C@C@CAAAA@EAYCIBA@A@@BA@ABABCLAFAF@H@BABC@C@A@E@OCA@CACBA@E@A@C@ADABADCBCBE@EBC@EBA@@@AACACAC@A@A@A@@ABABA@AAA@A@AACACAAACE@C@ABAB@BA@CAAAAAC@@@@BABA@E@A@AA@A@A@C@AACACCAEAA@A@@A@A@A@A@A@CBA@@@A@A@@CEAA@A@A@A@ABA@@AA@A@AB@B@BA@@AAAACAC@A@AAAA@AAAA@A@@AAA@@@AA@A@AA@@A@@ABA@@BA@@BB@A@@@@AA@@A@A@A@AB@DA@CB@@A@AACAA@ABA@A@A@CC@@CAA@CBABCBCBCBADAB@B@@@D@BBDABC@A@CAC@AACCIICAABCBCBABA@@B@DBBDBBBBDABHLB@BBD@BBB@HBD@B@@D@B@BCBC@E@CAC@A@@@C@@BAB@D@D@FADABABEFCDC@C@E@AC@C@AAAA@AAACDADCD@@AB@@AAACACC@@E@CD@BEDADAB@B@BBB@B@@@@BF@D@B@B@DABAD@DABCB@@A@A@@@AB@@A@@BA@CAA@A@A@AB@@A@C@E@CAAAAA@@@@A@@BCBABCBABC@CBAB@B@D@B@FB@DBD@D@JADBD@BDBD@@AFCDAB@DCDAFCDADCDCBA@CBA@AAA@@CBADCDAB@@AAAA@G@GAE@GACACAA@ABABA@CBADBD@B@DBBADAD@BBDDDFF@BBBBBB@FDNBBB@B@DA@ABIBCDABADM\\EDCD@DBBBBBHBDDD@BBFBBBB@@B@B@B@DABADAD@B@BB@B@@CBAB@@@BB@B@B@HAD@B@BDHL@@@F@DAF@DAD@DCDAF@DBB@DBB@D@DCDABEACAAAA@C@@DCDADCDCAAAAECC@CCCE@CDABABEDCBC@C@CAACBABCBA@CAACCCACAC@CAA@EBCDADCDEDCDEBEAI@GAYBI@E@AD@@AFADCDCBC@CAGCAB@DBD@D@BADC@C@C@GB@DBF@DCBE@GBCACD@D@BBDBDADE@E@ADBBDB@@BBB@@BBBB@B@B@@ABABABC@ABC@A@C@A@@B@@@BBBB@D@B@B@D@B@DAD@DADAFCBCBABE@CBCBA@@B@B@@BB@D@BBB@D@D@B@BBBBBBB@BBB@B@BBBBDBB@B@B@B@D@BBDBDB@@@BB@B@B@BB@F@B@@@BDB@F@B@B@@@BAB@@ADD@@@B@B@@BBBBBB@B@BABCBAB@B@B@BB@BBF@D@BABAB@B@@BBBBDBD@D@B@BCB@BCBABAB@BBB@DBBBBBD@BABAD@BAD@BBD@@@@BBDBDBB@BD@B@DAD@BABCFADAB@@AD@B@B@F@DBDBDBB@@D@D@D@"],"encodeOffsets":[[108270,32489]]}},{"type":"Feature","id":"511304","properties":{"name":"嘉陵区","cp":[106.067027,30.762976],"childNum":3},"geometry":{"type":"MultiPolygon","coordinates":[["@@B@B@BAB@D@BB@@@@BA@AAA@AB@HAFAF@H@DD@DABCBQDCDAB@DBDBBDBFBDBBJ@FBDBBLDD@DCFAFBFBFBF@DAHAFBD@D@FCF@DBDFFD@@@@@@@@@@B@@@@@@@@@@@@@@@@@B@@@@@@@@@BABC@I@CBCD@B@N@JAFC@@@A@A@CBA@AB@@AB@BCBCBC@EBMDC@@B@B@B@@B@@@BABAB@B@B@B@DBBB@BDJAF@F@HBBBB@BDBBDFBBBD@@@@BBB@@@D@B@BABCBCBCBADCBADCDCFEDCDADAFADAB@DCDADCDCFCDCDADBBBBDBD@B@DABAB@DBDB@DDD@DBDD@@B@B@B@B@BAD@@@B@@@BA@@B@@@@@B@@@@@@A@@@@@@BA@@@A@@@@@A@@@@B@@@@A@@@@B@@@B@B@@@@@@@B@@@@A@@B@@@BABA@@@@B@@A@@@@B@@@@@@@B@@AD@B@@@@A@@B@@@@@@ABABABA@@@@@A@@@@@@@A@@@@A@@A@@@@@@B@@A@@@@@@BA@@BA@AB@@@@@@AB@@@@@BA@@@@@@B@@@@@@@B@@A@@B@B@F@@AB@@@@@@@B@@@@@@A@@@@@@@A@@@A@A@@@@D@FAB@@@@@B@@@@@@AB@@@@@@@@A@@@@@@@A@C@I@AB@@@@A@@@@@@@A@@@@@@BABA@@@A@@B@@@@@@@@AB@@@@@@B@@@@@@@@@@@B@@@@@@@B@@B@@@@@@@@@B@@A@@B@@@@@@@B@@@@A@@@@@@@@@AA@@@AC@@@@@@@A@@@@@@@@@A@@@@@@B@@A@@@@B@@@@@@@B@BA@@@@@@@@B@@@ACAA@C@ABC@@@@B@@B@@@@@@B@@@@@@BB@@@@@@@@B@@@@@@BB@@BF@B@B@@@@BB@@@@@B@@BB@@BB@@@@@@@B@@B@@@@@@@B@@A@@@@B@@@@@@@BA@@@@@@@A@@@@BA@C@ADK@@@@BA@A@@B@@@@A@@@@@@B@@@@@@@B@@@@@B@BBB@@@B@@@@@@@B@@@@@B@@@@@B@FA@@@@B@@@@@@@@@@@@A@@@@@@@@@A@@@@@A@@@A@@@@@@@@@A@@@@@@A@@@@@AAA@AA@@A@@@@@@@@@AA@@@@@@@A@@@@@A@A@@@@@@@AA@@@@@@@AA@@@@@@@A@@@@@@@A@@@@@A@ABA@@@@@A@@@@@@@@AA@@@@@@A@@@@@@@@A@@A@@@@A@@@@@@@@@A@@@@B@@@@@B@B@@@@@B@@@@@@@BA@@@@@@@A@@@@@@BA@@@@@@B@@@@@@A@@B@@@@A@@@@@ABA@@@@@@DA@AB@@@@@@@B@@A@@@@@@@@@@AA@@@@@@@@AA@@@@@@A@@@@@A@@@@@@A@@@@@@@@@A@@@@B@@@@@@@B@@AD@BAB@@@@@B@B@BADADAD@@@D@B@@BB@@@@BB@@@@@B@@@@@@@B@@@@A@@@@@@@@@ABA@@@@@@@A@@@@B@@@@AB@@@@@@@@A@@@@B@@A@@@A@C@@@@@A@@@@@@BA@@@@@@@@B@@@@@BA@@@@@@B@@@@@B@@@B@BB@@@@B@@@@@B@@@@@@A@@@@@@@AB@AA@@BA@CBABABA@@BABA@ABA@@B@B@B@B@B@@@B@@@B@AGAGIOEECCAE@E@EBADAD@FAH@FAD@F@F@D@F@D@DADCDABCDEDEDGDM@EBI@GCMCCAAA@AB@@BBCPABAFELKHA@CDCDA@CACAAAAA@ABABAAAAAC@IAGAEACCA@AAAACCEECCEICCAACCCAACAA@CAGBEDEDCBEBCBCBCDABADAB@FAH@JBFFFDHFDDFFHFBBBDBDD@D@B@BABAB@BC@CBA@CBCBEBCDCBCBC@CAAAACAC@CAC@A@CC@A@E@CBABCFC@C@ADAD@HGBCBE@AAEAECACCECAA@@@ACECGACAA@C@ADIBA@@B@B@B@BEHGDEBAB@@@B@F@@@B@DDHDB@@@BA@A@@@AEC@@AA@@BA@@@@B@@A@@@ABA@AB@B@@@B@B@B@@@BA@@@ABA@@B@B@DBBB@ABA@A@AAAA@@@A@@AA@AA@@@@AA@@AA@@A@@@AA@@@AB@@A@@@@@AA@@@@@@C@C@AAA@AA@@AA@@@@AAA@@A@AA@@@@A@@@@@A@@@AA@@@A@@@@@AB@@A@@@A@AA@@A@A@@@A@@@A@@@A@@@@@CCACA@@AAA@@AA@@CAEB@@CBC@E@AAC@C@CACAC@CAAAACACAA@@@AAA@C@A@ABCBCBC@ABA@CAAAAA@E@AACAC@@AAA@ABAB@BABA@A@@@A@@@AAAA@@AAA@ABA@A@@@@@@A@@@AB@AA@AA@A@C@C@AB@@ABAB@B@B@BBB@B@BA@@@A@@A@@A@A@ABA@C@C@C@A@AB@B@@@BBB@@BB@D@B@B@B@@A@A@@@A@A@@@A@CBA@@@AAA@AAAAA@A@A@@B@B@B@@BB@@B@BA@@B@B@BB@BB@@BA@@B@@@@CBABABABA@@@A@A@@AAAA@A@@A@@A@@A@@AA@@@@BA@A@A@@A@@@A@A@AA@@BA@@@@@A@@AAA@@@AA@@@ABA@@DA@@B@@A@@AC@@BC@@@AB@@A@@@@@@@@A@@@A@AA@@AA@@@A@ABAA@AA@@@@@ABA@@@A@@@A@@AAAA@@AAA@@@@AB@A@ABA@ABCBABC@A@C@A@CAA@A@A@@B@B@B@BABABABC@@@C@@AAAAAAACCA@A@A@CBA@CBEBC@C@A@AAAAACACCCACCAAA@@A@CD@D@DBH@DAFCDCD@DADADADCBAFCF@DA@@B@@ABC@A@AAA@CBA@AA@@@ABCBCBABADCBA@A@A@A@@CAC@AB@@A@@@ABCDCBCDADCFADADADCBAAAAAA@ABCBCA@AAA@CBCBABADCDA@A@AAA@@C@A@CAABEBCBCBAD@BABABABCBA@ABAEAAB@BA@A@@@C@A@@@A@@@CAA@@@@CDAB@MS@@C@A@A@C@ABA@C@AA@@BCB@@C@ABC@ADABAFADAF@B@D@BCAAAAACA@AAA@CBAA@AAA@AA@A@CBE@EBCB@BABA@A@A@@C@A@@@CCAA@A@C@A@ADABADCBABABCBAB@B@@@BB@BBDBFBDBDBBBBB@B@BAB@B@DBBBB@D@DAB@DAD@@CDABA@AAA@@AA@A@CAC@ABA@ABABCBC@CAAACE@CACAA@CAAA@ABC@EBCBEDADCD@DADBF@DDFDDDBDBDBF@DBD@BB@DBB@D@D@DBB@DBBBDBBBFDF@DBFDDBFBBBBBD@DBD@DADADABADCBABCBCBE@CBC@CAE@ABAB@B@D@B@DAB@BADABEDC@C@C@A@ABAB@DABAD@BEFAFAFCDADEDEDAD@DAB@DBFBH@F@B@BCBCBC@C@EBC@CBABABBD@BBB@DBB@DABABABBB@BB@BDBDDF@DBBADADADAB@DA@ADAD@BADABA@ADAB@DB@BBBABB@B@B@B@@ABCAAB@B@DAD@BADA@ADBBBBBDBD@D@BBB@B@@ABAB@BA@B@@B@D@D@DE@CBCBABAB@D@D@F@H@F@F@BBDBBBB@B@BA@ABAD@D@B@DABC@C@A@ABCBAF@B@D@DBDBDDBBBDAD@B@@B@BAB@BCDAFCDAFABAF@FADAFBB@DB@DBB@B@BB@B@B@D@@DBBBDDDDBFBD@FCBA@CBE@E@CBADADBDBB@BBD@D@BADEDABA@CBCBCBGHEBEDADEBC@A@ABAB@DBBBBD@@D@B@DADABA@C@A@CAC@C@A@@B@BFBFBDB@BABABABA@AAEEAAC@CBABBD@BBD@BABC@C@C@A@@BCFADAHABBB@BB@@@@@@@B@@B@@D@D@D@F@DBB@BBB@@DCBAB@D@B@FB@B@@@BBBBB@BAB@B@D@B@BBLHD@@@"],["@@@@A@@@@@A@A@A@A@@@@@A@@B@@A@@@@@@@AB@@@@@@@@@B@@@@@@@B@@@@@@B@@B@@@@B@@@@@B@@@@@@@B@@@@@B@DAB@@@BA@@@@@@@@B@@@@A@@@@@@A@@A@@@@@@@@A@@A@@"],["@@B@BABBBB@D@B@B@BB@D@@ABA@CB@B@BAF@DBD@B@DAB@BA@C@@@A@A@C@A@A@C@C@A@C@A@@CB@@ABGDABC@A@ABAA@@AACACAA@CAABABAD@BBBB@BBD@@@@BABCBCB@ACA@@AAAA@A@C@C@ADEBC@A@A@AAC@AACA@@@A@C@A@A@ADB@@B@B@B@B@DCBADABABA@A@@BNT@AD@B@D@BB@@BB@B@@FB"]],"encodeOffsets":[[[108302,31638]],[[108309,31639]],[[108470,31226]]]}},{"type":"Feature","id":"511321","properties":{"name":"南部县","cp":[106.061138,31.349407],"childNum":2},"geometry":{"type":"MultiPolygon","coordinates":[["@@@@B@@@@@@@@A@@@@AB@@"],["@@@@@BAB@B@BAB@B@@ADA@@BB@B@B@BABAB@B@@BB@@B@B@BB@DBB@BB@B@@@L@@ABABCBAB@B@BB@BAB@DAB@F@B@@BDF@BB@B@@@@A@A@AB@BAD@B@@@@B@FB@@BDAB@@@B@@ADC@ABA@AB@B@FBB@B@@AB@@ABE@A@CBADADAD@B@BD@@B@D@DA@@BAB@@AB@DAF@BBHFDBDBF@HADAHAF@BBBD@D@F@DBBBDDBHBBBB@D@FBD@DAB@DA@C@AAA@A@C@ABA@@DKBC@E@AAA@ABAFE@CB@B@@@BBDD@@B@B@DAB@B@@B@BBB@DBFBD@DBBBBAJABABAB@@@BBBBB@B@D@B@DBBB@DBD@BBB@DBD@F@DABB@@BB@DABABEDCBC@@D@BBBBDB@BBB@DDDBD@FBD@BB@BBB@@BB@B@B@B@BBBB@DABABABCBA@C@E@CBABAD@B@B@DBB@D@B@D@BBBB@BAB@@@BBBB@B@BABBHBDBB@B@@@@A@A@E@CBADE@@B@@A@@CAAABCF@F@BCACAC@A@CDCDBHAF@DA@CAE@CHAD@D@D@BC@A@CAC@CBAHDDBD@DADCBCBE@@BCF@J@ZAHBJ@FBFADCFCDCBCDCFAB@DBD@DBDBDDBB@DABADABBDDBD@D@DAFCBABADCF@DD@DDDBFBBDBDCBCDC@CD@B@BBDBFBBADC@C@CAA@CAA@CBEDC@CBC@CBE@C@E@@GKACA@C@GBA@A@A@@A@@BADA@@@AAAA@C@CBABCBA@A@A@@@AAAAAE@ACCACAGAAAA@CDCFCN[BCBADCJABAB@@C@AAAMAECA@AAAA@AEECCAC@ABCBCAA@C@AACBCDAB@BABAB@DBDBHBF@HBH@B@BB@BA@CBCDAB@DB@BBB@DAB@DADCBCDCBEDC@CBADCBE@@ACACC@CAIBC@C@CAA@@E@A@C@ABADAD@BADABADA@AB@@@@@BBBBDBF@D@B@@@BAB@B@B@DBB@@AB@@@BA@@B@B@@@DABA@CBCBA@C@A@A@CAE@@@@@AAA@A@ABABCFC@ADCF@@@DDDBBB@BA@@BC@CDCBBDBBB@BB@B@DBDF@D@D@DCFEBABABC@E@C@CBA@AD@@@B@D@DBF@D@DA@A@A@CA@C@GAA@AAC@AAA@GKBAACAACAAA@C@AB@BADADABADBJJDDBBD@DBB@D@BAAC@A@C@@@ABABCDADADABADAB@DB@@DDB@B@B@BAB@DBBBB@@@DAB@@CBAB@B@B@@@BB@@@@@BAA@@AB@@AB@BB@@@BBB@B@@B@@BB@BB@B@BB@BBBBBB@D@DBBBBB@@ABA@A@@B@BBB@@AB@B@B@B@BBBDF@@@B@B@@AB@D@B@B@B@B@BB@B@FBDBBDBD@B@D@B@BBBB@F@B@BA@A@@D@BBBBDBB@@ABABAD@F@BDBBBDBD@B@BBB@BABAB@BB@B@B@D@DBDBBB@@B@FAD@FAF@DADABCBABCD@B@F@B@DADBB@PDF@B@D@D@BA@A@GBEBEDKBABAB@@AB@B@JAZDFBB@BBDBD@D@F@B@DBDBDBBB@@BBD@BA@@D@DA@@@@@@@@B@@@@B@@B@@@@@@@@B@@B@FDHDDBB@FADDBBHH@@B@B@BAB@B@D@BD@@BDBD@DDBDHBBF@D@DAD@H@D@DD@BBB@BB@@@FBB@B@BA@@@C@CAC@EBEBCB@B@F@D@FADAB@FBFBF@FAF@DABABA@@BBBBHJDBBBB@D@DAHAB@DC@ABC@AB@B@D@HBF@FCDBB@DDFDFDDDDDDDDBDBB@D@B@BADADADADADABAB@D@D@@@BF@B@B@@@BABEDA@@B@BB@DABADAD@D@@@D@FBB@BB@@@B@F@B@FBD@BB@B@@ABA@@B@BAB@B@BB@@@@@BAB@BA@BBBBBBBB@B@L@DBBB@B@DBBBB@B@@ABAB@B@B@B@D@@A@@@A@A@@@E@A@C@C@A@ABCBA@@DCDADAFBFAFADADCBC@A@CACBC@ABABA@ADCFAD@DADAB@BABCDCB@BADCDADCBCDABADAFCDC@C@C@AAE@ACC@CCCAAGAGBIBCACC@CAEF@D@B@JBDBHADEBABABCJ@F@D@DADAD@HEDCBABCBAB@BC@ECIGM@CAEAA@@E@K@E@CAACACBC@@AACAI@C@CAE@C@C@CCCAACG@EBEDC@CBC@CBE@C@E@C@AAABCBCBA@C@CA@@@@@@@@@@A@@@@@@@@@@@@@@@@@C@@@@@A@@BA@@@@@@@@@ABAB@@BB@@AB@B@BDBB@@B@@@D@@@@@@BB@@@@@BB@AB@BBBBB@@B@DB@D@BBB@@BB@BBBA@@BAB@@@B@@@B@B@@@BBB@@@@@@B@@@DBDB@BBD@@@B@B@@ADCB@B@@BB@BB@BBBB@B@BAB@B@B@@@B@@@B@@ABA@@@C@C@A@AB@A@@ABA@AB@@AA@@AA@AA@@B@@C@@@AACBA@A@@@@@BA@@@@A@@A@@B@@@@@A@@B@@@@AB@@@@@@@A@@@BC@A@A@@@@@@@@BC@@BA@@B@@@@A@BA@@@A@BAA@@AABAA@@@AA@@AAAAA@A@A@@@ABBB@A@BA@@BC@@@A@AB@@B@@@A@@@@@A@@@AA@@@AA@A@@@@A@@@@@@A@@A@@D@AA@@@@@@@@C@@@@@@@B@B@B@@@@AB@@@A@@@A@BAA@@@@@@@@@B@@@@@@@@@@@@A@C@@E@@@AB@@AAA@@@@@@BAAA@@AABB@A@BBA@@@@A@A@@@@@B@@BA@A@@@A@@@A@@ABA@@AB@@AAAA@@@BA@@@AA@@@@AA@@@AB@@@BAB@@@@@@@@@@@@@@AA@@@@@A@@@A@@A@@A@@A@@@@@@@@@@@A@@B@@A@@@@@A@@@@@@@@@@@@@A@@@B@@@@A@@@@@A@@@@@@@@@@@@@@@@@@@@@@@@B@A@B@@A@@B@@@@@@@B@@@@@@@@@@@B@@@@@@@@@BB@@@@@@@@@@@@@A@@@@@@@@@@@@B@@@@A@@A@@@@@@B@@@@@@A@@A@@B@@@B@@@@@@@@B@@@@B@@@BA@@@@@@@AA@@@@@@@A@@@@@@@@A@@@@A@@@@@@@@@@@@@B@@@@@@@@@A@@@@@@@@@@@@@@A@@@@@@@@@@A@@@@@@@@@@@@@B@@@@@@@@A@@@@@@@@@@@@@@@@@AA@@@@A@@@@@@@@@@@@@@@@@@@@@@A@@@@@B@@A@@@@@@@@@@@@@@@@@@@@@@A@@@@@@@@@@@@@@@@@@B@@@@@@A@@@@@@@@@B@@A@@A@@@@@@@@@@A@@A@@@@B@@@@@@@@@A@@@@@@@@A@@@@@@@@@@@@@@@@@@AB@@@@@@@@@@@@@@@@@@@@@@@B@@@@@@@@@@@@@@@@@@@@A@@@@@B@@@@@@@@@AA@@@@@B@@@@@@@@@@@@@@A@@@@@@@@@@@A@@@@@@@@A@@@@@@@@A@@@@@@@@@@@A@@@@@@@@@@@@@ABA@@@@@A@@@@@@@A@@A@@@@@AB@@@@@@@@@A@@@@@@@@@@B@@@@@@@@@@@@@@@@@@A@@@@@@@@@@A@@@@@@@@@@@@A@@@@@@@@@@A@@@@@@@@@@@@@@@@@@A@@@@@@@AA@B@@A@@@A@@@@@@@@@@B@@@@@@@@@@@@@@@@@B@@@B@@@@@@@@@B@@A@@B@@A@@@@B@@@@A@@@@@@@@@@@@@@@A@@@@@A@@@@@@@@@@@@@@A@@@@@@@@@@A@@@@@A@@@AB@@@@@A@@@@@@A@BBA@@@@@@AA@@B@@@@@@@@@A@@A@@@@B@A@@@@@@A@B@A@@@@@@A@@A@@@CAA@@AA@@A@@@A@@@@@@@A@@@@@@@AB@@AB@@@AA@@@@A@@@A@@@AA@@@@A@@B@@@@@@A@@@@@@A@C@@A@@@@D@@@A@@@@AA@B@@A@@@@@@@@@@B@@@@C@@@@@A@@@BB@@@A@@@@@B@@@@@B@@@@@AB@@BB@@@BB@@@@@@@@@@@AC@@BA@@@A@@A@@@@@@@@A@@B@@@BGMAC@C@GBC@A@A@CBCBCBEBEFCDAD@BC@@A@@@@@A@@@@BA@@A@@@A@@@A@@@AA@@@@@@BA@@B@A@AA@@@@@@A@@A@@@@@@A@BA@A@@@@A@@B@@@A@@@@@@@AA@@@@@@@@@@@A@@@@@@@@@@@@@@A@@A@@@@B@@@@@A@@@@@BAA@@@AB@@B@@@A@BB@@@@A@@@@A@@@@@@@A@@@@@@@A@@@@AB@@@@@@@@@@B@@@@@A@@@A@@@A@@A@@@BAA@AB@AB@A@@@@@A@@@A@@@@A@@B@AAB@@@B@@ABA@@@@B@@@@@@@@AB@@@@@@@@@B@A@BA@@A@@@@@@@@@@@@@@A@BB@@@@@@@B@@@@@BA@@A@@@C@@@A@BAB@@A@@@@@BB@@@@@B@@@@@@@@@B@@@@@@A@@@@@@@@@A@@BAA@@@B@@@@@@@B@@A@BBA@@A@AB@A@@@@B@@@@@@@@A@@A@B@@@@@@AB@@@@B@@B@@A@@B@AA@ABA@@@@@@@B@@@@@A@@@@@@@@@@@A@@@@A@@@A@@@BA@@BA@AA@@ACA@@@@AA@@A@@@A@AA@AB@AAB@@@@@@A@@@@BAB@B@@ABA@B@A@A@A@@AA@@@@BABA@@@@@@@AA@@@BA@@B@@@@@@B@@@@@B@A@@@@B@@@@@@B@@DB@@B@@@@AA@@@@@@A@@B@BB@BB@B@@A@@@A@@@@B@B@@A@@@@@@@@BB@@@@@@BA@@B@@@B@@@@B@@@B@@@A@@DA@@BAD@BCB@@C@@DAB@@@@AB@@A@@A@AA@ABA@@A@@@@@A@@A@@@@B@@@@@AABA@@@BBA@@@A@GDB@GAAC@@EI@AGDAEACEFGCMBABABCCA@CDAD@HCFAHCB@LCB@F@JDFBBDFDBBDD@C@@BA@A@ABA@@BBB@BA@A@ABA@@BA@A@ABABADABA@E@ACCGCECA@AA@@@A@CBE@C@CACAA@C@AEGAE@C@GBCBCKGGACAEAEAEAEAKA@C@CBAB@BB@ABABA@A@AA@C@@A@AB@BAB@@AA@A@A@EAI@EAEECCAE@O@@CECCCCEAC@EBAA@AAAAAC@A@ADAD@B@D@BA@A@CAEAA@A@EBCBAAAACCCACACBAA@ABADADABA@A@AEACAAA@AB@@AA@@AAAAABABAD@B@D@FDB@@@BAAAAGAA@ABABCFADA@A@ACAC@A@CAAA@A@A@C@AA@C@AACACBCB@B@B@DDBBF@D@@AD@D@D@DABABA@C@AAAACAAAA@AB@@A@CBCF@D@J@FAD@BA@EAEAC@ABA@ADADCDCBE@CA@@@A@ABABCAA@AAAAC@@AU@CAAAAC@C@CBEDC@CACAA@A@A@AB@B@BCBABAB@@AB@@AB@BA@A@A@AA@@CAA@@@AB@BABAB@@GLA@@BAAGA@@A@ABA@@@A@@B@B@@AB@@C@CAC@C@CBAB@BAF@B@@A@C@AAA@@@CAC@CBGDCBCBCBA@AAACC@A@ABABABAB@DAB@B@B@BB@BBBB@DDD@BBBA@ABUDCAAAAAA@CBC@GAGAC@A@@BADBDB@DBDB@B@B@@AB@@@@@@A@@@@BA@@@@@@B@@@@A@@@@@@@@@A@@B@@@@A@ABA@ABAB@B@B@BBBJBFBDB@B@DAB@D@B@BDJB@FBDBDAB@BBDD@D@FAB@@CBCAABA@ABCBABABAB@D@@@@BBBDBBAB@@@BABAB@BADA@CBCBADCBA@C@G@E@CB@@AB@B@@@D@B@BAB@BABA@@@@A@@@C@@A@@AC@AAC@CDAB@@ABA@ADABCBABCBA@A@A@AAA@AAAC@A@A@AAA@@A@A@ABABC@A@AB@BBH@B@@@BA@AAA@A@CAAA@@AA@ABE@@@AC@A@A@@BABAD@@A@@@AACA@@@A@@BA@A@AA@@AC@A@ABAB@BAJBB@D@@@BA@@@@@@@CBE@A@A@AAAAAA@GBABABCDABC@@B@@ABC@AAEBE@A@A@@A@AACBC@AA@A@@@AA@A@A@EDC@@BAB@@AB@@E@EBEAECA@CAA@A@@@@@@@C@@BA@A@A@@AA@@G@A@@AAA@A@A@G@@@@@@B@@A@@BA@A@@@EAC@C@CACAA@E@A@ABCBCBGDC@EBC@EAC@CACGACA@@A@@A@A@A@A@A@A@AB@BA@@BAAA@ACA@@B@B@BB@@B@B@@AACAACC@ABAB@B@B@D@BA@CACBAD@BBBDDD@B@@@@@BB@@@@@@@BA@ABAB@B@D@BBD@D@@BB@DBBABCBAB@B@B@BBD@B@BC@E@CB@@@BABA@A@@B@BA@@@A@A@AAC@@AAB@@A@@@@@CAAA@AB@@@AAAAA@A@CBABAB@@ABADAD@@@BFD@@@BA@AB@@@BABCBA@E@@@@@C@C@A@EAAAC@ABABBDAB@BC@A@C@ABA@ABABA@A@EGC@CAA@AA@ABA@@AAC@CBCDCJCFAFADB@@D@BABAB@B@H@DABC@A@AAACAA@AA@A@A@A@C@@@@A@@AAA@A@ABA@AACA@@A@@@AB@@@BA@A@CEAA@@AB@@@DABABABA@@@@@@@C@E@EDEBA@A@@A@ABAHEBA@A@AA@@AC@ABCAAA@@@A@@@AA@E@@AA@ABE@E@CBAB@B@@AD@BA@@BA@A@@@B@BB@@@B@BA@ABA@ABA@A@A@CACAE@A@ABABABCBABE@C@EAE@A@ABABAB@B@B@DAB@DAB@DBB@B@DABABAB@DABADABABABC@CBAB@BABCBA@C@GBABADABCBCBA@CAA@A@AB@@EAA@AAACCEAAA@CBABA@@D@BBD@@@B@BA@AF@@BD@BBDBBFHBB@F@BBD@@BD@BFDDDBB@BBB@DABC@CBA@@B@B@JBB@BD@B@D@BABAB@BBB@JFFBF@BBBDB@B@@BB@@B@BABBB@BBBBBB@B@BBD@@@@B@@C@C@@BA@@AAA@@@AA@A@A@A@@BBBDFBBBB@BBBBBDBB@BB@B@@@DBB@B@DBB@AD@B@@B@@@DBBBD@DADAB@@AD@B@D@F@D@D@BC@@@ABA@@@AAAAE@@@ABABELADCDCB@@A@C@@AAA@CAAAAAAACCACAC@ABABAAC@C@C@EACACBCBA@A@@A@@ACCCCCECAC@EAAA@C@CAC@ABABAB@BABAB@BAD@B@BDD@DBBAB@BAD@B@BAB@@A@AACCCAA@A@CBCBABAACA@A@A@AAG@AAAAAAB@BABA@CBC@E@A@ABABABADABABA@AACACAAA@C@ABCAAAAA@CBABGBGDA@EDABABCBA@A@A@A@ABCBAB@BAB@BADABABADCBADA@@BB@BBB@@B@@A@@@ABA@A@A@ABABAB@@ABCB@BAB@BBDB@@BBB@BABAB@BBBB@B@@BB@AB@B@B@D@BBBB@B@BA@ABCBE@ABBB@BB@B@DAD@DBBB@B@BBDBBBDDBF@B@DEFABC@A@A@A@BBABABEDCFCHCJABB@AD@BA@@BA@A@@@AAAAA@A@A@@B@@@@@B@DABA@@BA@@@@@AA@A@@AAE@A@@A@A@AA@ECCA@A@AA@@@A@A@A@A@AB@@A@@@A@@@@BA@A@@@A@@@CBCB@D@@E@@@A@@@@D@@@@@BB@B@BA@@B@@@@BBDB@@@@@@@@@B@@@@@DDBBFD@BJDBBBBDF@@@@@B@BAB@B@@AFABCBA@A@@@BBFBDDBB@@@@CDCBA@DB@FAF@D@B@@@@B@@B@B@@@BB@DBB@BBF@DBD@BD@@@@BDBB@BCD@B@BB@B@D@B@BB@B@B@@ABBBB@BBB@B@BBBBBBBBB@FADADAB@BB@BAB@@@@B@@@@@@B@@@@@@@@@B@@@@@@A@@@@@@@@@@@A@@@@@@A"]],"encodeOffsets":[[[108026,32309]],[[108026,32309]]]}}],"UTF8Encoding":true}