{"type":"FeatureCollection","features":[{"type":"Feature","id":"511503","properties":{"name":"南溪区","cp":[104.981133,28.839806],"childNum":3},"geometry":{"type":"MultiPolygon","coordinates":[["@@B@@B@B@B@B@@@B@B@B@BB@@B@B@B@B@@AB@B@B@B@B@@@BAB@B@B@@@BBB@B@@BBB@BBB@@@@A@@@A@A@ABA@@@ABAB@BA@@B@BAB@@AB@B@BB@BB@BB@@B@BAB@BAB@@BBB@@@BBBB@BBB@@BB@@BBAB@@ABAB@B@B@B@B@@@B@B@B@B@B@BB@B@@@B@B@B@B@BB@B@B@@@BABB@@BB@BB@B@B@BBB@B@B@B@BAB@B@@@B@BAB@@A@ABA@@@A@A@A@A@@@A@A@A@A@A@@AA@AAA@@AA@A@@@A@A@ABA@@BA@A@A@@@A@A@A@A@@@A@A@ABA@@@A@A@ABA@@@ABA@A@@BABA@@BAB@B@BAB@B@@@BBB@B@B@B@B@B@BAB@@@B@B@B@B@B@B@BAB@@@BA@A@A@A@@@A@A@A@A@@BAB@BAB@BAB@BAB@B@B@@@BAB@B@BA@@B@BABBB@B@B@@A@@AAAAA@@AA@@A@A@@@A@A@A@A@ABA@@B@@@BA@@BB@@@D@B@BB@@@BBB@BAB@B@B@@@BAB@@ABAB@@AB@B@@@B@@@DABCBCBCBCDEDEBCBAB@BAFAF@DAD@DABABC@A@ABAD@B@D@D@D@D@B@BBBBBBB@@@@CACCE@A@C@ABADCFAD@FA@@BADABCBAB@BAB@DADCDABABCB@DCB@BCB@BEDCD@DADBBABA@K@CBAB@BB@AB@B@BA@@@C@A@@BA@AAA@AAAA@ACCCCCAA@EBAHCBA@AAACC@ACCCEAC@C@E@EBC@ADEDABADAB@B@@C@C@A@C@AAAAADC@AAC@C@@BABABC@ACCAA@ABE@A@AAC@@CAA@CAAAA@@A@C@A@A@@@@@@@@@C@C@CAA@A@AA@AA@@A@ABC@ABA@A@CAC@A@CACAA@AAAC@A@CAC@@@C@@AAAAAAA@CAA@A@A@@@ABAD@DA@ABA@CAA@@AA@AA@@@@DGDIBMAIEGIGUAQCECME@@CB@@BB@BBB@BABABADAD@DADAB@BA@A@ABEDCBC@CBE@CACEA@AAEAGAEAC@@ABCBCDABGBGAC@@AAC@EACCAA@CBC@ADADCBA@C@A@GACACCACA@ECA@EACAEACACAAA@CAC@@@A@A@A@A@A@AAAA@CAA@@AAA@A@A@AACACCCC@@C@CAE@A@A@C@AAC@A@@AAGACCACCCAC@CF@@B@@@@@@@@@A@@@@@@@A@@@@@@@@@@A@@@@@@@A@@@@@@@@@@@@@@@@@@@@@@@AB@@@@@@@@ACAE@ABCB@ACACCCA@@AB@DABAD@D@D@D@D@BAHQ\\ADBDBBJF@BBDABADCDCDAH@P@B@@BBBBD@B@D@BBDBFBHDDAB@BAB@B@@@@@@@B@BBD@BBDBA@OVMVIFEDSFMBEDEFCBaTWHI@E@MA@@UCE@C@CBADADABFFBDAB@@@@CBC@ABBB@BDBB@HAD@FBDBBBLRBDADABGBCBGAEACBAB@DBDBFAFAJCP@DBBBBBDAD@DAF@DBDHHDDB@D@D@DBDBBBBBFDDFBDADAB@@AB@@AB@B@@@BBB@@B@@B@@B@@@@@BB@@B@BBDABBB@@B@B@BC@ABA@AB@BAD@DCDCBABCBA@AAAAA@@BA@BBBF@BA@CBA@@B@B@BBDB@@BBB@@BBD@BBBBB@B@BB@@B@@@@@@B@@@B@B@@@B@B@B@@BD@@@BAB@@ABABA@A@@@AA@AA@@A@@@@A@@@A@AB@@A@ABA@ABA@EDCDGDEBC@CACAA@EBEAEAAC@@GCOEGCCAE@C@CB@D@@@B@BA@ABABA@@BAB@B@@CBABA@@@@@ABA@AACAA@@AA@@@ABABA@@FADAHAF@D@D@@A@@@ABA@AB@B@BB@@BDBB@B@@@@B@B@DAB@D@@@@@B@BA@BBBAB@B@B@@@B@@BBBBBB@BB@@BBD@B@BBB@B@@AB@B@BBB@@@@B@@@@B@D@@@D@BB@@B@BAF@@@BB@@@D@@B@@@BAB@@@B@DBD@B@@@@@@@D@B@@@B@B@BBB@@BBB@AB@B@BAB@B@B@BA@@B@B@BAB@BA@@BAB@@AB@@@B@BADAB@BADEB@@@B@BB@BB@BBB@B@BB@B@@@B@@@@@@DB@B@@AB@B@BB@@BB@D@B@BA@@B@B@B@B@BBB@@BBB@@B@BAB@@ABA@@B@B@B@B@BAB@B@B@B@B@@BBB@@BB@BB@B@@@BAB@B@B@B@B@B@B@B@@BB@@BBB@@BB@BBB@@@B@BAB@B@@@B@B@B@B@B@@@BBBB@@@BBB@B@B@B@BBB@B@B@B@@@B@B@BBB@B@B@BB@@BB@B@BB@@B@B@B@B"],["@@@@B@@@@@@@@@@@@@A@@@@@@@@@@@@@@@@@@@@@@@@@@@@@@@A@@@@@@@@@@@@@@B@@@@B@@@@@@@@@@@@@@A@@@@"],["@@DEAAA@@B@@@@@@@@@@@B@@@@@@@@@@@@@@@@A@@@@@@@@@@@@@@@@@@@@@@@B@@@@@AB@@@@@@@@@@@@@@@B@@@@@@B@@@@@"]],"encodeOffsets":[[[107399,29728]],[[107476,29412]],[[107431,29392]]]}},{"type":"Feature","id":"511502","properties":{"name":"翠屏区","cp":[104.630231,28.760179],"childNum":2},"geometry":{"type":"MultiPolygon","coordinates":[["@@B@DCB@BC@AAAAAECACEGACACCE@@ED@@@@@@BB@@@@@@@@@@BB@B@@@@@@@BA@@@@@@@A@@@@@@@@@@@@@A@@@@@@B@@BB@@@@B@@BB@@@@BAB@@@B@@A@@BVR"],["@@AAB@@A@A@@@@@CBA@C@A@A@@A@A@CA@AA@@A@ABAB@BA@@B@@@@C@CBEBGBC@EB@BABA@@B@@BB@DBBBB@BA@@@@B@BADA@@@ABA@AB@BABAB@@A@A@@@CDAD@F@DBHDPFHD@@BDFBFBFAB@DBDBD@FAHCDCFCB@BAB@BAB@@@BAB@@@B@@@@@@BB@@BBB@@B@B@BABA@@BA@A@@AC@@@A@A@A@@@A@A@@@A@@@@A@@@AAA@A@AAAAC@AA@@AA@AA@AC@A@A@AB@DAB@@AAEAAB@@AB@BBBBB@DABADADC@CBC@ABAB@BAD@@A@A@AA@AACBAAA@@@AA@@@@A@@@@AA@@@AA@A@@@ABA@@BA@@BABCACCEECAAAACACAC@C@A@CCGGAC@CBE@CBCACAAAA@CDOBIBEAEAC@CBADAFBHBDAHABABCACKQAACAEAC@GBA@CA@AAABAD@DA@@@@BAACEEBABCBCDAD@F@VD@@NBF@J@XGbSDAFEFCNATEFCJENUPUB@CAAAC@AAA@@@@@@@A@A@ABA@CBGCEACAAAC@A@C@AAAA@@@A@OBGDCDCBCBAAC@AIEAAACBCR[BG@A@C@C@C@CBCBA@CBA@@@C@E@AA@@C@ABIBCBABA@C@AAAAAWCC@AAACAE@CAAAAEA@AAA@ADGFEDEBCDCFCUQ@@@@@@@@A@@@@@@@@@@@@B@@@@@@AA@@@@@AA@@A@@@@A@@@AB@@@@A@@@@@@@@@@@A@@@@@@@@@A@@B@@@@@@@A@@@@@@@@@@@@@@@@@@@@@@@@@A@@@@@@@@@@@@@@@@@A@@A@@@@@@@@@@@@@BA@@@@@@@@A@@@@@@@@@@@@@@A@@@@@@@@@@@@@@@@@A@@@@@@@@@@@A@@B@@A@ADABAB@@A@@B@@@@@@@@@@@B@@@@@@@@@@@B@@@@@@BB@@@FC@CAC@AACBCBCHEDCBABA@AACA@C@ADA@ABE@AA@@BADMBCBA@CAAC@AACA@CA@AA@AAA@A@@@A@ABA@A@A@A@@@@AACC@@@@@@A@@AA@ABABCBA@@@A@@@@@AAAACCACA@@@@A@@A@@@@@A@@@EOACAC@@@@E@EBEBA@AB@BBBDD@B@@C@A@A@AA@A@A@@AAAAE@GAE@CB@BBFNRBDAF@D@BBDBBZFB@@DCNCDCBC@C@@@ECCAG@E@AD@DDBDB@DA@EB_BCBCFAD@FDBF@DBBD@DADGLEBEBC@C@A@ABA@ABA@@@AAA@ACCAAC@@CECDEDA@@@@DBBF@HB@@BBFBBDDD@D@DAFADBBF@L@FDBBDJ@NBFBDHFFDBB@D@F@@ABA@CBABCBEDCBA@C@A@AB@@CB@B@@@@A@@B@@@@@@@@@@@@BBBB@@DDFFBBBBBDBDDJ@H@D@DABAD@BDDBB@@@BEHGFSHABAD@DCDABE@]BIAOEOAOBQAKCCGASCGAEPWBC@CC@EAEBQDCBCDG@K@GDMBG@A@AAAA@A@AAA@@@CA@@A@C@ADCBABA@@BEBE@A@@C@C@CBE@A@CACAE@EBQ@G@EAQGACA@CBADC@ABABABCHADABA@AAAMAAE@EAECIOAA@C@C@E@AAACACCAA@CA@A@C@EDCACAAA@AACECCCCEAGACCCA@E@C@CACAAAAEACAAEBCBCBABCBABBBB@BF@B@DADCBCBAD@FAFBDBN@BABCDCFAH@FBBVLB@B@@BBBDL@D@B@B@BBBADAB@B@B@B@@@BBB@B@@@@@B@BK@EAECEEAB@@C@@D@BBDBDBDAB@DCBAB@B@BBBFDDBBD@@ABAD@BADBB@BB@DABBB@@DBBBDBBBD@BBBAB@BA@EBC@A@A@AA@@A@ABABAB@@@BA@A@@BA@A@AA@AAA@@A@CBCDCB@@A@E@C@@@A@@BA@ADAB@@@BBBB@B@@@@B@BABADABBDDBDBDBB@@D@@AB@BABAB@BADAB@F@D@DAD@BA@ABCB@@A@A@@B@@@@@BAB@@@BBB@D@FA@E@AAMQCCECGCC@QGKEE@C@C@A@EDADGJGDEDIDIBMDG@ABODIDC@CBGDGDINAH@F@FADBDDBDBBFBF@BBBBBB@@@F@HB@DCFCD@@@DBBDB@@JFJF@@B@BADAHAFBBB@DBH@BDJBT@FDDDDDBFBJDFBBBBF@HBDBBDBD@DDBDBFABAFCDABAB@B@BBD@@BBD@D@B@DCFAF@DBD@B@FAFBBBBD@HBBBBD@HADCDA@C@G@ABAB@B@BBD@@@BABCBCDAF@@@BCB@FA@@FAD@D@L@D@D@BCF@B@DABA@ACEEGAC@EBM@CDEDADADABBB@H@D@B@D@JBHBF@HBH@DBFDBDBBDDBBB@B@JAB@BBBB@@@DAFCBEBKDCBAH@JAH@BAFABCDGFAB@DAFCDCDAD@HHT@HDDFHHRB@B@@@@@B@BBB@B@BB@@BB@@B@@@BB@@BB@@B@@BB@@@B@@BD@BBB@@@D@BAHGB@@@B@B@@@B@B@BB@@BBBB@DDDBBAH@BAB@DB@@@@@BA@@B@@B@@@BAB@@BBB@B@BADA@@B@@@@B@BBB@@@BBA@@@@BA@@BBB@@@@B@@AB@@@@@B@@@@BBB@@@@@ABADAB@@@BBB@BA@ABAB@B@BDB@@AB@B@B@@AB@@@BB@@B@@DB@B@BA@A@BB@@BB@@B@@@@B@@B@@@@@@@B@@@B@@B@@B@@@@@B@@@@@@BB@@@@@@@B@@BB@@@@@@@BBB@BD@BBB@@@B@@@D@BAD@B@DBB@@@BBD@B@BBD@@@@B@B@B@@AD@@ABA@@FAF@BBBBHBL@@@B@DBB@B@D@B@B@BC@CDCF@J@NDDBH@BBBD@@B@BA@A@@@A@A@A@@AA@A@A@A@@BA@A@ABA@@@A@A@AB@BA@@BABAB@@AB@@AAA@AA@@AA@A@AA@A@@AA@ABA@AB@@AB@B@@AB@B@D@B@@@B@@@BA@@B@B@D@@AB@B@D@@@B@BAB@@@BA@@BA@@B@"]],"encodeOffsets":[[[107408,29329]],[[107254,29688]]]}},{"type":"Feature","id":"511523","properties":{"name":"江安县","cp":[105.068697,28.728102],"childNum":4},"geometry":{"type":"MultiPolygon","coordinates":[["@@A@E@C@C@CBABE@C@A@EBCBCBADCBEBCBABCDAB@DAB@D@DDDDBD@F@F@DADBD@@F@D@FBDD@D@D@B@B@FBDB@@@B@BEBE@@@C@GACBEBC@GAE@C@G@ABCBCDCBEBCDCDABCBBFBBDFD@FADDBDFAD@DAF@DAD@F@D@D@DBFBF@D@BBD@DBD@D@DBD@F@D@DBDBD@DDDDDD@B@BCBEDEBCDA@C@C@ABE@C@A@CBABCBABAB@F@F@F@BBBDBDBFBDBLBFBB@BDAFAL@H@HDPDFDDBD@DADADDDBBF@F@D@BBBFBBD@HAF@BB@DCDGDKD@B@B@@CBABA@ABA@@DAB@B@@BBBBB@BBBB@@@BBDDDDBJB@BHDB@@B@BADCDCFCFCBCBCDABAB@D@FDBDBBB@BABCBAB@B@BBD@DBD@DABA@C@C@C@ABAB@B@BA@ABED@@AH@J@P@@BF@FBFBDDBDBDBDB@@DCDC@@@@B@@AB@@AA@@A@ADBD@BBBBB@BBDDBD@B@FB@B@@@@@BBD@B@@@@B@BAB@B@BBDBDBDBDBB@@BB@B@B@B@BA@ABCDAB@@BB@@D@@@BBB@BD@D@DABCBEBA@ABABADCBABC@A@@BCDABCBCDCDAF@B@DBB@DDDBDBD@BAFABADA@C@C@CAA@A@ABAB@DA@AD@D@DAD@BAD@D@F@B@BCBGJKJEL@NBD@@NFFDRDVBJHFHBJANCJCH@@@@BBB@@BB@DBB@BAB@@CBCBA@@B@B@B@DBB@BBBBBB@@@D@@BD@D@BBDBBB@DBDBB@D@DBB@B@BAD@BAB@@@BBB@@B@BBB@D@D@D@@@@@@@@@B@B@D@BB@BBDBB@DB@@BD@B@BAF@BBBDD@BADABAB@@@DBD@BCDBBBB@B@D@B@D@DA@A@CBABCBCF@BAD@F@F@DBDDFDD@BDDBB@BABGDAB@FBBDDDDBDB@BB@BBB@BAB@@@B@D@@ABA@A@@BAAA@AB@D@LABABCACBC@CDAFA@ADA@BDDBBBB@B@DALCHAD@FDB@DBF@B@DAFCBABAB@@@@@BD@B@@@BB@BBD@@@B@A@@B@B@@B@BBB@@@B@@BB@D@DB@@BBB@B@@A@@@A@ABBB@@@D@@@BA@@@@AA@AB@@@BBD@@@B@B@B@BBB@B@@A@@@AB@B@BBBBDADCBCB@BC@ABA@A@ABABABAD@D@B@D@D@BAB@@A@C@ABCB@BABAB@D@BAB@@A@A@C@A@ABC@A@A@@@@BCFCDCDA@ADADCFAD@DAF@D@FBB@BCAC@CAC@EBABADA@@@C@A@A@AAAA@AA@@@A@CAA@@@C@ADA@@B@B@B@B@B@@@BAB@@@@@BABABC@C@ACAC@CE@AAC@CBABAJABA@@@AA@AA@AAC@E@C@A@C@C@A@A@@@AB@B@B@DBB@BAB@B@BA@AB@@A@AAAA@AACAEA@A@C@@@@@A@@@@@@@A@@BA@@@@B@@@@A@@@@BADCB@@AA@BCDAB@DA@A@C@C@CBABCBABA@C@@@AA@AAAA@@AABA@ABADABA@ABA@AAA@AAA@ABA@@BAB@DAD@FAB@@@@AACAAAACCAAAACAAAAACBC@A@CBA@AAAA@@AAAA@A@@AA@ACEAAACAAAACCA@A@@@CBA@@C@A@CFADAHADABABA@A@CBCBCAC@A@CBG@C@E@C@@@AAECAC@CBCBCBEACC@CDEFEDEBGAC@CAC@E@C@A@C@AAAACAACC@@CCAAA@CAC@A@A@A@C@A@@@A@@@@@@A@ABA@A@AAAA@AACAAAAACAAACAAACAAAAACAAACCA@@CA@@A@C@ABA@A@ABC@CBA@A@CBA@@@ABEBCBC@AAIAG@C@CAC@ABC@ABADCDADCBCBA@A@AA@AAC@AA@A@ABAHCD@BB@@DD@BBADCDCBABABCBA@C@EBABADAJ@DADABA@A@AACGCCEAE@CBC@AF@D@D@BA@CAAECAAAA@C@CBCB@BBFF@BBAB@@A@CACBA@ADAF@DDD@DBF@BABABCDABA@ABEBC@ABADCBABC@AACCK@EAC@CAAAA@AAEBCBE@ABA@A@AAA@@CACAACCEACCCAEACAC@AAA@@A@A@AA@AAA@@@@CAA@A@@AA@@A@AA@AC@CAAAC@C@@A@CAC@@@AC@AA@GHCBEAA@AA@A@A@E@@A@C@E@E@G@C@CBCACAE@GACAE@EAE@G@G@E@EAE@E@GBGBCBE@CBA@CAAA@AAC@GAG@C@A@I@C@AAA@AC@A@@@AAAI@@@AAA@A@E@AAG@CBC@E@C@AE@AB@AAAACAA@AAC@E@@@AB@BABAB@JEDAD@BAB@BA@@@AA@AGA@EIC@CAA@@@CAA@A@A@A@CBADCBABABABABCBC@A@C@A@C@CBE@KFCDADADAbAFBFBBNRDD@BF@@@@@B@@@@@@@@@@A@@@@@@@@@@@@B@@@@A@@@@@@@@@B@@@A@@B@@@@@@@@@@@@@@@@@@@@@@@@@@B@@@@@@@@@@@@@@@@A@@@@@@@@@@@@@@@@@@@@B@@@@@@@@B@@@@B@@@@@@@@@@@@B@@@@@@B@@A@@@@@@@@B@@@@@@@@@@@@@@A@@@@@@@@@IB@BABA@EBOBE@GA@@CCA@@CAAAAAAAE@A@CAA@@@A@@BABC@ABC@ABCAA@AACCAAAC@C@CAC@CACAA@E@CAA@E@C@E@C@"],["@@A@@@@B@@@@@@@@@@@@A@@B@@@@BB@B@@@@@@@@@@B@@@@B@@@@@@@@@B@@@@@@@@@@@@@B@@@@@@@@@@@@@B@@@@@@B@@@@@@@@@@@@@@AB@@@@A@@@@@@AA@@@A@@@@@A@@@@@@A@@A@@@@AA@@@@B@@@@@@@@@@A@@@@"],["@@@@@@@A@@@@@@@@@@@AA@@@@@@@@@A@@@@A@@@@@@@@@@@@@@E@@B@D@BJA"],["@@@AB@@@@@@@@@@@@@@@@@@@@@@@@@@@@@B@@@@@@@@@@@@@@@@@@@@@@@@@@@@@B@@@@@@@@@@@@@@@@@@@@@@A@@@@A@@@@@@@@A@@@@@@@A@@@@B@@@@@@@@@@A@@@@@@@@@@@@@@@@@@@@@@@@@@@@@@@@A@@A@@A@@A@A@@@@@@@@@@@A@@@@@@@@A@@@@@@@@@@@@@@@@@A@@@@@@@@@@@A@@@@@@B@@A@@@A@@@@@@@@@@@@@@@A@@@@@@@@@@@@B@@@@B@@@@@@@@@@@@@B@@@@@@@@B@@@@@@@@@@@B@@@@@@@@@@@@@@@@@@@@@@@@@@@@A@@@@@@@@@@@@@@@@@@@@@@B@@@@@@@@@@@@@@@@@@@B@@@@@@B@@@@@@@@@@@@B@@@@@@@@@@@@@@@B@@@@@@B@@@@@@@@@B@@@@@@@@@@@@@@@@@@@@B@@@@@@B@@@@@"]],"encodeOffsets":[[[107535,29077]],[[107639,29120]],[[107598,29107]],[[107638,29108]]]}},{"type":"Feature","id":"511521","properties":{"name":"宜宾县","cp":[104.541489,28.695678],"childNum":1},"geometry":{"type":"Polygon","coordinates":["@@@@A@A@@@A@@@@@@@@@@@@@@A@@@@@@B@@AB@@@B@@@@@@@@@@@@A@@@@@@@@@AA@@@@@@@@@@@@@A@@@@@@@@A@@@@@@@A@@@@@B@@A@@@@@@@@@@@@@AA@@@@@@@@@@@A@@@AA@@AAA@@AA@@@@@@@@@@@@@@@@A@@@@@@@@@@@@A@@@@@@@@@@@@@@@@@@@@B@@@@@@@@@B@@@@@@@@@@@@@@A@@@A@@@@@@@@@@@@DAA@@A@@A@@A@@A@@@B@@A@@@@A@A@@AA@@A@@@AB@B@@AB@@@@@@@@@@@B@B@@AB@@@B@B@BA@@@A@A@ABA@@@A@A@@@A@A@@@AAA@A@AA@@AAA@@AA@A@A@A@@@AAAA@@AA@A@A@A@A@A@@AAA@@@A@@BA@@BA@@DA@AB@@C@A@A@@@A@@BA@@@A@A@CBA@ABABA@ABCDA@ABA@ABAB@DA@A@@@AAAAAAAAC@A@@@@DABAB@B@AA@AAC@@AA@@AAC@C@@@ACACBCBEJED@JHHDH@DADG@IBGDIFGFAJBLDDA@@B@@@@@@CBI@C@CAAAAABA@A@@AA@@AAA@@AAA@AA@@AAA@AA@@@@AC@A@@A@AAA@@@A@@@@AA@A@C@@@AAA@@ACA@A@@@ABA@C@CCACAA@CC@A@C@CFKBEBA@AAA@ABA@@BA@@BAACAAG@CAMCI@E@CD@DADA@A@C@A@A@CAA@@@K@GAAAAAE@EB@@AB@BC@@BA@A@A@@@@@AC@A@AAC@A@@AA@C@ABC@A@C@@@A@@AA@AACA@AA@@@@@@A@@AA@@@@@@@A@@A@@@@A@@@@@A@@@@AA@@@A@@@@@@@A@@@@A@@A@@@AA@@AAB@B@@A@ACA@@@AA@@A@@BA@@@A@ABA@@CA@A@ABABAB@@AAA@A@@BABCBA@@@@A@AA@@@@@A@@@@BA@@@A@@A@AA@@AB@@@@AB@A@@AA@A@A@@A@@@CBABA@A@AA@@BA@A@@@AA@@@AB@@@@A@@CBA@ABGAACC@CAAAA@@AAA@A@@@A@A@@@A@GHABC@@@A@AAC@@AA@@@A@@AA@@@AA@@AA@@A@@@AA@@AAA@A@AAA@@@@@A@A@GQEGCC@GGS@GBCDCDCBE@CBAHEDCBABE@ABG@IBGDALCFADABE@C@@AAAAA@IBA@A@AACCAAACECCAG@GAE@GAIAC@A@C@G@A@AACBCBCBCF@DAN@FBDFHDF@BABCBA@E@ADC@C@K@C@C@EB@@EBA@AD@@E@CBADADAB@@C@AAA@A@AB@B@H@DCBCDGBC@AAAA@GACAAEAEBA@C@CAE@EBCDA@C@C@AA@@AC@A@ABABADCBEBAAEACCCC@CAAAAC@GAEAAEAICEACACCCC@EASCI@AAG@CAAEAGBCBABA@@@IEIE@@CAAA@C@@DCDE@CGAE@@@A@AAAA@AAEAECACAACBC@E@EBGJMHCHCDAD@JCPCBAH@NCJAJCFCHCHIBCFCB@D@D@F@LFRHD@HDFDDDNRBBF@B@@E@CAA@A@@BA@A@@@@@AB@B@@@DABAB@@ABC@C@C@EBABC@ABABA@ABA@@@CA@CACACAACBABCBA@A@A@@A@A@AA@A@@BABCB@@AB@@@D@F@B@@@DADCDAB@@@BB@BBBB@B@@AB@B@@A@@BABABAB@@@BBB@B@D@FAB@@ABAAA@AACAAACAA@CA@AACBA@@AAABC@ABCBA@@ACCAECAA@A@ABADA@CBAACACAC@A@CD@@@BAFFFDFBL@@A@A@@@@@AAA@A@@@A@A@ABABCAA@A@A@A@CCKAA@AA@A@UKAA@EBGDEDCBA@AAMACBE@EBCDADABC@C@AAEA@AAAACCECECCCECCCCCCCECCACCACCCCCAEAACEACCCCEEEAEEEAEAAC@IDKLEDGBQ@SAOEIKIIAG@EFGLGHCDC@E@IBI@KAEE]AGOEU@A@C@E@ABC@CBABA@CACBC@E@E@E@C@E@@@GEACHGVI@@NATALAFAB@FADABE@I@SAGCEA@@ACCCCCCAAAC@AIOAECEACCECCCECCCCCCECCCCACCEACACACAECAACAAC@C@CBC@CACEEECACEECEEECEEECCECCCCCCCCCAA@C@AFCF@BBD@BCCCCACCEECECCCECCAAAC@C@CABAACCCCCACBC@C@C@CCECCCECCEAECEAECCECGAECCCC@G@C@EBE@CBC@ABADADC@A@AB@BHFDD@@DFHHBD@BA@CBIBGDCBCBAD@B@BBFB@AB@@C@E@@@@BABABA@@D@BAB@@@B@DAFAFAFAFAFADEHAF@D@BBD@DBBB@BBBDBBBB@BADA@@@A@C@A@A@AA@@@@A@@@A@A@A@CB@@A@@B@@A@AB@BAB@@CHAH@F@DBBBD@BB@BBBB@BB@BBB@B@@@BBB@BB@BB@BB@B@HAHAB@BAFCFEJAH@BAB@B@D@FBDDDDBBBDDFD@BBB@@@B@@@DCFELGJ@B@@AB@B@B@FBHDDBBB@@@BBBD@@BB@BA@@DC@ABC@A@C@CBABCB@@ABC@ABCBADAD@F@@@B@@@@@@@@@B@@@@@@@B@@@@@@@B@@@B@@@DBF@@@BBDBBDBBBB@BBB@BBB@BBDDD@BBD@B@@@B@@@BAB@B@@@B@@AB@@@B@@@B@@@B@B@@@B@@@B@BA@@@@D@BA@@B@@@B@BA@@D@@@B@D@BDHFFDBBB@B@B@B@@@B@B@@@D@BAB@B@D@@@B@BAB@B@@@B@B@@ABB@@B@@@BB@@DBDBBBBHBLBDBDBDBDD@D@D@LEBAF@HAH@D@BBBBBBBB@D@JBB@DDBBDBB@BBFDF@D@B@@@DBDBDDDDDDFFBJBJD@@F@F@NAJAB@HAH@BBB@BB@DAFDHDN@D@F@DBBBDF@@B@DIFGFED@BEDCDGDI@@@E@IBGBA@GDFBB@BB@BBB@BA@CDAD@@AB@@BB@BD@B@B@B@@@@D@B@H@BCHABE@G@@@EDEFCBA@C@CBBDDDFBFBF@FBFBFBBBAD@B@F@D@D@D@D@D@D@@@@@@CAA@A@@A@A@@@A@@A@@AA@@@A@@BC@ABABAB@@B@AB@@ADCB@BBB@D@D@FABCBCB@DAB@D@BAB@DABA@ABA@AB@BABA@AB@@E@CBE@CBC@ABIDABAD@B@B@DBF@BAFBFBBD@DBDBBBBB@D@FAD@FBB@DFDADABAB@DFBB@D@FAD@DADBABBDBDDDBDCABDBDB@BDDBBBH@F@BA@EJB@DCF@BDFPPIFKHAB@@IHML@@@BBB@@@BA@@B@@@@AB@B@@@B@B@@@BB@@B@BBB@B@BBB@B@B@B@B@B@B@B@B@B@B@@@D@@BB@@@B@@@BA@@B@@@@AB@@A@@@A@AB@@A@@@AB@BABAB@BAB@D@BA@@BA@EBABA@@B@BAD@@@BEBCD@@@B@@DF@@@B@BA@@@G@GA@@A@EDCDA@AB@B@@@B@F@BBB@B@B@B@BA@CAA@@@A@@@A@A@A@A@@@A@@@AB@@@@A@@@A@@@@BA@@@A@A@@@AAA@@@@@A@@@AAA@@A@@A@@@@@A@@@A@@@@@@@@@A@@@@@@A@@@@A@@@A@@@@@@@@@@@@A@@A@@@@@@@@AA@@@@@A@@@@@@A@@@A@@A@@@@@A@A@@@@@AA@@@A@@@@@@B@@@@A@@@@A@@@A@@@@BA@@@@@@B@@A@@@@@@@@@@@@@@@@B@@@@@@AA@@A@@A@@@AA@@A@A@AAA@@@@A@A@AA@@@@AAA@@A@@@@@AB@@@BA@@BA@@BA@@BA@@BABA@@BABAB@@A@@BA@@@@@@@AA@@A@@AC@A@@AA@AB@@A@@@A@A@@BA@@BA@@BA@@BABABAB@@AB@BA@@BABAB@BA@@@@@@@AA@AAA@@@A@A@@A@@A@@@@@A@@@A@@@@@A@@AA@@A@@A@@@A@@A@@A@@@@A@@@@@@@A@@A@@@@@A@@B@@A@@@@B@@A@@@@@@B@@A@@@@@AB@@A@@@@B@@@@AB@@@@@B@B@@@@@@@@A@@@@@@BA@@@@@@@@@@@A@@A@@@@@A@@@@AA@@@@A@@A@@@@@@@AB@@@@@@AB@@@@A@@@@B@@@@@@A@@A@A@@@@@@B@@A@@@@@@@@@@@@@A@@B@@A@@@@@@@@@@@@@@B@@@@@@@@@BA@@@@@@@@@@@@B@@@@@@@@@@A@@@A@A@@@@@A@@AA@@@@@@@@@@@@@A@@B@@A@@@AB@@A@@@AB@@@@A@@@A@@@@@@@@@@A@@@@A@@@@@@@@@@@@@@@A@@B@@A@@@@@@@AA@@A@@@@@@@@@@@@A@@@@@@@@@@@A@@@@@A@@@@A@@@@@A@@@A@@@@@@@A@@@@@A@@@@@A@A@@@A@A@@AA@A@@@@@A@@@AAA@@@AAA@@@A@@AA@AAAAA@@AA@@AA@@@@@@@@A@@@@@@@@@@@A@@@@BA@@@@@@@A@@@@@@@A@@@@@@AA@@A@@@@AA@@@@A@@@@@@@A@@@@@@@@AB@@@@A@@@A@@A@@A@@@@@@@@@@A@@@@@@B@@@@@@A@@@@@@@@@@@@B@@A@@@@@@B@@@@A@@B@@@BA@@@@BA@@B@@@B@@AB@@@@A@@@A@AB@@A@@@A@A@@@A@@@A@@@A@@@@CAGAECEAC@G@A@EBCDCDABEBC@E@E@G@GAE@G@E@EACAAACCAAACAECCCCACEEACCACAEACAACACCCACCECCEAECEACAAACAE@C@E@GBE@C@C@CACAACACAC@AAC@CC@CAC@EACAEBC@ABCDEBCDEDCBEBCDABABAD@HBBAD@FAD@B@D@DBBBD@D@D@D@BABCBCBEDCBC@CAE@CBCBCBAD@DAF@DBB@D@B@B@D@B@@@DADCDCFA@CBE@@@A@GBG@EBIDGFCBEH@@BF@BAB@BB@@@@@@BB@@@B@FFDD@@B@B@@@EP@FADABAF@FBHDJ@BFBRD@@B@FBNPDBJ@HBDDB@DFHFDDJDDBFD@DADEBC@CBAB@@ALAH@JAFA@QbAN@FFDH@H@FCjMDCDGB@@@B@B@DABAB@@@D@D@@BJNBBBBFBBBBDBDBB@HADBFCN@B@D@B@N@B@BAD@BBBDJ@@@B@B@@FF@B@BFN@B@DBBBBBBF@F@BB@BCD@D@FFL@H@B@FAF@BBBBB@@DBBADD@@BB@BBB@@ABAF@B@BA@ADADADAB@BB@JA@BB@@BCD@@CJ@DABB@BBDBBB@DAB@@@D@B@B@B@BBB@@DFBBBBFBHHFB@BBB@@@BCFAB@@@D@BBB@B@BBBBBDBNFFF@FAHEHBD@BBJ@B@B@BA@EB@@ABABB@@BBBD@BBBBB@B@F@B@BBB@BBBDBB@BB@BBB@B@F@@@B@BBB@@B@B@BEB@@CBG@A@AB@@@B@BB@BBBB@B@BA@@BAB@@CBEDCB@@ABA@@B@DABBH@B@DBDBD@B@@@BBB@B@@@BBB@B@B@@@B@B@B@B@@@B@BBB@@BBB@@BB@@@BBDFB@BBB@@@BBF@DBBB@FETAFA@A@A@A@A@@@@BBBB@@BB@@BB@BBB@BA@ABA@@@ABA@AB@@A@AB@@A@ABA@@BA@AB@B@B@BAB@B@B@@AB@BAB@@ABA@@BAB@BA@@BAB@@AB@@@NQB@HEJCBBF@JDHBLBJDJHHJBL@B@B@B@@@BAB@BA@@BAB@@AB@BA@AB@@ABA@@BABA@A@@BA@AB@BAB@@@BAB@B@@AB@B@B@@ABBB@B@BB@@B@B@B@B@@AB@BA@@B@@@BBB@BBBB@B@@@@@D@D@B@@@B@@@B@@@B@DA@@BEDCB@BAB@B@B@@@BBD@@@@@B@B@D@@A@@D@B@B@@@@BB@@@@@B@@@B@D@DCFCHCBABAAAAAA@A@AAA@AAA@@C@A@@BAB@BAFBDBBBB@D@@AB@BAD@B@@@BA@BB@@@BAB@@BB@B@B@B@B@BA@@BAB@B@B@BAB@B@@@B@B@B@BBB@@BBB@BB@@BBB@@BBB@BAB@BA@@BA@A@AB@@AA@@ABA@@@@@CACA@AA@@AA@A@AB@@ABABA@@@AB@B@B@BB@@BBB@BBB@@BB@B@@@DD@@@D@D@@ADADCB@B@@@@B@@@DBD@B@D@B@B@B@BAFAB@@@@@B@@BB@@BBDBB@@B@D@D@@@B@@A@C@AB@@ADA@AB@@@@@BBB@BB@A@@B@@@@A@@BA@AB@B@@@@@B@B@D@FBFDJ@H@H@D@HFBBD@BADCBE@CBAB@FAP@B@BB@BAFBBBBB@B@B@@@B@@B@@@@HADABAB@@A@ACCAACCCSA@@A@A@A@AHAHAFCD@HBFFFB@@B@@@BB@@B@B@BCFKBC@E@C@ABADAJQDEFCJEJGBA@A@AB@@A@A@A@A@AB@@ABAB@@ABA@@BABA@@BAB@@AB@BA@AB@@A@A@AB@@A@ABA@@BA@AB@@ABAB@@AB@B@B@B@B@B@B@B@@BB@BBB@B@B@@@B@B@BAB@BA@@B@BAB@ZWDAD@@@B@@AB@@@@@B@@@@@@@B@@@@BB@@@@@@@@@@@@@@@@BA@@@@@A@@@@@@@A@@@@B@@@@@@@BB@@@@B@@B@@@@@@@@@@@B@@@@@@@BA@@@@@B@@@@@@@@@@@@@@BB@@@@BB@@@@@@@BB@@@@B@@@@@@B@@@@@@@@@@@B@@@BA@@@@@@@@B@@@@@@@@@@@@@@B@@@@@@@@@@@@@B@@@@B@@@@@@@B@@B@@@@@@A@@@@@@@A@@@@BA@@@@@@@@@@B@@@@BDBB@BB@B@@@@@DA@@B@@@B@BBB@@@DBBB@@B@@@@B@B@@@@@@BB@@DAB@@@B@@B@@@B@@BBB@@AB@B@B@@BB@@B@@@@AB@@@B@@@B@@@@B@B@@@@BB@@B@@@BB@@@BAB@@@B@@@BB@@BBB@@AB@@B@@@@@@@B@@A@@@@@A@@BA@@B@@@@@@@@@@@@@@@@@@@@@@B@@@@@@@@@@@B@@@@@@B@@@@@@@@@@B@@@B@@@@@@@@@@@B@B@BB@@@@@@@@@@@@@@@@B@@A@@@@@@@@B@@B@@@@A@@@@@AB@@@BA@@B@@@@@@B@@B@@@@@@@@@@@@@@@@@BAA@@@@@@A@@@@@@@@@@B@@@@@@@@@B@@B@@B@@@@@@@@@@BA@@@@B@@@@@@@@BB@@B@@@@@@@@@@@@@B@@@@A@@@@B@@@@B@@@@@@@@BB@@@@@@@@@@@@@@B@@@@@@AB@@@@@@@@@@@B@@B@@@@@@@B@@@@@BB@@BB@@BA@BBBB@BBB@@BBB@@BBB@B@B@B@B@B@B@B@B@@@BBB@B@@B@BAB@@@B@BBB@@BBB@B@@BB@B@@BB@@@B@B@B@BAB@B@B@@@B@H@D@D@DADCBCDCDAZCL@HBXLJBDAB@BA@A"],"encodeOffsets":[[107205,29903]]}},{"type":"Feature","id":"511525","properties":{"name":"高县","cp":[104.519187,28.435676],"childNum":1},"geometry":{"type":"Polygon","coordinates":["@@AAACCMAA@ABCBCD@HAD@@A@CAG@AACCACAA@AACAC@CAA@CAE@AACAAA@AAE@E@A@A@@CCAAAE@CAA@MDK@AAA@@@@AAA@@@A@@A@C@@DC@CAA@AA@E@AD@@A@CBA@A@@@@A@G@AAAAACA@@AC@AB@DEBAFCF@JAFADA@CBCBCDCDC@ABAAAOKAA@@@ABC@C@ACCCAA@@AC@GBEBAACA@@C@A@GAAAAACAEACAEAEAC@C@AAA@CACCAAAAC@C@E@E@C@GBEDCBEBC@C@C@C@E@EAE@UCMCQGIIEE@EHEHEDE@EAE@C@CBADCDCBCDCBAB@JCFCBEDG@E@ECECAACBABCD@LAB@DABA@CBA@C@A@CBC@ABEBADCDAD@DABADCDABAF@D@DADADCBCBC@C@C@C@CAECCAACCCCACCCACACCCAECCAAACACCAAC@EBC@E@ACCCAC@E@EAG@E@E@E@K@C@C@AAACACAAACAC@E@C@C@ABC@AAC@ACCAAACAEAC@@ACCACCCACCCCCCAACCAA@EDCDAD@D@F@DAB@DABC@C@C@C@C@C@A@CCACACAE@C@C@C@AACA@CBCBCBCDADCBCACACACCCAA@C@CDEAACCACCCAAACEACAEACCCAEECACCCCAAAAE@A@CAC@CAC@EBC@CBC@CBC@CAAAAAEACCCAEBE@AACC@CECCAABADABABCDABAB@DAD@BADCDABEBCDABCBCDA@CAEAA@CACACBABCBCBE@@@ACEA@A@@@C@A@@AAA@@@A@A@@@@@A@@AA@A@@@A@A@@@A@@A@@A@A@@@@@A@@A@@@@A@@@@@@@A@@AA@@@@@@@A@@@A@@A@@A@A@C@GDA@C@@@A@@@A@@@@@A@AA@@@@AA@@A@A@A@@AA@C@EBA@@BA@CAE@G@E@C@CDA@AFABABC@EAGAC@G@@B@BB@BBTBB@F@B@D@D@DBFBBBDDDDDFDHAB@DAFBBBD@FD@FBD@DBBBBD@DCFABCBCDCDCDABCBCBABCFBDBDDDBDBFCBEBC@E@EBCBE@C@EAEACACAEAG@C@EBEDBD@D@BCFADCFCDCBCBCBADBHBDBFCDCBABCD@D@F@F@FADADAFAD@D@FCBCBC@CBCBEBCDC@C@G@EBA@@D@DBDBBDDDFDDDFFFDDDBDDADC@AAE@ED@B@DBBDDDDDDDDFDDDFFDFFFDFFFBDFDFFBD@DAD@D@DBDDBBBFDDBDBDBFBDDDBDDFDDDDDDDDFDDDFBDDFBFJP@BBDBBDDDDDD@BB@DFBH@T@JAFCBEBA@EBKBSBMB@@UJGHBDHF@@F@D@F@F@F@D@DADBB@BADAD@BAF@D@B@V@PFBHF^BF@LAJ@J@FCDGDKHEH@FBHJJJLPFTBR@HAFCLKJCD@BBBFFFBFFFDFDDBDDFBBBFDDDDBDDDDBFDDDDDDDFDDDFDFDDDBBBADABADADAFABBBDBFBBDBDBD@F@B@DDBDBHDFDDFDBD@BBBDBDBFCD@B@B@@DBBDDDBBB@B@F@D@DBBJPFDFBF@BBBNBBB@BABCDGBABABAD@BCDAB@BDRHFBH@R@FAF@DBDBB@F@DAD@D@@@@BAFAF@@ABABCD@B@D@BB@@D@@BB@B@BBBBBB@H@NAHCL@H@DCDARCFAFBD@@DADOXBFDHBTDHLDRBPAPBPFJB^AF@BADC@CBCBATGHEFG@A@@AACC@ABCBA@C@C@GCIACACAAAAEECC@@AAAA@@@@@@@@@@@@@AB@@@@@@ADA@@BAB@D@B@DAFCDABADAB@BA@@@E@CAAECGEACAE@MCIAAECK@E@AABCBE@C@CCCACEAAA@@GAE@AA@C"],"encodeOffsets":[[107297,29311]]}},{"type":"Feature","id":"511524","properties":{"name":"长宁县","cp":[104.921116,28.577271],"childNum":5},"geometry":{"type":"MultiPolygon","coordinates":[["@@AC@MFKLIHIDA@A@A@E@CBC@ABC@C@CBCB@@CBABAB@B@DBD@D@B@BCBABE@AACACCC@CAA@C@ABEDCDCDABADC@AB@D@BADABCBABAB@FADABA@C@CACA@AA@@C@@@AA@@BADCBAB@@A@A@A@AAA@@AAACACACAC@A@ABA@A@A@@A@C@AA@@@@A@A@@E@AACCCAAA@AAAAC@CA@B@BB@@BA@@BA@@@@@CDCD@@CACACACAACAE@EAE@@@O@IBG@@FCBAB@@A@ABABAD@D@D@B@BA@CAC@CAC@A@ABADABA@AAACACA@E@CBABADCDADADEDEDCBC@A@AA@GC@AIACACCAC@A@@AAAAA@AAAA@@@ABA@CB@BAB@BADA@@@A@ALCHCDC@CAAE@GBC@AAAEAAC@E@E@AACCBCBC@CACCCCECO@G@GBKBEACA@EAKACAEACACAAA@A@E@E@EBABADABADAB@D@F@BAD@D@B@DCFAFCDA@A@ACCCCCCC@CACAC@E@C@CAC@C@CAC@AAC@E@EACAC@C@E@C@CBE@CBC@EBACCCEBC@CEAAAEDABADCDCFADADCDABAH@D@F@HBD@FADAHBD@@@F@FA@A@A@@CAEAA@A@C@C@C@AC@E@C@EC@CACBE@E@C@CACC@C@CBA@CBADCBADAFADABCDADAFAB@D@F@BADAD@D@F@B@BCBAB@FGDCDAD@@ABA@CAAAAA@@AB@@AB@B@@@@A@@@@@@@A@@@@@@BA@@BAB@BAB@BA@@B@DCDC@A@EAEAECAEA@@CAC@A@A@AC@A@A@ABCDADADCBCDABCBC@A@A@CCCAAAC@A@C@A@@AAC@EBE@A@AABCHCBABCBAH@F@@@BEDA@ABA@ACEACACCECOCIEGCAABCACAAA@@@EAC@A@C@C@CBE@EBCBC@CBA@C@CAC@ABA@@@@ACAAABCHCFCFADEFA@@BA@CAAAA@C@EBC@EDCBGFADABAFADCBE@@@OCE@CB@D@H@HCD@@@@CBAFADBDADC@EAE@AECAAD@D@DAFCBC@CAC@C@EDED@DADADADCDEBCBE@EAEAG@EAE@CBCBC@E@CA@@EACDEBC@CBCBEBCBC@CBEBC@C@C@CACAEBCBABCBE@EBE@EDAF@DBD@F@F@DAFAD@FADBF@BDF@B@B@BAB@BA@C@ABAB@B@BBBBFABCH@FBDBBBBDB@BAFABCF@DBD@DADEDBDBDDBBD@DADC@EBCAABADAB@H@DAFC@CBC@CACACCCAE@ADABAFCDCBCDC@CBGAC@EAEAEAA@I@[@EAACACC@C@ABAFABCAA@C@C@ABABA@@AAAA@@AA@E@ADA@@@CDAF@DBJLT@D@B@@BB@@BB@@@B@@@B@@HJ@@B@@@@@@@@@@@A@@B@@@@@@B@@@@@@@@@A@@@@@@@@@@@A@@@A@FFB@B@F@LAVCFAF@FD@B@L@D@BCFCFAD@D@DADABCBEDCBADAD@DAHB@DBDD@B@DAD@B@@BBPLBBAB@BCDCDADAD@DCBEBIBE@EDABCFA@@BBD@@DBBBBB@B@H@B@@B@B@DAB@@@BCF@B@@BBB@DCD@@@D@BB@@@B@BB@@@@BB@BCL@NBB@DBFBBDD@@@B@B@FBF@BBBDBBBF@DBB@DBD@DBBBB@DBDBBD@BBH@D@BC@GBC@ADAD@BBBDNBDBB@@B@FCDCDF@@BDDBBDB@BB@@B@BAB@BAB@D@D@FAFAHKBC@CACCAE@CA@EBCDEDA`AFAB@@CCACA@CBCF@H@DBFD@@D@D@DADCDM@CA@YEAAAC@A@CBEACMQAE@ADAF@HBF@BBBB@@@B@BBBB@B@D@@@@ACCAA@ABAB@FAFAF@@@@@BDBDFP@@B@@@@@B@@@@B@@B@BDDDBBBB@@@@B@@@B@DABABAB@@BB@@@@@@@DDBB@@@@@B@B@BAB@B@B@@@BBB@BBBB@@DDBBBD@BB@DABADCNAB@@BBF@BAB@BCD@B@BD@BABABCDGFADADBD@BBD@D@@DFBDBDFHBDFDBBBB@BADA@CDA@EDCDADCFEFCH@BBB@BFBBBBB@DBFBDBBD@XDBBBB@B@DABABADAJ@B@DB@@B@F@DDBDDDB@BDABAF@DBB@BBD@DBDDDBBDBH@BB@D@BBD@B@B@F@DBD@@@DDDDDBBBB@B@B@BB@@BB@DBBBBB@B@BC@@@@@@@@@@@@B@@@@@@@@@@@@@@@@@@@@@@@@@@@@@@@B@@@@@@@@@@@@@A@@@BD@@D@DBB@BBBDBDBFBD@FDB@FDBDBBDBD@H@B@DABCDCB@BAD@DBBDDFBD@BB@@BDAHAHCBADAD@BD@FBHBFBBBB@DFDBF@DAD@DAFCBAB@B@@ABABC@CBCBCBABA@AAA@AAA@@DA"],["@@AC@@@@@B@@@@@@@@@@@@A@@@@@@AADB@B@B@"],["@@@@@@A@@@@@@@@A@@@@@@@@@@@@@@BA@@@@A@@@@@@@@@@@@@@@@@@@@@@@B@@@@@@@@@@@@@@@@@@A@@@@@@@@@@@@@@@@A@@B@@@@@@@@@@@@@@@@@@@@@@@B@@@@@@@B@@@@@@@@B@@@@@@@B@@@@@@@@@A@@@"],["@@@@@@@@@@@AA@@@@@@@B@@@B@@@GI@@@@@@@B@@@@@@AAA@@@@@AA@@@@@@@@@AB@@@@@@@BA@@AA@BABAB@B@BBBDBDDBBB@"],["@@@AB@@@@A@@BA@A@@A@@AA@@@@@AA@@@A@@@@B@@@@@@@@@@@@@B@@@@@@@B@@A@@@@@@@AAA@@@@@@@@@@AA@@@@@@@@A@@A@@@@A@@@@@@@@@@@A@@@@@@@@@@@A@@@@BA@ABCB@B@BA@@@@B@@@@@@@@@@@B@@@@@@@@@@@@@@@@@B@@@@@@@@@@@@B@@@@@@@@@AB@@@@@@@@@@@@B@@@@B@@@@@@@@@@@@@@@@@B@@@@@@@@@@@@@@@@@@@@@@@@@B@@@@@@@AB@@@@@@@@@B@@@@@@@@@@@B@@@@@BA@@B@@@@@@BB@@B@@@@BB@@@@@@@A@@@@@@@@@@B@@@@@@@@@"]],"encodeOffsets":[[[107532,29461]],[[107477,29414]],[[107431,29392]],[[107253,29145]],[[107397,29320]]]}},{"type":"Feature","id":"511527","properties":{"name":"筠连县","cp":[104.507848,28.162017],"childNum":7},"geometry":{"type":"MultiPolygon","coordinates":[["@@FDFBD@LAJCDAH@FBJBFDFDTBFABCBO@EACGG@ACAAA@@AA@C@@@@C@@@AA@A@C@CA@@AAAAA@A@ABC@@@AB@AEAA@C@ABADCDCB@DAFADA@@BAB@FCCE@@@@@@@@@@@@@A@@@@@@@@@@@@@@@@@@@@@A@@@@@@A@@@@@@@@@@@@@@@@@@@@@@AA@@@@B@A@@@@@@@@@@@@@@@@@@@@B@@@@@@@@@@@@@@@@@B@@@@@@@@@@@@@B@@B@@@@@@@@@@@@@@@@@@B@@@@@@@@@@@@B@@@@@@@@@@@@@@@@@@B@@@@A@@@@@@@@@@@@@@@@@@@@B@@@@@@@@@@@@@@@@@B@@@@B@@B@@@@@@@@@@@@@A@DDBAB@@C@C@ADA@@@@BADABADC@C@@BABCB@@ABBD@BADADCFCDAFAD@DBD@D@B@@@BC@CBCBCBADCF@L@HBD@BBBBFTBBBBB@DAB@BA@A@A@@@A@A@A@I@I@@@@BG@E@A@A@C@AAA@@@A@A@A@@@ABABABAB@DA@@F@BADAFCFEBABCD@BA@CBC@A@ADEDCBAB@@CBCBEDEBC@EBABC@@BA@C@A@ABE@G@A@@@A@A@A@AAC@AACAAAC@E@CBC@@@ABE@C@C@A@A@C@CAAACACCCEEAEAACCAA@CAA@C@AAA@@@@A@@A@@@@@@@AACAACAAAAAACBC@@@A@A@A@@@A@C@@@A@A@A@AB@@A@ABABA@ABA@A@A@AAA@@AAAAAAAAAAA@@AA@A@CCC@EBAA@A@AFED@B@B@B@@@B@B@B@BAB@BA@A@A@ABADC@AAEAEDE@ABA@C@EAS@ECCC@CE@ABCDCBABBH@D@B@B@BABAD@F@@@BA@@@A@ACCE@A@A@A@@@@A@A@A@A@A@A@ABA@C@A^CCEKCIAA@AAA@@@A@A@A@AAA@AA@@@A@A@@@AAAA@A@A@@ACBAAA@A@CBA@A@A@C@CBA@ABABAB@B@B@BB@@BADBBDD@F@BA@C@K@MEGAMA]KICGEOCGAEBC@A@KCAACAAAA@@AAAAAA@A@EEGCMKEAEEGECAA@AAA@AA@@A@AAA@@AA@AAAAA@@AA@@@A@@@A@@B@@AB@@AB@BA@@BAB@BABA@GAE@CBA@A@A@@@CAC@C@CAECGECACAA@EAA@AACAC@CCEEAAA@A@AAA@A@A@A@A@@BA@ABA@@@ADA@@D@B@@@BBB@B@BA@@@A@ABA@C@A@A@A@ABA@@B@B@BB@@BAB@@@B@BAB@B@B@B@BB@@BB@@B@B@@@BABA@ABABABA@@B@B@B@@AB@@AA@@@@A@@A@@A@@@A@@@A@@B@@AB@B@BAB@BA@@@AB@BABABABABABA@A@CBA@CBA@C@A@A@A@AAA@@AA@@AAA@A@@@AAA@@@AA@@AA@@AA@CAA@A@A@AAA@A@@@ABA@A@@BABABA@@BABAB@BADAB@B@BAB@BABBBAB@B@@AB@@A@A@C@A@AB@BAB@@@BA@A@ABE@C@C@C@ABA@CBA@CBA@ABAB@B@@@BB@@BB@@B@BA@@@A@A@A@A@@@ABABAB@BA@ABABCDAB@BCB@BAB@@A@@BABABA@CBA@C@A@C@ABA@ABA@ABAB@BAB@BABABA@ABA@A@A@A@A@A@ABA@@BABABABABADABADAB@BCBA@ABC@A@CBA@CAA@C@A@A@ABABA@ABAD@BABAD@BAB@BABABA@C@@BA@A@@BA@@B@BB@@BBBBB@B@B@B@@AB@BA@ABABABABABABCBAB@@@@@@@@ABABAB@B@B@@BBBAB@B@B@B@@BBBAB@BABABABEDCDABCDADAHCBADCBCBADCBCDA@@@@@A@A@AA@@@@A@@@@B@B@@A@@@@@CB@AA@@@@@AB@@CBA@@@A@@@@@A@A@@@@@ABA@@@A@@@AB@@A@A@@@A@@@@@A@@@@@A@@@@@A@@@@@A@AB@DCDCBA@EBC@EDEBEDCDEDCDEB@DBFFBDBFDJBHBF@D@H@D@D@FAFBFBDDDBF@DAFCDAF@HAFAH@D@FAD@D@FBLNDDDBD@B@@@D@B@B@DB@BDDBFBB@DADABB@@D@BDD@DAD@D@DBDBDDDDBDBDBDBFBFAD@F@B@FDFB@BBDBBDBB@@DALDBD@F@H@HAFBBFBH@FBF@DAFCFEDA@AD@D@D@HBDBDBF@B@FAFCDBDDBF@FBD@DB@B@DCFCBCBGCCACAEAEAE@E@E@CBG@C@CBC@CBCBADC@EAA@CD@DBDBBBD@DADADCDAFADAF@DBD@BJBD@D@D@D@@@D@BB@@@BH@D@HBFBD@BABABEB@DCD@F@H@F@DBB@@AB@FAD@B@@BB@B@B@@@BB@@@@BBB@@@@@B@@@B@@@D@B@HCD@B@B@@@@BB@@@B@@@@@@@B@@BB@@@@@@@B@@@@@@BB@@@@@B@B@@@@BB@@@B@B@@@B@B@@BB@@@@@B@B@@@B@BB@@@B@D@@@BFBBD@@F@DADABADADBDBB@FBDBB@DCDABADCFABADCBC@ABC@CBABADCBABABCBADBFD@DDDBBF@FADBDDFBBBBBDBD@DAD@DAD@FAD@DBD@DBB@F@BBBBDDDDDBFFDBDDFBDBFBBDBBDDBDDDBB"],["@@CC@@@@@@@@@@@@@@@@@@@@@@@@@@@@A@@@@@@@@@@@@@A@@@@@@B@@@@@A@@A@@@@@@@@@@@@@@B@@@@A@@@@@@@@@@@@@@@@@A@DFB@FCB@"],["@@@@@@@@@@@@@@@@@B@@@@@@@@@@@@@@@@@@@@@@@@B@@@@@@@@@@@@@@@@A@@@@@@@@@@A@@@@@"],["@@@@@@@@@@@@@@@B@@@@@@@@@@@@B@@@@@@@@@@@@@@@@A@@@@A@@@@@"],["@@@@@@@@@@@@@@@@@@@@@B@@@@@@B@@@@@@@@@@@@@@@@A@@@@@@@@@@@@@@@@A@"],["@@@@@B@@@@@@@@@BA@B@@@@@@@@@@@@AB@@@@@@@@@@@@@@@A@@@@A@@@@"],["@@@@@@@@@@B@A@@A@@B@@@@@@@@@@@@@A@@@@@@@@A@BA@@@@@@@@@@@@@@@@B@@@@@@B@@@@@"]],"encodeOffsets":[[[107133,28904]],[[107195,28850]],[[107200,28847]],[[107202,28845]],[[107202,28843]],[[107288,28617]],[[107291,28598]]]}},{"type":"Feature","id":"511529","properties":{"name":"屏山县","cp":[104.162617,28.64237],"childNum":1},"geometry":{"type":"Polygon","coordinates":["@@AD@F@D@F@FBDBDBBHDFBHBDBHDDDDBH@DBF@FBFAFBDBF@DBBBFDDDBDLDD@F@DADAD@D@DB@DDNBFDDDDDDFFFFDDFDDDDBLRBBF@BBHDBB@DAFEFEDA@C@KCE@C@ABCB@B@FDDD@D@FBHBD@F@FA@DEDABCFBDD@HF@B@F@HADCHCJAD@BCH@DADCDC@E@GDABCBADFBF@DF@B@HBBDBF@F@DBJBF@FAFFHDD@F@HBBBDDDFBHBFDDHFBDBD@F@DBBBDDBBDD@BF@FCFGFCNBFBFBBDBJDF@D@DCFCJBFBHDFDFDDBBDBBDHHDFBDBJBHDDBHDBAD@BADCBADCJEBADADAJADAFEDCFGDEDADCJEBCDADEFADCDADCDCHEDABCBEBCDAD@H@FCDCDEHKDADAHAD@FCDEBCDADABABBD@HDFBDBDDBDDBDDDF@FAFBDBDFDD@DBDAD@F@D@FBDBFBDBBBBFBDB@B@@@DEFCBADBDBB@BB@@@BIFCDAD@BAB@F@J@N@F@@@DABABABI@CBAB@BFDDFDDD@BADADAD@HBDB@DCPAFDFB@BBDAB@BADALADADADAFCD@@@FGDAHEJCFAH@HAB@@@F@DAB@DEDCBC@C@@@A@C@A@A@CAA@CBE@CBCDADADAF@DBD@DAFCDADABA@A@C@C@CACAA@C@C@ABC@EBCAA@GBCBABADCFADAFCDCFADCBAD@FADBFBD@DBD@@DBD@BBDBDBDDBDBD@D@F@HAF@D@F@DBBBDBFBFDFBDDDFBDDDBDBDDBFBDBDBBDFFBDDDDDBFBDBBDDBBDBFBF@H@F@HBH@F@F@D@FABADCDCFAB@H@D@FBFDHBDB@@@@@B@@@B@@@B@@@B@B@@@BA@@B@B@@@B@@A@@BA@@@A@@@AB@@@@AB@@A@@@@B@@A@@@@@@@@BA@@@@@@@@@@@@@@B@@@@A@@@@@@@@B@@@@@@@@B@@@@BB@@@B@@@@@BA@@@@@@@@@B@@@@@@@B@@B@@B@@B@@@BB@@@@@@@B@@@@@@@B@@@@@@AB@@@@@B@@@@@@@@@@@B@@@@@@B@@BB@@BB@BBBBB@@BB@@@B@BB@@B@BB@@B@@@@@B@B@@BB@B@@@B@B@@@@@B@@@@@B@@@@@@@B@@@B@@@@@B@@@@@@B@@@@@B@@@@@@@@@@@B@@@@@@@@@@B@@@BB@@@@@@B@@@@AB@@@@@@@@@@@@@@@B@@@@@@B@@@@@@@@B@@@B@@@@@BA@@B@@@BA@@B@@@@AB@@@@@@@@@@@@@B@@BB@@@@@B@B@@@B@@@@@@@@@@@@A@@@@@@@@@@B@@A@@@@@@@@@A@@@@@@@@@@@@B@@@@AB@@@@@@@@@@@@@B@@@@A@@@@B@B@@@@B@@@@A@@@@@@B@@A@@B@@@@A@@B@@@@@@@BB@@@@@BB@@@@@B@@@@@BB@@@@@@@@@@@B@@A@@@@B@@@@@@@@@@A@A@@@@BA@@@@@A@@B@@@BA@@@@B@@@@A@@@@B@@@@A@@B@@@@AB@@@@@B@@@@B@@@@@@@B@@B@@@@BB@@@B@@@@BB@@BB@@@@@B@@@B@@@@@B@@@@BB@B@@@B@BBB@@B@@@@@@ABA@ABAB@@ABA@@BA@ABABAB@@AB@@AB@@AB@@@B@B@@@BA@@BBB@@@BBD@@@BB@@B@@@@@@AB@@@BA@ABAB@@ABAB@@AB@@AB@@AB@@AB@@A@@B@@@@@BB@BB@@@@BBB@B@@@@@BB@B@B@BB@@B@@@BB@@@BB@@@@@@@A@@@@@@@@@@@@@@B@@@@A@@@@B@@A@@B@@@B@@@@@@B@@A@@@@@@@@B@@BB@@@@B@B@@@@@B@@@@B@@@B@@@@B@@@@@B@@B@@@@@@B@@@@B@@@@@@@@@@B@@@B@@@@@@B@@@@B@@@@@@@@@B@@@B@@@@@B@@@@BB@BB@@B@@@@@B@BB@@B@B@@@B@@A@@B@@@B@@@@@BA@@B@@@B@B@B@B@@@B@@@B@DBB@@A@A@A@AAA@A@E@A@@@ABAB@DCFCB@@@HBH@@@B@@A@A@@CE@@@A@@DCFA@A@@BC@A@AB@BAFAB@@AB@@A@CBA@ABABA@ABA@@B@@@BAB@@@B@@@BA@@@@@AB@@A@@@A@@AA@@@C@@@A@A@A@A@A@A@A@A@A@AAA@A@AAA@A@AA@@A@@@A@A@@@ABA@@@@@AB@@A@@AA@A@@NKJG@@BALGJEOOCE@ADE@CIA@FABE@G@AACAACA@ACACDBACCCACACBACACBC@EBC@A@EA@CBABABCEC@CAA@EBC@E@CAAAACACAC@AAAEBE@AAE@C@A@ABCBAJCBAD@DAF@DAF@@@BAB@BA@ABAB@BAB@BA@CBA@A@CBA@CDADABA@E@C@CAA@ADABC@@BAA@@@BABABAD@@AB@@@B@@BB@@@@B@@@B@BB@B@DB@@@@@@@C@C@C@C@C@C@E@ABCAAEAEAEAE@EAEACCACDAD@B@DAFEFC@@H@F@BADG@A@G@A@C@@A@A@A@C@@AAA@@BA@@BCDCB@@AAA@AAAA@EAEBGDCBC@GAUE[GMGECCCCGKOGEECEAGAE@EB@@ABCBAD@DBJ@D@DEDEDGBE@MCEAE@C@EBCDGHKTGNGJCDA@ABA@C@CACCAC@ABEBG@EAGCECCECGAC@A@K@KDK@OEIAGAA@EBCBIDMDEFCBA@CAGCEAG@KBEAG@AAC@A@G@G@KAC@GAGCCGEICG@C@E@EACACKGGCA@CAE@GBEBEDAD@@CJ@DCDCBGBABCDEFCB@@IBI@CAOAEAYCIACAG@IAIAKCME@@ECE@G@C@@@EAICMAG@CAECECAAAAA@C@E@E@CBC@ABABADAP@JCDADEDKBOFEBEDE@A@A@CCIMECGAI@E@GDC@IFEDCFADAFBFDLBJ@FADELGJCFABA@A@CBI@GAEE@@GIEKAG@EBGDG@C@E@CCCCEGEAC@E@CAG@I@G@CFK@ADG@E@C@AACCCIEMIAACCECECQEECCAACAA@A@A@CHEBA@EAOAE@CCCAAEAAACAECC@IACC@@@@AAA@A@A@A@AAA@C@A@CAE@C@C@C@@@A@EACAGAEAECKG@C@CAEBCAC@CCCACCCACAA@AA@@A@@AC@@AC@A@A@C@A@C@@@AAC@AA@AAAAAAE@CACBADADADAD@FEBEDCBCBCDEBEDEBEDEBA@ADBFBDBDBDAFBF@F@DBDDBDBDBFBDDBFDDBFBDBDDBDBFF@D@D@D@D@DADABCFEDABEBCDEAA@EAA@A@A@CDKLGHEH@FCLGLIHOHGD@@A@@@A@@@@@A@C@CBCBCBEB@@A@A@A@A@@AA@@@@@A@@@@@A@@@@@AA@@@@A@@@@@A@@@@AA@AAA@A@C@A@A@@@A@@A@@A@@@@@A@@@@@@AA@@@@@@@A@AAC@@@AA@@@@"],"encodeOffsets":[[106101,29284]]}},{"type":"Feature","id":"511526","properties":{"name":"珙县","cp":[104.712268,28.449041],"childNum":10},"geometry":{"type":"MultiPolygon","coordinates":[["@@AACCCAAA@A@ABABA@A@@@A@CKSAI@CBEDC@@B@BCF@B@@BB@BB@BB@BABAD@D@B@DBBABEBAD@D@BDBDFB\\@J@B@FBFBFBD@HBDAD@DCDADCBEBABCF@DBDDDBDBD@DAD@BE@C@GBABCBADBFAD@BC@CACCAACACFCBC@CAC@CDEBABE@ACAAAAAAC@EDGBAAEAA@A@ABABAD@B@@ABA@A@A@ACE@AAEBC@EBCBE@C@E@EAC@CBEFCF@FAF@DABADAFADBDBD@D@D@FADAD@DAFADADAD@FADCFB@@AE@C@E@E@EEGEICCAA@@AAAAAABA@A@A@AAA@@@ACC@A@E@C@C@CCCAE@A@CDAD@FCBADCDCJAD@H@J@DCBCBCACCAGAEACAECCC@@AACCEC@@@A@ABADABABABA@@@@BA@A@A@A@A@@@A@@B@@AAA@@AA@AAC@AAC@@B@@A@AAA@CC@ACCCACCCCCAA@CFCB@F@B@FADA@GACBE@CBCBC@CAA@CAC@CACAE@EAC@CDE@CDCDAFAFCBANMDEBE@GIGKMEGAG@CFEH@FBDDF@H@DAHCD@D@BB@@B@H@FADCDCDCD@DBBB@BBDBB@D@B@@@BB@@@@@B@@BA@@BAB@D@BC@@@@@@BB@@@BBBDBH@B@FBBB@@D@@BBBADADAD@B@B@B@BAHAF@H@D@BB@ADABAD@B@@A@A@A@@@@@A@@BA@A@AAA@@AA@AAA@CBCFCFCJGB@DABADADADAB@F@BBD@FDFBF@FBH@BBBADAD@D@B@BA@AB@D@D@B@J@@CACCECAAAECCCCACCCAAACAECAACAEACAACCAGAC@@AA@E@A@C@C@C@C@EAE@C@A@A@CA@@A@@AA@@@AA@A@A@C@C@A@C@A@CAA@A@AAA@CAA@C@AAC@C@A@C@A@CBC@ABC@A@ABA@A@AAAAA@AC@AAC@AAC@A@A@AAA@AA@A@A@AAA@A@C@@AC@ACACACC@@AAA@CAAA@@AA@@@AAC@AAC@A@CFG@AA@C@MBIFEBAAACEIA@@@ACA@AA@A@AAA@A@@@AA@@A@@AAAAA@A@C@A@A@A@A@AA@@CAAAA@AA@CAA@ABC@A@A@A@C@A@A@A@@BA@@LBD@B@B@B@@ABA@@BA@@BA@AB@@ABA@AB@@AA@AA@AA@A@A@CAA@C@A@CBA@AAC@AAA@C@AAA@C@AAA@CACACCA@@AAA@A@@@A@C@AB@@A@C@A@A@C@A@A@AAA@AA@AAA@AAA@A@AAA@AA@@AAA@A@AA@@CAA@A@C@A@AAC@A@A@AAA@AAA@CAA@A@A@A@A@GAA@I@C@ABA@ADABA@A@A@AAAA@@ACAAA@CAC@A@A@A@A@ABC@A@A@A@@BA@@B@@C@G@CAC@EAA@A@ADC@AAAAAAAA]D@B@DAB@B@B@B@B@B@B@B@@B@B@B@F@DD@B@B@@AB@@E@C@ABABA@A@C@G@AAABCDAD@BDFD@NB@@@@B@@A@B@@@@@@B@@@@@@@@@@@@@A@@@@BB@A@@@@@@@@@KFBT@F@DDB@@@@@B@@B@@@@@@@@@@@@@@@A@@B@@@@@@@@@@A@B@@A@@E@CFBFBF@BCDAB@B@B@BABA@ABA@A@A@@@A@A@A@C@EF@B@BBBFAD@DDB@B@@BB@BBBBBBBBBB@@BB@B@B@BAB@BABAB@B@BA@@B@B@B@B@@@D@B@@@B@B@B@@ADBDBBBBDBBBBD@B@@@@@@@BB@@@@@BB@B@DBB@DBBDDBBBFFFDDBDBDBB@D@D@B@B@D@DAF@B@@AD@D@FBDBBBD@BBD@B@B@B@B@@@B@HAF@B@B@DAB@@ADAB@FADCFAFAD@DA@ABCDCF@B@BAD@DABC@ADABEFEDCBABE@@@CBA@ABABAB@B@@@B@B@B@@BB@B@D@B@B@FAH@@@@@J@J@B@B@B@@@B@BABA@CBA@AAAAESAAAAC@GAK@E@CDABADAD@DAD@@A@C@C@CAC@EBCBEDCDCBABC@AA@BA@ADAB@@@DCDAB@DB@@@@@@@@@@@@@@@@@@B@@@@@@@@@@@@AB@@@@B@@@@@@B@@@@@@@@@@@@@@A@@@@@@@@@@@@@CB@@@@B@@@@@@@@@@@@B@@@@@@@@@@@@@@A@@@@@@@@@@@@@@@@@@@@@@@EA@DA@ABA@EDA@EDA@AB@@CBEBCBA@CDCDAB@B@DBBBFA@@B@@AD@B@BBBBB@BB@@D@D@BBB@@D@@@@@@DBB@@BBDB@BHHBD@FAPADEBSAECECIAEAG@CBIDKBC@EAECCF@D@DBBDDBDBDBDADCDCBADADAD@DDBBBD@D@D@F@DBDBDB@D@B@D@D@D@D@DADCBA@CBE@C@C@CBCD@FBBDDBBDDDDDDDBDDDBBD@@BDBFBDBBDD@BBD@BAD@B@D@D@FBDBDBBBDBDBBD@D@L@F@F@F@H@FBF@D@DBDD@B@FAD@FBDDBBDBDBBDDBFDDBDBDDDBDDDDDBBDDBF@D@D@D@DADADCDCBCBC@E@ABCBCDABCBC@CBCDABAF@BAD@D@B@DAB@DABCBA@KBC@ADABBDDBDF@F@FCHAFEDIDA@ABCDADCDCDAB@D@DBF@FCFGFGF@FFFJJRHNDVDF@FBF@D@D@D@D@FADAFCHAD@F@F@D@D@BBBBDDDBB@BBD@D@FBFBDBFBDBBBBBHBB@D@@@DBBBFAHAD@@BBG@CBCBCDAFCDABABC@C@CBCDEDE@A@C@K@AECE@EBUDKBE@A@A@EE"],["@@@@A@@@A@@@@@@@B@@B@@@@@@@@@@B@@@@@@@@@@@B@@@@@@@@@A@@@@@@@@AB@@@@@@@@@@@A@@@"],["@@@@AB@@@@@@A@@B@@@@@@@@BB@@@@B@BB@@@@@@@A@@@@@@@@@A@@@A@@AA@@"],["@@@@@@@@@@@@@@@@@@@@@@@@@@@@@@@@@@@@@@@@@@@@@@@@@@@@@@"],["@@@@@@@@@A@@@@@@@@@@A@@@@@@@@@@@@@@@@@@@@AA@@@@@@@@@@@@@A@@@@@@@@@@@@@@@@@A@@@@@@@@@@@@@@@@@@@@@@B@A@@B@@B@@@@@@@@@@@@@@@@@@@@B@@@@@@@@B@@@@@@@@@@@@@@@@@@@@@B@@@@@@@@@@@@B@@@@@@@@@@@@@@@@@B@@@@@@A@@@@"],["@@B@@@@@@@@@@@@@A@@@@A@@A@@@@@@@@@@@@@@@@@A@@@@@@@@@@@@@@@@@@@@@@B@@A@@@@@@@@@@@@@@@@@B@@@@B@@@@@A@@@@B@@@@@@@@@@@@@B@@@@@@@@@@@@@@@@@@@@@@@@@@@@@"],["@@@@@A@@@@@@@@@@@@@@DA@A@@@@@@@@@@@@BA@@A@@@@@@@@A@@@@@@@@@@@@@@@@@@@CCBAB@@@@CB@B@DFB"],["@@@@@@@@@@@@@@@@@@@@@@@@@@@@@@@@@@"],["@@@@@@@@@A@@CAAB@BF@"],["@@@@@@A@@@@@@@@A@@@@@@@@@@MADD@FLE"]],"encodeOffsets":[[[107252,29145]],[[107254,29144]],[[107249,29136]],[[107399,28959]],[[107190,28848]],[[107193,28848]],[[107200,28848]],[[107501,28791]],[[107288,28618]],[[107291,28598]]]}},{"type":"Feature","id":"511528","properties":{"name":"兴文县","cp":[105.236549,28.302988],"childNum":8},"geometry":{"type":"MultiPolygon","coordinates":[["@@@@@@A@@@@B@@@@@@@@@@@@@@@@@@@@A@@@@@@@@@@@@@@@@@@@@@@@@@@@@@@@@@@@@@@B@@@@@@@@@@@@@@@@@@B@@@@B@@@@@@@@@@@@B@@A@@@@@@@@@@@@@@@@@A@@@@@@@@@A@@@@@@"],["@@B@F@FBF@FBD@DAH@FCH@H@H@H@HBB@BA@ABACQAA@A@@BA@@B@@B@BB@BBD@B@D@BA@C@IBA@@DAF@D@DCBABAD@B@BF@BB@@@BA@ABE@A@CAE@A@ABA@@D@DBB@@A@@EE@A@@@A@AAAA@AAEAA@EEAA@C@A@@BAB@BADCBABADEBC@CAA@@C@@@A@AAAA@AAAA@@A@A@A@A@C@AA@A@ABAB@@ABAAA@A@@A@@@A@@BA@A@AAAC@E@C@C@@@C@A@A@A@C@A@CAA@@@BANCFCHCFADE@EBEDAHABC@CGO@EBADCBA@@@@BA@ABAB@@AD@DAB@FCHCFEFGBGAIACAE@KCI@EBGDCFADEKoB[DKBAJ@DCBCIQ@EBADAB@DEBABCBE@CAC@EAE@EAE@GAE@A@EBIDGNSDEBGBCACCGAAAA@AAAACACAACCC@A@ABABADABC@ABCBC@A@CAACACACCAAAA@C@E@C@A@G@E@C@A@E@CAC@AAC@A@CAC@C@A@E@E@E@E@A@C@AAA@ACA@CAC@C@C@A@CCCEACCCCAE@C@C@A@AAAA@@@@BC@A@C@AACA@C@@@ACAACAAAABA@C@@@A@@A@ABA@AA@@@C@CAAACA@AACEIEMCEGCMMEAA@G@CAE@GACAE@CAEAAAEAE@ABADAFC@G@GCGACACA@@A@C@A@E@C@CBEBCBEBE@E@CBE@C@CDCBCFEDEDGBCAA@EBEBA@CBABEBCAGACAC@CB@DABEDC@G@CBCBCFBFEBE@A@E@EBCAC@AAAAAA@A@AI@A@C@C@A@@BABA@C@C@CBABAAG@EAE@EAECC@AAE@A@CBCBCBABCBA@IHEDEDAD@DBB@BBB@@BB@B@BAB@@BB@@@@@@@@@@@@@@@@@@@@@@@@A@@@@B@B@BA@C@ABCB@BAAC@G@E@GBABA@A@A@C@CBCBABAA@@@CA@AA@E@AAGACAA@@A@@A@@@@D@@A@CBA@AB@@AA@@@@@A@@A@@@A@CAAAC@AAACAC@CDCDCDEBG@A@@@AAC@C@GDCBG@E@CCEAG@EF@DBHFHLNJH@HAFCFMNABEDEBCBCD@DCF@DBD@FBFBD@DBD@DBB@DADAD@DAFBD@HCBEBA@E@A@ED@DBBDDDDBDDDBDD@@DBB@B@BA@@@BD@BBD@BBB@@BB@BA@@@@B@@@B@B@B@BAB@@@@ABABABCBAB@B@B@@FDDDBB@@DDFDDBFBHBDBBDADADCDI@G@C@IBCDCDABEDC@CB@D@BBFDD@D@D@D@F@BDD@BB@@@@@@@@@@@@@@@@@@@@@@@@@@@@@@@@@@@@@@@@@@@@B@B@B@BABBBBBBB@@BBDDFJFH@F@F@F@DBF@@@@DBF@D@DADAF@FBH@FBFBF@DAFADCBCBCBC@CFCFCD@D@DBD@DABE@C@CBCDBBFF@FBD@BCACBCBEDA@@@@DC@G@G@CDAF@PD@@F@DABCBEBABCHEDAFCD@FAD@B@BBDBB@@AB@FEBCDEDEDGBABBBD@@@@AB@BBD@D@DAB@DADAD@FAF@D@D@D@BBD@F@@BBDBDBBADBFHDJDPDFBDBDDF@BAB@BCBAF@@E@G@ABADABGDADBBB@F@FAD@BB@@@B@D@BBDBBDD@D@B@BADADCBADCDCBCBAD@B@B@BBDB@B@D@DB@@FBDBBFBF@F@BCDCDA@@@ABA@ABA@AB@@AB@@@@@@@B@@@@@@@B@@A@A@@BA@@BB@BBBB@DAB@BC@CBCDEHA@ABADD@F@D@F@B@DBF@B@DBDBD@DBD@D@BBDBBD@BBBAD@BAD@BADAB@@@B@@BB@D@BBFBBBBBB@DB@DD@@HBF@PAFAB@BA@A@A@C@A@ACCMQAAAEBEBaBCBCDCLEF@DAD@B@D@B@D@DABABABABADABCDAB@B@B@B@DB@@B@DBD@FJB@BHB@@B@@ABA@ABC@CBIFA@ABABA@@B@@@FBD@BBBBDBB@BBAF@@B@D@FAD@DBH@B@F@BBB@BJA@@B@@@@@@@@@@@@@@@B@@@B@@@@A@@@@B@@@@@@@@@@@B@@@@@@@@@@@@@@@@@B@@@@@@@@@@B@@@@@@@@@@@B@BB@@@@BB@@@@@@@@@@@@@@@@@@@@@@@@@@@@@@@@@@B@@@@@@@@A@@@@@@B@@@@@@@B@@@@@@B@@@@@@B@@@@@@@@@@@@@@@@@@@@A@@@@@@@@@@@@@@@@@@@@@@@@@@@@@A@@@@@@@@@@@@@@@@@@@@@@@@@@@@@A@@BBX@@@@@B@@@@@@@@A@@@@@BB@@@@@BB@@@@@@@@B@@@@@B@@BB@@@@@@@B@@A@@B@@DHF@DAHAHAF@F@FBF@H@H@F@FBF@DBHBF@DBDBDAD@H@F@F@D@B@@CBCBA@@J@F@F@DBHBDBFBF@DBD@D@D@HAB@B@D@@@H@H@L@F@F@"],["@@@@@@@@@@@@A@@@@@@@@A@@@@@@@@@@@@@A@@@@@@@@@@@@@A@@@@@@@@@A@@A@@@@@@@@@@@@AAA@@@@@AB@@@@@@@@@@@@@@A@@B@AW@@@@A@@@@@@@@A@@@@@@@@@@@@@@@@@@A@@@@@@@@@A@@@@@@@@A@@@@@@@@@@@@@@@A@@@@@@@@@@A@@@@@@@@A@@@@@@@@@@@@@@@@@@@A@@@@@@@@@@@@@@@@@@@@B@@@@@@@@@@@@@@@@@@@@@@@@@@@@@@A@@@@@@@@@@@A@@@@@@A@@@@@@@@@@@@@A@@@@@@A@@@@@@@@IB@@BJBB@@B@D@@BBB@B@D@J@B@DBH@HBD@BBBDBB@DACG"],["@@@@@@@@@@B@@@@@@@@@@@@@@@@A@@@@@@B@@@@A@@@@A@@@@@@@@@@@@@@A@@A@@@@@@@@@@A@@@@@@@@@@@@@@@@@@B@@@@@@@@@@@@@@@@@@A@@@@@@@@@@@@@@@@@@@@@@@@A@@@@B@@@A@@@@@@@@@B@@A@@@@@@@@@@@@@@B@@@@@@@@A@@@@@@@@@@@@@@@@@@@@B@@B@@@@@@@@@B@@B@@@@@@@@@@@B@@@@"],["@@@@@@@@@@@@A@@@BB@A"],["@@AA@B@@B@@@@@@@@@"],["@@@@A@@@@A@@@@@@@@@@@@@@@@@@@@@@@@@B@@@@@@B@@@@@@@@@@@@@@@@@@@"],["@@@@@@@@B@@@@@@@@A@@@@@@A@@@@@@@@A@@A@@@@@@@@@@B@@@@@@@@@@@@@@@@@@@@@BB@@@@@"]],"encodeOffsets":[[[107757,29134]],[[107777,29133]],[[107640,29128]],[[107598,29107]],[[107399,28959]],[[107501,28791]],[[107752,28774]],[[107753,28770]]]}}],"UTF8Encoding":true}