{"type":"FeatureCollection","features":[{"type":"Feature","id":"520521","properties":{"name":"大方县","cp":[105.609254,27.143521],"childNum":1},"geometry":{"type":"Polygon","coordinates":["@@CcqCaBQ@@AADC@A@AA@@@C@CECMOAAC@AB@F@BCDIAEACBCB@BBBAD@BA@GAA@CAA@A@AA@@@A@ABCBABA@@BA@@BAACCAG@C@AB@FC@C@AACGEIGAC@C@@@A@ABA@CAA@A@AAAAC@AAAAA@@A@AA@@A@@B@@@BBB@B@D@D@B@B@B@B@B@B@B@@A@@A@AAA@AAA@@A@AA@@A@AAA@C@ABCBABA@A@@IGS@M@KCIGMGCAIAE@G@G@GBGDIDE@GBEBGBEBGDEDEBIAE@CBE@GHABE@EC@AA@@C@ACEEC@AACCC@C@C@A@ABCBCBC@@EECCECECG@E@CAAAGAK@ACAC@AAECAA@A@@@@@K@EBCDA@CAEABU]sAW@MMq@KAWHU@WGO[YGiHyDGRAFEPuoMwBSJYAYTi@iK_^HOIKS@WJeAcMY[_CeGMOGOBezaXBbKPU@sQsKcB[LKjYHMLKZIJyFCBKBKBKBOBKBSFODQHUHOEKEOGOAOFOLMRGNETBTHXJXL\\RfJ^JPLHN@PALANHVFHHN@R@R@TFPNRPPPLJBTENGVCXDZFTNRVTNNDNCRGDUPGXBB@A@@B@@@@@@BB@@@B@B@@@@BB@@@@@@B@@@@BA@@@@BBB@B@@BB@@@B@@B@@@@A@@@A@@@@@A@@@@@A@@B@@@@@@@@@@BB@@B@B@@@B@@@B@@BB@B@@@B@@@@B@@@@BB@@@B@@@@@B@@@B@@@@@B@@@@B@@@@@B@@@B@@@@ABA@@BA@@B@@@B@@@@@B@@@@@B@@A@@@AB@@@@@B@BB@@B@B@@@B@B@BBB@B@@@@@B@@@@@B@@@@@@B@@@@ABA@A@@BABAB@BAB@B@BCB@@A@@BA@@B@@B@@@B@@@@@@B@@@B@@@B@B@@@BABA@@@A@@B@BAB@B@BA@A@@BA@@B@D@B@B@@A@A@A@AB@@AB@@@BA@BB@@BB@@B@@@DCB@@@B@@@@B@D@B@B@B@B@@@@B@BABAB@B@B@BBB@@B@@@B@B@B@@BB@@BBB@@@BB@B@@BB@@B@@BBBDBBBDB@@DBB@@@HHLDNBJBNDTJLHPLPFPHHJFPDZDVERCBIACAIAGDCFBN@JBPBRANGLKJEPBLPJJF@@HBBD@FCT@BD@D@H@FB@@B@D@B@PPBD@FDZFDDBD@HAF@FBLHHBDDDDFDD@D@D@DBD@F@D@FCD@BBB@JAFD@DFBHBFBFBB@D@B@D@BBB@HBB@JEFBLFLFLLJLDNFTDXFXLLRJXHPFVNZLREHILQLERDRFJDFDBABAB@BBD@BBD@@@DBBD@@B@BAFA@@FEPIRCPBLDLJNJJHNDPARERKLMHS@SGWKWEQAQBQDWAQ@M@IJIJCLAHKDIBIFGHAHFJLFPRPLHNFTBLIHOHKFKBIDGLIFCNEF@D@DABA@CAGBA@AB@FDD@BAB@@@@ABC@A@A@CBA@AAA@AEA@@AAAACCCAC@CAA@@@AA@ABC@A@A@@B@@@D@@@BAB@B@@BFCDAFAB@D@B@DAFAFCJE@@BABABAACAA@@@GACAAA@AC@A@EAC@A@AAA@A@A@AB@FAJ@B@D@D@D@B@B@@@DBREJCJERQLOLQFOHUHIhITOHk^_AC"],"encodeOffsets":[[108681,27916]]}},{"type":"Feature","id":"520522","properties":{"name":"黔西县","cp":[106.038299,27.024923],"childNum":2},"geometry":{"type":"MultiPolygon","coordinates":[["@@XDPALDDFDF@LENFVHNFHAJAJNNPFNDRBNFNPFHHZ^RNBZUVIT[`@T@R@TGPGLAHAHAHCH@JDJHFFHFHBHIFEAMEOEKBODKNILENMDCFO@SEOIIGIOKGMCO@KFMFO@KCKCCIKCCEGAMDOB@jQXSPAA}X{@KAMFQ\\g^MDIocuQUMWcMwIICK@mGMOMMEOBoXM@kUKK@WLMNUjU@WO[]eKUMeESMQ[KyMGO@ZOBaYSASRK@UIUUGQAYECqBqS]CSNO`IHSHURYnQrAJIRKVD~WhKHUD_LOvEFQBCHGzHj\\ZHP@XGVBX@LNr@NBX^tAVFBDBB@DCFAL@@@@@B@B@DBBF@BBDBDL@HBBBDBF@H@FDFDDDFF@@ADADAD@B@B@D@DDDBD@BFDDF@B@DB@@BFDF@BAHGF@DAF@JBFAFCHCFAHAFAHAF@JCHCHAH@H@F@JBDBNHJHLDN@T@JH@@@BABABAD@B@DBB@B@BB@@B@BB@BBB@BBB@@@@BA@A@A@A@A@A@A@C@C@A@A@AA@@A@@@@BB@@B@BB@BBBBD@BBBBB@B@DBB@BAB@@@D@D@HBFJDHBBD@D@@EBAD@H@DBBDAB@@AB@@ABABAD@B@B@@BBB@B@DBB@HBB@@ABCAA@ADADAFBJBDC@A@EBAD@BBNPFD@D@D@@BBB@D@BC@BR@bArD"],["@@AA@AA@@@@@@@@A@@A@@@@A@@@@@@@@@A@@@@@AB@@@@@@@@A@@@@@@@A@@@@B@@@@A@@@@@@@@@@@@@@@A@@@@@@@@A@@@@@ABA@@@@@@@ABA@@@ABA@@@@@@@A@@@@@@@AB@@@@@@A@@@@@@@@B@@@@@@@@@@@B@@@@@@BB@@@@@@@@@@@@@@@B@@@@A@@@@@@@@B@@@@@@@@@@@@@B@@@@@@@BB@@@@@@@@@BB@@@@@@@@@B@@@@@@@@BB@@@@B@BB@@@@@@B@@@@@B@@@B@@@@@@@@@B@@@@@@A@@B@@AB@@@@A@@@@@A@@@@@@@@@@@A@@"]],"encodeOffsets":[[[108679,27898]],[[108697,27912]]]}},{"type":"Feature","id":"520524","properties":{"name":"织金县","cp":[105.768997,26.668497],"childNum":1},"geometry":{"type":"Polygon","coordinates":["@@`KVCLGXgC}LUJQBIRqZmVQTGJGP_TM^DrTrAFDBZHRVVVJL@TQTBbZPAYP@NHre`ONUAYMsAgTwAMOKGOOBObSJKFSN}]]GMAK_CiKWOM­mmDaQ@@@@IEA@AAC@CA@@CA@@C@C@AAA@A@CAA@CAAAEACCA@A@C@A@CAG@A@CAEC@@@@C@CBML@FAD@BCAABABABA@BBDDFB@@HBJFDJ@F@L@HAFAB@B@DD@@DBFABAC@@AAAAABAD@BADABC@ADA@BBAB@D@BB@B@B@B@@BAB@F@@BB@@BBBB@@BB@B@@@@@B@@@B@B@B@@@B@B@@@@ABAB@BAB@B@@@@AB@@AB@@AB@@A@A@A@@@A@A@@@CAA@@AA@A@A@AA@@A@A@ABA@AA@@AA@AA@@AA@AACCAAA@AAA@AAA@A@@@A@AAA@@@A@MFGHIDOCSMOOOEUGOKKIKKIGMCQEuD]B[GGQIMUIQEOHILIFSAUGKCGCA@UgSLGJQMWEWEWIWIOEMCQKGGEOIOGMKGMGMGMGQEICIEENEPING\\IVGRBPCPINMDS@QAY@]BQDIBENILKHSDQ@SAODGD@@CBO@EDEHENCFA@C@E@ACACAE@CECC@A@@@AB@D@D@D@@ADAB@@AB@@@DA@@DABCDCHCD@B@BBDDBD@BBB@DBBBHHFD@BBB@@DBF@BBB@BDBB@@BDB@DBBBFDDBBBF@BB@@B@DBDB@@@JBDBBFF@BBDBBDD@@BB@BA@@B@@@B@@@@@D@@@D@B@@@B@@@BB@@@@B@BB@@B@@BB@BBB@@@@BB@@B@@B@@B@@@BBB@@@B@@@BB@@B@B@@B@@B@@@B@@@BB@@@@B@@BB@@@BB@@BB@@@BB@@@@BB@@B@@B@@B@@@@@BB@@B@B@@@@@BB@@B@B@@@B@@@B@BAB@@BB@@@BABBB@@@B@B@B@@@D@@@B@@@B@@@B@B@@@B@@@B@B@@@@@B@BBB@BBB@@@BB@@B@@BB@@BB@@BB@@@@@B@@@B@@B@@@@@@BBB@@B@@B@@B@@@B@@@@BB@@@@@B@@@HRLJLDPHNLHFLPRL\\HPDRJXHB@@BD@@@BB@@@@B@@@@BB@@@B@B@B@@B@@B@B@@@@@B@@BB@@@B@@BB@@@@@BBB@B@@BB@@@@@@BD@@B@@B@@@@@BA@@@@@A@@@@@A@A@A@A@@@A@@@@@A@@@@@AA@BA@@@C@A@@@@BA@@@@@@B@B@@@B@@BB@B@@@B@@@B@@@BBB@@@@@B@@@B@@BB@@@B@@@B@@@@@B@@@B@BB@@B@B@@@@@@@B@@@B@@@@@B@@@B@@@BAB@@@@@B@@@B@@@@@BABBB@@@B@@@B@@@B@BBB@B@@BB@@@B@@@@BBB@@B@@B@@@B@@@B@@@B@@A@@@@B@@@BABAB@@@B@B@@@BB@@B@@@B@B@@AB@@@@@B@B@B@B@@@B@@BB@@@@@BB@@B@@B@@BB@@BBBBB@@B@@@BB@@@BB@@@BB@@@BB@@B@@B@@BB@@@@B@@B@@@@@B@@B@@B@@@@B@@B@@@@BBB@@BBBB@B@@BB@@@@BB@@@BB@@@@B@@B@@B@B@@B@@B@@@B@@@@BB@B@@@B@B@@@@AB@@@@@@AB@@A@@@C@A@A@@A@@A@A@@@A@@@A@A@@@A@@AC@@B@@@@@BA@B@@B@@@B@@B@@@@BB@@@@@DBB@B@@BB@@@B@@@B@@@@@B@@@BB@@B@B@@@@@BB@@B@@@B@@@BB@@B@BB@AB@@@@@B@BB@@@@B@@BB@@@@NM|B`RTAVINmV@RPAPHHNDf\\`NZBdIf@XLTPJG`]jLj@ZSZBTIxApN"],"encodeOffsets":[[108359,27578]]}},{"type":"Feature","id":"520523","properties":{"name":"金沙县","cp":[106.222103,27.459693],"childNum":2},"geometry":{"type":"MultiPolygon","coordinates":[["@@H@BABABABAD@FCBABE@AB@BE@C@@DCTIPCBEFYCgGG[IQaBMLW@ININWHEhFVKHDBNFFbPhlKHGHS\\DROxST@NN@NIZZNREFVJFTCjXXD@@B@L@PEXShSTmbiHCt@JCHQ@UCW`]@C@@@@DQQyai@QDIJODGVmGAO@_JSGaMy@[woOmauYCEeSOMOCcEIEMsIG]GMIUoCEOBWTiRA@CPBNFHDDJLDDDL@LEPEN@LDPHNPLHJJJFP@TEPCDMNKFMJCLAPFLFPBNEFGJGAGEEEIGICG@GDGBGBKBOHSHQ@S@_@S\\UJYVMA]QGYEGMOMEQAMCOEMMBIBIEGGMEUFM@KCESP@@@B@@@@@@@@@@@B@@@@@B@@A@@BA@@@@B@@@@A@@@@@@@@@A@@@A@@@@@A@@@@@@@AAA@@@@@AA@@@@@@@@@AMDBD]`GlSPgJGJGVEPKRKPQRIFIDQFCA@@A@A@C@C@C@A@I@EBA@@B@B@BBB@B@BBD@F@BBDB@BBBD@H@@BBBDABABAB@@IFEDEBCBA@C@A@EBCBED@AA@A@AB@@C@@@A@@@@B@BAD@BBB@@B@DBD@DBDDBBBB@@FB@BBB@BAB@D@B@BAD@B@@A@ABC@ECA@@BABBH@DABCBC@E@MFEDKJCHAJELGLGPKJSAMEKGQOEOIKGEGBEHAJCJGLKBIDIJ@J@NBRCXARBRFRLXHX@TGTKNQLQFOBMCIGMIKIKCOAQDOJEF@@EBABA@BJ@BBD@DBD@D@F@D@B@FABBD@B@B@B@B@@@BBBBB@B@BBBBBB@DBB@BBB@B@B@BBB@BBBDDD@BBBBB@DBB@BAB@BBBBD@B@BBB@B@BBBB@BBB@@BBB@HBBBDDB@BBBB@BBB@B@BBB@BB@@BBB@B@BBD@DDD@D@D@BBFBFBBJADBBBBB@FDD@HDD@BBB@DBBDDDB@@DBB@BB@B@B@B@@BDD@B@DDBF@HDDDBBBDBBB@D@@@B@BBB@BBB@D@D@BBD@B@B@DB@@BBDBBBDBD@@D@@DBBB@BBB@BBBBB@BBBFBB@JBHBFDHBJDFBHDDBD@FDHBHFDBDBB@DBDBDAD@J@B@DCHAB@@A@C@CAA@ACA@C@ABA@AAE@A@ABA@AAC@@@A@AD@BA@@AC@A@CDC@@@ACAAA@@FEBA@@FqEOCM@EBERETFXHP@HB@@DBB@BBD@D@B@D@D@B@@AB@@A@@@C@A@A@@@@BAB@JAD@@@B@B@B@PAB@D@D@BA@AAC@CD@FADAB@FBB@DA@@BC@ABABA@A@AB@B@BD@JB@B@@CBC@A@A@A@ACEBC@CAAAE@C@CHE@ABA@C@A@@BADO@CDAB@D@LDB@D@@@HSFQLQPMLIHOJKTCPBZFZFJDLCJILGNIPFHJGLERJPPJRPLF@@DBFBBA@AB@BD@B@BBBDBBB@BAB@@ABADBBBBB@BBDDDDBABCBEBADGBABADCD@B@BBD@"],["@@@@@@@@@@AA@@@@@@@@A@@A@@@@@@@A@@@@@@@@@@@@@A@@@@@@B@@@@@@A@@@@@@@@@@@@@@AA@@@@@@@A@@@@@@@@@@@A@@@@@@B@@@@@@@BA@@@@@@B@@@@@@@B@BA@@B@BA@@@@@@B@BA@@@@B@@@@@@@@@@B@@@@@@@@@@@@@@@B@@A@@@@@@B@@@@@@@B@@@@@@A@@B@@@@@B@@@@@@@@@B@@B@@@@B@@@@@@B@@BBBTOCEKCOBWCDdNC"]],"encodeOffsets":[[[108850,28266]],[[108688,27914]]]}},{"type":"Feature","id":"520525","properties":{"name":"纳雍县","cp":[105.375322,26.769875],"childNum":1},"geometry":{"type":"Polygon","coordinates":["@@GGUEMGKBOBM@KGIOI]QeK[IWGWASFSHMNQPKPEPBPHLFPFVGRGPCTELAPALALALADAzEJILYNKZGLi\\KdAtLtRV@LOAabWfy@QnUJMBUQSA_N{@M@@A@@AA@@@@@AAA@@@@@A@@BAAA@@@AA@@A@@@A@@@AA@@@@A@A@@@AA@@A@@@@@A@@@A@@@A@@AA@A@CA@@@@A@@A@@A@@@@A@@@AA@B@@A@@@@@AD@@BB@@@B@B@@@B@@@B@B@@@@BB@B@D@@@B@@@BA@@@@@@BA@@@@@A@A@@@AAA@@@@@A@@@AA@@@@A@AA@@@@A@@A@@A@@AA@@@@AA@@@AAAAA@@AA@A@@A@@@@A@@A@@@@AA@@@@@A@@@@A@@A@@AA@@@@AA@@A@@AA@@A@@A@@AA@@A@@@AAAA@AA@@AA@@@@AA@@A@@@@AA@@@A@@@A@A@A@A@@@@BA@@@A@A@@@AA@@A@@@A@A@@BABA@A@@@A@@B@@@@A@@@A@@@A@@@AA@@@AA@A@@A@@@A@@AA@A@AAA@@@A@@@A@@@A@AAAB@@@@A@@@A@@@@@A@AB@@A@@@A@@@@@A@@@A@@@@@@@A@A@@@AAA@@@A@@@@@A@@@A@@@A@@AA@@@A@@@@@A@AA@@A@@@A@@@A@A@@AA@@@A@A@@@@@@@AB@@@@@B@D@@ABB@@B@@@@@B@@@@@B@@@B@B@B@B@@@@@B@@@@AB@@@@A@@@@AC@@A@@@@A@@AA@A@AA@@@@A@@AA@@@A@@AA@@@@@A@A@@@@AA@A@A@@@A@@A@@A@@@@@AA@@C@@AA@WGQIOC[GQKKOGEMKOGKCKIGQ@@A@@@@@A@@A@@A@@@A@@@@AA@@@AA@A@@@@A@@@@A@@@A@@@@AA@@AA@@AA@@@AA@@A@@AA@AAA@A@A@@@@@A@A@@@A@@@A@A@@@A@@@A@@@C@@@A@A@A@@AABA@A@@AA@@BA@A@A@@@A@@@A@AA@@A@@@@@A@AA@@A@@@@@AA@@@@AA@@A@@A@@A@@AA@@AA@@A@@AA@@@@@AA@@A@@@A@@@@AA@A@@@AA@@A@@@A@AA@@A@@@@AA@@@AA@@@@AA@AAA@@@AA@@A@A@@A@@A@@@A@@@A@C@@@C@@@@@A@@@AB@@AAA@@CCAAAC@AEEAAAC@I@@CACAA@@@AAE@AACAECAACAA@AC@@AAACA@AAE@CA@@AA@AECGGAA@B@B@B@@BB@@@B@@@B@@BB@@@@BDBB@@@BA@@@A@@@AAA@@@A@A@@AA@A@C@A@A@A@ABA@A@@@AB@@A@@@A@@@A@CB@@A@@@ADADAD@@@@AB@@AB@@@@AB@@AB@@@@ABA@@@@BA@@@@BA@@B@@@BA@@@AB@@CBA@@@CB@@A@@BA@@@A@@@A@CBA@@BA@A@@@ABA@A@@@A@@@A@A@@@A@A@A@A@@@AA@@A@@@AAAA@AACCAECCAAC@AAAAAC@AAC@E@C@CBC@CBCBE@A@C@A@C@CBABEDCBA@A@ABEBEBC@A@ABA@C@A@CBA@ABCDC@CBC@@@@BEF@@MN@RJZCTaLGJMJM@OASGECKKECGACDCHARCDETEJKFCFDJDDBFCFYIIHEVKNEBOFCH@DDDJFBH@H@REPKLEJENAN@N@RHPLLJN@RELMNSDUFODKHDJNFNJ@LGJMPOHSF[DYDOJKTCTHLNNRLLLDJDT@VE^ARCHBPBFBN@HGLGJEDIBaEUEY@[DSFGJDTNRBFLJLFPHPJTNXPZTTLJFDHCHIVGRAJGHOL@@@@AB@BADAF@B@@@B@@B@@@D@@@D@BBB@FB@@@@BADABADA@@B@B@@@D@D@B@B@D@D@B@B@DAB@BA@AB@BAB@@ABEBA@AB@BADAB@B@D@D@FBB@B@B@BADC@AB@D@BAB@BABAB@@CBAB@@@D@BAB@D@@@B@B@B@BABABBB@@@D@BBF@D@D@B@B@BAB@BBD@B@D@BBFBDBBB@@D@BBB@BBBBB@B@DCBADAFAB@B@DBB@F@DBD@BBDDDDB@HHFD@@D@FAB@B@DBFDDBHABABCB@D@B@BBDBB@D@FAD@D@BAB@BADCDAB@FAB@BABAB@BABAD@BBB@D@FBD@DBDBBBLHFHHJLPJLPFTDX@\\AZAXATCNCNCP@XI"],"encodeOffsets":[[107877,27733]]}},{"type":"Feature","id":"520502","properties":{"name":"七星关区","cp":[105.284852,27.302085],"childNum":1},"geometry":{"type":"Polygon","coordinates":["@@AAAA@AAA@AAACA@@@CC@CAAACAAA@@CAA@A@C@AAC@C@A@AAA@AAA@@@C@A@AAACAACCGCE@CA@C@ACC@AA@A@A@A@@AAA@CA@CCACCAA@AAC@GCC@ECA@AAAABCAIEAEAAAC@C@C@CCC@AAA@A@AA@@AAA@AAA@A@AAA@AA@ACAACAA@GAA@AA@AAA@AA@A@AAA@A@AACAA@ABA@AAA@CAAAA@ACCACAAA@AAA@A@A@AAA@CAA@AAAA@A@AAAAA@A@@@A@A@A@AACBA@E@A@C@E@CAC@CAC@AAI@@ACCA@@C@AAC@AAA@ABABECICQEQCKFKRGJQFYKUMOEWGQIKKEWCWESCMIKKKKEKEEAIFA@GAA@AAC@A@C@A@EAEAGAEA@CECIBA@AAC@EDC@E@C@CAC@C@C@ECCCCCGAKGEAE@GBC@CAECCY@EACOOA@C@A@@@EAG@C@C@@ADS@EACGA@@IEOIAKFOLIHKBMAQAO@IAMDEHCJBDBJBDAFQCUCYEOGIOGOEOKKGSIMCIAMAKCGG@@A@CA@@CAAACAAA@AA@@@AA@@@AAA@@A@AA@@AA@@@A@A@A@@@AA@AAA@A@A@ABABA@@@@@@A@A@A@A@C@A@@A@@@A@CD@@A@@@AA@@AAB@@A@@BA@@BAB@B@B@@@@A@A@C@AB@@AB@B@@A@ABA@A@AB@@@B@BA@A@@@A@A@@@A@@@A@@@@A@@@A@@@@AB@@AB@@@DA@A@ABA@ABABA@AB@B@BA@@@@@A@@@@A@@@@@A@@@@@A@A@AAA@A@@@A@A@@@AAA@@@@@A@@B@@@BA@@@@@A@@@@@A@@@A@@@AB@@AB@B@@A@@@A@@@@@A@@@@@@A@@@@@A@@@A@@@@@A@@AA@@@@@A@@A@@@A@A@@AA@@@A@@@A@A@@@AA@@@@@@@@@@@AB@@@@@B@@@@@B@@@B@@@@@@AA@@@A@@AA@A@AA@@@@AB@@@@@A@@@@A@@A@@A@A@@@A@@A@@@@A@@@@BAAHWVOHCDQCMMMUSMQESCYDWHUFMASKIOOQOOMSEQ@Q@M@WJO@MDMDSDWBYB[BW@SCOEIKKOGIEGKGAACACAC@EAC@A@AAC@ABABA@ABABA@EBA@CBCDABA@ABC@C@EBC@A@CAAAA@C@A@ADABGBCAECCAA@A@EBC@@@ECGGA@CCCCAAC@CAE@A@CAA@A@EBCBABCDA@A@AAAAA@AAC@@@AACAEAAAC@A@C@AAA@ABA@A@C@C@E@AAC@@@A@AAABABA@A@A@@@C@A@ABC@@@A@AB@DA@ABABA@ABC@A@@BCDABA@A@A@EAC@C@A@A@CBABA@@BABAF@BA@ABA@@BABA@CBA@A@C@C@A@A@C@C@@@A@A@@@CBABCBAB@@A@@D@@BDBDBB@BBFAD@B@B@B@DABC@GBC@AAA@CBE@C@C@ABC@@@A@A@@@ABABEB@BA@CB@@ABA@ABA@ABCBABABA@AD@DAB@D@DAF@B@D@BAB@BABA@A@CBGDA@A@CBAB@@AB@@@@AB@@AD@@AB@BAB@BBB@B@BA@A@AB@BAB@@AB@B@BBBAB@@ABABA@CBABADABA@@DABABCBABAB@@A@@BC@ABC@ABA@E@ABA@GFC@A@C@A@A@CBA@A@@BC@ABA@A@A@ABA@ABA@A@CB@BA@@BABCB@BA@@@A@@@A@A@@@C@@BA@ABABA@AB@@@D@BAB@@@BAHAL@@@@@B@B@@@@@B@B@@@B@@A@AB@@@@@B@DBBDBBBBB@@BB@@B@B@@@B@@@BBB@@@B@BBB@@@BB@B@@B@@@B@@@@B@@B@@BB@B@@@BB@BB@AB@@AB@B@@BB@B@@AB@@@@BB@BB@@@BABB@@@@@B@B@B@BBBB@@B@@@B@B@BA@@BAD@B@B@B@B@BAB@B@@ABABAB@BC@@BC@A@@@ABA@ABA@@@@@KNIRAJ@@BD@BBB@BBD@@@D@B@B@B@@DD@@B@BBBB@@BBBBBB@@DBB@D@D@B@B@B@BBB@B@@BBD@B@BBB@@@BB@B@BAB@@@D@B@BABBBBBBBD@BBD@BBB@BBD@BBB@BBB@D@BBB@BB@BB@@BBB@BB@@BBD@B@BBBBB@B@BBD@D@BBD@BBB@BBBBBBBB@BBB@BBBBBBBBB@BB@@BB@B@DBFBHDFFBDFBFBF@F@D@BB@BB@B@DBB@@@@@BBBBBBB@FDFBB@D@BBFDBBB@BAD@B@@@@BAB@BDFB@@@@BB@@@B@B@DBB@BBBBDBBBBBBB@DBBDDBBBBBDB@BBBBDBBBDDBBBBB@BBB@F@B@B@BAB@@AB@@ABA@@@AB@B@@@B@@BDB@B@@@BAB@BA@@BA@@B@BB@@BBB@BB@B@B@B@B@D@@BD@B@@BD@B@BDB@BBBBBBBBBB@@BB@@BBB@DBB@D@D@DBD@D@B@B@B@@@@@BAB@DADA@@@@BABABADCB@@@BAB@@@B@B@B@B@@@BBBBD@BBB@BBB@BBB@B@B@B@B@D@BBB@@@B@@BB@B@B@B@BA@@@A@@B@B@B@B@B@B@B@B@D@BAB@@@@AB@BA@@DA@ABAB@B@B@BAB@B@@AB@@ABA@AB@@AB@B@B@B@B@B@@@B@BDB@@B@@BBBBB@B@B@B@DA@@@A@ABA@AB@@CBA@A@ABA@@BA@AB@B@B@BA@@BAB@@@F@@@B@BABABAA@@A@A@A@A@AAC@A@A@A@A@C@A@A@@@A@A@@@AA@@AAA@@AA@ABA@@@ABA@@B@@@B@B@@@B@BB@BD@@BDBBB@@@BBB@B@B@BBF@@@DBB@@@BB@@BB@B@@BB@B@@BBBB@@@BB@@BBBBB@BD@@@BBB@@BB@@@BBBB@BB@BB@@BB@@B@D@BBBB@@BBBB@BD@BBB@B@BBBBBB@@@BBBBBB@BB@@B@BBD@@@BBB@BB@@BB@@DB@@BBD@B@BBB@BCDABABA@ABA@@B@B@B@B@BB@@BBBBBBBBB@@BBBBB@BBBD@BAF@@BBBB@BBB@BBB@BBDAB@B@@AB@BCBA@AD@B@B@D@B@B@@@B@B@B@D@BBD@BBBB@BB@@BBB@B@B@B@B@B@B@BBBBBB@B@BBB@B@D@B@B@B@@@BB@B@BB@@B@B@@@BB@@BBBB@BBBBD@@BD@D@B@DAFCLCH@@AB@BA@@B@B@@BB@@B@@BBBBB@@AB@@A@@@A@A@A@@@A@@@@BABA@@BA@@BA@A@AA@@AAAAA@AACAA@@@A@A@A@@@A@A@@BA@@B@BAB@B@@@BB@@@@BB@DBJDDB@@@B@D@BA@AB@@A@@B@BBBB@BBDBDB@BBBB@@@B@@BB@@BBB@B@BE@ABAB@@ABCB@BAB@B@DBBBB@BD@@ADCBABCBA@@@@BB@BBB@BBDBBBB@BB@BB@BD@BBB@D@D@DBDBB@DBBBB@BDD@BBBBBBBBB@BBBBBBBBBBBDBB@BB@FDDBDBD@BBBBB@@@BBBBBB@@@B@B@B@B@B@B@BAD@B@BAB@DABAB@BABA@ABCBA@@@@B@@@@BDJF@@BBB@@@BB@@BB@B@B@D@B@@@B@BBBBBB@@BBBBF@B@D@@AB@D@B@B@D@B@B@B@B@DGJCHCH@D@D@D@B@F@D@BBDDDBF@BDBB@@BD@@BDFDD@BDBFB@@BD@BDBBB@B@@@B@B@@BBDFBB@@B@B@B@@@DAB@B@BBB@DBFBBBBDBBBDBFDDBHFFBB@@@BD@D@B@BAD@BBBBHBB@@ABABBDFFFD@F@FDD@D@BABC@EBA@@BAD@DBBB@BBFBDABAD@BFBBBD@BADDBBF@D@D@H@FBHDF@DADA@C@ABA@@B@DHBDD@D@BD@BBDBDDBFAH@B@HEBCBAFAB@JBFF@BF@FBHBF@DAD@@@B@@AB@@@H@F@FCDCFAB@F@HBDAFABAHADEBEDADAFAHALC@A@C@CBABADCDEDA@AAAACBA@@B@@@BA@C@A@@BABA@ABA@ABADAF@DA@@BA@A@A@@DADADBJ@D@B@D@DBDBDAB@D@BAB@D@B@BBB@B@BABA@@B@B@B@BADAB@B@D@BAB@BA@A@CAIAA@CBC@A@ABA@@BAB@@ABA@A@ABA@ABAFAHCDABABA@ADE@A@A@A@AAA@A@A@ADG@C@A@ABABADA@ABABAB@D@BAB@B@DAB@D@B@BBB@BBBBBBBB@BBDBBBBBDDBBDBD@DBBFDBBDBFDD@B@@@D@DBFA@@HAFCDCDAF@F@B@BBBBD@BABCD@D@D@FDD@HBB@FBDBDDBB@BABAF@DBFBD@F@DBDBDDBDBB@FDJBD@@BFBD@FABBDBD@HBJDNDD@BCD@D@FDDBF@DADBDAHAD@D@BA@@FCF@F@FAFAB@D@BAD@FABBDADBJAFABABADAD@HAD@F@DBDDBBBBHFDDFB@DADDDDBDDFD@B@F@DFDDBDBFBDBD@BADAHAD@FDDBBBD@FDDDBB@BD@B@F@H@D@DBF@B@BABCBC@CBC@CBC@CBCDCDA"],"encodeOffsets":[[108475,28393]]}},{"type":"Feature","id":"520527","properties":{"name":"赫章县","cp":[104.726438,27.119243],"childNum":1},"geometry":{"type":"Polygon","coordinates":["@@BAB@B@BAB@@@BBB@BBB@@@@BBBBB@BB@BDD@BB@@BBB@DBB@B@B@B@@ABCB@BADE@ABA@@JIDA@ACCBCHOB@D@DBDAD@B@BDB@D@D@B@DB@D@D@D@D@BBBD@BBBDBFFD@@BBBB@@@BBDDDBBB@@@BBBB@@@B@@@B@BBB@B@B@@BB@@B@FCBCB@B@FDD@H@BABA@CBAFCD@BABA@@BAB@B@B@B@B@B@D@B@BAB@BCBA@ABAB@BABA@@FCDA@A@AAAECAAAA@CAAAC@@@C@ABA@A@AB@@A@AB@@@@A@A@@@AAA@A@A@A@AAABA@A@@@A@ABAD@H@F@BABADCBABAD@B@BC@@BA@@@A@A@A@C@@AC@AAA@AAC@@BIJQLM@@@@B@BAB@BA@@B@D@@AD@@ABABABA@@@ABA@A@A@A@A@ABC@AB@@A@A@A@@@AA@AA@A@A@A@A@@@@AAAB@@A@@AAA@@@@BA@@@AAA@@@ABA@@BAA@@AAA@@A@A@@AA@@@@A@@A@@@A@@@@AAA@@A@AAA@@@A@AA@@A@@@A@A@@@AA@@AAAACAAA@C@A@@@@BAB@@@@A@@@A@A@@@@@A@A@@@@BKBG@A@@BA@A@C@@BAB@BABAB@@AD@@@B@B@@@B@@@B@@ADABA@AB@@ADAB@B@BAB@BAB@B@B@BAD@@AB@B@DAB@B@D@B@D@HEB@BAF@B@BAD@BAD@@AB@@@BABADABABA@CB@BABCBADAB@BABA@@BAAA@A@ABA@@BA@ABAB@B@@A@AAA@ABA@ABA@@BC@@BA@@@@BA@@BADAB@B@HCDAB@B@BA@ABA@A@C@ABE@C@CBA@CBCB@BABADABAB@BAB@BA@@DAB@@AFABABA@@B@B@@@D@BAD@D@F@DAB@BBD@HAD@BA@C@A@A@ABCAE@AAAACAC@@@CB@@@EAA@AAC@@@C@@@A@@@@A@@@ABEBC@ABA@@@@PKHGBIHQJUDGCGIESKYSWOSMOIOGKEKIAEMQCSHITE\\CZ@VFbFJAFCHIHK@GAMAEAOG@M@SESIWGOCOIKMOQKQIQIQEOEKKMGGKESBUNSNOLKNCPCNGLGJKDGDMAQIGIAOGKIIQIKKEQCQKOMIGGOIIGKMIM@O@G@E@IBGKHKDMFQHMHONUNBL@J@NCVCRATGRKFMEIIIGMGQCMAGH@P@NENKDFHBFBFFJFHHLDJ@JCNILGH@HELIFMBKCIIIGIAKBEPBNBPKTONQHMAMGOAQAeB[@SBKBQDGBGLCLIRELEDKBM@O@QPKJIJM@UCSD]PMJOAGEGMAOAIIGKAMDKHIJCNANBV@PBFTNHRBPKTWBEHL^GHQHKL@NPRBLGJKDEXNZ@LWFIHKd@NPjILCBWLcCqG]IIB@BA@A@AB@@@BAB@@C@@@A@CBABC@ABABADA@CFA@ABBD@@BB@@BB@@BBB@B@@@B@@BB@BB@@BBB@@BBB@@BB@@BB@@@BBBBB@DAHBFBB@@B@B@@@B@BABAB@@@@AD@BABCBAJED@HBD@@@DB@@B@D@@BBFAF@B@@A@@B@@AB@@@B@@@@@BAB@@@@ABABA@@BA@@@AB@BA@BBBBDDB@PCDABCDCDC@AB@DBB@@F@@FBDBHDB@D@@AB@BA@A@A@@B@BE@A@@B@@BDBB@BB@@@B@@@BAB@@AB@@AB@B@@@BDBD@BB@DDBBBBB@@ABABCD@B@BABAB@@ABA@ABAB@@ABBB@BB@@B@B@@@BC@A@A@@B@BDD@BADAF@B@BFBHD@B@HB@B@BB@B@DBBBBB@DBD@DDDH@DBBBB@@D@DAD@D@BBBB@D@FAD@BAD@BDBB@@@@A@G@AD@B@DBDBBB@@BB@@BBB@@@BB@@B@@@@@B@BB@@@B@BB@@B@@@B@@@@BB@@@B@@@B@@@B@@@@B@@B@B@@@BB@@@@D@@B@@BB@@@@@@@@BBBBB@DAB@DBFBFDDBB@DB@BBJ@J@D@@@D@@DDB@@DBB@BB@B@@@BA@@B@B@@FHBFFFBB@B@B@@ABA@@B@@BB@@B@FCBA@A@C@@B@@@B@BBAF@D@BBD@BABCBEBABCD@BA@@B@BBB@@BBDB@@D@@BDBB@BBBB@BB@BB@B@BB@@BBB@B@@BB@@@B@BA@@@ABA@@@BBBBBBB@BBD@BBB@D@B@B@D@B@BBBAB@DABABAB@@ABAB@@@B@B@BBB@@@BBB@B@B@B@DAB@BAB@FAB@BADAB@J@FCDCB@BADBDBFB@@B@@CACCE@CBGHCBCBIBAD@D@D@B@H@DABADA@A@ABA@ABA@@B@BAB@FBD@F@FADCDCBAB@D@D@D@DA@ABC@AB@BAB@@@BAB@DBB@D@B@@@B@B@B@B@B@BAB@B@BAB@BAB@B@@@DDBBD@F@D@BABA@A@AGGEC@C@A@AHAD@@@FA@A@A@@DAB@B@B@BBBBBBDAB@BBB@@BB@B@B@D@@A@@@AA@@@AAAAAAA@@AA@AA@@AAA@@AAA@@@A@ABA@A@@B@@ABCB@@A@A@A@ABADCB@@ABA@ABA@AB@@ABA@A@ABADABC@EAG@C@CB@BABABABCB@BCB@BC@@BADADAB@@ABABA@ABABA@C@C@A@AAA@A@A@@BA@@@AB@@@B@@@B@BB@@@B@@@DB@BBD@FAB@@@DBB@D@B@B@@BB@DABBD@B@B@D@B@D@BAB@DABAB@BABA@ABABAB@BAB@@@DBB@@AB@@@BA@ABAA@@ABC@A@@@@BAB@B@B@@A@CBA@@BA@BB@@@B@@BB@BBB@BAB@B@BAB@BABA@AB@@@BAB@@@D@BBB@BBB@B@@B@@BBB@B@BBBBB@B@BB@@BBB@BBBBBB@@F@FDD@F@D@DBBBD@D@D@D@F@DADGD@B@B@BBJBLBD@B@B@@BBDAB@@DBFD@BABAB@@BB@@BB@DBB@@B@H@@AB@@@B@B@DDDDFBD@DAB@BBD@B@@BD@B@BB@@@@DABBJDB@B@BAFA@AB@BAB@BABA@@"],"encodeOffsets":[[107246,27993]]}},{"type":"Feature","id":"520526","properties":{"name":"威宁彝族回族苗族自治县","cp":[104.286523,26.859099],"childNum":1},"geometry":{"type":"Polygon","coordinates":["@@BAB@DEB@BCBABAD@BADAB@@@D@@@BA@A@@BAB@B@@AJA^JrHDdXKDAJKOi@MLcJGXE@KMYFWLCHIAKOQ@MLKRGHGK]FGXALSAOGQSMAE@OAUBMDMJILGNCLBJHBJBPHNHFPBNI^OTCVDN@JILIROP@N@LAFCFKJQDKHKHARCLATA\\@fARBPBNHNBRGPMLSAOAMFOLAJBJHJJLDNAJEFK@GHGJKDM@ICIGKEGEIAEAEEGCIAICKAGAKAG@KAGGIGEGGKEIIIGGKCE@GDIDIFMBKACAEECCECEEECEBGFGFCNARCPCNAJAN@JBLBFDFDFHFJDDFHFHHHDFFFDDBH@JBDFHFDbfAKVMPMNGRGNELCLGBUBUDK@@DIAaII@GDCFEDIAGAGIESCCOAUBSAUAKKKSISMMEOKQIMMBUFW@SBYAQGKMCI@KIFMHK@ESEWBWF]JgP_HOH@@A@A@C@ABAAAAEAC@E@BB@DB@@D@BBDDFB@@BBBBBBBBD@@AD@BAF@@BDAB@@@B@B@@A@C@C@A@CB@B@DB@@F@BAFCBCD@B@@CBAB@BEBABAB@@CBCBA@A@AAA@A@A@@CAAA@A@A@@@CAAAA@CBABAAE@A@EBA@A@A@ABA@CAA@C@CBC@@@C@A@A@C@A@AAA@A@A@@BABABA@A@C@A@AACA@@C@@@@A@A@@AAAAAAEACC@@A@C@CDCBABA@CD@@C@@@AB@BCBCDCBADA@AB@@A@@@@BA@@B@@ABAD@B@BA@@@@BA@@@@B@@@@@D@B@B@B@@@BAB@@@B@@@B@@@@@B@@@BB@@@@@@B@B@@@B@@@BB@@B@@@B@@@BA@@B@@@@@@@B@@@@@@BB@@@@@B@@@B@@@@@@@B@B@@@@@@B@@B@@DB@B@@BB@@@B@@AB@@BBB@@B@B@@@@@B@B@@BDBD@B@@@BBB@@AB@F@B@@BBAB@@ABCBA@A@A@@BAB@F@BA@A@AB@@@BBB@BA@@@ABA@@@ABABA@@@ABCBEBCDCBAB@B@B@@@BABBBBBBD@B@@AB@BAFCBADABCBA@@D@DAB@@@B@@AB@@A@A@A@AB@@ADABA@A@A@@DA@@BB@@D@BADABABA@@AA@CAA@@AA@@BABCB@@A@A@A@CAAA@A@@E@A@C@@@AAAA@A@A@A@AAA@A@ABA@@@@@A@A@ABAAA@AAA@C@A@CBCA@EEAAACAA@A@A@@AAAAA@@C@A@AA@AAA@@AAAACA@ACAA@CBA@ABE@@AA@AA@@@BA@@AA@@@CAA@AA@CCA@@@C@C@@@AA@AA@@@C@A@AAA@AA@CAEAA@A@ABA@A@AAAA@@@C@@AAAACAA@@@C@@A@@ACC@AA@CBA@AA@A@@@@A@EB@@A@A@AAA@@@CBA@A@AAC@A@A@A@E@AAGCA@A@@@AA@AA@A@AAA@@@A@@@@@A@@@CA@@CBA@A@ABAA@B@D@D@F@@@B@@@B@BA@ABAB@@ABABABABA@ABC@ABCBC@C@CBC@C@C@C@C@A@CAA@@A@@AC@ABA@A@A@CAA@C@ACAAACAC@A@@@C@ABA@ABA@CA@@ABAD@@ADABA@@@A@AD@@C@C@CBA@A@AAA@A@ABAAGCAAAEAAA@A@@BCBA@C@AAA@A@ADA@A@ABABC@CBEBA@A@AAA@ABA@CBCDABA@@@ABA@@BAB@@A@A@@BA@@@@B@@@B@B@@@BA@ABAAE@CCAA@@A@CBA@C@EAA@CDCFABCDC@GHC@A@C@A@E@@AEE@@A@C@CAC@A@GBE@IBA@AACCCA@@EC@AAA@CCAAC@AACACCEBA@AA@A@A@@@ACA@@AAA@AAAAACA@A@@@C@A@@@C@ACAE@AAAAAA@A@A@A@@EC@@BA@AAAA@AAAA@AAACA@CAA@AA@CAAA@AAA@@AAAA@@CAAACACCA@@BCAAA@A@C@AB@@@BAAAAAAA@AAAAACGB@@ABA@A@ABCACBABCBCB@AC@ABCBA@@@AAC@ADG@A@AACBG@A@AB@B@@@@A@@AC@@@A@@AAC@@AAAAA@AAA@BA@CAAA@AA@AA@@C@CAAAAAAAC@G@EJEDG@K@K@IAOAK@GDAF@@ABABAB@@ABA@C@CAA@AAC@AAA@AAA@A@A@AAA@ABA@A@CBAAA@A@C@AAA@AB@@A@ABA@A@CBAB@@A@A@CBA@A@A@ABA@AAA@A@CAA@A@A@AAC@A@A@C@AAA@C@A@A@CAA@A@A@A@C@A@AAA@AAA@AAA@A@AAA@A@A@A@A@A@CBA@A@@@A@A@CB@@@@A@@A@@@@A@@B@@@@@@A@@@@A@@A@@@@@@@@@A@@@@@@@A@@@A@@@@@@B@@@@@@A@@@@@@@@@A@@@@@@@@@A@@@@@@@A@@@@@@@A@@@@@@@@@@@@@ABA@@@@B@@@@@@A@@@@@A@@@@@@@@@A@@B@@@AA@@@@@@@A@@@@@@@@@@@A@@@@@@@A@@@@@@A@@@@A@@@@@@@@@@BA@@@@@@@@A@@@@A@@@@@@@@@@@A@@A@@@@@@@@A@@@@@@@A@@@@@@@@@@@A@@@@@@@@@@@A@@@@@A@@A@@A@@@@@A@@@@@@@AA@@A@A@@@@@A@@@@@@@A@A@@AA@@@@@A@@@@@AB@@A@@@@BA@@B@B@@@@A@@B@@AB@@@BA@@B@@A@@B@@A@@@A@@@A@@BA@@@@@C@@@A@@@@B@@@@A@@@AB@@@@@@@@@D@@AB@@@BA@@@@BA@@B@@@@A@@@ABA@@@A@@@@@A@@@@@@BA@@@@@C@@@A@@@@@A@A@ACA@@@A@@@A@A@C@A@AA@@@@A@ABA@@@A@@@AA@@A@@@@@@@AB@@@B@@@@@@@@@B@@@@BA@@@@B@@B@@@@AB@@C@@@@@A@@@@BA@@@@@@@@@@AA@@@@@@@@@@@@@@@@B@@@@A@@@@B@B@BBB@@@@@B@@ABA@@B@@@@@BA@@@@@@BAFB@@@@@BB@B@@@@@BAB@@@BB@@@BBBB@@@@@B@@A@@@AB@@@@A@A@@@A@@@@@A@@BAD@@@@A@@B@@@@@BA@@@ABAD@@A@@@@@A@@@@@A@@@@B@@@@BB@@@@@B@@@@A@@@A@@@@@@@@@AB@@AB@@A@@@A@A@A@@@@B@@@B@@@@A@@A@@AB@@@@A@@@@@@@@B@@ABA@@@ABA@AAABA@@@AB@@A@CBCBA@@@@@AB@BC@@@AB@@@@@BA@@@@BA@@@@@A@A@@BC@@BA@@@@@A@@B@@A@@@@@@B@@@@AB@@@@A@@@@@@B@@@BB@B@BB@B@B@B@BDBBFBB@BADAB@DBBA@ABABCB@BAFCDADABA@ABA@ADA@A@CD@@CDABAB@B@BBD@B@BBFBDDH@BBBBBBDBBBBDFBB@D@D@DAB@D@BBDADCD@B@DBD@B@D@BBB@B@D@B@B@BAB@B@B@D@D@DBD@BFDBBDBBBBB@BBFAB@D@B@B@BBDBDDFBD@BBBAB@B@BAB@D@B@BAB@BADAB@D@B@BCBABCBC@AACAAAAAAACCAAACCCA@AAA@A@ABCBCBC@C@AB@@@DABABEFA@ABABADABABAB@B@D@B@DADBB@D@BA@@@ABABCDAD@B@D@BBB@B@D@B@D@B@DABCFADA@ABCFABAD@BADAHABC@@B@DAD@B@D@B@BAD@B@B@B@BAD@B@DBBDB@B@B@BBDABBDBB@B@@@B@B@@@BBBD@D@D@B@BBBBB@BDBBBBDDBF@B@BAB@@@B@B@BAD@@@D@@BBBBDBB@HDD@F@B@DBB@B@B@B@BBB@BBB@@BD@D@D@BBB@@BBB@BFBBBF@BBB@D@FAB@D@DBDDBB@D@BBBB@BB@@@BADAB@BABA@CDCBABADADAB@D@B@D@BAD@D@BAB@BABADAB@B@FBB@B@B@BBD@BDFDFDFBBDHDFBDBB@D@F@D@B@DCFADABABABA@ABC@A@EFA@CDA@EDA@CDA@@D@DBD@DAD@BABCHAB@BADAB@BAD@BAF@BABABADCDCFEDAB@BABAB@FAB@BAD@BBB@B@B@DAB@BCBABEFCDABCFCDA@EDCDAD@B@BAD@BABGF@BC@A@C@C@ABC@A@CBG@C@E@A@C@A@C@E@A@ACCACCCEAEAACACAECCCAA@AAA@ABA@C@AACAAAAC@A@AAAAAAEACAAAEEA@AAABCBCAAAAAA@ECCC@@AAABC@A@C@AAA@@ACB@@@BBB@BBBF@DDHHD@B@D@@@BB@@CFAF@B@@A@@B@BAB@B@B@@@BBB@B@BAB@B@@ABA@A@AAABAAABABA@AB@BABA@AB@BABAB@BCDAB@B@FCHGJ@B@BBBB@F@BBDD@BBD@BBD@BBD@BBDBBBBD@B@B@@AD@BAFCFCBAB@B@DADAHAB@DAFADCD@B@D@B@DBD@B@DAB@@B@BBF@@@BAB@D@BABAFABADAH@D@DAB@BA@CBC@AACA@@A@GAQB@BEDCDC@EBC@@@A@B@@B@B@BDFBJ@F@@BB@@BBBD@@@BB@@BB@@BB@D@BB@BBBD@BB@@D@D@@BDAB@B@BB@BB@B@FDF@D@DABAB@BAD@BBBB@@BBBBD@BBBBB@B@BB@@BB@@BBD@B@B@B@DA@@B@B@B@B@B@B@B@B@B@B@@AB@B@BABAB@@ABB@@@BBB@BBBBDDBDBH@DBBBBF@DGZAF@@@BBB@@@BB@@@B@B@B@B@BAB@B@B@B@BBBBBBB@@BBD@BBBBD@BBDBBBB@DBD@BBBBBBBB@B@BBB@BBB@@@@BBB@B@@@B@D@BBB@B@BBB@@@BHDDBBDBFBLBDH@L@F@DBBBBFBBB@@BBBBB@@BB@@BBD@F@D@@D@B@BCBABA@@BBBB@D@B@D@B@@D@BBB@BBB@BBBDBBBBBBB@@BB@B@BAB@D@B@@AD@@@B@D@@B@B@FGHCB@B@BF@HAR@DDD@@@@DBD@@@B@@@BAB@D@B@@@B@B@D@BA@@BAB@BAB@D@B@B@B@BBB@@@DBB@D@B@BBB@@BBB@BB@@BB@BBB@BBB@@B@B@B@B@BAB@B@BABB@@BBB@BBBBBBBBBB@DAHAJ@DAB@@ADA@ABAB@B@@FAF@DBD@P@H@BBBF@F@@@@D@B@BAB@BBBFD@D@D@BCD@B@D@H@BBD@@@BB@@B@@@@B@@@B@@@@@@@B@B@@@@AB@@@@@@@@@@@BB@@@A@@B@@@@@@@B@BAB@@@B@@@@B@@@@@@B@@BA@@@@@@@B@@B@@@@@@@@@@@@@B@@@@@@@@@@@B@@@@@@@@@@@@@@@B@@B@@@@@BB@@@BB@BBBB@@BB@@B@@@@@@@@BB@@@B@B@B@@@@A@@@B@@B@@@@@@@@@@@B@@@@@@@@@@@B@@@@@@@B@@BB@@@B@@@@B@@@@@@@@B@@@@@@@@@@B@@AB@DADB@@D@B@D@H@B@DBD@D@BABBD@B@B@F@@@H@D@D@DBBBD@@BB@@D@D@D@@DBNBFFHDD@@@B@B@BBB@BB@BBB@@BBBB@@B@B@@BB@@@BAB@B@B@B@B@BBB@B@D@B@BBB@BBB@B@DBB@B@B@BBB@DBB@BB@B@@@B@@@@AB@@ABAB@@A@@BA@AB@BAB@@ABAB@@AB@@AB@D@B@B@B@@@B@D@D@BA@AAE@CBAH@HADAB@B@B@B@B@D@B@@@B@@AB@BA@@BCBA@AB@@AB@@BB@B@BBB@B@B@B@@ABB@@@@@@B@@@@@BB@@B@B@BBBB@@BB@@@B@@DBB@@@@B@@@@@B@@B@BBD@BB@@@@BB@@B@@@@@@BB@@@B@@@@@BA@@@@B@@@@@B@@@BB@@@@B@@@@@BA@@@@@@B@@@B@@@@@@@@@@A@@BA@@@A@@@@@A@ABA@ACA@A@@BC@A@A@A@@@A@A@A@@B@BAB@@@BA@@@@@A@A@@@@@@@A@A@@@A@A@A@A@AAC@ABC@@ACAA@@@A@@BABA@A@AAA@AAA@AAA@ABA@ABEBABCB@BAB@@ABABABA@AB@B@BA@AB@@@B@D@BABAB@BCB@BADAD@FAB@FEB@BAB@@@B@B@DAB@@A@ADCBABC@@@AB@@ADAD@BABABAB@BAB@HA@AD@BABABCBE@ABABAB@B@DBD@D@D@BBB@DDBBB@FBDBD@D@B@DBB@B@@@BA@ABA@ABEBAB@@@BAH@FCB@B@DA@@DABA@ABA@C@C@AA@AA@A@A@C@AAC@@@C@A@ABADA@ADABA@@@ABA@AFAB@@A@A@ABA@ABABA@A@A@@DCB@@AB@@A@AB@BABA@@B@@AB@@AD@BABABCDADCFEBA@AB@DABABABABAB@"],"encodeOffsets":[[106675,27918]]}}],"UTF8Encoding":true}