{"type":"FeatureCollection","features":[{"type":"Feature","id":"522623","properties":{"name":"施秉县","cp":[108.12678,27.034657],"childNum":2},"geometry":{"type":"MultiPolygon","coordinates":[["@@@DDFDPBBVBTBTBTFJ@HAL@LBJDLFHDFBHAPCPEJALALBNBJBHCHGFIFOLMLMJEHCDAHBCKEKIGKEEGAG@GHCJ@PDPFHHHFLJJJLHLDFDFCFEFGHAF@FAFICGAGEICIBEF@H@PHHFFHFBJ@HCFCAEISGQKUEMCGBEBEDGJOHMJK@IDOCMCOKQIUKOAIDEDCHANBTFLHHHJDJBLALAHGDIAGCGEKMOAIDGpuBMAsMgLS@@IAA@A@CBADABAB@DA@@D@DAF@DAD@DAFABADCBABCDC@A@A@@@C@@A@@AA@@@@AA@@@@AA@C@C@A@@@AA@@A@@@@AA@@@A@@@@@CC@@@@@AB@@CDA@A@A@A@@BABCBAB@@A@ACA@@A@@@A@@@@AA@@@AA@@@@AA@@@@@AA@@@@A@@@A@@@ABA@@@AB@@@@A@@B@@ABA@@@A@A@@@@@AB@@A@@@A@@@@@A@@@@@AB@@@@A@@@@BA@@B@@@B@B@@@@@B@@@@@B@@BB@@@@@B@@BB@@@@@@BB@@B@@@@BA@@BA@@@@@A@A@@@AAA@@@ABBDCBEBIAIAGCCMCG@EAEEAG@KDKDGJGHAFBFDLHJJHFLDNDPFNFNDTDJ@J@P@N@VFJAL@TGD@DG@AFCFAFAB@D@DCBCDCD@H@DB@@@@@@B@B@@@B@@AB@@@@AB@@@@A@@@A@@@A@@BA@ICEAEAAACACE@E@CBC@@GCGCG@AE@G@CA@CAAA@@@@@@A@@ECAAEE@@A@A@A@@@A@@@AB@@A@@@@@A@@ABABCBEDCB@@@B@B@DAD@B@B@F@DBD@B@@BD@L@H@BBBDDFB@HBL@F@H@BBD@HBDBDBBAB@@@BAFAHGDKBICIAGBIDEHAJBJBFCDGBGBEAC@C@CD@DAB@D@F@DABABABCBA@AC@ABG@A@CAAAAA@C@@@A@A@@EA@AA@AA@ABABCAAAC@CBA@A@GBABAFCDA@AB@@A@@@@B@@@BA@@@@@AB@@A@@@A@A@@@@A@@A@@@@AA@@@@AA@@A@@@@@A@@@@@AA@@@@A@@@A@@@@A@@A@@@A@@@@@AA@@A@@@@@AA@@@@A@@@AAA@@@A@@@A@@@A@@@A@A@@@@@A@@A@@A@@@@@A@@AA@@@@@AA@@@@A@@@@@AA@@@@A@@A@@A@C@ECA@CBADAFBD@DADBBD@B@F@BDAHAFCHAF@D@@A@A@AB@AC@@@A@@A@C@CCECCCACBCBCDEBEBEDCDCBABBBB@BD@B@B@@ABA@@BA@A@A@ABA@A@A@@BA@@@AB@B@B@B@@ET_\\]_QGEDYAYVIVS\\IB@@A@gHE]D]Q_AWWQCCDIBGFGDCFEDADAH@H@LDNBH@FBFCFCHGDG@M@EBADCDADGBCAACEECCE@G@EBAJDFBDADG@ECE@EDCBEDADIBGDGAEAIAECKEGCO@G@G@GDIFAFCDEFG@G@G@GDGDEJINGPILIR@@@@ABKRGFGFGNEJGNEPIRITOVM\\W@cMY@aJEFCHDNHFLDLHJLHLBL@LCLEP@JFHDJDNHNANCBKCICI@AJBFBJAJAD~HBCBEB@FAFBB@BBD@FBDB@H@BABEBCFABGBA@ND@B@BBB@DBDBBBF@HDFB@D@B@BEDEFAD@B@B@BDFD@H@L@RFNFB@BADDJDBBBDRBPDPJJHFLFN@NELGLKDQBKDMNCJCTCH@F"],["@@AFGLIBOBKBEN@NBFBDDBH@HAHAJADBDFBBL@DDDFBD@@BBBB@@BB@B@@@B@B@B@@DD@@DBDBD@BA@@DADAB@@AB@DA@@D@@@BBD@D@BAF@D@BAMA@ABADBDCBC@EAA@AACAEAAC@ABC@@BC@ABAH@D@BAB@@A@A}G"]],"encodeOffsets":[[[110592,27959]],[[110499,27799]]]}},{"type":"Feature","id":"522622","properties":{"name":"黄平县","cp":[107.901337,26.896973],"childNum":1},"geometry":{"type":"Polygon","coordinates":["@@LAPAJAHKBEBCBIAIAEBIJ@JDLDDABMGMCMCIEG@IFODK@KAKGKIKKGKCGECMDGFEbIZ@dNX@N[PUJSJQFOHMFIHMHEHELQBA@@@@JQJKHOJMFIHCHCH@H@H@FEDCBEJEHCH@H@P@HDLFFDJBFBHBHCJABCFCDAFCF@FDH@BCACCEBIFAH@F@DDFFBDDBHABCDCBCFAN@H@HCDGDEAE@EAGCM@K@GBGBCFCDEHCHEJADC[So{SI@@@BA@@@A@@@A@@AAA@@@@A@@A@@@A@@@@AA@@@A@@@A@C@A@C@A@@AA@@@@A@@AA@A@@@A@@@AAA@A@@@A@A@AA@@C@@@CA@@EACAA@CAAACAAA@AAAAAAAAAAAC@A@A@@@AAAC@AACACAAAAA@CB@@@@A@A@@@A@@BA@@@@@AB@@@@@B@@@@A@@BA@ABA@A@@@@@A@A@@@A@A@@@A@@@@@AB@@@@A@@@@@A@@@A@@@A@A@@@A@@AA@@@A@@@@@A@A@@@A@@@@@AB@@@@A@@@A@@BA@@@@@A@@@AB@@AAA@@@A@@@@AA@@@@AA@@@@A@@@A@@@@GCKEKGGEMCQCM@MBODE@A@ECEBGJGFIJIHILMBICGCEEGIIQGMKQQEI@A@AB@BABABA@@@A@@@A@@BAB@B@DABADCB@DEBCDAD@B@B@B@BADCDCBIFABEDE@G@A@C@ABCBAB@@@@@@A@A@CBA@@ACAAAC@A@C@C@C@A@C@@@AAA@A@A@@@ABA@@BAB@BABABA@CACCCACCAAA@ABA@CBCBC@@BABAB@@@BA@@BABA@A@A@A@A@AB@BCBC@A@ABE@A@ABCBA@C@C@ABCBA@ABAB@@CB@@@BAD@BA@@BADAD@DAB@BABCDA@ABCAACAEA@@AACC@AAABA@ADADA@CAC@@BCBCBABBDB@BB@B@BADCDABCBA@@B@BB@D@BB@FBHA@CBBB@@@@@BB@A@@B@@@B@@@BA@@@A@A@A@@@A@@@@@@@EAA@C@AA@@AAA@ABAB@@C@G@A@C@@@A@@@@DA@ABA@A@CB@B@DBDABC@ABABBBB@B@F@B@@D@BB@BABAFA@@AB@B@@@B@B@BA@@B@@@BA@@@@BA@@@@@AB@@@@A@@@AB@@@@A@AB@@A@@@AB@@AD@BA@@@AAA@@@A@@@@@@BABABABAB@@C@ABAB@@@@@@A@@@A@@@@@@BA@@BC@@@C@A@A@A@@@A@ABAB@@ADCB@@A@C@C@GBABA@AB@A@AAA@AAAAC@A@ABA@AFE@A@AAABC@@@CAAAA@@@@@@AB@@@@A@@@@@A@@@@@AB@@@@@@@B@@@@A@@B@@@@AB@@@@@B@@@@@@AA@@@@AA@@@AAA@A@@@A@@@A@@@@@A@@@@@@@@@@@@@@A@@@@@A@@@A@@@@@@@@@@@@@AA@@@@@@@@@@A@@@@@A@@@@@@BA@@@@@@AA@@@@@A@@@@@@@A@@@@@@@A@@@@B@@A@@B@@@@@@@@A@@@@@@@@@A@@@AA@@@@@@A@@@@@AA@@A@@A@@@@A@@@@@A@@@@@A@@@@@A@@@@@@@A@@@@@AA@@@@A@@@A@@@@@A@@@@@A@@@@@@@@@@@A@@@@AA@@@@@@@A@@A@@@@@@@@@@@@A@@@@@@@@@@@@@@A@@@@A@@@@A@@A@@@@@@B@@@@A@@@@@@@A@@@@@@@A@@@@@@@@@A@@@@@@@A@@@@@@@@BA@@@@@@@A@@@@@@@@@A@@@@@@@@B@@@@@@@@A@@@@@@@@@@BA@@@@@ABAB@B@BABABB@BBB@BBBB@B@@B@@B@@B@BB@B@@@@BB@@@B@B@@@@@B@B@B@@BB@@@@@@@B@@@@BB@@@@@B@@@@@BB@@@AFABABABADA@BB@BA@A@C@ABB@BBD@B@ADAB@BCBC@CBC@A@A@A@C@C@ABCB@B@D@B@B@@@BABABABAB@BA@ABABA@AAA@CB@@@@@@@BA@@B@@@@@B@@@@AB@@@@@B@@@BA@@B@@@BAB@@@@@@AB@@@B@@A@@BAB@@@@@@AB@@@@A@AB@@@B@@@B@@BB@@@@@@BB@@BB@@@@B@@B@@@@@@BB@@BB@BB@@B@@@@@@BB@@@@BB@@@@@B@@B@@@@BB@@B@@@@B@@B@@@@BB@@@@BB@@B@@B@@@@B@@B@@@@@B@@B@@B@@@@@B@@@@@B@@@@@BBB@@BB@@@@@BB@@B@@B@@B@@BB@@@@@@BB@@@BB@@B@@@@@B@@@@BB@@@@@B@@@BA@@B@B@@B@@B@@@BB@@@@B@@BB@@BB@BB@@@@@@BB@@@@@BB@@B@@B@@B@@@@@B@@@B@@@@@B@@@BA@@B@RNLFLDJHFLBLELGLGJGTIPMVCRALBLHPJTLNLHLCLCNAFF@FAJGJ@JHHHFDHFNLRJRLN@JALINQRKRCPER@@BBBB@B@B@B@@D@B@DAB@@BADAB@BABADA@ABA@@B@@A@@@A@@BA@@@@@A@@@@BA@@@@@@B@@@@@B@@@B@@@@@B@@AB@B@@@@@BA@A@@@@@A@EEAAAACAAA@@AB@B@B@BA@C@CAEAABABAB@@BBBB@BB@D@B@@B@@@B@@@@@B@B@@@@@BB@@@@B@@@@@BB@@@@@B@D@D@A@ABDNDTd@XG\\EXARATIPGT@P@PBLAHE@ECCQGSCIIFMTAZAVCZ@PANBFABD@DBDBBF@D@BADGBGBAD@FFD@BABABC@AAACAA@C@A@A@ACA@@@AC@A@AACEAE@E@CCCC@C@ECGB@D@@@D@HBFBF@D@BB@DB@D@F@HBF@B@AAAE@ABCFA@CAG@A@@@@BA@@@@B@@A@@B@@A@@B@@@@AB@B@@A@@B@@@@@HGLAPBLBHHBHCL@F"],"encodeOffsets":[[110475,27811]]}},{"type":"Feature","id":"522624","properties":{"name":"三穗县","cp":[108.681121,26.959884],"childNum":1},"geometry":{"type":"Polygon","coordinates":["@@@A@A@@AA@A@@@A@@@A@@@A@@AEDADCDGHEFCFCLAP@JDFDFFBHFJJLJFHBL@LBNCJAJAFIFEBECKCIEGCCBGBGFIHE@@@A@@BA@@@@B@@@@@B@@BB@@@B@@@B@@B@@B@B@@@B@@A@@B@@@BA@@@@@AB@@@@AB@@@@ABA@@B@@@@@B@@@B@@@@@BAB@@AB@@@@@@@@AB@@@B@@@B@@@B@@@B@@@@@B@@@B@@@@@B@@A@@B@@@B@@@B@@@@@BA@@BAB@@@B@@@@A@@B@@A@@@@@A@@@@@A@A@@@@@A@@@@AA@@@@@A@A@@@@AA@@@AAA@@@@@AA@@@AA@@A@@@A@A@@@A@A@@@@@A@@@AAA@A@@A@@AA@@@@@@@A@@@A@@@A@@@@AA@A@A@@@@@A@A@@@@AA@@@A@@@A@@@A@A@A@@@ABA@@AA@@@A@@@@A@@AA@@@A@@@@AA@@AA@A@@@A@@@AB@A@@A@@@@@AA@@@@A@@@C@@@MGQIOE@ECECGKIEAEH@DDHBFFDD@DDAFGFMBGBEASAU@O@O@SBSAOBYAUGOGGGCACCECMEECGIGGEMCKIMISKKKIOGMGEEGEEIKMICMAKAUCQGKEIIKEKEMCKBMDOFI@I@G@OGMCQGMGQCSCWBUBSDMBQAO@OBIDKJQLIF@@@BA@@B@@@B@B@@AB@@@BA@@B@@AB@@A@@@@@A@@@@@A@A@@@A@A@A@ABA@@@@@A@AB@@@@AB@@C@A@CAC@@BA@ADCDAB@BA@CL@@@@@BB@@@B@BBBB@@ABC@C@@B@@@@@B@@@@AD@@B@@@BB@@F@HDDB@@B@DBB@@BBB@@@BB@@@@@@@B@@@@B@@B@@@@@B@@@@@BB@BADA@CDA@ADA@CBABABABABABABEF@@BB@@@@@B@BAB@@@@@B@@@@@B@@AB@@AB@@A@AA@@@@A@A@@@@AA@@@AA@@A@AB@@@@@BA@@B@@AB@@A@@BA@@@A@@BA@@@AB@@AB@@@@AB@@@B@@@B@@@B@@B@@B@@@@BB@@@BB@BB@@B@BB@@@@BB@@B@BB@@@@B@@BB@@@@@BB@@B@@BB@@BB@@B@@@BB@@@@B@@@@@B@@@@@B@BB@@B@@@@@@@BB@@@@BBB@@AB@@@B@@AB@@A@@B@@AB@@AB@@@@@BA@@B@BA@@B@@@@@B@@A@@B@@@@@B@@@B@@@B@@@D@@@@@B@@@B@B@H@DCDCDCBCD@@@FABCB@B@FAB@B@D@F@BB@DAB@FBD@D@D@DAB@BA@@BD@BBD@BAD@@@B@@A@@@@BA@@BA@@@@@A@@BA@@@@BA@@@@BA@AB@@@B@B@@@BAB@B@@@B@@AB@@@B@@@B@@BB@@@B@@@@@BB@@B@@BB@BB@@@BB@@@BB@BB@@B@@BB@BB@@BB@@BB@@BB@@@@@BB@@B@B@@@B@@@B@@@@@BBB@@@BB@@@@BB@@@@B@@B@@B@@@@AB@@@B@@A@@B@@@@AB@@@@@B@@B@@BBBB@B@@@B@BB@@@@B@@@HJFLHJBFNLLFDBFADCF@D@HBBFHHJJLLPNTRRJRFNAVBLANCJIJEHCPCRCFEHGDGBGBGHIHGHEHEHEJIJ@LDFDBHBNDPLVPRNNB@@DBBBBBBBB@BBB@@DBB@B@BB@@@BB@@@@B@@@@@B@@BB@@@@@@BB@@@@@@BB@@BB@@B@@A@@@@@C@ABAB@B@B@@@@@B@@AB@@@@AB@@@@@BA@@@@BA@@@@BA@@B@@@@@BA@@@@B@@@BAB@@@BCBADAB@B@@@DBD@B@AA@AAC@@B@@A@@BA@@B@@@B@@@H@B@BBBB@BDD@@@@@AB@@@@@B@@A@@BABA@@@A@@@@BA@@@@@A@@@A@@BA@@@A@@@A@C@@AACA@@BADA@@BAAA@CDEDEDABA@@B@@C@AB@D@DB@@B@@@BA@@@@B@@@B@@AB@@@@@B@@@@AB@@@@@@A@@@A@@@@@A@@@A@@A@@A@@@A@@@@B@@@@AB@@@B@B@@B@BAHABABBB@@@@B@@AHM@@@@@@@@BFBB@@B@@@@@AC@A@A@C@C@@B@@A@@BA@AB@@A@@@A@@@@@ABA@@@A@G@CAAC@AAAAAA@A@CB@@@B@B@@@B@@@B@@BB@@@B@@@BB@@B@@@B@@@B@@BB@@@B@@BB@@BB@@@@BB@@@BB@@B@@@BB@@BB@@B@@B@@BB@B@@B@@BBB@@BB@@@@BB@@BB@@@@BB@@B@B@B@B@@@@@B@@@B@@@B@@@@@BBDBBBD@@ABABA@@D@BBBB@DADABABABDBDBDBBB@ABABC@C@A@C@AA@AC@AAA@A@A@@@AA@@A@@@@@ABA@@BA@@B@@BB@@@B@@@B@B@@@@@B@BB@@@@B@@@@@B@@@BB@@@@B@@@D@BADBBB@B@BBBD@DBB@A@@AAA@A@@@@B@@BB@@@B@@@B@@BB@@@BB@@B@@@B@@B@@B@@@@@BB"],"encodeOffsets":[[111567,27668]]}},{"type":"Feature","id":"522626","properties":{"name":"岑巩县","cp":[108.816459,27.173244],"childNum":1},"geometry":{"type":"Polygon","coordinates":["@@JBHCPAJALELEH@JAHBFFFDFHHLDHLJHBLADCHEDEFEDCHCF@HAN@HCFE@ECECGOGGGEEEMBEFELIL@H@JBJBJBD@DCBEBGBGFAJ@JDD@LAJEHEJKFGLKBG@IAIEICIGKEGAICI@KIEO@SBSDK@OBUDMAGCMEIIECGCGBGBIHE@GAGCEGCMACGIKEGAIBCD@J@FCNCDCFCDGDKAIAGE@ABA@@BABA@@BABA@@@@BA@@@AB@@A@@BA@@@AAA@@@@A@@@AAA@A@ABA@A@A@CBA@A@@BA@C@@@A@A@@A@@A@@C@@@A@C@A@@AA@@@AA@@@@@A@@A@@@A@@@@BADEB@@@AE@AB@JGJGHKHQBKAKAIEMAKAGAEIEMIECCG@G@OAQEQEMECKKMCQCKIEEAGBGFEHALCNCLAB@BAB@@A@@B@B@@AB@B@B@@@B@BAB@@@B@B@B@B@@@@@@AB@@@BA@@@A@@A@A@AA@@A@@@A@@AAACAC@@@AA@@A@AA@@A@AA@@A@AAGCEA@@A@KCA@@AA@A@CA@@@AAAABG@IBKFODC@CAIAEAGAOGKAKAIAGBG@KCMEO@GBINGJK@ICCICICEGEG@CFCDIBKCKAGCIBIBEHCJ@H@JDNHJHLPLHJDHCJAFCDK@IAK@K@KBQBQ@OCKCKEMAG@GHEHAH@JADGTBJBJBHBD@H@FCHEFMBMDU@Q@U@Q@UBSCOAGBEDEJCHAFCJEBGFCDAJ@JBF@FCJILOBOAKCOCM@SFMLELIHIDMBQ@ODOFGHILMNEJFFLLJHJHNFJHLDLHJFJDLDJFJHFHFFJLJHFBJBJAJCHEJAJ@LAFCDCFCDCFCDADAH@DBDD@FBHDFDHF@LADEF@FAH@FFDJBH@HBHHLFNHRFNLLFHFFFDFBNCH@JCHCFGHAJDLJDHFLDNDLDLJJFJLFNFJAHALGLGLEJCJ@H@NCJ@H@LFHFFDHFJDJ@L@JCFGHGJGJIJIJIJGJC@@@A@A@@@ABA@@@@BC@@@@@A@@@AAA@A@A@A@@@@AA@@D@BAJAJ@D@B@@B@D@B@H@@AD@B@HABAD@B@@DDBBB@@@BABEBA@@F@@@B@F@@@B@@BB@BBB@BB@@B@@AB@@@BABAB@@@B@@@B@@@D@@@B@B@B@@@B@B@B@@@B@B@BB@@@@BBB@@@B@@BB@@@B@@@@@B@B@@@B@B@@A@@B@@@BABA@@B@@@@AB@B@@@@@B@@@@@B@@@B@B@@BB@@@B@B@B@@@B@@@BAB@@@BAB@BA@@@@BA@@B@@AB@@AB@@@BAB@B@@@B@B@@@@BB@@@@@@BB@@B@@@@@BA@@BA@AB@@@@AB@@@B@@@@@B@@@B@BA@@@ABA@@@A@A@AB@BA@@BAB@B@@AB@B@@@@AB@B@@@B@@ABB@@@@@BB@@B@@@BB@@@@BB@@B@BB@@B@BB@BB@B@@@B@BB@ADB@@DAB@@@B@BA@@BA@@@@@A@A@A@@@@@AA@@A@@@@AA@@AA@@@A@@BA@@B@B@@@B@@@B@@AB@@@B@@@B@@@B@@AB@@@@@H@F@HD"],"encodeOffsets":[[111471,28157]]}},{"type":"Feature","id":"522628","properties":{"name":"锦屏县","cp":[109.20252,26.680625],"childNum":1},"geometry":{"type":"Polygon","coordinates":["@@KEBEDKNULQDGFEDEJENGJEHCHAHCJBFDDFHDFHHBDABEDK@I@EBEHIJCHCHGBEBE@GBABC@@DC@CBE@AFCFCB@@A@AAK@A@AA@ACAA@@BGBAB@@A@@@A@@AC@ECCCG@@B@B@@@B@@@B@@@B@B@@@B@@@@B@@B@@@@@B@@B@@B@B@@AB@@@D@@AAAACCAFAFCFGDIDQBSCGEEEEIAKEEAG@CG@GDIDGBE@CBECGGEIIMIKIAG@E@EDEFAFBH@FAHABE@CACGEGCGAQ@KEKEOIKGGEIESBIBIBI@E@G@EAE@E@C@GDGFEDCFEH@H@JBLAD@@@@A@A@@@A@@B@@@B@@@BA@@BA@@@A@A@@AA@A@@@A@@AA@@@@A@@A@@A@@@@@A@@AA@@@A@I@A@@@A@C@@@@AA@@C@A@A@@@A@@@A@@@A@AA@@@@@A@@A@@@@AA@AB@@@@@@AB@@@B@@@@AB@@@@A@@@AA@@@@@A@A@@@AB@@A@@@@@A@@BA@A@@@@@A@@B@@AD@BB@@B@@@B@B@@@B@B@@@BA@@@@@AB@@@@C@@@AA@@@CCAACCA@@AA@@A@@@@@@@AA@@@@A@@@A@AA@@@@@@A@@FGPIpQHABA@EEIKEIAIDOHMHIFIHEJAHCD@@@@A@@B@@A@@@A@C@A@A@@@A@@@A@@@A@@AA@@@@A@A@@B@@A@@@A@@@A@@A@@A@@A@@@C@C@G@A@AA@@A@@@A@@A@@@@@@@AAA@@@ABADADADADABA@CACAAACACACAACCAAE@E@C@A@AD@B@B@BBB@B@BC@@@A@@@ACCECAGAE@AAAECACACAA@E@E@ABAD@L@DC@GBGACAA@C@@@CBA@@@A@@@@@AB@@A@@@AB@@@@A@@@A@@@A@@AA@@@@@AA@@A@@@@@C@@@A@@@@@AB@@A@A@AB@@@@@@@@KHEF@@A@A@@@@@A@@@A@@@@A@@A@@A@@@AA@@A@@@ACACAGCGCG@GBEDGDGFCBGFGBUFSNINMHMAIAGCGCIEEAGCK@K@IDKDIDGBGAGAGCIBABQDAB]hAFE@I@IAIGGGIIKCGAE@IB]LSIDGJAHDLBH@HAFGHKFODGDIHCF@HBFHFJFFHFHJBNDLDJHNHNLHHDHBLAHBFBDJFLDHFHFFFBHBJCFEJEHCFCHCF@F@HDDHJDF@FAFEFED@@@B@B@@@BA@@@@DA@@B@@A@@B@@@BA@AB@@A@@BAB@@@@A@@B@@@@@B@@@B@@@B@@@B@B@@AB@@@@@B@B@@@B@B@B@BB@@B@BB@@B@@B@BBBBB@@BB@@@B@BB@@BB@@B@@@@BB@B@@@BB@@B@@@BB@BB@@@B@@B@@B@@B@@B@@DBB@@B@BDBBBDDDBB@BCBC@E@C@@@@@A@A@@@AA@@A@@@@@@@@B@@@B@@@B@@@@@B@@@@@BBB@B@@@@BB@@@BB@@BB@@@@B@@BB@@B@@BBB@@@BB@@@@@B@@@BB@@@@B@@BB@@@B@@@B@@@B@@@@@B@B@@@B@B@BAB@B@B@@@B@BABB@@@@B@B@B@@@B@@@@@B@@@B@@@BBB@B@B@B@@@B@@@B@@BB@@@B@@AB@@@B@B@B@@@B@@@BA@@B@@@BAB@@@@@@@B@@@@@D@B@D@B@@AB@B@@@@@@B@@@@DDHF@B@@B@@@@@@@B@@B@@@@B@@@@@B@@BB@@@@@B@@@@@B@@B@@B@@@@@@@B@@@@@B@@@@@B@B@@@@BB@@@@@B@@@@@@@B@@BB@@@B@@@@@BB@@@@B@@@@@@BB@@@@B@@BB@@BB@@@@BB@B@@B@@B@B@@@B@@@B@@@B@@@B@@A@@B@@A@@B@@@@@@AB@@@B@@@B@@@@@BABFNFNALnWjK@`PHV[XRHRTHXOLBH@NDLAJCN@JBDDDFHHHFJBJBLAJADEDCFEHEJAF@JDDDDFDJDLDHFJLLLHLFHDLFJFLHHFFDF@H@JCFEHIHKDIDEBGFKJKDEDGBEBGFGFEF@FCHCDCDGBC"],"encodeOffsets":[[111913,27343]]}},{"type":"Feature","id":"522630","properties":{"name":"台江县","cp":[108.314637,26.669138],"childNum":1},"geometry":{"type":"Polygon","coordinates":["@@GGACACBCDEBA@CCC@@KAAA@@@@C@A@AA@@A@@@A@@@@AA@@@@@A@@@@AA@@@A@@@A@AAA@@@A@GGEEC@A@CLEDC@GAGEICI@@@A@@@A@@AA@@@@@@@AA@@@@@AA@@@@A@@@@@A@C@@@AB@@A@@@ABA@@@@@C@A@A@AA@@@@@@A@@@A@@AAGKEGBO@G@AA@E@CAAE@EDGFQBAHAFAHCBCCEECGCAC@EJOFIFEDAPAHAF@D@BD@FBFFBF@F@FFNTRJHDB@H@DAFGHKFGDCD@FBF@D@BCDCBCDADADB@BB@@@B@B@B@@A@@@@B@D@L@@@BAB@@@SIKESKQCMIAEAIDGDGFGFEFIJIFIBEAEEIAEEGIGICIEEIEEAGBIDIDIDELAHAJEDCDCFEFIDKFKDGFGLINIPIJINEDC@GIACDC@E@GAGAI@EACEHGFEBICEEEEAGEGACAEGAKESGMGOISIOCMAIAIGKKIMI@@@@@@GEOISEE@@@@@G@GDEHAFEHKDK@KAKCKA@@A@@@A@@@@@A@ABA@@AA@A@@@@@A@A@A@@@A@@@A@@@ABCBABADCB@BA@CAA@@@@AAAA@CBC@CBA@CB@@BD@@@@@B@FBD@@@B@B@@@@B@@B@@@@@BB@@DDFFDH@NDHBBDAFCBG@EDCHCHBFBHAJAJGHIFEHKBMFQLIHGJCJCLAHEDCBIAKAG@@@ABABA@C@A@A@CA@@BBABB@@@@B@@BDFBDBDD@B@BCB@DAB@DBD@BCBCACAC@A@@@@@@B@@@@AB@@@@@B@@@@AB@@@B@@@@@BA@@@@B@@@@@B@@@@@B@@@@@D@@@B@@@@@B@@@B@B@B@@@BA@@B@@@B@B@@@@@BAB@B@@@BA@@@@@AB@@@BAB@@@@A@@B@@A@@@@BA@@@A@AB@@A@@@A@@@@BA@@@@@AB@@A@@@@BA@@@AB@@@@A@@BA@@@A@@BA@@@@@A@@B@@A@@@@@@@AB@@@@@@@BA@@@@B@@@@@@AB@@@@@B@@AB@B@@@@AB@@@@@BA@@@@@@B@@@@@B@B@@@B@@@BA@@B@B@B@@@B@@@@@BBB@@@B@@@B@@AB@@@BA@@@ABAB@@@BA@@@@B@@@@AB@@@B@@@BA@@@@B@B@@AB@@@@@BA@@@@BA@@B@@@@@B@@@@BB@@@B@@@D@BA@@B@@@@AB@@@@@@@BA@@@@BA@@@@@ABA@@@ABA@@@A@@@A@A@@@ABA@@@@@AB@@A@@B@@A@@@@B@@@@@B@@@BA@@B@@@B@@B@@B@B@B@@@@@BB@@B@@@@BB@@@B@@@@BB@@@BBBA@@@@B@B@@@@AB@@@@@BA@@@A@@@@@A@@@@@A@ABC@A@@AA@@@A@CDC@EAGEICKAKDMBKAGFCD@FBHDLFPDLALADCJELCPAJ@BEAA@C@EDGB@B@@@BHJ@B@@B@@B@@@@@BB@@@@@B@BB@@@@B@@BB@@@@@B@@B@@B@@@BB@@B@@B@@D@@@BB@@B@@@B@B@@@BBB@@@@@B@@B@@B@@@BB@@@@@BB@@@@BBB@@@@@BBB@@BB@@B@@B@@B@@BB@@BB@BB@@@@BB@@B@@BB@@@B@@BB@@@@BB@@@BBHFDBBBBD@B@@AFCDABCDCB@BAB@@ABADCBAB@B@FA@@B@@@B@@@B@@@@AB@@@@EFADAFADADCBADCB@@@@A@@@A@@@@@A@CF@B@DADABA@DBFB@@DB@@D@@@BBB@B@@@B@B@BB@@B@@@B@B@@BB@@@@@BB@@@B@D@B@D@B@@@B@@BB@@@@@B@@@BB@@@@@BB@BB@@@B@@@B@@A@@TJp|\\TRDXX`B^R^CFhGB@@@JAT[JUZUZBFCRH^``[FS@@@A@A@ABA@@B@@AB@B@B@BAB@B@B@@AB@BA@@@A@AACA@AA"],"encodeOffsets":[[111020,27449]]}},{"type":"Feature","id":"522629","properties":{"name":"剑河县","cp":[108.440499,26.727349],"childNum":1},"geometry":{"type":"Polygon","coordinates":["@@B@D@FCDEBK@ABA@C@AB@@@@@@A@@BA@@@A@@BA@@@A@@@A@@@A@@@@@C@@BA@@BA@@@@B@@@B@@B@@@BBB@@@@@B@@@@@@@B@@@@@B@@BB@B@@@@@BBB@@@@@@@B@@B@@B@@@@B@@@DBHBJBNJBB@@@@@@@D@B@BB@@@@@@B@@@@@@BB@@@@@@B@@@B@@@B@@@DB@@B@@@B@@@D@@@@@BAB@@@@@@AB@BABB@@@@B@@@B@@@@@B@BB@@B@@@B@@@B@B@@@B@@@@@B@@@BBBA@BB@@@@@B@@@A@@B@@@@@B@@@B@@@@@B@@@B@@@@@B@B@@B@@B@@@BB@@BB@@@B@@@@BB@@@@@B@B@DKB@@ABADCBCB@@AD@DBB@D@@@BA@@@@BAB@@@@@B@BAB@B@B@@@B@B@@@@@B@@@@@B@@@BA@@@AB@@A@@BA@@@A@A@@@AB@@A@@JERKLIJCPAP@RBNATCVAXATDRDNHRHNDPHH@J@J@PENCLANDLFLFJJLFRHVDLBNBJDLNFJHFFFNHPHLJLLJTJNDLFNHHHJFDNFFDDDDBHHPHVHZBPATBTAP@P@V@TBFBHANAHEBECCC@ECAECG@CFGFBLJDHDF@FLELBLCLCJENENGDGBGAKIGMISEK@IFKBGAECECAIAI@EAGAE@G@IBGAEGCCBIFEHGDMAMGMGMGGIAIAECEICKEG@MCMIGIAGAICCGCFWSgZGLDLMJYVCZYNGBKEMEMBA@A@@@@@A@@@A@@BA@@@@@@@AB@@@@AB@@@@A@@@A@@@A@@@A@@@A@AA@@@@AAA@@@@AA@@AA@@@A@@A@@A@@@@A@@@@@AA@@@@A@@@A@@AA@@@@@@@A@@@@@A@@A@@A@A@@@@@A@@@@@A@@@@@@@A@@@@AA@@@@@A@@@@@A@@AA@@@@@A@@@@@@AA@@@@@@@A@@@@AGECC@@@@@A@@@@A@A@@BA@C@A@C@@@@@A@@@@@@@A@AB@@A@@@AB@@A@@@A@A@A@@@A@@BA@@@A@@AA@@@A@@@A@A@A@A@AA@@A@@@A@@@@@A@@@A@A@A@@@@@AAABA@@@A@A@A@ABA@A@@@A@A@@@@@A@@@A@@@A@@@A@@AA@@@@@AA@@A@@@@@A@@A@@AA@AA@@@AA@@@A@@A@@AA@@A@@AA@@@@@AAA@A@@@@@A@@@@@A@@@A@@@A@@@@@@B@@@BB@@B@B@@@@@D@F@D@DA@AAACCACAAACA@@@AA@CA@@@@AA@@@@AA@@@A@@AAA@@A@@@AA@@A@A@@A@@A@@@AA@@AAA@@@A@@AA@AAAAA@@@@AA@@A@AA@@A@A@A@A@@@A@A@@@@BA@@@A@A@@@A@@@A@@@A@@@@@AB@@@@@BA@AB@@@BAB@@A@@@AB@@@@AB@@C@@B@@A@@@A@A@@FCFEBE@ECEGICC@G@EDEDGDEFGFIDEAIAGEEGEGEKCIEACAEBGAKCGGGMKMGIGKCMCIA@DCHEHKFOO[G{P[SkJA@FSDKBIFK@KCKCIGEEEE@CDEHEHAHAHEFEBICGEIKGIGCESCQF@@@@@@MBCFEDCDI@G@AA@@@@GCKGEICGCGCGCGIIIAG@GEEGEGGGEAICIAKEOQGEKAM@OBODKDG@OCMIGICCCGGEKEGAIEECIEGCGBGBEDCDCFCBGCAI@CCCICK@GAIDGFEHGLGDGDIBE@GEEEMOSKKEKE@@A@@@@@A@AA@@A@@@E@@@A@@BA@@@A@AB@@@@ABA@@@@@ABAAA@C@@@@@A@@A@@A@@@@@A@@AA@A@AB@@A@@@A@@@A@@BA@@@A@@@A@@@AB@@A@@@A@@@A@@BA@@@@B@@@BAB@@ABA@AA@@A@@ACAEAEA@@@@@B@@AB@@@B@@@B@@@B@@@B@@@DAB@@@B@@@@@B@@@D@@AB@@@B@B@@@B@@@B@@AB@B@B@@@BFF@FDFDBFDBBDBFAD@D@F@F@BBD@B@B@DBFAD@@@@B@@@@AB@BABBB@B@@@@@@B@@@B@@@B@B@B@@@@@B@B@@BB@BAB@@@@@B@@@B@@@LBLDLBL@LCFGBEFGHCH@@@@@F@TFPJHF@@@@@@NJLJHLBJBJDNJPJTHPHNFTBLFHDBHBHFFBFFDFAJEFGHDFFBJ@HBHBF@D@DCJB@HCDMFIJOJMJKJEHCHELCLEJEFCDCDIFGBKBCFCJCJAJBHFFFJJFJDJHFHBFFJBFAFEJIJEJEFEHCHCHBJBFNJRDTLLFTJ@@A@AB@@K@C@A@@@@@@BA@A@A@@@A@@ACACBCBADCDADC@E@EAC@CDEHGLEHCBG@A@GCQIMSEEE@E@EAAE@EACC@E@GBOBCBEFEJIP@FBDHDFDDFADGDEBGBABERCH@FBFDBF@B@@B@HAPFHHLBB@@@B@@@B@@@@B@@B@B@B@D@@@@AB@B@@@BA@@B@@@D@B@@@@@B@@B@@B@@@@BB@@@@@@B@@BB@@@B@@@J@JDHFHBD@FCDKB@D@FFHHB@@@B@BBB@@@B@@@B@@B@@B@@@@@B@@B@@B@@@B@@@BBB@D@@@@@BBLB@@DD@DABCFADBDBDHHBADADCFCFAFADCDADADBDDDF@D@D@BB@@@D@@BBAB@B@@@@CBEDGBEBGACE@A@C@AABC@CACBEBCDAB@FDD@B@@@@BB@@@@@BB@@@@B@@@@@BB@@@@B@@BB@@@@@B@@@@BB@@@@@B@B@@@B@@@B@@@B@@@B@BB@@B@@@@@BB@@@@B@@@BB@@@@B@@@B@@@@B@@B@@@B@@@@@BB@@@@B@@@@@B@@@BB@@@@BB@@@@@BB@@@@@@B@B@@@BA@@B@@@@AB@@A@@@@@@BA@@BCBEDABAB@H@BAB@DBDBBADAB@BBBB@@BFB@@"],"encodeOffsets":[[111082,27462]]}},{"type":"Feature","id":"522631","properties":{"name":"黎平县","cp":[109.136504,26.230636],"childNum":1},"geometry":{"type":"Polygon","coordinates":["@@EGEGIEGEAE@GDEJGHCPCLEHGBE@GAGCKBGHIJCT^KJAF@HBLDJJHHJHJBJ@F@BE^gBARCBAJAHDHBHBHAJCLCJCL@L@HDFBJFHDHDJBNBNGJMTMVEHAHEDAHEHCFCHAH@HDHDDBDB@B@@@BB@@B@@@BB@@@@B@@B@@@B@@@@@B@B@@@FELG@@@@@@@@BAB@B@@@BA@@@@B@@@D@@@@@B@@@BB@@@@B@@BB@@@B@@@B@@@@@BA@@B@@@BA@@@@B@@@B@DA@@D@B@DBHBHAD@@C@KBCBAF@F@B@DBDBDBBFBBF@HBDBDFBD@@B@@@D@@A@AAA@A@A@ABCB@D@F@F@BBDDBBBDBDBDBBBD@DABCBCBCBCBAB@B@@BB@B@@@@@@@BB@@@B@@@BBB@H@D@D@@@B@@@@BB@@@@B@@@B@@@BA@@@@B@B@@B@@BB@@@B@@@B@@@B@B@D@B@@@B@@@@AB@@@@@DCBGFIJGJENGPGJCJBLFFJ@FABGBoROJEH@@@B@@@@B@@B@B@@@B@@B@@B@@@@@@@BB@@BB@DDBBDD@@B@@B@@@D@@A@@B@@@@AB@@A@A@@@A@A@@@A@@@AAC@@BA@@@@B@@@@@BAB@@@B@@@@@BA@@B@@@B@B@@@@BB@@B@@@@@BA@@@@@A@@BA@@@@@@BAB@@B@@B@@@@B@@@@BBB@@@B@@@B@@@B@B@D@@@BB@@@@@D@B@@@B@J@B@@BB@@@B@@@@@BB@@@@B@@B@@BB@@@B@B@@BB@B@@@B@@AB@@A@@@A@@@AB@@@B@B@@@@@BCAK@I@GFGDEFCHEHCD@F@F@FBH@F@J@JAJATAGIEICKAMEQACCGCGCKEIEGCGAGCM@GAGACCEECGAGAIAEGCEAKBGFQFMLQDGB@@@@@B@@@B@@AB@@@BB@@B@@@BB@@@@B@@@@@B@@@@@B@@B@@B@@@@@@@B@@@@@@@B@@A@@B@@@@@BAB@@AB@@AB@@@@AB@@AB@@@B@@A@@B@B@@@@@B@@@B@@@B@@@F@B@@@D@@@B@@@B@@@D@B@@@B@@@B@@@@@B@@@B@@@@A@@@A@A@A@@@@@AA@@@@@AA@@@@@AA@@AB@@A@@B@@@B@@A@@B@@@@@B@@@@AB@@@B@@@BA@@B@@@BA@@@@B@@@BA@@@@@@BABA@@@AB@@A@@@@@A@AB@@A@AB@@@@A@A@@@A@@@@@@@A@A@@B@B@@@@@B@@@@@B@@@@@B@@@B@@@B@@@@@B@@@B@@@@@@@B@@@@@BB@@@@BA@@B@@BD@B@@B@@@@@BB@@B@@B@@B@@BBB@@@BBB@@@DB@@B@@BB@@@BB@@@@@@BB@@B@@@@BB@@@@@BBHBH@LAJ@F@FDJFFDHDJBF@B@@@BB@@@@B@B@@@B@@@B@@BB@@@@@B@@@D@BAF@BAD@B@BBDBDBD@J@@B@BA@C@@B@BDBBB@@B@B@D@@BB@@BEB@BA@@@@BAB@@@@BB@@@@@BB@@@@@BB@@B@@@@BB@@@@BB@@@B@BB@BB@@@BB@@DDD@DB@B@@DBB@DBFA@@B@BA@A@@@@@ABABCBABA@@BABEBABABACAC@AACACCAA@ACC@CCAAACCCA@@@C@A@AAABC@@AAACAGBEEEEMIMEEEG@IFOFODKDGFGLENEF@DE@GIAA@A@A@A@A@AA@@@ABABA@C@CBCBCBADA@AB@BADEBE@EBAAA@A@AAAA@AAAC@A@@BA@@@@@AB@@@@AB@@@@@BA@@@@BA@@@@B@@A@@@@@@@AB@@ABA@@@@@A@@BC@EBAB@BAB@BADB@BBBD@@@@@BB@@@@@@@@@@@@@A@@@@@@@@BA@@@@@@@@@B@@@@@@@@@@@@B@@@@@@@@@B@@@@@@@BA@@@@@@@@@@@@@@A@@A@@@@@@@@@@@@B@@@@@BA@@@@BA@@@@@@@@@@B@@@@B@@B@@@@B@BAB@BB@@B@BBD@@@A@@B@@A@A@@BA@@@A@@B@@A@@@@B@@A@@@@@A@AB@@A@A@A@@@A@@BA@@@ABA@@@@BA@@BA@@BA@ADAFADABABA@C@CAE@C@E@ACCAACAAC@AAA@C@A@CACAC@A@AA@ABA@A@@@A@@@C@@@E@@@A@A@@@@@AA@@@BA@@@@@A@A@@@AB@@C@@@A@@@A@@@A@A@@@A@@@A@C@A@@@A@@@A@A@@AA@@@@@@AA@AA@@@@AA@@@@A@@@@@A@@@A@@@@BA@A@@@AA@ABABCAACBCBCBCDCDCDCDABA@@@@A@@@A@@@A@A@@@@@A@@@A@@@A@@@A@@@A@A@@@A@A@@@A@@BA@A@@@C@@@A@A@@@A@@AABC@@@@@A@@@A@@@A@@@A@@@@AA@@@@AA@@@@A@@A@@@A@A@@BA@@@AB@@@@A@@B@@A@@@@@AB@@@@@@ABA@@@A@@@A@@@A@@@@@A@A@A@A@@@@@A@@BA@@@A@@@@B@@A@@@@B@@@@AB@@@BA@@@@@@B@@@B@@AB@@@B@@@BA@@B@B@@@B@@@BA@@B@B@@@@@B@B@@@B@@@B@@@@@B@@@@@B@B@B@@@@@D@@@B@@A@@@@DMBI@CBGECCCCKAQCIIKKIOGQIWKQIKCOIECEEBEJENAPCFGHKDKAOEKKSIIMKMEKCGACAEEAIBO@IGOIKIKEECEAGGMACGEIAIDI@IAGCAA@ABGAA@ACCAOBC@IBGBE@C@AAE@EAGACGEECAC@EFCDCBA@ECCECCC@E@CLEHCBABEDG@C@CAG@CBG@CAAOBI@C@I@K@GA@IFIECG@ECGEGAGBCDE@EEG@E@GFE@E@EBEBC@E@ABALAFGAE@GFIFIFA@EBUAC@A@A@EBEDC@ABBBDL@DAD@FBDABABADBDABEBCBAD@D@BFDBDBDAFDJBDAFEFEDEDEHCBIDIBEB@DBDBDDDAB@BEFGFABAHBFBJBDHFFHDD@HAF@FCFCFKBGBCDCFAHCHCHEDEDIFEBIFIHEFEHEFCDAH@DAF@F@LAPCLEJEPGPKJOJKJKDOBEAGAK@E@EBEFAHAL@HCDG@EBKAKAIEKEGGGIEICKAGAKEMGMCEIIEECEAGBK@KDEAEAEACEAIAIAICQCIAGAICIEKGGEIEGCGAEBEBGFELGJ@J@HDHDLDNANGREHGLIBKBGFCHCHEHAHOAKEGCKEIAAAEBC@CBAA@@BA@CBABE@CAACCACA@ABABA@CACAA@AAABCBABE@A@CAAACACAC@E@IAGCEEEAG@K@A@CDADCFAF@HABCD@DAB@B@FBBA@@@A@E@C@AB@D@BABCBABABADADADCDCB@@BBDDBBBF@FADCB@@A@ABA@A@BD@D@DBDDBDDFDBDDBBBBBAB@@@BAD@B@B@B@@BB@@BB@@@B@@BB@@BB@@@@BB@@B@@@B@@@@BA@@@@BA@@@A@@@A@@@A@@@AB@@A@A@@BA@@@@@AB@@@@@B@@@BB@BB@@B@@@BB@@@@BB@@@B@@@@@B@B@@@B@@@@AB@@@B@@ABAB@@AB@BA@@@@BA@@@@@A@@@@BA@@@A@A@A@@@AAA@@@ABABAAAAECAAACAB@@A@@@@BA@A@A@@@A@@@A@A@@@@@@AA@@@A@@@@@A@@@AB@@AB@@@@@B@BB@@B@@@@@D@@AB@@A@@BA@@@AB@@@@B@DBB@@@@D@@A@@B@@@@@B@@ABBB@@@DA@@@@@A@@@GBA@@@A@@@@B@@@B@@BBAB@BA@AB@B@@@@@D@B@@@B@BA@A@@B@@@@@B@@@B@@@@@BD@BADB@B@B@@@@@BA@@B@B@D@B@@AB@B@@@B@@AB@@@B@@@@@@AB@B@@@@@@AB@@@@AB@@@@C@@@ABBB@@@@@B@@@@BB@@@B@B@@@B@@A@@@@@A@@@A@AA@@A@@A@@A@@BA@@@@@A@AAAAA@C@ABA@@BA@AB@@@@@@@BA@@@@B@@@@@B@B@@@B@@@@@B@@@B@@@B@@@B@@@B@@A@@B@@A@@B@@@@AB@@A@@@AB@@@@A@@@@B@@BB@@@@BB@B@@@@@B@@B@@B@@@@@B@B@@@B@@A@@BA@@B@@A@@@A@@@A@@@A@@@@@@@AA@@A@@@A@@@AA@@A@@@@@A@@@@@A@@A@@@@A@A@@@@@A@@A@@A@@@@AA@@@@@AA@@@@@AA@@@@@@A@@A@@@@AA@@@@@AAA@@@@@A@@AA@A@@@A@@@ABA@@@@@@BA@@B@@A@@B@@@BA@@@@@@B@@A@@@@BCACACACAC@AAC@AACACAA@CACB@@CB@@C@@BAB@BDD@BBF@D@FBDBD@DBBCBCAC@ADA@DBHHBB@HDJ@H@HDHDFBFBDBFDBFDJ@F@FBD@D@FBDBBDB@@BBB@@@D@B@BB@D@B@D@DBB@CDA@ABABABAB@@B@B@@@D@BBD@BA@B@B@DA@CB@@ABAB@@@@BB@@B@@@B@@@@B@B@@@@AB@@@@A@@@AB@@A@AD@@A@AB@@EF@@A@@BA@@@AB@@A@@@@@A@@@@BA@@@@@A@AB@@AB@@A@@BA@A@@@A@A@A@@B@@BBBB@BA@AACAA@CBABAFAB@DBDBF@DBD@BA@ABA@AB@B@@@@@BA@@@CBA@@@A@@@@@AB@@@@A@@B@@AB@@@B@B@@@B@@@B@@@B@@@@@B@@@@AB@BCBEFCDADABADBD@BB@BDA@A@@@A@@BA@@@A@@@A@@@A@@BA@@@AB@@@@AB@B@@@B@@AB@@@@@B@@@@@B@@A@@B@@@B@@@@@D@@@@@B@@BB@@@@@BB@@@@@@BB@B@@BB@B@@@@@B@@@@@B@@@B@@@@@@@B@@B@@B@@@@@B@@@B@@BB@@@@@B@@B@@@@B@@@@BB@@@@B@@B@@@@@BB@@@@B@B@B@@@B@@A@@B@@AB@@@@@B@@AB@@@@A@ABA@@@@@AB@@@@A@@@AB@@@BA@@@@B@@@@@B@@@@@B@D@@@B@@@BB@@@@@B@B@@B@@B@@@@@B@@BB@@@@@B@@@@BB@@@B@@@@BB@@@B@@@@@B@@B@@B@@@@BB@@@@@B@@@@B@@BB@@B@@@B@@@@BB@@@@@BB@@@@BB@@B@@BB@B@@B@@B@@@@@@@D@@CDB@AB@@@@A@@@@@A@@@AB@@ABA@@@@B@B@BBBBBBDBBBBBB@BA@ABCBA@ABC@C@ABAB@B@B@B@B@B@@ABA@@BAB@BCF@@@BA@@B@@@@AB@@@@@B@@@BA@@@@B@@@@DNBLBRFRHPDJDJAJ@DGFCJEN@NBN@LAFEHAHENCLDFJHLHFJDHAJEFGFGBGBGFCF@DFFFFJHLDLDL@JELATCEB@lI\\T|O\\HPPLEFGDG@C"],"encodeOffsets":[[111441,27125]]}},{"type":"Feature","id":"522635","properties":{"name":"麻江县","cp":[107.593172,26.494803],"childNum":1},"geometry":{"type":"Polygon","coordinates":["@@GOGMCGAKCCECI@IFE@EDAM]_iASFQCI]SAAKBS@SBQ@IEEIQEOEOCS@WCQGOOEGSGK@IJALARCPGRCF@@@@GNIRQNOHODSLCRMFKBKBSBOEOGKOIGGFEHEPBfIpCLIJMFKAKAIEOCMCQCMCK@KCGEEMEIMOMEUAM@UDQDIJIJOHYJQHG@IBEF@@@@ED@BEJGJEFIHABCBA@IAE@C@CBAD@@C@ABB@DBDB@B@BBDABABABB@@@B@B@DBB@@@B@FDFB@BAB@D@B@@ABAB@BABA@A@C@AAAA@@BADA@ACAEC@B@D@D@@@D@B@BBBFBD@DAD@@BB@J@@@BBNFLFHFFJHHPNJHBNIJOFS@QDIJCP@RBB@@@D@B@DB@DBBBBB@B@BBBDBBAB@@@B@@@B@@@@@B@B@@@B@@@@B@@ABCD@D@DBBB@BBBBB@@B@B@@@B@@@@A@@@@@CAAA@@A@A@@B@BBB@@B@@AB@DBD@BBBAHEB@DAD@B@DABADCB@B@B@@@BBB@BD@B@@@@DABA@BB@@B@BCD@@@@B@B@BA@@BA@BB@@@B@JCBABA@@@A@ABAB@B@BBB@@AB@BA@A@@@A@@BA@AD@@BB@@@B@@@B@B@@@B@@@D@@AB@@@@@B@@@B@B@@B@@@@D@F@DBB@AB@@AB@B@BABA@AD@@B@@BB@@@@@B@@@@@B@@@B@@@@@@@B@@B@@@@BB@@ABA@ABC@AA@BAB@BFBDB@DBDDBBBDBBBB@@@AA@AAA@@AA@AAABAD@H@B@B@B@BB@BBABAHEDCB@B@@BABABBD@F@DAB@DAB@B@@BBB@D@B@@@BC@CBAB@BB@B@BAB@B@@BB@BAD@B@BB@F@B@DAD@BBB@B@@B@BA@@@CBBBB@D@D@@@AB@BB@DBDAD@DAD@D@@@B@BB@BB@BAB@DAD@BA@@@A@@BA@AAAACA@A@AA@A@A@@AACCAABC@A@CBA@C@E@C@C@CFCDAD@D@BBDBBBB@B@B@B@BB@B@BBB@B@D@B@BBBAB@DBD@DBBD@F@D@@@@A@@@@@A@@@@@@BC@@@@@A@@@@BA@@@A@@@A@@BAB@@@@@BA@@B@@@B@@A@@@@B@@@B@@@@AD@@@BA@@B@@@@@B@@@B@B@@@B@@@B@B@@@BB@@@@B@@@@@BBB@@BB@@@@B@@@@@@@B@@@B@@@@@B@B@@@B@@@D@@@B@@@B@B@@@B@@@B@@@B@@@@BB@@@@@@BB@@B@@BB@@@@BB@@@B@DBB@@@B@D@@@@@D@D@D@D@@@B@@@@@B@@AB@@@B@@@B@DB@@@BBBB@@BBBB@BB@@@@BB@@DAD@BCDBD@BAHCF@DADDB@A@@BBBB@@@B@BA@AD@H@@@BA@@DABBB@@@FEFGDADC@@@A@@BABADC@EDCB@B@B@@@FCDAB@ACCCCCAAA@@A@C@C@@AAAAA@@CCAAA@ADEJG@CAECCACE@ACCCA@@C@CBABADADBDDB@B@B@BA@C@A@AFADAF@DAFCD@BB@@DAB@B@DBBBBBBBDA@@@AAABA@@B@BBB@BA@A@AHA@A@@BAB@@@D@B@DABB@B@@DBD@D@BBDBBAFAFDBAD@BBDADBD@DAD@B@@@BBBB@B@B@FABAB@BA@AB@DCDC@E@CBA@AB@@B@BB@@AB@@HDB@@ABBBABBB@@BCFBBBDD@B@B@FD@@@B@BFFB@D@D@HHBD@BFAH@BBDB@@@@BB@ABAB@@BBAB@BAB@HC@@B@BA@BDFD@@BADB@A@AB@@DBD@D@@@@BA@BBB@ADD@BDB@B@B@BABAA@BAB@D@BBADBBB@@A@B@@D@A@AB@@BB@@B@B@@BBE@A@ABABC@CBABABA@A@ABC@AAEBCAEAAAAA@@AAA@A@CCA@AA@@AB@AABC@A@ABCAGA@A@AAC@AA@@@ACEAC@CAC@A@AAACC@A@BAA@B@@AAAADCHEBADCB@F@JAB@BAFAB@DCD@@@B@B@BBBDF@BBB@BABABGFBBB@@BA@ABA@ABAD@BA@CFEAABADABA@@@CBDFADCD@BA@@FAB@BA@ABA@ABA@ABA@EAABADEB@BBB@BBBADHB@B@@BBB@@DB@BB@BDBB@BBDD@@DBD@D@DDAD@D@BAB@F@JDB@NEFCB@AAAAA@AABA@CB@@ADABAA@CA@A@CBAB@B@AIFCB@D@B@DCBBF@@AC@"],"encodeOffsets":[[110438,27073]]}},{"type":"Feature","id":"522634","properties":{"name":"雷山县","cp":[108.079613,26.381027],"childNum":1},"geometry":{"type":"Polygon","coordinates":["@@BFBFFHFJHJHJDN@NBRJFJDHEFIHOLCJHBHBNHFHAFGFKHAJZHJFLCJAF@HBDFFHHHHTFHANAJCFGFEAG@EBCBCDAHCJAH@J@FCHCHCJBHFJDNBJBLBHAH@HBLDHJDHBHAJCHAHDJFFHFFDDDFJ@JFJFDFBHAHGFEFAHDLH@B@@@@@B@@AD@@@@@B@@@@ABA@@@@@@@AB@@A@@B@@@@@@@B@@A@@B@@@BB@@@@B@@B@@@@BB@@@@@BBB@@@@BB@@@@@B@@@@BB@@@B@@@@@B@@@BB@@BA@@@@B@BB@@@B@@B@@B@@B@@B@@BB@@@@@@BB@@@@B@@@BB@@@@B@@@@@B@@@@@B@@@B@@@@@B@@@@@B@@@@@B@B@@@BA@@@@B@@A@@@@BA@@@@@ABA@@@A@@@@BA@@@@@@@A@@B@@A@@@@@@BA@@@@@@B@@@@AB@@@@@B@@AB@@@B@@AB@@@@@BA@@B@@A@@B@@@BA@@@@B@@A@@B@@@B@@@BAB@@@B@@A@@B@@@@AB@@@@@BA@A@@BA@@@@B@@A@@@ABA@A@@@@@A@A@@@AB@@A@@@A@A@A@@@A@@@@@A@@@C@@@@@A@@@@@A@@@@@A@@B@@A@@@@@A@@BA@@@@@A@@@@BA@@@@@A@@@@B@D@DBDBDA@AAC@CBA@CDA@A@ACCCAEAAC@@@A@@A@BAAA@@DBB@B@D@B@BABA@@H@LBJBDAFCBGDKDIHIJGRKNELAFGJEHGBIBIAGAEDGDGFCH@DABEACGAMCG@ECCE@CA@@A@@@@@AA@@@@@@A@A@@AC@E@A@@@@AC@@DAB@DAD@DAB@BB@B@@B@DBB@@ADABCBADABA@@@@@AAABA@ABA@@@@@A@@C@EBCAA@A@C@AAE@E@C@C@EBCAAAECCACE@EEE@A@@@A@ABA@@@A@@@A@@@A@A@@BA@@@C@@@A@@@@@A@@BA@C@@@A@@@A@@@A@@@A@@BA@@@A@@@@B@@AB@@@@@B@@@@@B@BAB@@@B@@@B@@@@AB@@@B@@@@AB@B@@A@@@A@@B@@A@A@A@@@AA@@A@@A@@@@@AAAA@@@@A@AAA@@@AA@@@@A@A@AAA@@@A@AA@@A@@@A@@@@AA@@@A@@@@AA@@@@@A@@@@AA@@@A@@AA@@@BABADABAD@B@BAB@@ABABABA@A@AB@AA@AAC@A@ABA@@@ABAB@BA@A@AAA@A@A@A@A@A@AAAA@@A@C@A@A@A@@@A@@AA@@@A@@@A@A@@@A@@@A@A@@@@@A@@AA@@@A@@@@@A@AA@@A@@@@@A@@@@@A@@@A@C@A@@@A@@BC@@@@AA@@@A@@A@@@@A@@A@@AA@@@@AA@@@A@@@@AA@@@@AA@@@@@AA@@@@A@@A@@A@@@@AA@@@AA@@AA@@AA@@A@@A@@A@@@@AA@@AA@@@@@@AA@@@@@AA@@@@AA@@AA@@AA@@A@@A@@A@@@@AA@@@BA@ADADC@@H@@@D@BAB@@A@A@@@A@@@CAG@O@QAKEIEIEEGEICKDIBGDGAGCEGAIGMGKEIEECECCFELEHCBEBMAKCSEOCCAEBGDEDGDCDE@ICIGGGGCK@G@EACECCEEICIIKGEOMGEIE@@A@@@A@@@A@@@A@@@@@A@A@@@A@@@A@@B@@A@@@A@@@@BA@@@@@AB@@A@@@ABA@A@AB@BA@@B@@@B@F@B@B@BAB@B@@@B@D@DAD@B@B@@@B@@AB@@@B@@@@@BA@@B@@A@@D@@@B@BB@@@@B@@@@@BB@@@B@F@B@BBB@DB@BBBAD@FAB@@A@GBCB@@AB@@A@@@@@@BA@A@@@@@AB@@@@A@@B@B@@AB@B@@@BA@@@@BA@@@A@@@@BA@@@@B@@@@@B@@@B@@@B@@AB@@@@@@CAA@@@AA@@@@A@C@@@A@A@A@@@@@A@@@@@AB@@AA@@@@A@@@A@@@AA@@@@@A@@@A@A@@@ABA@ABA@@@@@A@@@@@A@@@@@AA@@A@@@@A@@AA@@@@@A@@@A@@@@@A@@AA@@BA@@@@@AB@@@B@@AB@@@@@@AB@@AB@@A@@@AB@@BB@@@@@BB@BB@@@@@@BB@@@@BB@@@B@@B@@BB@@BB@@B@@@BB@@@BD@@BB@@@B@@@B@B@@@B@B@@@B@@@B@@@B@B@@@@@B@BA@@B@@@B@B@B@@@@@B@@@@@BB@@B@@@B@@@@@B@@AB@@@@A@@@A@@@@@A@@@@BA@A@@@A@@BA@@@@B@@A@@BA@@@@@@@AB@@@@A@@@@BA@@@@B@B@@@B@@@B@@B@@B@B@@A@@B@@@@@B@@@BAB@@@@@BA@@B@@@@@@AB@@@@@B@@@@AB@@@B@@A@@@@BA@@@@BA@@D@@@D@@@@@BB@BB@@@@B@@@B@@BB@@@@@BB@@@B@@CB@@@B@@@@@D@B@B@@@BAB@@@B@@@B@B@@@B@@@@BB@B@@@@@B@@@BB@@B@@@@@B@BB@@B@@@BB@@B@@@B@@@D@@@BB@@B@@@B@@@B@@B@@BBBB@@@BB@@DB@@BB@@B@@B@@@BB@@B@@BB@@@B@@@@BB@@@@@B@B@@@B@B@@@B@@@@@B@@@B@@@BB@@@@B@@B@@BB@B@D@D@D@BBB@BBABCDCD@B@DBDBD@DADABAB@CACACCAAA@@AB@@@B@@AB@@@B@@@BA@@@@@@@A@@@@@A@A@@@@@A@@@@@A@@AA@@@EAA@AA@@@@A@@@A@@@@@A@@@AA@@@@A@@@A@@@@@A@A@A@@A@@A@@@@@A@@@@@@@A@@B@@@BAB@@@@@B@B@@AB@@@B@B@@@D@B@B@@@B@@@B@@@B@@AB@@@B@@@@AB@@A@@B@@A@@@AA@@@@A@@@@AA@@@@@A@@@@AA@@@@@A@@A@@AA@@@@@A@@A@@A@@AA@@@AA@@A@@@@@AA@@@@A@@@A@@AA@@@A@@@@A@@A@@A@@@ECECG@C@ADBD@@@BCB@BABA@@@A@A@AB@@A@A@@@A@A@A@@@@@AA@@AACAAAAA@@A@@@ABA@@@CD@B@@AB@@@@@BA@@@@BABA@@B@@AB@@@B@@A@@B@B@@B@@@B@B@@@@@BA@@@@@@B@@@@B@@@D@B@BB@@B@@BBBB@@DB@B@@@@@BB@@@@@BB@FAB@@@@@@AB@@AB@@@@CBMDEAA@A@A@E@G@A@@@GHCHCLAJENCHCJQL]NIFKJOJUJKJOPKNCLFHLJFJBL@JAJENINMNGHKJGLAFANBL"],"encodeOffsets":[[110521,27052]]}},{"type":"Feature","id":"522636","properties":{"name":"丹寨县","cp":[107.794808,26.199497],"childNum":1},"geometry":{"type":"Polygon","coordinates":["@@AKBMBEHKLIHGNMJMFMBI@IAKEIKIEGDKLMPOLIVIPILIJE^MRKDIDGFMBIDKDGHG@@B@H@F@B@B@B@FBNCDA@@@@BA@@BA@@@@@@BA@EAA@@@@A@@A@@@@@ACA@@AAAA@@@AA@@A@A@C@@@A@@A@@@@@@@AB@@@@A@A@@@A@@@@A@AB@@@@A@@BA@@@AB@BA@A@@B@@A@@@@BA@@@ADC@@B@BA@@B@@@BBBBDBBB@@BB@@@@B@B@B@@@B@B@@@BAB@B@@@B@BA@ADA@A@@ACBCD@H@FDFD@@B@@@@BB@@@@@@B@@BB@@@B@@@B@@B@@B@@@@@BB@@B@@BB@@@BB@@@@B@@@@BB@@@BB@@@@@B@@B@@B@@@@@B@@B@@B@@@@@BB@@B@@@@AB@@@BA@@@@@A@@BA@@@A@@@A@@@A@@@A@A@C@@@A@A@@BA@@@A@A@@@@BA@A@@@AB@@@@@@@B@@@@@B@@@@BB@B@B@@@@@B@@@B@@@@@BB@@B@@@@@B@@@B@@@@@BBB@FB@@B@@BB@@@@@B@@@@@B@B@@@@@B@@@@@@@B@@A@@@A@@BA@@@A@@BA@@BBDBBDBD@DBABABC@CACAC@C@ADCDCBAAAA@AAC@C@C@A@A@@AA@@@@A@@A@@A@@@A@@@A@@@@@A@@@A@A@@@A@A@@@@AA@@@@@A@@AA@@@AA@@A@@@AA@@@AA@@CA@@AA@@A@AA@AA@@@@A@@@A@@@AA@@A@@@C@@@A@@@AA@@A@@@AA@@A@A@@@@@AA@@A@@@A@@@@@AAA@@@@@A@@@A@A@@@A@@BA@A@@@A@A@C@@@@@A@@DA@@@A@@AA@@@@A@@AA@@@A@@@@@AAA@@A@@@@@C@@@CB@@A@@B@@A@@B@@@@A@@BA@@@@@A@@@@BA@@@@@@@AB@@A@@@@BA@A@@@A@@@@@AB@@@@A@AA@@@@A@@@A@@@A@A@@B@@A@@B@@@@@BA@@@@@@B@@AB@@@@A@@B@@AB@@@B@B@@A@@B@@@@@B@@@B@@@@@BA@@@A@@@@@A@@@AA@@A@@@@@A@@@@@A@A@A@@@AB@@A@A@@@@@A@A@@@A@@@A@@@A@A@@@A@A@@@A@@AA@@AC@@A@@A@@@AA@@AA@@AA@@@@A@@AA@@@@AA@@@@@@AAA@@A@@@@AA@@@A@@A@@@@@A@@@@@AA@@@@AA@@@@A@@A@@@@AAAA@@@AA@@AACACCCAAC@GD@@A@@@@@A@@@A@@@@BA@@@@@A@@@A@@BA@@@A@@@A@@@@@A@@@@@A@@@@@A@@@@@A@A@@B@@A@@@A@A@@@A@@@A@@@AB@A@BA@@@@@A@@@@@A@A@@@@BA@@@A@C@@AA@@@@@A@@@A@@@@@A@@@AA@@A@@@@@A@A@@A@@A@@@A@@@AA@@@@A@@@@@A@A@@@@@A@A@A@@@C@ODG@IBKFOLMFQ@USAAIB@@E@EBCBE@GCEBC@C@AC@CAE@@@AACAAA@A@AB@BA@EBABAB@@E@AAAA@CDCBAACCAAC@A@A@CA@A@CF@@@DAB@D@D@@@FBD@D@B@BA@@BA@IEC@C@ED@DBDB@DBBB@B@@A@C@CBGDC@EBA@CD@@@D@BCB@@ADAFCDAB@@A@AAABADCDAB@DDB@B@B@@@@A@@@AHGHGFICKEQCQJILKLMNM@KECKAI@M@QCKEKGEKAKDQFIFKJILILEJCVEPKHIBQJGFEHBDBBBB@BAB@DABBB@DAAA@AACAAAA@@B@D@@@DAD@DA@C@C@ABABAB@@A@A@@A@ABC@E@CA@ICEAAB@@@@@B@B@B@BADA@BB@BFBBB@@@B@@@B@@@@@B@@BB@B@@@B@@@B@B@B@B@B@@@@@B@B@@@B@@@B@@@@@B@@@B@@@@@B@B@B@D@B@@@B@@@B@B@D@@@@@B@B@@@B@@@@@B@@@@@B@B@@@@@B@@@@@B@@BB@@@@@B@@B@@B@@D@B@HXJZLZLRLZJ\\FZ@RIHE@ABBB^TDJERBT`j^BNFCF@JEJ@LERGLBJJHLHJDHDDFBNEPEHATAN@R@LAF@H@"],"encodeOffsets":[[110521,27052]]}},{"type":"Feature","id":"522625","properties":{"name":"镇远县","cp":[108.423656,27.050233],"childNum":1},"geometry":{"type":"Polygon","coordinates":["@@A@A@@@@@A@@A@@A@@@A@@AA@@A@@@AA@@@@A@A@@@@@A@@@A@@@@@A@@@A@@@@@AB@@@A@@@@@A@@AABAA@@A@@@@@A@@@A@A@@@A@@@A@@@AAA@@@@@A@@@A@@@@@AAABA@@B@@@@A@AB@@@@C@@@A@@@A@@@CA@@A@@@A@@@A@@@@@@@AA@@@@@@@A@@@@A@@A@A@C@@@@@@AAMIIAGACA@@A@@@@@@AA@@@@A@@@@@@AA@A@@@@@AAA@@@A@@@@@A@@@@@@@A@@@@AA@A@@@AA@@@A@@@@@AB@@AB@@@D@@@@@B@@@B@@@B@@AB@@@B@@AB@@@B@@@@A@@B@DAB@BALCFEDC@A@@B@B@@@DBBBBDBB@H@BAD@@BABADABABCBE@C@A@CBC@@D@DBDAFAHCHEDIAIAGBCFAJBHDJAJCLGHEBAB@@A@ABCACAGAC@AAG@E@K@GAA@CEACAAG@K@C@@AA@C@CAE@A@A@C@CBA@A@@@A@CDAFADAB@BB@@@@@B@@@BA@@B@@@B@B@B@@@FFBBFD@@@B@@@@B@BB@DDBH@F@@BDHDH@HD@DAF@F@BDBDBBBFDF@JAB@@@B@@@B@@@B@@A@@B@@A@@BA@@@A@A@@@@@@@CAG@C@CDADCDC@A@EBEBED@BCHC@SHK@IBUEM@O@I@I@SCMCMEOEMCKCGEIIKGECEAGBIHCHCL@LBHFFFBH@NDDDBHBJAJAFCDAA@B@@BB@B@@@B@B@@@@AB@@AB@@@@@AA@@A@@@@A@@AA@@@@@A@@AA@@@@@A@@@@@A@A@@@A@@@AB@@@@@B@@A@@B@@@@@B@@@@@B@@@BA@@B@@@@@B@B@@AB@BA@@@@B@@A@@B@@AB@B@@@B@@@B@@B@@B@@@@BB@@@@BB@@B@@B@@B@@@B@@@DB@B@BA@ABADAB@@@B@B@BCB@DA@@B@@@@DD@@@@B@@@B@@B@@B@@@BB@@B@D@D@B@@B@@B@@B@@B@@BB@@@@D@@@B@BCDADABCDABEBCBC@CBE@CBC@@@CBA@ABCBAB@D@BBB@JT@hKNBtANovCHBJNPFLDHBHCJGHKBKBIAICGGKGSEMAGBCDCFBJLPJVLRDPDNCP@JILGNIPCHAFAFDHFNLVHRJTBFEDGDI@EAEGGEOGG@E@AFDJFJBHDHEJEBE@GBEHEFEDECKCKGIIKIGEGGOEOCI@GD@HBHFHLFJHFLDLD@HBFFFLJTFXDVHLHPDJJPJHNHPDN@JARIPGLILENER@N@JBHDHDHBL@JCF@FADBHDJHHFJLFINMJKHGPEPCR@NAJCJGFKNKTEN@PDLDPBPAJKDI@EAE@IBIDCHEFADIBEDGFIFCHAPBTDVAR@V@R@V@NCNAFEDG@E@GACAGAIAIHSBC@IBGFGHGH@NBLFLDPDR@RALAL@L@JBL@DCBEDICGGIOKGKGICM@I@GDIFGJAJAHDLBLDJADCDEH@HFDFDJDJJDL@HIJMHAP@NFLDH@HAJBLBLBPHHBFBJBDBD@PCLEJAH@BABB@B@@DBB@B@@BB@LDB@@@FBHDBBB@@@BBB@@@BBB@@@BB@@D@DBBB@BB@@@B@@@BBB@B@@@@@BA@@@A@@@ABA@@@C@@@A@A@@@AB@@A@@B@@AB@@@BA@@B@@AB@BA@@@AB@@A@@BA@@DA@@B@@AB@@@@AB@@A@@@A@@@A@@AA@A@C@A@@@A@@@C@@@A@@ACC@AAC@A@@A@ABA@@B@DBB@B@D@B@FA@@BA@@BABA@@@AB@@A@@B@@AB@@AB@@@BA@@B@B@@@B@B@@@B@B@@AB@BABAB@BABA@@BABAB@@@@AB@@AB@@A@@BA@@@A@A@AA@@@@A@@@@@A@@@A@A@@@@@A@A@@@A@@@A@@@A@@BA@@@A@@@A@@@AA@@@@A@@A@@A@@AA@@@A@@@@AA@@A@@@A@@A@@A@@@@@@@A@@AA@@@A@@B@@@@@BA@@B@@@@@BAB@@AB@@A@@B@@@@ABABCBABA@A@A@CA@@@@C@@@A@A@@@AAAAACAC@@AEAA@AAA@A@ABA@ABABA@AA@AAA@A@A@A@CB@@AB@@A@A@A@A@A@AA@@A@@@AAAA@A@@CAAA@@@@C@C@AAA@CA@@AA@@A@C@C@ABE@@BA@@DAD@BABA@C@A@C@CBA@@@AC@@@@@@AA@@@@@AA@@@@@AA@@AA@@AA@@@@A@@A@@A@@AA@A@@AA@@@A@@@@@AA@@A@@@A@@A@@AA@AA@BA@@B@BA@@B@@@B@BA@@B@@@BAB@@@@@DA@@B@@@B@@AB@@@@@AA@@AA@@@@@@AA@@@@@@AA@@@A@@@@@A@@A@@A@@AAA@A@CA@@AA@AAAAAAAAA@CA@MMOQKUCOAMAGECKCI@IJGFGFGFGHGJAHAHCHGHEFQDODGDIFIJMDKBUAMBQEQISQOMKKIIGGAEGAC@E@CDEBCAKEMKAEGIEKGI@@A@@@@@AAA@@@A@A@AA@AA@@@@A@@@@BA@@@@@AB@@@@A@@BA@@@@@AA@@@@A@@A@@A@@A@@A@@AA@A@@@@@A@@@A@@@A@AA@@A@@@@AA@@AA@@AA@@AAA@@AA@@@AAA@@A@@AA@@A@@AAA@@@AA@@A@@@@@A@@AA@@@A@@@A@@BA@@@A@@@ABA@A@@@A@A@@BAB@@A@@B@@A@@B@@AB@@@@@B@@AB@@A@@B@@@@A@@BC@AAC@AAC@@ABA@CBC@C@C@EAA@CBA@@A@E@C@ABA@E@ADABA@E@@DCDADCDC@C@G@A@A@@@A@@@@@C@@@A@@@A@@@A@@@@@AB@@@@A@@@@@AB@@A@AB@@A@@@@BA@@BA@@@AB@@@BA@@@A@@BA@@AA@A@@A@@A@@@@@@@AA@@A@A@@@@@A@@@@@A@@A@@A@@@AA@@AA@@AA@@@AA@@@@A@@AA@@@@@AAA@@@AA@@@@AAA@@@AAA@@A@@AA@@@@@AA@@@@A@@@A@@@A@@BA@@@@BA@@BA@@B@@AB@@@B@@AB@@@BA@@@AB@@A@@@@BAB@@@BB@@B@@B@@B@B@@@@@BBB@@@BA@@BA@@@A@@@@@A@@@@BA@A@A@@@@AA@@FEBABABABABABADAB@BCB@DCB@BC@AAA@@@@A@@@@@A@@@@A@@A@@@@@@@A@@A@@AA@AA@CAA@@@CAGCE@@@AA@@A@@@BC@@@@@A@@@@@AD@D@BA@@AAAAA@@@A@@A@@@@"],"encodeOffsets":[[111159,27474]]}},{"type":"Feature","id":"522601","properties":{"name":"凯里市","cp":[107.977541,26.582964],"childNum":1},"geometry":{"type":"Polygon","coordinates":["@@BADADA@AD@DBB@BCBCB@BABBD@BD@BB@BFBDDBBAB@DCBA@ABA@CBCBC@AB@@ABC@A@@DA@@BABAB@DABAD@D@B@DABAB@F@BAB@D@DA@ABAB@B@B@B@B@BA@AB@@A@@BABA@AD@DADAB@BAB@BBDDDBDDDBB@BABA@ABA@AB@BA@@B@B@B@BB@@D@B@D@D@D@B@D@BBDB@BB@DAB@B@@@@@@@BADABAD@B@H@F@FCBAJEDADCBC@A@A@A@ABCDCFA@CDABCBA@C@ABA@AB@@@B@@@B@BABA@ABAB@J@RFLRHNJRHJFFHDJDNAJKJGJIHEHIFAFDB@F@PCNAN@RDNDHFLHLFHD@@@@@B@@@B@@B@@B@@B@@B@@B@@@B@BB@@BA@@B@@@@@B@@AB@@@B@@@@@BA@@@@B@@@B@B@@@@@B@@@B@@BB@@@B@B@@@B@@@B@@@@@B@@@@@BA@@@@B@@@B@B@@@B@B@@@@@B@B@BAB@@AB@@@@@@A@@@@BA@@@@B@@AB@@@B@B@@@@@DAB@BBBBBDBD@BBDBB@@B@B@D@BBBBBBBBBB@BBBDBBBDBB@B@BABC@C@ADEB@@@@@B@@@B@@@@@DABCDABCBCBEBCFE@@@@BA@@@@@A@@@A@@@AB@@E@ABADABCBA@@BA@ADADCBADCBE@@@AACAACAGEAA@@A@@A@@A@@AA@@@A@@AA@@@AA@@@@AAA@@AA@@AA@@@@AA@@@AA@@AA@A@@@@AA@A@@A@@A@@@@AA@@A@@@@AA@@@@@A@AA@@A@A@@@A@@@AA@@C@@@@AA@@@AA@@A@@@@AA@@@@@A@@AA@@@@@AAA@@@@@A@@A@@@@@AA@@@@AGI@A@@@AHAFCD@B@FB@ABIDOFKDIBCBKCKEOCKAG@EDCHELBNALCLBJDHFFBD@DCB@@@B@@BB@D@BAB@@@@@B@@@@@B@@@B@@A@@@@BA@@@@@A@A@@B@AA@A@@AA@@@@@A@@AA@@@@@AA@@A@@@@@A@A@AA@@@@A@@@AB@@A@@@A@@@@@A@@B@@@@AB@@@BA@@@@B@BA@@B@B@@@B@@@B@BA@@B@BA@@@@B@@A@@B@@A@@@@@@BA@@@@@AB@@A@C@@@A@@AA@@@@@A@@@@@AB@@A@@B@@A@@@@BA@@@A@A@@B@@A@@@A@@BA@@@@@A@@B@@A@@BABA@@B@@A@@BA@@@A@@@A@@AA@A@@@@@A@@@A@A@AB@@A@@@A@@@A@A@@@@@AAB@@A@A@@@@@A@@@@@A@@@@@A@@@A@@@@@A@@@@@A@@@@@AA@@A@@@@@AA@@@@@@AA@@@AA@@@@AA@@@@A@@AAA@@@@@AB@@AA@@A@@@@@A@@@A@@A@@A@@@@@A@@A@@A@AA@@@@A@@A@@A@@@@A@@A@@A@@@AB@@@@A@@@@@@@AB@@@BA@@@@@@B@BA@@@@@A@@@@BC@@@A@@@@@AKGGCEBEFGHGBEAECEI@IEICCECGEEECIBGDGBIAGCGGIKCGAG@GBKAIAMAICGEIAGDGDEDI@G@IBGDCBADAD@FBHEFEHIDMBGBSEGGGGEEAC@GBEDIEKGIIYGBELEHGBGEAMAGIGKDGPEJGFICIEAQ@MCMGIGIEIEGAEAEG@E@KBQ@M@SBGBOFMFEACCCGGIGKIIKAQHKFFDDDBLDHHNHPD@@BE@AACDA@C@A@EDBJA@A@AB@D@BDBB@ABCB@BA@@DABBBB@BBBBA@EDMFA@ICE@A@ABC@C@CB@C@CAC@CC@AC@AAAACA@@ACA@@AA@AA@A@CGABAAA@AAA@CFABBB@FAB@BAB@BAB@BABA@EB@@ABC@CDEBAC@D@@ABCBABBBEF@DABC@AB@BAB@BAB@@AAEAAHABABA@AAE@ACAAA@A@@@C@CDA@EBABA@IBE@A@CDABGFCDBBBB@@@ABB@A@BDDBB@B@BBD@DBDDF@B@@BBD@BBB@B@BHAD@B@BADBBA@@BB@@BDB@D@BBB@BB@BBBBBFADBF@BAD@B@BABABAB@DADAB@B@BAF@AA@A@@@AA@@BAB@C@@@@A@BA@AABCAAC@A@ABB@ABABA@A@A@ACC@BCA@AAB@@A@@C@C@CA@@BAB@A@BC@AC@CE@AABA@@@GDA@ABA@AB@AA@AB@BAA@@@@CAAAG@EB@AACGGC@C@A@EE@A@A@@ECA@A@C@ACAADE@AA@AAABAA@BA@GC@@BA@@AAA@@@BAB@DAF@D@DC@CBAB@@ABABA@E@A@AAAAA@@A@C@CBC@CACBAAC@ABECEBABCAAAC@C@CA@@@AAACBA@C@@@A@AB@@@BGB@B@BABA@AAA@@@ABBB@B@@CBAAAAAACAA@A@CB@@AAC@EDCBE@CBEB@B@B@DABA@A@A@CCCACBABAB@D@DB@DDBDF@BDDDBF@DIHCF@BBBDB@DB@BBBB@@@D@D@BB@BBDDDDBDA@CBED@@A@A@A@CD@FCDABAB@@@B@@CDCBEHEF@@A@AACB@@AB@@G@C@@BABA@@@A@AA@AB@A@CCCBE@GDABC@CAADC@CB@@@@@@@BA@@B@@@B@@@B@@@@@@@BBB@@BBB@@B@@BB@@@@BBFAD@H@F@@@ABC@CB@B@BBBBBB@@D@D@B@BDBBFD@BBB@BA@CAA@ABA@@BABBBBBBBB@@AB@BA@@B@@B@@@D@D@F@DB@DBBBABBB@FFBBBA@A@M@G@I@GBCHGHAFAFB@@B@@@BBD@@@@@BB@@@B@BA@@B@@@B@B@BBDBBBDBB@@@@ABC@AB@@@D@@BB@BBBD@B@@B@@AB@B@BD@TFRARGNKJUNUTMZCR@@@@@XAX@ZH@@@@B@@@B@@@@@B@B@@@B@@@@AB@@@B@@@@@BB@@@@B@@@B@AB@@@B@@@B@@BB@@B@B@D@@D@DBDABBBBBD@DBAB@D@@@DBBAFABABA@@@A@@BA@@@@@AFIJIHGJANCLALELIHIHQJAB@DBB@@@@A@@B@B@@@B@@@B@@@@AB@@@@@BB@@@@BA@@BA@@@@BA@@AA@@@@@A@@BA@@@@B@@@@@B@@@@@B@@@@@BB@ABB@@@@B@@@B@@@@B@@BB@@@@BA@@B@@@@A@@B@@@@A@@B@@@B@@@B@@@@@B@@@B@@@@@@@BB@@@@@B@@@@@@B@B@@@@@@A@@@@@@B@@@@@B@@@@A@A@@@@@@@@@@@@BB@@@@@@B@@@@@B@@@@@@@@A@@BA@@@@@@B@@@@B@@@B@@@@@@BA@@@@B@@B@@@@B@@AB@B@@@@@@@B@B@BBB@@BBADCBABABABA@@B@B@@@D@BBB@BB@BBBBBB@B@@BBDDDDB@@BB@@B@@@B@B@@BD@B@B@@A@@@ABA@AB@@@BABBB@B@@@BBBB@@@BBB@DD@BBBBBBB@BB@BBBB@@BB@BAB@BBBB@D@D@B@@@BAB@B@@@B@@@@DB@BDBB@@@BAB@@BB@DBDBB@DBDB@BBB@@@BAD@B@B@B@@@BDB@@D@DB@@@B@B@B@@@B@@B@B@BB@BBBB@BB@BBB@BBB@BB@@@B@B@BABA@@BB@@BB@D@B@@BDBBB@@B@B@B@@AB@B@BBBBB@@D@D@DB@B@B@"],"encodeOffsets":[[110352,27442]]}},{"type":"Feature","id":"522627","properties":{"name":"天柱县","cp":[109.212798,26.909684],"childNum":3},"geometry":{"type":"MultiPolygon","coordinates":[["@@BBB@H@FCLCDC@@FAHCPBF@DFBD@B@DCBGFEFBDBBBABABAD@BALCHBFDFH@HEHAJ@FF@FCTMHCDCACEC@@@@CAA@CAAA@CACACAAACC@CACA@@AA@C@ABA@@@A@CA@C@@@AAECGGC@KCG@EAAAACCCC@CDAF@BBDBBDB@BCD@@OFCBIHED@B@B@B@@"],["@@BBHB@D@FAF@DB@@@@BB@@BB@B@@BB@@@B@BB@@B@@BB@@@@BB@@@@BB@BD@@BBB@@@@BB@@@B@@@BB@@@B@B@@@B@B@@@B@@@BBB@@@B@BBBNDJCBGFOFCDCHAJAJBFCDCAEEK@IBKDKBIAGEGEEKICCCGAEBIJMJMHOFKFOBM@M@IAA@A@C@AD@D@BABA@E@CA@CACAC@C@CAAA@@AACAGBAH@JAHCDEBK@I@SÎ@@@@@BB@@@@@B@@BB@@@@BB@@@@@@B@@B@@B@@@B@@@@@B@@@B@@A@@@@BA@AAA@@@@@A@@@AA@@@@@@AA@@A@@A@@A@@@@AA@@@@@@@A@CACA]~"],["@@@A@@@@A@@@GDA@@@@@C@@@I@CA@CBCB@FAF@B@@@B@@@@@B@B@B@@@B@B@@AB@@@BA@@FA@@B@@@BA@@B@@@BAB@@AB@@@BABAB@@AB@@@BA@@B@@AB@@@B@@@B@@@@B@@BB@B@@@@BB@@@BB@@@DB@@B@BB@@@@BB@@@@AB@@AB@@A@@@@@A@@BA@@@A@@@@@AB@@A@@@AB@@A@@B@@A@@B@B@DHNB@@@B@D@@@B@@@B@@@BBB@B@B@@AB@@@B@@A@A@@BA@@@@@A@@B@@@B@@ABA@@F@DBF@FAD@FA@ABCCAC@E@C@E@BEFAJGBAAGACAC@C@CBGBAJGBABC@E@C@A@EDEDCFCDCDCDAFCBC@CEGBEDE@ECECAA@G@CBAA@@CA@C@A@EDEAAACAC@A@@@@@ABBB@@@BAFAB@@AB@BBPHDADGBIBIBIDGBE@CBGCCGCC@EAK@ECCAAEAGBCEEEAGBIB@BABEBEACAOEOIEEIGCAA@E@GAE@AAACCC@AGCCAEA@@AAA@C@A@CBC@IEACACAACAE@EA@A@C@C@ABGBIBAHGDCAC@ACACEECAA@ADAD@H@H@DBFB^}E@A@AC@ADABAD@B@DBDBD@B@@@@BB@@@@@B@TÍG@O@M@MDOAKCIAIEIGGGKEKIEK@MAE@CACE@E@MFIBIBCFG@EAAGFGBIDCEGIAKEIGEIEAMCIDOFMDMDS@IAKAGCEAE@CBCBCFE@ADCHCDGDEDE@EFEHAHAFCHCFILELAHCFCJGLGJEFIDG@E@ECGEKGIEKEGCKEKGKKEICGCKCICECCICE@IBGFEFCDCFIBKBIAIAGEGGCECCIAM@IDKBMCG@KAWPSGGQWQU\\OG@_iLmXMHYZUDIZKNKCYHThEXHDDDBJBHHJNJNDH@LFJDDFBFBJHJNHNHNHNBHCFGJEDAHDBFAH@J@HBFBH@FBJBJFDFDHBLAJEL@TFNJJHBLAHCHMHMFIFKDKDKAKFPFRJNH@@D@@@B@@@@@BB@@@@B@@@@BBA@@B@@@B@B@@BB@@B@@B@@@B@@BB@@@@@@B@@BB@@AB@B@@@B@B@B@@@B@@@B@@BB@@@@@B@B@@@@@B@BBB@@@@@B@@@B@@@B@@@@@@BB@@@BB@B@BB@@B@@@@@B@B@@@B@B@@@B@@@BB@@B@@B@@@@BB@B@@BB@@@@@B@B@@@@BB@@@@@B@@@@@B@B@@@@@B@@@@@BA@@@@B@@A@@@A@AB@@AB@@@@A@@@A@@@A@@@@BA@@@@@A@@@A@@@@@A@@@A@@@A@@@A@@@A@@B@@@@@@A@@BA@AB@@@@A@@@A@@@@@A@@@AB@B@@A@@B@@A@@B@@@@AB@@A@@@@BA@@@A@A@@@@AA@@@A@@@A@@AA@@@@@A@@@@@AB@@@B@@GFEJAHAHDDFHDJDLAFEFEJIBIBMDKAK@GAIEIKEIAGEEECICO@KBEDEDGFCHCDCBBF@@@B@@@B@@@B@@@BBB@@@B@B@@B@@B@@@B@@@@@B@B@B@B@@@B@@@@AB@@@@@BA@@B@@AB@B@@@B@B@@@@BB@@@BB@@@AB@@@B@@CBCAE@ABAD@FCDBDDBBBB@BA@@FD@@DBBBDADBLDFBFFDFHFHFJFHFHDJFJBPFJFFDBB@D@DBB@@DBBB@@@BAB@BBBDDBBDDDBFBD@B@BABC@CB@@ADAD@B@B@D@@AB@D@B@DBB@B@@@@@BBD@BDBDDBBDBHDD@CBCBEBABBBBHHDDDBB@DBBB@BBBBBLBF@DAHAD@DDFDBBFAD@BBBBDDB@F@N@FAF@FABCDCACA@@CAGCAIAAAAAC@CA@@AACEAC@@CCACAA@@CC@A@A@A@A@CACACACAAAA@ACC@AAE@A@CD@B@DADBB@BBB@DAFAD@D@BAB@B@BAB@B@B@B@BAD@DBB@BBCBAB@DBAD@DBB@BBDBBBB@FAHCB@B@DBB@@@B@@@@A@@@A@A@@@ABAB@BA@@B@D@B@D@B@@@BBBD@BBB@D@B@B@BBB@BFHDHBBBB@@@@BABCBAB@DAH@@@LHJJPRRRLPJLHLDLHLDHHJHDLFHAJCDKBKFIBCHEJCP@VHPHLBN@LBN@J@LDAB@@@@@B@B@@@@@B@@@BA@@B@@@B@@@B@@@B@BB@@BB@@@B@B@B@@@B@@@B@B@D@@@B@@@B@B@@@BB@@@@B@@@B@@@B@@B@@B@@@@@B@@@@@BB@@B@B@@@B@@@@@B@@@B@B@B@@AB@B@@@BAB@@@B@@AB@@@B@@AB@B@@AB@@@B@@@B@B@@@@@B@@@@@B@@BB@@B@@@BBB@@@@@B@B@@@@BB@@@@BB@@@CBAB@DABABC@AAC@ABAH@FBBAB@@BAD@BB@@@@B@@@B@B@@@@@B@@@B@@@B@@@B@@@B@@@@@BBB@@@@@@B@@B@@B@@@B@B@@BB@@@B@B@@@@GAC@ADAD@F@HDB@@@B@@@B@@@B@@@B@@@@ABA@@BA@@@@@A@C@A@@BAFKFKBIFELIHCFAF@JDDHFJHHHDLBLA@G@IAECEAG@A@@@@@@AAECAAEAAAA@@A@ADGBABA@A@@@A@@@@@@E@A@ACACBCBAHD@@F@B@BEACAAEBA@AA@@AA@A@@AA@@@A@A@@BCBA@@B@@@B@@@BAB@@@B@D@D@@@B@BB@@@@B@@@B@B@@@D@@@B@@@B@B@@@B@B@@@@@BA@A@@@A@A@@@A@@AA@@@A@@@@@A@@@A@@@A@@@@AA@@@@@@AA@@A@A@@BA@A@A@@@A@@@@@A@@@@@A@@@@@A@@@@@AA@@A@"]],"encodeOffsets":[[[112158,27386]],[[112080,27507]],[[112097,27720]]]}},{"type":"Feature","id":"522632","properties":{"name":"榕江县","cp":[108.521026,25.931085],"childNum":1},"geometry":{"type":"Polygon","coordinates":["@@DKFMBGFGBE@KAM@MFMDIHE@CBICICIGOEQAQAKCM@@@@@A@@B@@A@@@A@@@@BA@@@@@AB@@A@@DE@ABA@AB@BA@@@A@A@A@A@ABABAD@D@BAB@DABAB@@AAAAAAAACAAAA@A@A@A@@B@BA@@BA@@B@@@@@B@@@@@BAA@DC@@@C@@@@@@@AA@@@@AAA@@@AA@@A@@A@@A@@@@AA@@@@@A@@@AA@@AA@@@@@@A@@@@AA@@@@@AA@@@@A@@@@@A@@AA@@@@@A@@AA@@@@@A@@@@AA@@@A@@@@@AA@@@@A@A@@@@AA@@A@@@C@A@@@@@A@@@@@A@@@@@AB@@A@@B@@@B@@A@@B@@@@AB@B@B@@A@@BA@@@@@A@@BA@@@@BA@@@A@A@A@@@@@AA@@@@A@@@@A@@A@@A@@A@@@@@@AA@@@@@A@@AA@@@A@@@@@A@@@@AA@@@@@@@A@@@A@@@@@A@@@@@A@A@@AA@A@@A@@@@A@@A@@@@AA@@@A@@@@@C@@@@@A@@@AB@@@@A@@@@@A@@@@BA@@@A@@@ABA@@@@BA@@B@@AB@@@B@@@B@@@B@@AB@@@B@B@ACA@@AACBCBABCDCFEDA@ABA@@@@@A@@@@@A@@@A@@@A@@@A@A@@BA@@@AB@@@@@BA@@@@B@@@B@DA@@B@@A@@@@@ABAB@BAB@@AAC@CAEAC@CBABEBADAB@DBBBB@@AAAAA@@@AB@B@B@@@B@B@@AB@@@BA@@BAB@@@@@B@@A@@B@@@@@B@@@BA@@B@@AB@@@FE@@BAB@@@BCB@@@BA@@B@@@@@BA@@@@@A@A@@A@@@A@@@AA@@@@BABA@@DAB@@C@A@AABC@AAC@@@A@A@@@BABABABAB@DCA@CAC@A@C@A@@A@A@C@@AA@AA@ACCAEAC@C@EAE@I@ECCAAEACAECECG@G@GCI@GAAGGCAB@BCD@DBDAAA@CACAC@E@CAE@ACC@ABA@AD@@@DA@@DADBB@DBDBBBD@BBD@DBDBDBDB@A@@B@@@@A@@@@B@@A@@@AB@@@@AB@@A@@@@B@BA@@B@@@B@B@@BB@@@@@B@BB@@@@B@@B@@B@@@@B@@@@B@@B@@@@BB@@@@B@@B@@B@@@@BB@@@@@B@B@@@@@@BB@@@@@B@@@@@B@@@BB@@B@@@B@@@BB@@@@@@B@@@B@@@B@@@B@@@@AB@@AB@@@@A@@@A@A@@@@@AA@@@@A@@@@@AAA@@@@AA@@@A@@B@@@@@BA@@B@@@BA@@@@@AB@@@@AB@@@@A@@@A@@@A@@@A@@@A@@@@@A@@@A@A@@@@@A@@B@@A@@@@@@BAB@@AB@BAD@B@BBBBB@@@@@B@@AB@@@@BB@@@BBB@@@B@@@@@B@@@@A@@@A@A@@AA@@@@@A@@@@AABA@@D@@@@@BA@@@@BA@@@@@@@ABA@@@@@@@A@@BA@@@A@@@ABA@@@A@C@A@AB@@A@@@@@A@ACAABC@@A@@@@@A@@@A@@@@@AB@B@@A@A@@@A@C@@@@@ABAB@@ABAAA@@@A@@@A@@B@@@B@HA@@B@@@@@B@@C@@AABA@@@A@@@@@AB@@@@C@@A@CAA@@@@@BA@@B@@AB@@@BA@@@CC@C@C@GCEAAA@A@@@E@A@CAC@CBA@ACACCCCCC@CAAACAC@@BGDIAEGEGEICMGICI@GCICC@E@EDEFCBEBGAECCCAE@CBI@GACEEIAE@EBCBG@EDG@GEEEEKIIGAIGGGCKBMAO@I@GBKAIBIBQAGAIAIEMCOEMAC@@A@C@E@A@CBCBC@CA@AACAACACACAC@@C@A@AFCBABCBCBCBA@ACAECEAEAAECEEEGAC@AB@BDBBBBDBFEDAB@BA@AFC@C@BB@FCBC@CAACAEAACEAGACAACACBC@CFABDBC@CBEB@D@DCBADABEDA@E@G@G@ABEBK@GAGE@C@@EMAG@CACCCGCG@GAIAKIACEQ@EAG@K@GCGGIGIGEAIECEEECGEI@MAEAIECAEGCEAIBIBKDMBIDKDIBCJOFIFIUGFMDM@G@IAEEICIGGEICIAICGAI@G@IAI@ICECGCGAIBG@I@E@EA@@ECIECACCAAAEECCBC@GEOGGGEE@CCCQ@IBIAC@A@ABGBC@ABABABC@A@ABABAD@D@B@BBBBDDD@HDD@DCFDF@BCD@BABCDCAC@AFCDC@@@A@E@ABABAD@BBBBDBF@DABADFL@BADGP@JAB@D@D@BBDBDABA@CAAAA@AD@B@BCCCCEACAE@CDA@GAGAEEEEGAMCE@@@AAEEAEAAA@GAC@E@C@@BAD@B@B@DBBDHBFBDABABADABAD@BBB@D@D@DAD@BBD@B@BFAB@@@@NCNENAHDFHHJJ@JCJADMDKBIHGNAJDPFLDLBFBD@B@B@BDBJHHDJDBDBDJFDBBBJD@@BBD@CDEFCDCBEBC@C@@@@B@@BB@B@B@B@DB@BBBBBBDB@@DFJJPLJHBLFHFDDD@@DBHDDB@B@BCBAB@B@BBB@B@@A@AAA@ABABBB@DBBCBEBCLAJA@@D@B@DD@DAD@@@BDB@@BD@@@JFRRLPBD@B@FCF@J@FBBBBB@F@NCF@PHB@D@D@DCDAB@BB@B@B@BBBDBD@HD@@BHBFBBDBF@B@FBB@BBABCHADAB@B@DBH@F@D@@A@BBBBDB@B@B@BABA@ABABBB@BD@@BBBBAB@B@@@BB@DABABCBC@A@AB@@BB@@BB@@BBBB@DFDLPTJDLAJEDKCGCEBADCF@JHLHJ@HCHI@KBBD@F@HDLHHHHDJ@JCFCDCHCFAHBFDDFPDTBLANAFGDKFEFDDDFFFFJHLHNBJFHHDHBHCJALCJDHFFFFJFJBL@R@PBH@D@@@B@@@B@BA@ABC@@@G@@@CDCB@BAB@@B@@B@@B@@@@BB@@@BB@@BB@@BB@@@@BB@@@@B@@B@@@@B@@BB@@B@@B@@@@BB@@@BB@@BB@@BB@@B@@B@@B@@@@BB@@@@@BB@@@@B@@B@@B@@B@@B@@@B@@B@@B@@BB@@@@B@@B@@@@B@@BB@@@@AD@@@B@@@B@D@B@@@B@@@@@B@@@@@BB@@B@B@@@@@B@@BB@@@B@@@@@B@B@@@B@@@B@B@@@B@@BB@@@B@@@B@B@B@D@BB@BB@B@B@B@B@B@BBB@B@BABA@AB@B@@AB@B@BBD@BBBA@@B@BABABAB@BA@ABA@C@ABCBABAB@@B@@BB@@@B@@B@@B@@@@@B@@B@@B@@@B@@B@@B@@@B@@@BBB@@@B@BBB@B@@@@@BB@@B@BBB@@@@@BBBB@@@@B@@@@BB@@B@@@B@B@BA@@@@B@@@BA@A@@B@@A@@@A@@B@@A@@@A@@@A@ABA@@@@@A@@@@@A@@BA@FBFBDB@BB@@@BBB@BA@@BA@A@@@A@@B@@AB@@@B@@@B@@@BA@@B@@@B@@@B@@AB@@@B@@@B@@@BAB@B@@BB@@@@@B@@@@BB@@@@@D@B@BBBA@@@@B@BA@@@@BAB@@@B@@AB@@@F@@@B@@@BBB@@@@@B@@@LFLFTLNPFFHFF@JAHCHCHKFGHEJCHBL@JDDD@DBJHDDADEDCFCHAHAHDJFFDJFHBLFHFDHDDHJNJPDH@LCPCPAN@LBHFPRLFJBJDFBHHFHFHHFH@JBJJDHDHDHDHFJLHHD@@@@BBH@J@DCFCDENA@@@@@@RETD"],"encodeOffsets":[[111263,27083]]}},{"type":"Feature","id":"522633","properties":{"name":"从江县","cp":[108.912648,25.747058],"childNum":1},"geometry":{"type":"Polygon","coordinates":["@@EBC@CACCACGE@ABCHCHAJCDA@AAACCAE@CFCFAHAF@@AACEIEEACCCCACAC@EBADABCACCEAA@E@AABKAAAACKGEC@C@EFCDCDGJADCBAFAF@BDHFDFHHHBHADBBCFBD@H@FEDCDEHADIFC@CBE@G@C@A@ECEAGAG@CBCDC@CE@EBEDC@CAAC@OBA@@@AAIKAEAA@C@EBCAA@@A@CBEBA@CBCBABCBMDCBCBCDEDA@A@A@@@C@EAE@CB@@IFA@A@AAA@KCEBCACCAC@EACAC@@CDABCAAACBEDCBC@GGGC@@DCDGFGFGBC@@A@@@@ABCA@A@CBCDA@C@C@EGKMCCBI@@GCEAI@CDC@CACCACBAHE@CAAICI@G@A@AB@@@DBDEDKDC@CCACA@CACCK@GCECIEAA@IBCECECGFE@@AA@A@CCAK@IBIBEBEBCCIBADENCLCFAHBDBBBB@@BBBDBDBB@BA@AB@@@B@B@B@B@@@BA@@B@@@BA@AB@@B@@B@BAB@@@@CB@@@DAB@DB@AB@@B@@@B@BDD@@@@B@@@@@BB@@DB@@@B@@@@@@AB@@@@@@BB@@@@AB@@@@@@BBB@@@B@@AB@BHDDHBHDFFFDFFDDDDBHBJ@DBDFDT@FBDB@DADAF@B@BADDBFBBAFAHCJCLGBB@DDB@A@GFEF@F@FBDDBDDDBH@HBBD@P@FAA@@@@@A@@A@@@@@@@@B@@A@@@@@@A@@@@@@@@@BA@@@@@@B@@@@@@@@@@A@@A@@@@@A@@@@@@@@@A@@@@@@@@@BA@@@@@@B@@@@@@@@@@@@AA@B@BAFAHAJCHAPKA@GKCEAEDOBEBC@CCACACAEACCEIIECK@EACAAAACA@EAEIEAA@GACCE@C@G@ABCCAE@ECCCAC@EDCHAFCDACC@ABCF@FBB@AABEBECECAC@@CBA@CAC@GDEBQBS@CBEFEDCPAFCFCD@DEFGFCJAHABAD@B@@@@@@AAAAAAA@@A@A@A@@@@@CA@E@AAEACA@G@EBGBQQEGIECAA@@@AB@@@@B@BB@@@@@@@@ABABC@@@@@BBB@@@A@AB@@@@AA@@GEGEAACAGEACECEBGHMDEFEHGBGHAHEDGEE@E@I@ICA@AF@J@FCBABCFGBCBGDEFCDGBIAECEAGBADA@CAEEACKGC@ECEAGBEAECIAC@GBED@BDHBLAB@BA@A@GAE@EAEAA@E@CBABCD@B@@@@AAA@A@AAA@A@AA@@AA@@C@AB@@C@A@A@A@AA@@@A@A@@@@B@D@@@@A@@B@@@B@@@@@@E@@@@A@@@@@AB@@A@AAA@A@@@QAI@@@CAA@E@CDABABAAAA@EAAAECAA@AA@ECKCGA@AAABCDCFADEBABCDA@@B@B@B@B@@@BA@BBA@@B@@@@A@@@@@BB@@@@A@@B@@@@@@A@@@AA@@A@@BA@@@@@A@@BBBA@@B@@@@AB@@@BABA@@@@BAB@@@@CAEBE@AB@BFDBD@DBDBF@F@DBDDBB@BBB@B@FAFBBBAB@BABADAB@BBDDBCDCD@BBBCDGFABCBEBCBCBA@@BBF@@B@@@B@B@B@@@@B@@ABA@@B@B@B@B@B@BA@CA@@A@@BAB@B@B@@@B@BB@B@@@B@BA@AB@B@BBB@@@@B@B@BB@@B@@A@@@ABABA@A@@B@B@@DBB@ADGBKBKBCA@@AB@BF@@BADCBABCBCAC@G@EBE@CAEAS@QACABAACEECCGEE@CAGBCDC@QEGBAEAGAA@AAACC@ABCAAAA@ABAD@D@B@B@BA@@@AAAAABABABA@CA@E@@AA@@ABA@@AA@CB@@CAAAAA@KBEDEBGAE@CCACCADGBABAF@BA@@EAC@CACCBGDC@CFGACECCEAE@CBAL@DCFABAPMHCHADCBG@MBC@CG@IDKHCDCBABCDABA@AACGCAEDCBEBAA@C@CAAA@A@EBEBCACACCGCCACCCE@C@CBABACAGGEAAACEBEBA@CC@GAIBEA@@@A@@@ABABC@@@AB@@@B@BB@@DAB@BAB@@AB@@ABE@@@@BA@@AAA@DAD@HBD@BGDC@CBEBEAAE@IDEFSXAAACAGGKAIAEGIAEBC@@@IAEBCFECG@AIAAAAE@CCCA@CAAABGBCBABG@AD@B@BCB@P@D@D@D@B@D@B@@C@A@C@CDEDAD@AACACC@AFAFAD@AA@CAA@ABEBEBCACEE@CDAECEC@A@CBCBEBA@@DCBA@C@@BAH@BBBCCC@ADQDEACAA@CAAAAACAC@EBE@K@IAACAA@CBEBEDADCHAHAAC@EDCDEFCFADCAABA@ABBD@@ABCB@DBBBB@D@FBBDD@DABCD@DCBEH@HAFEDG@GBEBIBEDADABDDBD@DAFGFCFAHA@A@EBADAFCBEBAD@D@B@BCBCBGBEFA@A@CBCBAFE@CACAC@GCC@A@AD@FBBBD@DBDBB@BCDEDCBAB@JAFCFEFGDIBCFAFCBG@IAEBEBE@CEGAIAIAKAICEACAACAEAC@CCEC@EBMFCHCHCNADBF@DEHAF@DAFEBAHAHGNCFABEDGHABCACA@AC@CDCDEDEDGBGFCDABIDGJEFAH@HBDADGHGBCACAE@ID@@ACCCC@E@C@A@CA@@A@CAAA@CBABAAGA@CDCB@BCA@@A@A@GGAAE@GBEDCBCFENAHEP@D@BBBBB@DCFAD@B@BFFBDBFADCFEBGBCDCHCDEDGBGFC@EAGAC@EAAB@BBF@FA@CF@D@BBBCD@BDF@BA@@DBFDFBFAFAFEHA@FDBFBBDDDBJFFD@@FBF@J@H@JAHBHDFDJDJ@JBH@J@HBJDJBJDHFJHJDFFJBH@N@NCHEVEJEJIPADCJCLAJCNALAJBJDFFHDBJFFBNBJ@HFFDFFFDBJHFHJHJDH@H@LBH@FFRBDLJJBHBH@HDDDBD@DBHFN@@@DHFHBL@FABAH@H@F@B@FCBABCDA@C@CFADAD@CABADED@DADBBBBDBHDFBBBFBDDBD@DA@EAAD@D@BEB@@ABAFCAEACAACA@ABAD@HBFFDFBFFBFBFDDB@BABADADADABED@B@B@DD@DBDBDBBBBD@BDBD@DADAB@F@D@B@@@BDFNDPFNBJBJBHARAJBJAL@H@JBPANDLHHJHHBJJFLFFHFH@FCH@DAFAF@JBFFBD@HAJ@DBFDDFDHBFADAFEFCF@D@JDHDJ@JDNHJDHFHFBFCJAH@@BDBDBB@DDDDDDDDB@BAB@DBD@D@B@F@@@BBBFBHDD@D@D@@@@@@AA@@A@A@@@@BA@@BA@@B@@@@@B@@@B@@B@@@@B@B@@@B@@@B@B@B@@A@@B@@@BABDBBFDBBBBBABA@@B@BB@@B@B@B@@@B@@A@@B@@@@@B@@A@@B@@ABA@@BABA@@@A@@BA@@@@@A@@@A@A@@@@@A@@AA@@@@AA@@A@@@AAA@@A@@@A@@@@BA@@@@B@@AB@B@@@BA@@B@@@B@@@B@@@B@@A@@B@@A@@A@@@A@@@AA@@@@AA@@AA@@@A@@AA@@AA@@@A@A@ABC@A@@BAAAAACAACECCCCAAC@C@CACB@B@BAB@@@DABC@EAEAACCAA@@DADCBCBCBCBABADABA@A@CBAD@F@B@@@B@AA@E@ABA@CDCBA@GBEDEBCDCB@L@H@FBFFHDJBF@D@DBDBBBDBB@F@BADABABBB@DBDBB@BABAB@BDDDBB@DAFAB@DAB@@BBDAD@FABBJBLFHDLFPBBGFGDGDGHELAJAHKFGHQBMCMCKCG@G@IHIFKHEFAFAHBHDJFHFLHJFJDHBJBRDJDJBJBFBBDBFBFCF@LALBHDFFFJJDFHNFNBLBHDLFJHJHHLFJFLBLBFAH@DC@GBKBGFEFAF@L@HBFBPALCLIPILIHOFOFIDKBO@K@EBE@CBGDCFEFGFEJGJEFAJEFCFCDGDGBGDEDCHALADEDE@EBE@GCCEGGEACAIAEBGBAHEFE@ABACCACAC@C"],"encodeOffsets":[[111801,26424]]}}],"UTF8Encoding":true}