{"type":"FeatureCollection","features":[{"type":"Feature","id":"530925","properties":{"name":"双江拉祜族佤族布朗族傣族自治县","cp":[99.824419,23.477476],"childNum":1},"geometry":{"type":"Polygon","coordinates":["@@@E@G@G@A@CAEWuQWIAkiKcBMB@@AJawA@@CEsPg@AH_BK@I@QA@Ok_]m[A@]AuRB{nNgAqIUQOCod^wJXEPFhZ\\tFFLENJ`E^BbETY`]OMAcZSBCJANEDKJKJGPCNEPCFKFMDOB_JALBRFLDPBPDRDNHLHJHDJFJFHBJBJCJENIFEJGHCJCRDHFBJDRBT@J@J@VANHHFFJ@JGFDFJHNDHDRFLHLJFJFHBJFJDHJDHDNBHBLDLJJHJHJLNDNBPFPJNDNFJFPHTFPFJJJJJPJNLLHLFHHHPTPLJBH@@FDDBBB@B@BABA@CN@FL@FBNBH@DAD@BBDBFFBBBADADCDABBD@HBB@D@FCLE@A@@AIFADABCPENCLGLKNQDIJMJKRMJKDGHMPIDEAM@MFODI@IBGNKDCDEFOHMFMDKDEDKFEAC@ADAD@BABA@AAAAAAEGEAAMACAAAAA@CAE@C@AFE@A@A@CC@E@GACCGIAE@A@EAGAKEEEAC@AACA@SBCDSHO@QBOAEAAAED@H@JBJBHFRBB@H@RELGNKHETEJ@PAJBBBHDBB@D@BAL@D@DBBHFF@FBHDDBJJBDB@B@BABABC@C@@@A@AC@@AAA@GAEGY@AB@D@JDFDLJFFBBDBBFDDDD@@B@BC@@D@B@B@BBB@D@@@BB@@@@@@BA@@@@@@B@@@@A@@BC@A@@@@AA@@BA@A@@A@@@@A@A@@@@BAB@BAB@@@B@B@@ABA@A@ADAB@B@B@@AB@BAD@"],"encodeOffsets":[[102561,24067]]}},{"type":"Feature","id":"530902","properties":{"name":"临翔区","cp":[100.086486,23.886562],"childNum":1},"geometry":{"type":"Polygon","coordinates":["@@B@@BB@BBDAH@H@FAB@BAB@BBDABA@C@E@ABCBCFIBAB@FAB@BA@C@G@A@ABAB@F@DAFCFADAJEDCBA@AAC@ABCBG@ABA@ABA@C@AACAC@A@ABC@@D@B@B@BA@CCEAI@I@ABGBEBABABEJMBE@E@CACEGCG@GACACAACACCAC@C@A@A@AC@AA@AAA@@BAFCDCDCB@B@BBB@@BFANEFCNGHCJGHGDEFQDCPKFEBABEDAHEDABC@A@@AEBADEBA@CBC@C@IBEBGBE@C@G@A@C@A@CBC@C@ABAB@DCD@FCPGDCFADC@@@EAIAE@AAC@E@KACAC@C@C@CJMDCFADCDAF@B@DBDFDJBH@LBBBBDDDBB@D@DCHELCLEJMFE@@DFFLBBH@LDJAN@PATERGB@B@LIFCHENE@@BAB@B@FDB@@@B@BAB@@BDB@@BBBC@CDGBCBCBAH@@AF@D@@ABE@ABAB@D@@EBEBGDG@G@CEA@GAI@CDCBC@CCAACCE@GIYAAC@ABCDEBE@CACGAAA@@BABC@CACCACAC@@BC@GAAACCACAABC@CAABA@@FADABABA@AAA@EKCCEEAC@E@C@ABAJEDAB@@@B@BAD@B@@CAGAGAACA@@EIGIDMDMDQBIBK@E@O@KIGIECEAIDIHELCNCLCLGJMDGDK@MEOCMDIJILETKREREFCJCNKAEMGOCMCEGAAGAAAECEEAAE@A@CA@ACECEAACEAACCC@A@AAC@C@ABE@CA@@AAAAAAAAAE@@@ECCA@A@IHA@C@@@AAA@A@GBA@KAG@A@EAC@MBA@CBCDEBC@CACBCBEHEJ@BGJKLEDOBO@OCICIECGCKISOMI@MDIBCLGFE@@@@@@@MCMCICECA@GAAAAE@OBEBE@C@EAEECCEACAC@GGYACACCEAKAE@EAGEU@CAAEIACCEACAE@E@IC@ABA@@BA@A@A@CB@B@BAB@BA@A@@@A@ABA@AB@@@@@B@B@@B@@@@BAB@@BB@@@@@BAD@@@B@@A@@@@@@@AB@@@@@@AA@@C@A@AAA@A@C@@@ADA@@@CCCCAECAAAEEKIECICC@A@@BHZBF@HBB@BD@@B@B@@@DADABABA@A@ACIICAGCEAE@GEAA@C@CBK@A@CAAGCAAIAOBI@SFGFMLKHQFG@A@QAGEIAIAG@C@BFBBBFAP@RGPCTAD@TDBBBD@FBFFBLBH@F@BBFHJDDHBF@D@@D@B@BEF@B@DBF@DBBBBDBNBBBHFBFBBBB@BABABC@CB@BBDEFCLCFCLENGNEPCFCDMLAH@JCJEP@NBNCFOJGNCHILQNILINCJMRKLKHMDOFADCBEBBJ@@@BKFEDC@A@GAC@AACBCDCBABAAEECAAAC@CBG@MAEAK@ABADBDBDFJBB@DAJCDAJAFEFADAHDDLFFFBDFL@BDF@JFJFL@BFHBFADCBGBCF@DBHBHDDFDDBDDFDDBLLHJBHDLDJBHBLDJ@TAR@B@@@@@FIJGHKHMFL\\HHFDLHJJHHJFJFHHRHJDRAPAFBFH@NEJBLFDZ@HDFNLPJLJJNDP@HDBJCN@J@PCLFHPBV@NABADAFADCBA@AB@B@D@@@@AB@B@@B@@B@@BB@@@B@BB@@DBDB@@B@@B@@B@@BB@@B@B@BB@@BB@@@BBB@@@@BB@@B@@@BB@BB@@B@@@@@BBBBB@D@@D@BBB@B@B@B@BABA@AB@BDF@@@B@B@BB@BBBB@BADEFCBA@@@A@@B@@@B@BA@AD@@@BBBBBBBBB@@@B@BA@A@E@A@CDCF@@ABC@AAA@EBA@A@AFADA@ABCBC@@@@@AB@@C@@BE@A@ABA@A@AACAC@@B@BBB@B@@CF@@@BBD@B@@@@@D@BBBBB@B@@@B@@@D@@@BAB@@@B@@@@@B@@BBB@@DB@BB@B@DB@B@BBBBH@F@B@BAD@B@B@@@B@B@@@DC@@B@BB@@B@B@B@@BB@BA@@@@@BD@@BB@@BBBB@BB@@DB@@B@BB@@BAB@B@B@@BB@BDBBB@@D@@@@B@BBB@@BB@@@@@B@B@BB@@B@@@@B@@@B@@@@BB@B@@AB@B@B@@@BAB@@@@@@@B@B@B@DAB@B@BAB@@@@@BB@B@DB@BA@@B@@@D@@@B@B@@BB@@@B@@@B@@B@BB@BB@@B"],"encodeOffsets":[[102495,24838]]}},{"type":"Feature","id":"530922","properties":{"name":"云县","cp":[100.125637,24.439026],"childNum":1},"geometry":{"type":"Polygon","coordinates":["@@KDKDKDIFGDCFABA@@@CDAB@BAB@@CJABCBABE@G@EBIDCBADA@ABADGHADAD@@DBF@D@@BBB@B@B@@DBB@@@@BCH@DABCDA@@B@@BBHBDD@@A@@BAAG@C@EDA@GHABA@C@E@K@I@GC@@@B@DBFIFGHABABA@CBAB@BABCH@@EBCACBCBGDABCDADA@@BCBGJAB@B@BBDDB@@ADCFCLCFEFADEB@BADABA@@FEH@@A@@BCB@@@@CAA@ABA@CDCF@BADBLBBDBBBBB@B@D@B@BBD@FAD@@@BBBNHDBDBD@DBDBD@D@D@B@D@FDB@B@JBD@DAB@B@D@DBDBHBD@JHDBR@NALBNDP@NEHEFF@Z@HBJFLJLFN@D@FAF@FDHFJ@PDJ@LAJALBLTEXAV@^DR@V@\\@`AXCRF^@Z@TN@@@@@B@DBBF@BBDDBBBBFFBFBBBBHHDBFDDBDBDDDDD@@BABCFCDAFCHADADAFCDADCJ@B@BADABEBMBI@C@@@AAEADDBBDFFJD@DBDBBD@B@DBD@D@BAD@BABADADCBEDCDADAB@BBB@BBF@@@DAF@D@BBDBBBDBJ@D@BADCBABCDABABAFENABCDABCBABADCDEDAB@BAD@F@FAJ@DBBHAJ@D@FDDBDBBBBBB@HAB@BBDDD@@B@DBBBBD@B@H@D@FADADCDCDCDCHEBCDADAD@FAFBFDBBD@BBB@B@DCD@FADBD@FDB@D@FBF@BBBBBD@D@@@FBBBDHJBBBBDD@@D@B@DA@AB@B@BCBCB@F@D@F@DBBHDD@BB@DB@@BBAFBF@BDDFFDFBD@B@B@@@BCDAB@B@B@BBBB@FF@B@@CBAB@D@B@DBDBBDBDBDDDDBBFF@BDLBHBDBFBH@DBDDDBB@BAB@DFJBD@HBD@D@BBFBF@BDFBDJJDBDDFD@@BDDFBBB@BBJBBBB@DDHFDH@B@@@DDDBB@DBB@D@PBB@BDBBBBBJBDBB@B@DDHF@BBBA@AD@B@BAD@B@BBHBDDD@BB@@DABA@AD@B@H@DABABA@C@E@C@A@AD@@@BBF@F@B@FBF@B@DBBBDBD@BAB@B@D@B@DBF@B@DADABCDAB@@CDADAD@B@F@BADABGFADEF@@ABABB@BBD@F@D@TBR@PBR@J@LFRBPDLDHBJ@LDNFNDZDJ@L@HAHIJGHEHAH@@@FBB@FDDDB@D@B@DCBEBEBEHK@@BABCBABADCDADABBHBBBB@DDD@BAB@BEFIDGDCDADAD@J@DA@ABA@A@ABA@ABC@AAAACACAA@GAGAK@ABGBABADAB@DBDBBBD@FEHG@ABKBG@AAACCCA@A@A@A@GBABEB@FAHADCB@DCDABCDC@A@EBA@@BCFCH@FAD@@A@@CCCA@@@A@CBCDAB@FABCDADCB@@A@A@@AA@@AABC@KBCBCBAB@B@@@@DBDB@@BB@@@BAB@BADADADABA@ABE@CDCBADCDCBC@A@AAC@@AC@A@A@AB@BABABABBB@B@D@@@BA@@@E@A@@@ABAB@@CBCAE@AACCE@A@A@ABCDEBEBE@CAC@A@AAABA@A@A@C@@@AB@BA@@B@B@FAH@@@B@BAB@DABAB@DEBAF@@AB@B@B@B@B@DCB@@@B@@ABC@@@C@C@ABC@A@@@EBE@CBCBEDCBADADABA@@DC@ABA@A@ABC@EMKYMMIKMCMEMEQDUB[EODSBKE[ASCOLYDSEUDI@QHWCWEOEMNOHGDODSAUAEFMBWDK@KCKCO@G@SGMEWEWEOMcAIGQQMQKSCWESEWCWGcHOJM@OEOGIKKMDQ@ONQNK@GBKIY\\m@]@@AAAC@CBEAA@@CA@AA@ABA@@@A@ECA@A@AB@@MFGFEDKJA@A@QHSFOBM@IBKCG@AAEKCE@@EFINKFKDGFCDC@A@CACCAAAA@KAGCICECAA@E@CBCDEBCDIN@D@D@DBDBD@L@FBD@BBFBJ@F@@CDEBCDOHEDC@CDA@AB@B@DAD@D@B@D@B@H@DAFAHAF@J@DAD@DABCFABBF@@@BADCBGFCBAFABEFOLCDERCFGHIHGDMHEDMFEB@AA@AAA@A@CDCDEDAB@@BB@BBBD@@B@B@B@DBDDDDBBBBDBD@HDHFHBD@D@FAFINAFABABAFAH@B@JBJDF@DABA@A@C@@@AD@B@BBDBD@B@DAB@BAB@BAHAD@BBD@BABCDIFCBEBEDCBE@A@AB@B@B@H@DABA@EBA@ABEJADAD@B@F@DABCBAAA@ABA@EBG@G@CBAAA@@AA@@AA@@AAAA@@@@A@@@A@@AA@@@A@A@@@C@@@AB@@ACAA@A@@A@@@@BA@A@ABA@C@A@A@A@@@@@@BA@A@@@A@ABA@@@AAA@@@@@A@@@A@@A@@@AAA@A@@@@@A@@AA@AAA@@@@@@CA@AAACA@@AA@A@A@AB@@AAA@@@CA@@AAA@AA@AA@@AC@@A@@@@ABA@@AA@A@A@@@AAA@@@CD@@A@A@@@A@A@C@ABA@E@G@AAAAA@A@@C@AAAA@@CA@AA@@@A@@@@@A@@BA@A@@@C@@@A@@@AAAAA@A@C@@@@@AAC@A@@DE@@@AAA@A@AD@DBBBB@B@BAB@F@@AD@@@BA@@@@D@DABAB@BCBEB@B@FAB@BBD@BA@@DEDCB@F@B@B@@A@A@@AAAAAAAA@A@@BCB@@A@A@@@AB@@@B@DAFEBC@AAAAAA@@A@A@A@@CE@ABAB@BA@A@A@A@AAA@A@CC@A@AAAA@@@@A@@@AAA@@A@@@AA@@A@@A@AA@@A@@AA@@A@A@AA@@AA@@@@AA@@@CACA@@AAA@@@A@@AA@@@@AA@A@@B@@C@A@A@@BABCDEBCBABMBU@OAEGDK@O@IDMAIGCO@MCIIIKKOEMGCY@ECAKFI@MEGEAOBQBICQGGGIEIEGGIIKGECGGK["],"encodeOffsets":[[102278,24559]]}},{"type":"Feature","id":"530923","properties":{"name":"永德县","cp":[99.253679,24.028159],"childNum":1},"geometry":{"type":"Polygon","coordinates":["@@CLKTGNCLCHEJGLOFOBMDKJGLCNKRKDG@YACAGAOCKAICIGIC]IM@E@]EAACECACC@@A@EJA@A@CA]OC@C@C@AF@BDHBB@BCDADABC@AB@BBBNJDD@D@BAJCNENCBCAGCGCA@C@A@GT@DBBNHLFHB@BDBHHDBFBDD@DGFCDDFBDDD@FGLCD@DDHAFABEJCLAJAP@LBJ@NBLCHKFIBKFGH@P@XC^BDA@CDCDCBABCBC@C@E@CBC@CBADABABCDEDCFCBCDABEDA@CD@BAB@DBFADAF@B@@A@C@IAE@C@A@CAA@ABAD@@@D@BBBBBFBDDDBBBB@@@BB@@@B@BDDDBBDAB@DADAB@DADCFEFA@A@E@@@CB@B@B@B@BDF@@AB@B@BCBCFAF@B@BBDBBHDFBFDB@BBDBDDFFBD@BBB@DBD@B@BDBHFBD@B@BAB@BBBDBDDHHHFBBB@FBD@DB@D@B@BADCB@B@DB@@BB@DBJ@BBFBBBCD@D@B@BBBJLDDB@ADBLOHOHGFED@PJTTLNPDDGTOFADKHUHSVPPNJRLTNTPJNBPJLNJHBNJ@PNJLBPDJJDJA\\A^HJBDLJNRRZPFBL@@@@@BJRNPJRPBRDX@PFTKHGBMJMTO@SDIFGBODKR[FWDKAI@MBQLIJMFGLSAOGEMQAIFgBUBIGK@@REPDPEREZETANCPFDJNJLFHCNC@@@@FALDJHBJDJJDLD@NCNBRFPFHLNJTDLNFL@LBJDMGBEBABGBE@EREFEHMFGHQJIL@BBFDFBDBLCD@BB@B@FB@HAB@B@@F@JBF@BAB@@@BBDBBBBD@@@@F@BB@@BFAB@HCFEB@D@@@F@DDD@B@FGBAB@FBDHFBDBD@DCB@@A@ABADEBCB@BEBCDCBGBCBCDAD@BAD@BCBABCDAB@@@@A@AD@BAB@D@B@LBJAH@@ABCDADAD@D@FCBCDAB@D@B@D@PEDADCDAH@FAJ@DAF@B@BBD@BBB@BBBDB@D@B@JALBJ@HBD@BADGBAH@F@@@DC@@FAD@BABA@CBADEDAD@@A@C@EBADAHCD@FDJFBBD@F@BADCBAHEDAB@@@@BCDAD@BBDB@B@D@B@FCBANAT@LIBE@E@CEMIKEKAI@G@YEEGFMFO@MCKAMBQ@CAIGC@GACACAC@A@A@CBC@IAA@A@ECC@A@C@C@C@CACAC@CACAMGAA@A@@BC@EAC@A@A@C@AAAAACAAAAKBC@ADEDCB@BAB@DB@@@@DA@AB@@@FG@EB@BABC@AFABCFEDEDKDEBC@@CAAC@A@ABAHIDA@AB@BCDCBAHCDADADBFA@@DGBA@ABADAB@BABAHGJEAE@C@A@@HDJ@L@F@D@B@BAHGB@FCD@H@BB@AB@@@CCGAAA@@@AB@DCBA@CDG@A@@A@CA@@@A@AAA@AC@E@CA@@AAAAACACAA@ACACAC@A@E@C@EB@@GBE@G@A]@CAACAA@CA@@E@@@@A@@@A@G@CBADEDCCAC@C@G@KBA@sLkSmCaSwKqk@@@@CC@@@@]YkeEKTcyMweGsW_c@eM@CKEKUa@ki}WSQgIGC"],"encodeOffsets":[[101758,24320]]}},{"type":"Feature","id":"530921","properties":{"name":"凤庆县","cp":[99.91871,24.592738],"childNum":1},"geometry":{"type":"Polygon","coordinates":["@@@ABA@@BAJKDCBADABADAD@F@BABA@@@CDOBI@C@CBA@CBCBA@E@EAC@EAEBG@C@CBIDEBE@CDGBEBADAHCD@FAHCD@F@JBFBBBF@DB@@DD@DBB@FBHBF@JBD@BBBDBDDBDBBBB@@B@D@D@DAD@B@B@B@B@FAB@B@DDFHBBBD@@BDBDDBB@DBDAD@F@D@BAFEFCD@D@B@DBD@B@BAD@FBB@D@BABCDAB@BAD@BBBBDBBAB@DABAB@BBBD@@DBD@D@@@BBDB@@B@DAD@H@H@BABABA@ABE@C@CBAD@D@D@D@D@FBD@B@BABABC@AFAFCBA@A@CCECE@C@I@M@AACAC@EAC@ACCCACC@A@G@E@CBABABAAA@AACACC@CAAAAAAC@CACAACCACA@A@CAAA@C@ABCBC@AACAA@ACAAA@A@AFCBA@AAC@AAAA@BE@@@AAAAABA@A@C@@ACAAAAA@@AAC@A@AACAAAAAC@CACCAECEECCIEAA@ABC@A@CAAAACCAC@A@ABA@EBA@A@A@A@C@E@A@A@A@C@C@A@C@A@@@CAC@AAA@AAAACACCC@A@@@C@C@AAC@AACAAAACACAEA@AAC@AAC@AAA@E@AACAE@C@A@C@@@CBE@C@A@ACCA@@AA@A@CAABC@C@@BA@A@A@AAAAACCCCCCC@@A@A@A@AAC@ACCCAAAA@@A@@AA@@AAEAI@EAA@@@ABA@A@ABEDEDGBC@I@GAG@C@EBA@AB@DBBAHCJAFAF@F@FBFBDDDBDFBF@DAF@D@DDDBBBB@DBH@F@DBH@B@DAFBB@BBBBBB@F@D@DAB@B@DBBBBDB@BBJFLFHFJLHDNJBBBDBBBABA@@FEBCHEBABC@A@E@ABCBCDC@@BADCBABC@C@AAE@C@A@C@ABA@AACACAA@C@AAE@E@A@EAE@A@@BCB@D@F@D@B@BABA@C@G@ABCB@BA@CA@@ACCACAG@A@ABC@A@ABCB@AA@AGECCA@A@CAIAAAAACA@AAA@O@CAA@CAACC@C@@@ACGGECCA@AAIAAAA@AACEAC@@ECCCCAIIACCE@AAEAE@A@CAC@GACEI@CBA@AAACCAC@CAGAEACAGCK@AEEAACCCCCACAAAAC@C@A@CBADA@@@AEEA@AA@A@A@ABADC@A@@@A@AACCEEECC@AAEBEAA@@CAA@@ACCAGCAE@C@E@A@ADADA@A@@BCBA@C@@@CCAAAAGIACAA@E@@@CACAAAAE@EAC@A@ECC@CAEBC@CDA@A@AAC@AAECEAEBC@CBCBADGFCDCDCDCDCBEBC@G@A@C@AAAA@C@AC@CCAAA@GBA@AAAACACAECC@I@GBAA@CBI@E@EBC@ABAFCDCBCBADABADCBAFMBEBABADCBADABC@A@CAIACAAAC@A@CBE@C@@AE@AAA@ABABCDCFCDABCBCBA@ABC@A@CAC@C@AACCACAC@EICEAACCFBBB@@D@J@NAFABABC@A@ADIBCDCBEBCBCDGBEDCDEBA@AC@CCCCCACAECCAGGAAAAAEEEAAAACCAAE@AA@C@A@@@@SMY@]@QEWD_B[@U@Q@]CU@WBSFAKBKBI@KCI@OEICG@EKJS@MBABEDA@C@A@A@AC@ABCDC@A@@A@CBGFABCDABE@C@AAIEECC@GDCBAB@F@D@BC@CBCFAB@DABABC@EB@@CD@@E@G@ABCHABC@GAI@KAIBA@C@A@ACAAA@AAC@AAA@E@CBI@EBG@CBCDCBOFC@A@C@A@CBADEDC@C@CBCBAD@BG@IBKAA@C@A@ABC@@B@B@@A@CBADABADC@ABC@CBADADAHCDADAFA@ADCFAB@B@BA@CDC@CAEACGEAA@ABEHA@C@CCE@@@C@A@EFGDA@EB@AA@@A@E@@C@AAAAAC@A@@BA@AAE@I@EA@A@GBA@@E@AAAC@KDCAEAECAAK@IJGREHGNEFQF@FAFAHABAFNHXJ\\AVRJHHJFBNDHJNHBV@LDNFTJVFNLNDNFNRLPNJXPHNBPCTEREBBBBB@DB@D@DBF@F@X@FABCDCBEFCD@D@D@BFDHDH@FB@@BD@D@FDHBB@D@D@@CBC@GAE@@@CBAB@@@B@D@DBDJL@JCDCNADCBCBE@E@CBAB@@@DDDLFBBBB@FANADCDEFC@E@GACAEAABEDGHCD@BABBDFBLDFDDFDHBBFFBBB@BADABAD@JAFBBBBDDBDNFTP\\LFVBR@P@DTEPCZARHBNCPBPPLNVLPJNBX@XDBJ@NDNJRBVCJETGTKLQFMFIDUHBPLHZJTLJHFXDFLD^HRHCBIFOLMLMJDVHRRBT@JDFNJPFLJHPHFHCDGFGLIPMT@JFLJLPJNDRLPHNLJJFRJLJ@JCHBLFRTPNP@RCLBLDFFHJFJBFBDB@JDNDD@@@"],"encodeOffsets":[[102394,25634]]}},{"type":"Feature","id":"530924","properties":{"name":"镇康县","cp":[98.82743,23.761415],"childNum":1},"geometry":{"type":"Polygon","coordinates":["@@TUVGLGBCPEHSCCMOSKIS@OFCHEPGPGAKBCA@CCIKAA@A@A@CDCAAEAAAI@CAA@@AA@@C@ADABC@A@A@CCAC@EAA@AAGEGGCCCAAA@ABA@A@AACGECA@A@AAC@CAA@AACEECCCAAAA@ECEAGCAAAC@A@ABEDEDA@A@ABA@@CE@A@A@A@ADA@@F@B@B@FEDEBC@CBABC@CBAACCACC@A@A@@AA@@A@AACACCEAAAAA@A@C@@BCBAB@DBB@D@F@JBD@B@@@@ABEBCAE@CBA@ADCB@FCBADCDADEFCDCBABABCDAD@DAF@D@D@DABADADCDCB@ACD]@W@OHGLEJALEDGAK@MAI@KBOBIDKFIBABECG@CDCHK@ECCACCEDCHE@CCCEACAGGCA@AGAKEMGAA@CHSB@D@B@HDHDDBDAFMDMBI@A@CCCMIAA@ABAD@BABCDC@AAACG@ABED@D@D@^PDBB@B@FIB@@@DDDBDFBB^FF@N@^JJDJHJDLBPDHBDBZBH@LCLQDMHKLINCPAPEHKFIDGDKHMLSDKeQackGMMW[[EQQSDICQOE@AAGAAAA@KCAA@@A@@F@B@@@@ABE@E@ABCDCBA@A@CAEEAAC@AA@A@@@CCAA@EBGDA@@@@ABE@AB@BA@A@@AA@AABCBAB@@@@@A@@@E@CA@AAE@A@CBA@A@@AACACA@AAA@ABA@@BA@AACAC@A@ABA@@@ECC@AA@A@@DCBAB@BADBD@BA@ABC@C@@CCA@CBA@ABEJCDCBA@A@A@AA@@CGACA@KEC@EAC@E@EACACAC@K@SCI@ABCBEDA@AACAC@@@A@ADABA@A@AB@BCH@BA@@@AACE@A@C@ACC@A@@@ADA@ABA@@DC@A@@AA@AAAA@E@@@AB@@@@AB@AA@A@@@ABAB@@A@@@@E@@A@@B@BAB@B@FAB@BA@AACAA@A@A@A@MAC@C@C@A@ECG@SBO@E@KCIAICKCMAGBUDIAMBEDIFGBEBABKPGHABEBCBCDAD@BAB@J@F@BBDAH@H@DBB@B@@AF@DAB@BA@@BBBAFABADA@@H@DAB@@CB@AAAA@@@A@@B@BBBDB@B@@CDCBUJCB@@@B@BFJBB@B@D@JABADGDABABC@AACE@AGQ@AACMKCCACECKEAAA@@ABGAEACA@G@MAGAC@A@@B@B@BABCDA@@BARBD@D@D@DA@ABA@C@GDA@A@E@GA@@A@@J@@ABA@GBMB@BER]bERKVILOJO@SI_CGF@@A@@B@@@B@@@@@@@B@@@@@@@@@@@B@@@@@@@@A@@@@@@@A@@@@AA@@@@@A@@@@@A@@B@@@@@@A@@@@@@@@@@@@@@@A@@@@@@@@@@B@@@@@@@B@@@@@@@BA@@@@BA@@@@@AB@@@@A@@@A@@@A@@@A@@@A@@@A@@@A@@AA@@@@@@BA@@@@@@@A@@@A@@@A@@@@@@@AB@@@@A@@@@@@BA@@@A@@@A@@@A@@@@@@@@@A@@@@@AB@@A@@@A@@@A@A@@@A@@@@@AAA@@@@@@@@@@@A@@@@@@@@@A@@@@@@@@@@@AA@@@@@@A@@@AAA@@@@AA@@@@@@AA@@@@@@AA@@@@@@@A@@@AA@BA@@AAB@@A@@@A@@@A@@@@B@@@@A@@@@B@@@@@@@BA@@B@@@B@@A@@B@@@@@B@@A@@@@@@B@@@@A@@@@@@B@B@@@@@B@@@@@@@BA@@@@@@B@@@@@@@@@B@@A@@@@@@B@@@@@@AB@@@@@BA@@@@@A@@@@B@@A@@@@@@@A@@A@@@@@@A@@@@@@@@@A@@@A@AB@@@@@@A@@@I@ICFPDFPFNFJHHLJPELOP@FJTBRCNATQ`APDNDLHPNPDRAFIDOAGBQHAJPPPTLDNDPIPKVANLLFLHTXDHJNDJFNLJTD\\@TBNNNTJFPFPFXNNNFJDNDJHFNHJDJFFHJF@BBFB@DDBB@B@B@BABAB@B@B@@A@C@CBA@AB@B@@BD@B@B@@BBB@@B@B@BAFCFABAFAH@DADABEHEFCD@@A@ABBBHDLHDDDBBBDBHDBDDDFHBDDHBBDBDBFBH@F@D@NFD@HBDBF@F@B@B@FDBBBBD@FBD@D@BBDBDDD@BDBBBBDBF@DBDDB@DBDBF@DBD@D@F@D@DBDB@@HBH@BBDBD@HBD@DBFDDD@BBB@D@DADAD@D@@@BBBB@D@F@HAJAFAFAD@@@D@DBFBJDLFLFD@D@DB@@@@@@DAD@JAD@FADBB@DBDDBHDFDJBBBBB@FBH@D@BBDB"],"encodeOffsets":[[101497,24839]]}},{"type":"Feature","id":"530927","properties":{"name":"沧源佤族自治县","cp":[99.2474,23.146887],"childNum":1},"geometry":{"type":"Polygon","coordinates":["@@BBDDB@DBFBH@F@JBXHFBH@DBDBHDFBB@HBJFD@DBBCFEBIBADCB@DAFDDAB@BABANIB@BBD@BAHEDCB@LEHEHDFFLJLFJDPFJBNDHBF@V@DAJIBIBIDIJKLETKFKCMEMDKFQRQNKPEJBJFPFL@RIRIPKRGTKNKRERGRGNIJCHAPJJFLFHFLFVDNFJDRXf^^H|GZNLABId@LKhDPMNCPVcLABVFFzXÀSrU^C`B\\GTAVJpzH@TAdYNB^PZ_FSAaF]I_FMEKsEY[EgFOMBGUCMKKSOUQKIAC@@AAACCCUQBAD@BABA@E@C@A@@DAB@B@BABA@CAA@CD@BADC@A@@BAB@DABC@ABA@AAA@ABABC@CHGB@AB@BB@BA@A@@@@AAC@ABC@ADC@KDC@A@AAAIA@CBC@@B@F@B@@@BAD@BADABCDCBEBG@EBCBEFA@EB@AGAEAEAECOIAACACCAAEAAAIGA@CCC@CAEEECGIAAB@@A@IBC@@EGGCUEMAMEGICEJQBKBKH[GDYFWDQHQ@M@OEM@KAODOFIHKDM@ODEBGBIDOHQNEDEFONILIHIDEBEDK@KABMAGAGCEEKECECCAGAGAE@G@G@GAG@G@EAGACAEECECECCAEC@AEIGIBE@GB@@AB@@AB@@A@@@@@@BA@@@@BA@@@@B@B@@@@@B@@@B@@@@AB@@@@@@@@A@@B@@@@A@@@@@@BA@@@ABA@A@A@@@AA@@@@A@@AA@@@@@A@@@A@@@A@@@@@A@@@@@A@@AA@@@@@AB@@A@@@@@A@@@@@A@@@A@@@A@@@@@@BA@@B@@@@@@AB@@@@@BA@@B@@A@@@AB@@A@@BA@@@@BA@@@@@@B@@@@@B@@@B@@@B@B@@@@AB@@@@@B@@AB@@@@@BA@@@@B@@@@@BA@@@@@@BA@@@A@@@A@@@@@A@@@@@@@@@A@@@@@@@A@@@@@@@A@@A@@@@@@@@@AA@@@@@A@@@@@@@@@AA@@A@@@@@@@A@@AB@@@A@@@@@@@@@A@@@@@@@@A@@@@A@@@@A@@A@@A@@@@@AA@@@@@CAiDGCY@K@iEMFIDC[ECaLYNWLcTALBPDPFLN\\@JEHIG@@A@AB@@@@A@@@AB@@A@@@A@@@@@@@A@@BA@@@@@A@AA@@A@@@AAA@AAA@@AA@C@@AA@@@@@@BA@@@@@A@A@@B@@A@A@@@ABA@A@A@A@A@A@A@@@A@@@A@@@A@A@@BA@@@A@A@A@@AA@@@A@@@@@A@@@A@@@A@@AA@@@A@A@@@A@@@A@@@A@@@A@@@@@AB@@A@@@AB@@A@@@@@ABA@@@A@@@A@@B@@@@@@@@A@@@@@A@@@@@A@@@@@A@@@A@@BA@@@@@A@@@A@A@@@@@@@@@@BA@@@@@@@A@@B@@@@@@A@@@A@@@@@@@@@AB@@@@@@A@@BA@@@@@A@@@@@A@@A@@A@@@A@@@A@@@A@@@A@@@@@@@A@@@@@@@A@@@@@A@@AA@@@@@A@@@@A@@@@A@@@@@@@A@@B@@@@@@@B@@@@@@AB@@@@@@@@A@@@@@A@@@@BA@@@A@@@AB@@@@A@@BA@@@A@@@@@AB@@@@AB@@@@@@AB@@@@@B@@A@@B@@A@@@@@A@@@A@@@AB@@@@A@@@A@@@A@A@@@A@@@AB@@@@@@A@@@@@A@@@@@AB@BA@@@ACA@@@@@A@A@@@C@A@@@@@AB@@@BADA@@B@@A@ABA@A@A@AB@@AAA@AA@@A@@@A@@@A@@@A@@@A@@@A@ABABA@@@A@@@@A@@A@@@@@@@A@A@@@@@@@@@@AA@@A@@A@AA@@@A@@@A@C@@@A@@@@A@@@@@A@@BA@@@A@@@A@A@@@A@@@A@A@A@A@@ACA@@A@@@@B@@@@@@@B@@A@@@@@@B@@A@@@@@A@@@@@A@@@@@A@@B@@@@AB@@@@@B@B@@B@@B@@@@@@@@@@@B@@@@A@@B@@@@BB@@@@@@@B@@@@@@@@@B@@BB@@@@@@@@@B@@@@A@@@@@@@@@@@@B@@@@B@@@B@B@@B@@B@@@@BB@@B@@@@B@@B@@@@@B@@@@@BB@@B@@@@@@@BB@@@@B@@BB@@B@@B@@@@@B@@@@@B@@@@@B@@A@@B@@A@@@AB@@A@@@A@@B@@@@@B@@@B@B@@@B@@@@B@@@@@B@@@@@@B@@B@@@@@B@@@@@B@@@@@@@@@@@@B@@B@@@@@@@B@@B@@B@@@@@@@B@@B@@@@@@BB@@@@BB@@B@@@@@@B@@@@B@@@@@@@B@@@@B@@@@B@@B@@@@@@@@B@@B@@@@@@@B@@B@@B@@@@@B@@@@@@@B@@@@BB@@@@@@@BB@@@@@@B@@@@B@@B@@B@@@@B@@@@@B@B@@@@BB@@@B@@@@@B@@@@A@@B@@A@@B@@@B@@B@@@@B@@@@@B@@@@@@@B@@B@@B@@@@AB@@@@@B@@@B@@@@@B@@@@@B@@@B@@@@@@@B@@@@BB@@@@@@B@@@@B@@@@@@@B@@@@@@@BB@@@@@@@B@@B@@@@@@BB@@B@@@@@B@@BB@@@@@BB@@B@@@@@BB@@@@@@@@@B@@B@@@@B@@@@@@@B@@@@@@BB@@@@@@B@@@@@@@B@@B@@B@@@@@BB@@@@@@@@@@BB@@@@@@B@@B@@B@@@@B@@@@@@@B@@A@@B@@@B@@@@@B@B@@@@@B@@@@@B@@A@@B@@@@CdEFDBFAFCDDARFHDDGDuhW@QIGEIBCDEFDHJDNLRXHHL@VKJF@NEXIVIR@ZHNDJATYPGNBRDRMHUVMTABA@@BA@@@"],"encodeOffsets":[[101245,24049]]}},{"type":"Feature","id":"530926","properties":{"name":"耿马傣族佤族自治县","cp":[99.402495,23.534579],"childNum":1},"geometry":{"type":"Polygon","coordinates":["@@BCBCHGBCBAB@BCDAJCFAH@F@BADABADI@@BA@ABADC@@B@BADEHCJELCLCLCNELGHGJI@E@@@@@ABQ@SCIAKAGCICKAGGIKKCAECCCCAECCCAGAG@CDEHADABCAEEG@AEKEI@ICE@AEKACEEKECCBGBCFEBEBIDCBI@CAAEIACACBCBA@EDMB@BA@A@AAACAEC@@AGKISOGOGGKEKGMKOIIIIIEIEOGSEOEICMIMEOAOCMKMGIGIIICKAKAGCMCGGIICIEGAIEIEGKEKCQCGGMEIECIHI@EEGGBM@U@I@IASCQAIGEQCIDGDIHEFMJIFIDIAGAIEIEGCGIGKCMCQAOCOEKAQBK`IPANCLEDEFODMHOLILIFCBMDIG@oyUISB[H_A]DqV¿TyWEEAUKBUdOMDONgCKLc@AJKBYM{H]Ge]QWICMEUCKEGEKEIEOIGBIDMJQHQHQFMLSLQHOLQJQJK@OEIEIAOFMLQRERCLFNDNELSLKFILCJAJAJIJCBU@E@GAMCIAOEICKEKIEEGCGFKFA@CDGFABC@AAA@MJABABA@CBECCBA@CDABAJEFADCAC@IEGAA@EAGCCACAG@EAWGIAE@G@EACAA@CCAACAC@A@A@C@CA@@@@AA@AA@ABA@CBA@CAC@CAAA@A@@BABAAAA@CAC@A@CBE@C@CACACAAAACE@AJCFEFCJELAZELOV@TBTHNJJVRPNLHNN`HVLNHJFDLBZELQJOBOFUHELCXAPETCbOLMDMJELFHFHHRDNNAHAB@BA@@@IB@@@HBF@B@B@HCD@B@BAB@@C@C@CACBQ@AB@DCBA@A@A@AB@D@HBNBH@B@BDBFAH@BB@BBLFFDBDDDNLBD@BHR@BDFBBD@BABAHCBCBA@I@C@AAAEI@A@A@@DAVIDADC@@@ACAAA@A@AB@@@B@BB@BDA@@BA@C@GB@BCBABEAA@AB@@ABA@CBE@@@AAA@C@GBGAC@A@E@IBA@ABCDCDAFABAHGLOBAFAHAJEFCNAJBVCHANBLDJDJBLDF@P@TAH@FDB@D@D@D@NBB@B@B@B@DBBBB@@ABA@E@ABA@A@AB@@@@F@@B@@@BABA@@B@B@@BBA@@@@BA@@F@B@BB@BBB@@@BCD@@AB@BCB@B@@@BDD@B@D@BDFBB@@B@@ADG@ABAB@B@BABCB@@@D@DBBBB@FCDABAJ@TDL@D@DBDBFBF@D@FBD@LFB@BDDH@@BBB@B@B@DADCFIBAB@DAB@DD@@@DAD@BABC@CAABA@ABCD@@@BBBD@FD@@B@BAB@D@DBBBB@@AB@BAB@BBB@BDBD@BB@B@DAB@F@BBB@@D@F@@@B@@@@BADABA@BBB@@@BABA@@BAF@B@@B@HCFAB@DB@D@@@BBBD@BBFFDBB@B@DADCBAF@F@BA@@@@@A@EB@@@BBLDB@BBHBBBF@RPJDTCRR\\FX\\NNlHbdfRHDhJTR~Xljb@LVLF@DfNd@X`HtxfzNSdFLlf^Z@@@@DD@@@@rlxLbTnDlTtKB@LAH@D@D@DBCDCFAB@D@H@B@@@B@@F@@@DBB@DBBB@DB^H@F@HA@@FAD@F@B@D@DBDB@BBBBDBDBBBB"],"encodeOffsets":[[102210,24604]]}}],"UTF8Encoding":true}