{"type":"FeatureCollection","features":[{"type":"Feature","id":"532301","properties":{"name":"楚雄市","cp":[101.546145,25.040912],"childNum":1},"geometry":{"type":"Polygon","coordinates":["@@B@@@B@DBH@D@DABAB@B@D@B@FBRJD@D@BCBQBAHEHGHEJIPOHO@CAKKOAO@ABAFCF@F@D@FEB@@AAACAAA@C@EDGBC@C@AEKAC@CBCDEFAF@H@D@DABABC@Q@ABQ@@BCBAD@FBDBD@DADCJSBAH@X@HBF@DADCDCBKDG@@B@B@B@B@@A@IBADCBAB@ACAAEECQBCHGRKLIHMAIAEACGIEEEEOIME]IECECECEAGACACA@C@CBC@AACAK@EBAB@FABAD@B@J@B@DABBNDLDDBDAFAD@B@D@BABADAF@HADCBABADC@E@AAACEEGACAA@A@A@@BAB@DABADABCAACCACAACCA@@ABADAD@D@B@BBD@BCGOIQEGGMEEC@CAGKAAA@SBE@A@ABDH@B@BAB@@C@A@C@A@@@A@@A@@@AAAA@@AA@@AA@@AA@A@@@AA@@AA@@A@@@@@A@@AABA@@BAH@BABE@C@CA@A@@HI@C@A@@A@A@@AA@@A@@@AA@@@@@A@A@@@A@@A@@AA@AA@@AAA@@@@AA@A@@@AA@@@@@A@A@@@@@AA@@@@@A@@@@AA@@@@@@@@@AD@@@@A@@@@@@@@A@@@AA@@@AA@@@A@@@@@AB@@@@AA@@ACA@@A@@@A@@@A@@BA@@@@A@@@A@@@AA@@@AAA@AA@@AA@A@@A@@@@@@@@@AA@@@@BA@@@AA@@A@@AA@@B@@ABA@@@@@@AA@@@@A@@A@AAA@@@AA@@@@A@@BA@@@@@@@A@@@A@@@A@@@A@@@AA@@C@A@A@AH@FDF@B@B@BC@C@CBEDE@GBEAEAAACECEAAGCQEEAAAABADEHAF@FADCBEBGBEDEBCDC@A@ABA@@D@DILIFIHC@A@A@C@@@AAECBA@@AC@@ECAACBC@@@A@EEAAC@@ADA@ABC@@@AA@CECAABABADABA@BCAACC@@@A@E@EDGBABMA@A@C@CBA@AB@B@@@B@B@@A@C@@@A@A@A@CCECCEA@CAEC@A@@@@@A@ABADABABA@A@A@@A@AAA@AB@@A@A@A@CBAAA@AE@AGGCCA@ADADABADA@ABA@A@A@A@A@A@A@@BAB@B@B@B@BABCBCBA@ABCAC@GCC@IAE@C@@@A@@BBD@D@DA@IFC@ABABA@ABG@G@C@A@@@@A@ADAHEBA@A@@AC@C@ADGDKDGDEBABA@A@A@@B@BA@A@C@@BAB@@AB@@@@@@A@AB@BABABAB@B@@ACGAACAKAMBI@MBE@E@A@AACACACAEC@@AC@ABAB@DAD@FEDEBE@GAE@EACACACCCGEAACAA@C@A@C@A@AACACACAA@G@G@CBG@EBA@EAEBE@GDI@CAI@AAAA@@AC@ABA@@B@B@B@@AB@DABAB@@BB@B@B@HADABADC@@BAD@@ABCBGDC@AAA@CCCAA@C@CBC@AB@D@B@B@@A@AAE@@@AB@JBB@BAD@@ABCDE@@BAB@BCB@D@D@D@BAB@@ABC@C@CBAFEDCBA@AB@BAFB@@DADAF@DEB@@@B@BBFBBBB@B@DABA@C@ADA@C@AAKAACCA@@ABAB@DAB@@A@A@AA@A@AB@@C@C@GAQAEACAECEECACACAEACCGCCEAA@A@AAAA@C@A@AACCCCIGC@CAA@A@CBSHI@A@A@CEA@@AA@ABC@E@C@E@E@GAKGECCAA@C@A@CBC@C@CAE@EAC@C@A@A@ADABABAD@@C@A@A@@AA@@IA@AA@A@@AA@A@@@@A@@A@A@@@AAC@@@AA@@C@A@A@AAA@A@AAA@AAA@@@@@A@@ACA@@@AA@@@C@@A@EDA@E@EAA@EAACAAAE@CBEDG@CBCACACCCACAEACAAC@GCEEKCKCC@ECEAAAC@EDABCAABCBCBEF@DCFCFAD@DBJ@BADABCBCBG@C@EAC@CCCCAAC@A@A@C@ABGBABCAA@C@AB@B@BBD@BABCBCB@D@BBBB@@BDB@B@BCDEDA@AA@@A@ABGHCFAB@@@D@D@BABABC@C@C@CAA@C@GBABCDAB@@A@AAC@ACEAAC@AAAA@@AA@@@CA@@A@@BA@ABC@@BA@@@@BA@EBA@AAC@A@A@@A@@@AA@A@@@ABA@AA@@CB@@@AAA@@A@@AA@@A@@@@A@@@AA@@@@AA@@A@@A@@AA@@CA@@@A@@@A@@A@AA@AA@A@A@A@@A@AA@CAAA@@AA@@AA@@BA@@AAA@@A@A@AAACA@@AA@@A@@@AA@C@@AA@@@AAAA@@@AC@@AA@A@@@CAA@A@@@AAC@AAAAAAAA@A@@AAAA@AAAAAA@@E@MBE@A@@@@AJQ@A@AA@A@IHC@@@A@AA@@@CAA@@EAEEAAAEEECA@@CBC@E@CBCBCB@DAHABILCJ@P@NCPIPAHFJ@LAHCFKHMJERMZGFOLKTELEJAHELAHCHGNGLIPMLSNMHCDAD@DBB@B@D@JBB@DDBADCDAF@D@FBF@DBDBBFBDBBB@FEJEJGHA@A@C@CCAAECE@E@EBCBI@AACAA@@DA@CBA@ABADAD@B@DBBDDFDDFBB@BABGF@B@BDRBHBB@BFBHFHFFFJJFHBFDDBDB@DBDBB@D@B@DADADABA@@B@BBDDBB@DBB@BCD@BABE@C@A@AACAA@AA@@A@CBABA@@B@@@DABA@@@ABBB@B@B@BADEDCF@DA@@BAB@B@FAF@F@DFJ@BAD@D@@CDCBCBC@@BCBCBG@A@@BCBGJABC@AB@B@FBF@B@FAF@@@BA@@@C@@B@DAD@FBD@D@DADADAB@D@B@BAB@@AD@B@B@@@B@B@H@D@B@@B@@ABABA@@B@@BBF@BCPAL@BCD@BAD@F@B@BBBBDBB@F@D@B@HAD@B@BDD@BBB@B@DABCFADAD@B@B@BBB@D@D@BBH@DDDBD@BBBAD@@ABAD@B@B@@BBFJB@BB@B@BEJ@D@@BB@DBB@B@DADAH@B@B@DBD@D@B@DABCFABEBI@IBGFAD@H@DCFAB@DBFFHFHLDLCTEHBHFDNHVDBDDFAJALCJ@P@F@PMD@DBPPBJ@HBFDFDDFELKFABDRLF@RGZMNGLEZE@@@@LCHCBEBCLAJANGFEHCPDJBNAF@HEHGRK@C@ABA@@@@B@@BBB@ABABAB@BAB@B@BBBB@@B@@@@A@ABABABAB@@ABA@@B@B@@@@@B@@A@@AAAA@@B@B@@AB@BB@@BAB@DABA@@@@AA@AB@@AB@@@@A@A@@BA@A@ABA@@@AD@@A@@@AA@AA@@@ABA@A@A@@@AB@B@ACBA@A@ABC@AB@@CBADA@A@ABA@@BA@ABA@@BAB@BA@@@A@@@AD@@@@A@@A@@A@@@@BAB@@C@@@A@AB@B@B@DA@@BA@ABE@A@@A@AACA@@@A@ABC@AB@@AD@@@@@DB@BB@@@BA@C@@@@B@@@@@B@@A@A@ABA@A@A@@@E@ABA@@@A@A@A@A@ABA@AB@BBB@D@@@B@@AB@@@@@B@BA@AAABC@A@C@@BEBA@@BBB@B@DB@@DB@@D@D@B@@@B@@A@@D@BAB@FAH@BBB@@BBB@@B@B@BBBAB@@@BA@@@@BBB@@@DADCBC@@@C@@BABBF@BDBFBDBDHBFBL@FBHFDBBADAFCDAD@PNBDBBDJADGJGJABC@CBEDAB@@BDBBBD@BCF@B@DDHD@B@DAD@BAB@DBFJBFFFF@D@D@D@D@D@BBBB@FABA@ABE@G@C@@D@B@DDD@F@BABAF@B@DAD@HBDDBFBDDRHFHBJ@HBLBFDDTNNPDDBBN@FDDDFD@BCDAB@HALBHFLDFBH@DABEBK@EDEFEBIBABBBDDD@D@HCD@BBJXDHHLP^DLBHAHABADAHCDABBDDF@D@DA@@@CAAAAAA@@@AB@@ABBD@LJL@BABCDG@EAC@@@A@A@C@A@@@A@@BBD@BB@DD@@CFA@CAA@@@CBAB@BBBBD@@ABABA@@@ABBF@BABA@@B@@DDBB@@F@JFDBD@B@DCBAD@DBHBNBJBDBDDRNAD@@ADABB@@@DADABBBB@DAB@@@D@H@DABAB@BBBD@F@F@BBBBHL@D@@@@A@A@CAGEA@@BABBBDL@B@@ABADABA@ABG@ABAB@@BBB@D@FCD@B@DBBBDF@BB@DBLBB@BABAACACEE@A@ABA@A@CACAABAHEHGDC@A@ACC@@@ADCDADAB@DBJDB@BD@D@BBBB@BBB@B@@@@C@A@@@AB@DABABA@C@E@A@EBCHM@@@AACECA@@@ABABABA@AAEG@A@CBABAAAAAAAE@E@A@AACA@A@AAAAAAACAA@AA@A@CDI@AB@BABA@AACACBA@ADCF@F@B@@ABAB@D@FBPLDBBAFAD@F@F@DBB@BA@AB@J@DBJDF@FABA@ABCBADAJ@B@J@F@D@FGDAHK@AHEBCBCDAB@FAJDDBD@BCHKLKDCFABAD@H@H@H@HAHEDCBABCBC@M@CAAECAABABAFAB@BBDBDBB@FAD@DGFADAF@B@DDFDFBPFB@@D@BABABA@@BB@BBB@BADADEBAB@DDHB@BB@AD@B@@@@@@B@B@@A@CB@@@B@B@B@B@B@BDBBD@F@B@B@BC@@B@B@@B@@ABABB@BBDBB@B@B@BB@@B@"],"encodeOffsets":[[104091,25773]]}},{"type":"Feature","id":"532323","properties":{"name":"牟定县","cp":[101.543044,25.312111],"childNum":1},"geometry":{"type":"Polygon","coordinates":["@@B@B@D@HHDFBD@BB@BBH@BB@B@DBBBBB@B@D@@@B@@@BB@BBB@DB@BD@@@@@BA@ABC@CBABA@@D@@@BBB@@BBD@DBD@@ADC@@BA@@B@B@@BBB@B@BBD@@BBDBFBF@DAD@D@D@D@FAB@B@B@BBBBD@F@FADAD@DBB@DJBDB@B@F@NCFAAEACACCC@A@ABAFBFBB@@E@C@CB@D@DBDBB@D@D@CCAA@CBABBDFBC@KCEGGBEDODC@AA@CCAEAMBKFEHENMPK@CGGACFERIHCD@D@DDFDLHF@FA@CBAD@DBF@BABC@EBA@K@G@ABABAB@B@B@DABA@A@AA@CAC@AAAAAAACAICS@G@E@A@AFE@AAC@C@A@E@ADC@EVURMFOCK@I@ABA@@@A@CAAECAA@B@BABMFCBEDABA@OAGAKCQGMGOGGCKGKEKEIGKEMKIIACE@KGGGC@AJADCBCE@IIAG@CAMCIDCBC@E@CA@ACAG@EAKAEAACBADBF@DA@C@CACD@F@DABEHEF@DU@GAE@A@@FAB@FAB@@AGEAA@@@@D@FBB@@@@AA@CAA@AAAECCICIEEEGAIAA@ABABAD@DAD@B@@A@CAAAAAB@BC@@@A@ACAMEA@A@@B@BA@@@CAA@@ADCBAACGEA@@@ABA@A@@@A@SaC@C@CEDADERCPBR@N@JEFIDEDEFG@IFGBGBIAKAM@CBBB@D@DCD@D@DBDADABA@CGI@A@@BAB@BA@A@AACCCGC@@@@DABA@@@C@AA@C@A@@A@@@CBAAA@@A@A@CDA@CBG@AA@@BAB@@A@@@A@@AA@@ABCBAB@@A@CC@AA@C@ABCDA@CBA@A@A@AAA@AA@B@@@BBB@BAB@BGDABA@@A@A@A@AB@BAB@@A@EC@A@A@@A@@BAB@B@@@@AA@CAA@CBCHABC@AB@B@B@B@BA@A@A@AA@A@E@CBA@A@@BA@A@A@EB@FEBE@AGGCCEACA@@@CBAROHCLGDCDE@CCCCAMECCAABABA@A@CA@A@A@@AAABCBCA@@@AAA@A@A@CAAAA@BABA@@@AA@A@@@ADA@A@E@C@AAACA@A@A@A@A@@@A@@D@BA@A@@@@@@@@ABCA@@AGACCA@ABCFCBABA@AAA@@AB@BABA@A@CA@OEEAECCCA@E@CBEBCHC@EBA@CACAAAA@EBABABBBFDBB@D@NADADABCDGFGBG@G@G@C@ABEBCDKLGLADC@CAICEBA@CBADADGF@BGLCBEHC@E@I@A@I@CBABAD@BABEBE@ICCAI@A@@BABA@CAE@E@C@EBABCAOKEAC@A@AB@BA@E@E@CD@BABBDBD@BABABA@@BCJ@D@BBBB@DBBBBBBB@B@BDBBBB@F@F@BBBBBBABAB@D@BFHBBB@BABABA@@B@FDBD@B@@GNAD@F@B@F@DABABCBA@@B@@@B@D@@A@A@AAA@AA@A@CACA@ICCAA@CBCBCD@B@@DD@B@BCDGHGFABBBBD@D@BAB@B@BFFBDBDABABA@KACAA@@ACEAACAA@C@EDC@A@AA@@BABAH@BAB@BABCBA@@@ACKAABA@AB@HFDBB@B@@@@@@CGKAAAAE@E@C@AA@ABABA@C@G@C@@BA@CAAAACBCB@@A@BABC@@BCQMCCCAIAMAGACAC@ABCDA@C@CAIEE@@@AACCE@CBAB@BILADAL@TBNBPHLJNDJJJHLHNBJ@DORABSJSP@DFHHJ\\ALD@DBBB@B@DDBD@D@BABEFAHABC@AB@B@@@BHB@@@BA@C@CAA@A@AB@BABABAFABAB@B@D@@@BA@ABA@A@ECC@@AA@CAC@@BA@@@CACCA@@@@B@@DF@@AB@@AAGCA@A@@@@D@BA@C@AA@@AB@BAB@@@DCX@FADCFAD@BDFBBBDBJ@FAF@B@DFDHDBBD@D@D@@A@@@@@ACAECCA@C@IAC@CCEAAAAB@D@BBDBDFBBDBB@DADCBCDCB@B@DBB@B@BKJGDC@CDABADAD@D@BBFDB@BBBADADABAB@D@B@B@DBDDBBB@BABADEBCB@BAD@D@@A@A@A@@@AB@DBD@ND@@BA@@@AA@CC@@BAF@D@D@DB@@BFBBDBBBBF@@FFB@B@DABA@A@A@C@C@@B@DDFDFDHDBB@BADABABAJAF@B@B@BDBHBBBDB@DBLCF@B@@@DAJAFEFADCF@D@B@BFDBBADA@A@C@CCAAAAABBBBD@BFBDDBBDBFBB@DADCDCBA@C@CB@BADADBDD@BB@BADABAFBB@@CBC@G@CB@BADBJFBBB@BQHOHC\\cDAHJDFBBABCDBB@DD@DBHHDBDADAB@@B@D@D@DH@DDDDDD@HAB@DERBFBD@D@BADABC@C@A@CBAD@FAF@FGJQRQN@DDBD@DBBDB@B@AA@C@A@ABAD@PBJFFBH@D@FCB@D@B@BFHJJHFHBF@DABA@@BB@@@D@B@DBB@DH@D@BAD@BB@@@JBD@DBFBB@B@B@D@B@F@DBBA@@D@HBF@F@BAF@BAB@B@@B@@@@@B@@@B@@@@B@B@@@B@BABA@@BFB@B@BAB@B@B@B@BB@@BAAQB@@AB@@BB@DFFFBHBDCBAD@B@D@B@BBBBABBAD@FBDBDB@B@DABAD@B@DBFBRJ@@B@B@B@D@@@@@B@@@@BADABAJ@@@BABADAB@B@B@B@BBBDHBB@BFF@B@@@BADAD@@@BB@@B@@B@@@H@F@D@DBBBBBDBJFHB@B"],"encodeOffsets":[[104104,26240]]}},{"type":"Feature","id":"532327","properties":{"name":"永仁县","cp":[101.671175,26.056316],"childNum":1},"geometry":{"type":"Polygon","coordinates":["@@JDBB@@DBD@HAH@BB@FK@GBCDCHCFEHKDIBCDAH@N@D@DAHGBEHEFCD@D@DBD@DADEFIJGFEDELQDCFCLAFCJG`Q@ABECGAE@A@@^@DADABEAEGYEQ@G@EBAHCbEHEFCDA@CAEEOKQCAI@EAAAACBE@AHC^IDA@C@CCAKAE@E@uPI@EAECKCMIAGEIAAAAA@@ABABA@A@AGCEC@C@CB@LAFCDCBCAGCGAC@CDCF@F@F@HCJEDCBE@OBCFGTUDAFBHDLHJFHBFANCH@H@PHLFJFF@B@DADCHWDCBAL@P@F@HCDCF@FBHADCLOZ_NSFM@C@AB@DBFHDBD@BA@AAECGCC@A@ADAN@hQB@FBD@B@@AACGIGICIAS@W@KFKNOJIRQJEPCL@D@@A@EACACBC@ABEBEACACCCCECAAEBC@CBCBCBC@A@C@CAAAGACC@ABCBKNCBCBEDGBGDA@A@C@EAAA@A@C@A@AA@IFE@C@AA@A@ABEJGBABA@ACAAADEFGJQFOGOKCICGCI@MFSAKGGCCEK@K@IBKGKGIACEAGCI@IAGBGAMGUMGCEKKEKCIBIAIMOAAIAAABAFIHIBABABA@AAAC@ACEIEACCAAACAA@AAAA@CBABCBABABC@A@A@E@AACA@AAAAA@CCACAE@A@CBC@CCEAA@C@CBCBA@MGA@G@E@CAAAACACCCC@A@EFA@G@KAaFEBI@AA@DCD@@ABA@A@A@CCMEA@A@CDABA@A@AAA@A@ABAD@DC@EFAD@DAB@BA@@@A@E@EBCBIFAB@DABABABABAB@@CB@@CD@BBBABEDCBG@A@@B@B@F@@ABC@A@A@AACCC@CBA@GDMHA@AAAA@CBGACAGEQGSKBEDMHKRGJGHCHAFALAJ@JBL@HDLFT@JCJAL@JHP@LKNKFQDCHC@A@AAECEAC@ABCBI@A@@D@FBDBDAB@@C@AAEACAE@ABABCLADABENC@ABG@SDGAACMOEIEAKAKCA@EHAFABEBBDBDBBABI@C@@BHDFFBFBD@HDDB@H@HD@BABABC@E@BDDDENBBBDCBMBAB@BBDBBJAF@JDLDJJNV@FAHBVDJFJBL@LDDFFBFAFCFRVDHBB@FBBFBBN@@BBGPADADCD@H@DDBBBEFKJGTCR@NBJFBRFZBHFHLCPOJQFE@E@KDK@U@IFKBEDABC@EAC@ALBBBDDHFBJDFFDF@FFHBTFPFVBR@FHPALCP@FBBB@FDDDD@FBHBDBXNNLRVDJHFJLFDDBD@B@D@FBBAD@D@B@BBD@BBBBD@BBBB@BBB@B@BBB@B@D@B@BBD@D@B@D@BBBBBB@@BBBD@DBD@B@B@BBB@DDB@BBB@D@DBD@B@DBBBB@BBB@@BDDBDDBBBBBBBBB@B@B@D@@AB@D@@@B@@@B@F@D@D@B@BAB@@AB@BCBC@A@C@A@C@A@A@ABA@ABADCBCDABAB@DAB@D@B@B@B@B@DBBBDBBBBBBBBB@BBBB@BBBBB@B@D@B@BAB@DADABCD"],"encodeOffsets":[[103894,27132]]}},{"type":"Feature","id":"532325","properties":{"name":"姚安县","cp":[101.238399,25.505403],"childNum":1},"geometry":{"type":"Polygon","coordinates":["@@CAE@A@C@A@A@A@EACAC@IA@@A@@ABC@A@CCGA@CAA@C@@@A@@AB@BA@CAEEGIGGIAEA@C@A@EDC@G@EAIEOAC@AB@B@B@DBBA@A@ACCAC@CA@CRMRQHI@EBE@EBCDAB@D@D@BABC@A@CACAEFQ@CBA@GCCCCCCG@@C@C@C@AA@CBCBCAGGCAC@@CAADCBAAACEGICB[dGDGPARA@AAIECAABA@@D@HAD@DA@EAABCBABA@@ACCCACBABA@@D@DABCDCDCBA@EACAAACCEA@AACAABABBBBDDD@B@B@BCAAEC@A@A@CDEBCFEBEBI@C@@@ADEAK@CCAAAGACA@A@A@ABEBIBABABC@AAAGCECECCCA@@@@D@D@B@BABCBA@A@EE@@AEAACAAAAE@@CAC@C@E@AB@@DDB@@B@@AB@@MCC@CAA@@B@@@B@B@BC@C@ABA@ADCFABABA@AACCCAA@A@C@A@ABCBCBABAAA@ECAAC@C@CBABCB@DCDIHALA@A@CAA@A@CDADCDCBA@CAAACECAAAC@A@BBBBDF@DBD@J@DDBFDDB@B@@@@@BC@C@C@AAGCEC@C@ABE@EAIACAACE@ABCDEBC@EDW@C@@BA@ABA@@BBD@B@@A@C@@B@B@HDBB@@BA@@CE@@@A@@B@DDDB@@B@@AD@DBB@@BD@FDB@B@BAB@@A@@@C@ABABABEBABA@ABAB@B@DBD@B@@A@@GA@A@@@ABAD@BABGFEBA@A@CACCCA@A@AA@CKC[BAHCDCDA@A@A@ACCAE@EAECIEGCGCAAAAA@A@CBCDCDCFCDABC@GASSEIACCGCECA@@@@@D@LBF@DBDBBDHBBBB@DCDC@AAAABABA@@@AAECCCACGCGCEC@@B@BA@AA@CAAACBECOAKBG@C@AKCAA@A@G@@AA@@GFGHEFG@C@CBADBJ@B@BOHA@AA@A@EAAC@E@C@E@C@C@CAA@AC@CCC@CC@CAAAEEACA@GNEFABC@BBABAAC@ABEJCBCFAB@DAB@FB@@@BCBAD@AHADA@@BANABC@ACCACAIDC@AA@ABABABC@A@AAA@A@AB@D@DB@A@AEKAMCE@YAAEDG@GHGDC@EAEC@EACAAC@EBA@CDABEECGACA@A@@BABABABA@CAABEDCDCBEHCDALBFBHBDBJDDADADA@MACCACCAC@EAC@@BA@DFFDBD@B@BA@BB@B@@CDA@GCC@C@E@E@EB@@AB@@ABAB@@BBDBJB@D@@@B@@A@KEC@A@@@A@AHBB@@@B@@@BA@@BA@AAAB@@@@AD@@@BAB@@A@A@A@ABGHCBAB@B@@@BDDFDBBBBHBJHBB@B@@AB@@A@A@CAA@KFA@@BBBDJDL@D@B@DCBABC@@AEC@@A@A@AH@@C@@@A@A@CBABAB@B@D@B@@ABA@A@AAC@C@AAE@C@AB@@C@@@@@@@BA@@DADCBA@A@@@@@AA@A@A@ACAAA@A@@@A@@BB@@BB@BB@@@D@BABAB@@A@@@AAAA@AA@@BA@ABC@ABA@A@EAEBC@@BABADAD@D@D@BBBB@@B@@A@A@GBA@CDAFCB@@C@C@ABA@BBBB@BABGFC@ABC@CB@@A@AB@BBB@B@H@D@DDFBDB@B@B@@B@@@BEH@BGF@@ABAFABCBE@A@ABB@BBBB@B@@@DABABA@CB@@@B@@BBB@JCD@BB@@BD@@@@CDABAD@BBB@@@B@DAB@DBBBB@B@@BF@B@@AB@@@B@@BBB@@BBD@BB@DDBB@B@BADABAB@@ABCDAD@B@BBD@@@D@@@BBB@D@B@@BBBB@B@@@BBB@@BBB@@@BB@F@D@BBB@D@B@B@B@B@B@D@BBB@@LD@@DBB@H@F@D@B@BBD@D@B@B@B@B@BABABABADAB@B@D@@@BBDBD@B@B@BB@F@DABA@AB@B@H@B@@BBB@BB@R@BABCDGH@B@@@BBF@FAFA@@B@B@F@D@BABAB@B@@BB@@BB@BAD@BB@BBAB@D@BADABEFAD@BB@@BFD@@BD@BAJABAD@D@D@BA@ABAB@@@B@BA@@@A@C@AAC@ABGDEBEDC@E@A@CAAA@@CAA@CAA@CAC@C@A@A@@BB@@BBB@@BBBDDD@BBD@HBD@BBB@@@BADCBKDGDEB@DALADABGFAB@BDDFFBDBDBBB@BBDBDBB@DBDB@BBBBDDDHFFDD@B@@@BA@@B@BCB@B@DBDBFBFBHBD@JBDBB@@AB@BCB@F@BADA@@@ACAAAHAFCFC@CCGEG@CDGDAH@H@LCD@FDDBHA@AACBCFEFBDBD@B@DCBAFBDDBDDDBDBDAB@B@BBBB@@@DA@AF@BDBFBNDJJ@HBJBHHDBDDJBFADC@SBGFEFADCBS@CHADABCD@DBD@B@@C@ABA@BB@B@BBFDB@F@HBDAD@BBBB@@DBF@FDFBDBBAB@BGHAD@FDB@@@DABCAACCAA@A@ABAD@DBBAB@@CBCAAG@CABEDAD@JADC@CEG@CAGBCF@F@BC@GAKAGACBCB@BDB@@ABAFF@CCC@EACBCFAB@@IDAHADBHHFJHFHDB@D@BCB@D@BBBDDA@E@EBCBAB@DB@BB@F@B@HCNCJBLAJBL@@CAACAGC@A@C@@DAH@FAJGHGAQDAF@B@DDBBHA@EDADBDB@@BBABABC@@B@BDBHBBBBABA@CBAD@BBBB@DBF@FDHDDDDBBF@BAB@DAB@CE@AA@BABAAE@A@AFCH@LAFCTKNIHCH@JAJEH@D@@D@FCF@DBBD@B@FEDB@D@NBDF@J@J@BA@CDEAGDADEFADDJDJBLCHALBLFNJJHPDPD`BXAREJELKNE@@B@FCDCBCB@BAFD\\RFBFAHEFCBC@IAIBKF[DIB@@ABA@@B@DBB@@@BE@C@@"],"encodeOffsets":[[104006,26168]]}},{"type":"Feature","id":"532328","properties":{"name":"元谋县","cp":[101.870837,25.703313],"childNum":1},"geometry":{"type":"Polygon","coordinates":["@@@@EUCEGCCAAE@U@CFE@AAID]Fa@C@CA@EAGDC@C@A@EIACCAEAGCIEEAEAAAAEAEDQ@GAKAGCGEGCGAKAEGDEBIDEDABADAFAHAHA@A@GAEAEECAA@A@C@A@A@C@C@ABCDC@A@C@A@AA@A@AB@@A@A@AA@C@@@@C@E@K@CA@CAEFABEBE@GCCAAEACFEDCDCNG@E@ECKGKEAE@EEEAE@KCGECAC@KDE@CAAC@CAAC@CBCAEEIKECACAA@CB@D@FB@CBCCAECACCDQ@EAIAI@IAA@@ABAH@D@BAAAAAE@@A@@DAD@@AAACAAC@@DAD@F@DEFEBCH@JAJDNBHANEF@BMBOBEFKFK@O@QBCJGHEHAHGJGFCDAH@J@FA@AAAAAEIAE@EBCD@FBDBBDB@B@D@@A@@AE@ABE@A@CBA@ABC@C@C@CDA@@HAJEFABEBC@CAAEEGCEEECAAAAC@AA@@@C@ABABADE@CCGMQICIAMCEECEGECE@A@IBCBA@ACACACCCAC@E@EAG@EC@C@EDAD@FBDBD@D@DAFAFAB@BAD@@A@AAAEACEGEICIEAAGA@AAABADAJGDC@C@C@ABABBB@D@D@DAFCLEBA@AAAACCCAA@EACBCJGFC@A@ID@F@L@J@RBFA@CBG@G@G@EACCBAACCEECEC@GBEBAFCBEFAB@DBBBBCHADMFK@G@@CBC@CACGEKCEK@KDGDC@@@@@@FAHA@@@@D@LBH@@@@@@@@@@@@@FCZOH@DF@FBFBDLF@JFF^QBAFCGKGKCIAICQ@EHB@CAAEAGA@CF[@CHCT@FANKHGMCGIBCFEFGFGHGFMQKGAE@GBEDG@AACA@K@ICIEAAAACBCDADADMAEAEBWCIECG@I@CAC@@@CAAA@A@UAAG@EAIEC@CBABE@CAGE@@ABCHAD@D@J@FABABCD@BDF@F@DAB@@EDA@@BAB@D@D@BBDB@BB@B@BA@CAA@@ACCA@CAA@@@@FADA@E@AB@B@FAB@@A@A@@@EGAECCCAMGCACAA@A@@DDNBJ@B@BABADABA@C@@@CBA@ABABCB@BABE@C@CAC@ABEDCDABCBA@@AAAAAACCCIEGAEAA@@@@@CDABA@EECAEIAA@@A@@BAD@JCHADADB@B@BB@@@BABCBA@AB@F@BDHBD@BAD@JAD@BABAB@@@BEDBBFDBB@D@B@@AB@B@JDLEPQNUV@FCD@B@F@B@DBD@BEF@B@B@F@HDTBJBDBBBBBBD@DBB@@B@BABCBA@A@A@ABAB@B@H@LAB@FADABE@CAC@AB@DEBE@KGECCCC@C@GDQJEFBDHH@DOLMNGFEFALBNBFDDB@@BCDCPAFHHDF@LADCEAAAB@DBBDDC@C@A@CACAC@A@@D@D@FA@EAEAAB@B@BDDBDBDBFEBMDE@A@A@ACCIA@CAC@CBEBE@C@AAAAA@A@A@EBC@C@C@C@CBE@EACAAA@@AC@A@AAA@AA@A@@@AB@@CD@BC@CAC@AA@@AA@A@@@CB@BADAD@BAB@@A@@@@ACA@@CAA@AAA@@A@@@C@A@A@AAAA@C@AAAG@AAA@@AACCEGGC@A@A@BLADCFA@A@E@A@@@ACA@@@ABEHADABC@CAKECAABCBCBE@GBGBEFAF@FBFHHHJ@DBDBD@DDF@B@D@@@B@B@@B@@@@A@A@@B@BD@@B@BB@@B@@A@@B@@B@@@B@@@HBB@DA@@@A@GKA@EAEAKEKEC@AA@CBADABAD@DABAGEA@U@GBAB@BBBBBFFDDBB@BABADMBAB@BBD@BBDBBDDBD@D@DADABA@@B@@BDB@B@B@DB@BABA@@@@BDHDD@BADABB@BDDDBBBA@@B@B@@B@@B@@B@D@D@B@B@B@@BBBBDBHBDBDAF@B@D@@@B@BB@@DDFF@BD@BB@@AF@@BB@@B@DCB@@@D@DADAT@@B@@EDAD@B@B@@DBBBBFBBJFDBBB@D@@BB@B@BCBABA@A@C@CBCBGJ@B@BDF@BAD@BDDBDB@BB@@@B@B@B@B@@@BA@EBA@EDCB@@@BAD@FBDNPBB@BA@C@EAC@CBUNKLEFEBEDCF@BAAC@A@GCE@C@ABABAB@B@FBFAB@B@B@B@B@@BDDDBDBDBBDBF@H@B@NHB@DADAD@B@FBDDD@DAB@F@DBDB@DBBBB@BDBBBF@B@B@D@BABADABADAB@BB@BBBBDBBDDFBFJBDD@BB@BABABABGJEJABBBJBBBNPBJAJDJFLLLDFNHHVBNAHBH@JDJBHDFJBLHLHJAL@L@DFHDLHTBNEJ@HDJDLDHPEPIREHCFBBDB@BABABIHAF@B@BBBD@F@JEB@@B@B@D@BBBFBD@B@B@HCHAFCDADALMDABAD@BDBHBB@D@D@BADdFJBLFDDFFZ`PXFJHJHJTLPFL@LCLEJITOJKPCNDVJB@@@B@BA@@@@B@@B@@BAB@@@@@BA@@@@B@@@B@@@BB@@@@B@@@D@B@@BB@B@@@B@BB@@B@B@@@B@@@B@@@@@@@B@@@@@@@@@@@@@@@BB@@A@@@@@@B@@@@B@@@@@@@@@@@B@@@@@@@@A@@B@@@@@@@@@@@B@@@@BB@B@B@B@@BD@B@@BB@@@@@@@B@B@@BD@@@BB@@B@@@B@B@B@HAJGFGdWJELCHCJAHCHAJ@pF"],"encodeOffsets":[[104559,26694]]}},{"type":"Feature","id":"532329","properties":{"name":"武定县","cp":[102.406785,25.5301],"childNum":1},"geometry":{"type":"Polygon","coordinates":["@@@@@A@A@ABAB@@ADABCBABABABC@A@CBABABC@A@C@C@C@A@ABABABABADABADADABCBCDA@A@C@@@@@EAC@C@CB@@@@AA@AAAA@@AABA@@B@B@@@BA@@B@@ADABAD@BADA@@BAB@B@BAD@B@DABABABCBADADAD@DAD@DCD@BABABCBA@@DABADADCDA@CBCBA@CBCBAB@DAB@FABADCD@B@BBD@B@B@B@FABADABAFA@AD@@AB@DC@C@GBEHGBCAAA@C@AAC@AABABABA@E@ECCAACA@A@ABC@A@@@EACAA@AAA@GBABAAECEACECAA@A@CBA@A@@AA@AEC@AAC@ABABCBA@C@A@CBCAA@C@CACAECEACACAAAAACCAACACAC@A@ABCBABCBCECAGBKDCJCNCFCDE@EAECCKCGCAC@I@IDC@CDEDCLEAAI@E@GIGI@KHG@MFQAM@EJIB@N@L@JAFCBAHELELGLKDQCG@A@AAEACCEAA@AAEHBAGBIDGDC@@ACEAE@MAEACC@A@@CI@E@E@A@KBO@E@C@CAACAECCAAA@C@E@C@@@I@C@A@@BABABABA@CBCBCLIFGB@NILKJI@A@AAECGCG@G@C@E@C@EBC@C@AACCCCEACEEACCA@CACAEAC@C@A@AB@BABBD@D@D@DABCDE@CBE@E@EBE@C@ABADADAFBF@FAB@DA@ABC@C@CBC@CDADEDCDADADADBD@DBD@BABABABC@CBC@ABCDCBCBABAB@DBDDDDBBDBF@FBFBF@DABA@A@E@CBEACAMIECABCBC@EACAA@A@CDCACAC@A@A@CBADCDCDADAF@D@DABC@A@CAAACAE@CBE@CAC@CAA@CBCBADEHCJCDADABAFKDQEQAIBIBGA@@A@@A@IDG@A@@AA@@@@A@CBEBCBC@@ACGCCECECGCA@WBCCAEACAACAAAACECAE@C@@CAAACAB@DABCAA@CC@CBEFCDC@EEC@ADEACCAAAEACACAAA@@CCECC@C@C@C@GCECI@KB@@GF@JAFEDABFFBF@DABCBEDA@A@AAEGC@C@C@A@A@C@A@ABA@EAE@A@A@@@A@@@GXEBADCHABC@KBE@EBEH@@@@EJKPCHENAPENIRMHKJIJWVCNENCBG@IBMAC@EGCAEACAAAAAACEECCBABCBCDC@@AACGAAB@CCAE@K@A@C@CFCBC@CGAOEE@EBGBEAECECAICG@M@AEEIKAOAMISKOIIBEBAFEDCBEAIAABIDE@@@DBFDDFBDBF@@@B@BABA@CAKIKECEEGEGCI@I@GA@@CCCCCCACE@EBCDGDEACCCGEAG@@LBDBFABEFCFEFCDEBCBENADGBABCAC@A@C@A@CCSDC@GBGDGLCJCLALEFIBG@OBGFGJAPA\\@J@N@JAPENGHEHEHEFADHJNDGHMLEBS@GD@DE\\@DHBFBBB@DGA@FDRBJDJHLHLEDAB]REE@IKEACAE@ECEG@YPED@@@@@@@@@@@@G@KAC@@@@@GBEB@@@@@@CDCH@LFLLDHFBD@DAD@DH@L@NEBCDGAAAA@CBAFEDABEFAHAD@DFFFDDBBDABD@F@H@HAH@DEBQAI@K@E@C@@J@BEDIHADBD@FBBDDBDBB@BABKFEDCBC@C@A@AAAB@B@D@DCDIHCBABBB@BHBBBJFJDHFDFFBBB@B@BC@ABA@EBEBCBC@C@CAEAC@CB@F@DFDH@FBF@D@DBDDDBDB@BABAD@J@BDFHFDFFFNDJBJDNRDH@DCFABAB@B@D@@BBD@BBBBFDFFHDFFBB@DADAFEBIFGB@@CB@D@D@DAD@BAB@D@BAF@BBF@@@BC@A@A@ACCAEAC@AD@FBFFJBBBB@BEBI@G@CBEDIHGHGBGFIHAD@R@PELELAFAPANE@MFGBMAICIBG@ADEFCFE@C@CB@@BDDBBB@BC@CB@@@BF@BBBBABC@G@AB@BB@JBJ@JBFBR@DCBDFDDBAD@DEAC@A@@DBBBDFDJLFFDBDAD@BB@DBDDBF@LCD@DBHFLDF@FBFFF@FBHLDL@F@FMHCDCDEFBDBFDBHDF@FABAFEDBB@@D@L@F@D@@D@B@@B@B@BA@@B@BBBB@D@B@D@DCBAD@D@B@B@D@B@B@DBFFFBHBB@B@BGBGBEBCBAFCJCFAHCBFBLDHFHDHBHBL@HCRBFBFBBFBFBJFHDFBDBBDFJB@D@D@HCFBB@@D@DEbC^BJ@BEF@D@VBFDBHDDFFV@@@D@BBDDDBB@DBB@FBFDBBBD@D@F@D@F@D@BB@B@B@FADBD@@BBBBBB@FBDBFBBDDD@DBDAD@FAB@BBBBBDBB@DBD@BBBDDDFJNDFBDBFDFDDDFDDFDFBDDBFFBDBFAF@FBFDRNPJDBHBDDLHBBBDDD"],"encodeOffsets":[[104691,26814]]}},{"type":"Feature","id":"532331","properties":{"name":"禄丰县","cp":[102.075694,25.14327],"childNum":2},"geometry":{"type":"MultiPolygon","coordinates":[["@@BO@I@M@IB[BOHIHEPAH@JAFEBKDKDIHKHCHAD@TCDDB@D@B@D@DBBAHABCFMDAFADCFEDEFEBAAEAC@KH@FBDHDDFBHCDCFAF@BDDDDDDD@@HBJ@J@HDHFFFFDJLBL@DABABA@@@E@CAEACCAE@C@@CFAJBBBJAFCDEFABAFJJLPJTBNBPJLFF@B@NDHBJFDFDFBHAFAF@PFHB@DADED@D@D@B@LBFDDA@BBDHBB@@CDADADABDDFFBDBBBBDBFBDBFHD@NBJAH@DAFMDMXUJILINGJQFMBOFMDGLOFI@@@@FGFAF@LAD@BADGBCFAHW@@B@@@B@B@F@FBB@BAB@D@B@ECIOEIACACBC@ABABC@CBEACACEAEACACAAC@A@@BABADADABABCDCBALCFA@C@CAAEEAE@AAC@C@@AE@CBGJKHGDE@GAeDGHEH@JBXJHDD@D@@A@CCM@G@I@@DCFEHG@@BCBC@C@C@CAGACAE@C@AIECGEE@C@C@EDCFCAAA@E@E@EBEDC@CB@@AAAAACACGGGKAACACEOeCQIUOKBCBAHBFBDEBG@M@IAG@GDCFE@E@@AAACAA@CAC@CAA@@CAC@AAAACCAECG@CBC@CBCAC@AAAAE@CBEAACACCEG@CAAC@CDEBE@CAC@A@EBI@MBADCBCBEBC@A@CAGGCCCEECECCACCAEE@EAC@QMYKUCM@GFABBFFN@F@B@BCDABMJMDC@A@ECC@C@CBCDCDADAB@DBDBB@D@D@D@DBD@DADA@C@C@C@CBCACAAA@E@A@CCEECGEACA@AEAECCCE@C@CBEDGFEFADCBEAEB@@C@E@CAEAECC@CBADCFCBCFEBC@C@A@CBCBA@CB@FEFAFAD@FBJDFBHBB@BDHBDBD@B@BABA@A@ACCAEBCDEDAFAH@F@DAFA@@@@BK@AAA@@AAAC@ABC@A@ABAB@CA@AA@@AAAAC@A@@AC@AAAAC@@@CACAAAACC@@AAAACCCC@@@EKQCM@IDEFC@@@C@@ACACGCA@C@A@A@C@C@A@ABA@CBC@CBC@A@C@A@E@CBABKH@@IAC@C@EBCFAFCDEAG@EBCD@D@FFDB@AHCBC@A@ABCBCDCBA@A@C@A@ABEDEDABABEDAFCAIF@GCIAA@A@EBA@CBA@CAK@AAECEAACA@ACECECEECA@E@C@AACAAAGCQKII@EDGFG@GECEEAEACG@KBM@G@EACE@@ACA@A@MDGDCBCBQDQ@E@@@GAIHA@A@A@A@AAAAA@@@@FCHADCJEHCDEJIDIFI@KBE@A@A@C@E@E@E@C@ABGBCBE@CAA@A@AA@CBEAEAECGAACECACAEAAA@AAA@A@@A@E@A@EDCBEBEBEBCDCDAACACABAGEC@CHABA@E@CCEOACC@@@A@ADCFABA@AAA@AECIAE@EBE@ACEAAAAA@CAIAKAE@KAI@CBC@GBC@@@@BBD@DABILADC@AAA@C@C@CBAB@BB@DDBBBDDDBBADCBABCBA@AB@@@B@BBBBDFHDFBB@B@FCDABABCDGBE@CBABABC@A@C@EBCBCAKCMCAACBA@I@A@C@ABEBA@AB@FBLBD@BAD@D@DDBDBHBFBFDFDFD^JNFPJFFFFHJBDBFBJGNKJQLGHADDRFFBBBDA@ABCDAB@J@BA@A@A@A@@@CHALCDCDCBE@GAW@G@ABITCDCBC@CAEAC@ABAD@@AR@B@RADABCBC@G@E@EBCFAD@DBDFL@B@DADCH@F@DBBDBBB@BA@EFC@E@E@EDAB@BBPLPBL@DGPOPIJGFGHGFABARADC@C@QIEAA@C@A@A@ABCBC@G@CAA@@@A@ADADBB@BB@B@B@@D@BABABBBDDNFDBDD@DCFCDKHGDQPAB@D@@DBFBDDHH@BAFEFA@@F@B@BAB@@@BAB@D@F@BBBB@B@B@@A@A@A@ABAD@BADGDAB@DBB@@B@@A@A@AB@@@BB@B@D@@F@BA@ABA@@B@B@B@BB@BAHC@ABA@AAA@A@@@ABBB@BBB@B@B@DAB@DCBAD@B@@BDDB@@@BADABA@@BB@@@B@@@BA@AB@@BBH@DAB@DCB@B@@@BBAB@D@@@BB@D@B@@B@D@@ABCB@@@@HDDDBD@B@BABA@AB@@@BHJ@DABCBCBCAC@C@CDC@A@AA@DBNBLAJAHEH@JEHCFCFEJIFM@Q@OAQDCFCBDFD@D@TbB@@@B@B@BA@@B@HFBDABCD@BB@DB@@B@@A@AB@B@NFDB@B@B@@ADA@BBBBDBB@@@@ABC@CBCBABAB@JBHBFFJFJDDDBFBBB@DBB@@B@@A@EAC@@@@@BBHF@BA@EBA@EB@@@BBF@HCVE@GFAFCBE@C@BD@D@DCBE@CAABBDFBLBFBH@DB@BDBF@D@DAJCNDDBH@JB@JDFDABCBID@HHLHF@BDJJNLLFJHLFLFLHHDPHNHRHLDHBPBB@BAFCDANEBA@A@AFC@A@@BABA@ABC@IBC@AACCG@A@EBAB@DABA@A@@AAA@A@BCBCDG@IBC@AB@@@BBFJDBFFB@BADC@@@@B@FBHBJFDDBDBBBB@BB@DABADCFCBAD@DBD@F@BA@ADABABAB@DA@@D@B@BABCBA@A@AAICM@CB@B@DBDBNHDBDDBFFH@@B@B@@@BA@E@ABAF@B@BC@E@@B@DBB@DD@BB@DBB@@A@AAAA@AC@A@C@CBA@AB@FC@@BA@C@ECE@ADCBABA@E@I@CBCDGBA@@HFDBF@BADAD@JFFBH@BB@V@BBBDB@@D@DBJ@H@FDDJAXBFBFCNCBCBADBDBBFBDJ@J@LDBBBH@FCHAF@HBRL"],["@@IDADADABFHBBB@B@FCDABA@CAEEE"]],"encodeOffsets":[[[104495,26057]],[[104843,25992]]]}},{"type":"Feature","id":"532322","properties":{"name":"双柏县","cp":[101.63824,24.685094],"childNum":1},"geometry":{"type":"Polygon","coordinates":["@@@A@AAA@A@A@AAA@A@A@A@ABA@ABA@@@ABA@@@A@A@A@A@C@A@AB@@CB@@AB@@ABAB@BA@@@A@@BA@A@@B@B@DA@C@CAAA@@@@AAAAA@A@AAA@A@A@@@ABA@@B@@@B@@@@A@AAA@AAAA@A@A@A@AB@@@@A@AAA@@@@@BAB@BA@@@A@@@@@@@@@@@@A@@AA@@ACG@@@@AA@@ABAD@@A@A@@BA@@B@@A@A@@@C@@AA@AA@@@A@@@A@@@AA@@AAA@@@ABA@A@A@C@A@A@AAA@@AA@@@A@A@C@A@ACAAA@AAAAAAAA@AC@@AA@@@@@A@AAA@@AAA@@@C@@@A@@@A@@BAB@D@BABA@@@@@AAA@A@CACAA@@A@C@@@AA@@AA@@A@@A@A@A@@AA@@AAA@@@@AAAAA@@A@@A@@@AA@@A@@A@@@@@AB@@A@@@A@AAA@A@AA@@A@@AAB@@A@@@@@A@@A@@@@@A@@@A@@@@@@@@AA@BA@A@@@A@@@A@@@AA@@A@@@@BA@A@@@A@@@@@@@A@@ABA@@@@@AA@@@@A@A@A@@@A@@@AA@@@@@@@AB@@A@@@AB@@AB@@@@A@@B@@AAA@A@AAA@AAA@@AA@@@@@ABA@@@@@ABA@@@@@A@@@@@A@@@@BA@@@A@A@@@@@A@@@AAA@AAA@A@A@A@@AA@@@@@AB@@A@@BBB@F@BAB@@@B@B@@@B@B@BA@AB@@@B@@@@A@E@A@@@ABAB@BA@AB@@A@@BA@@@@@A@@B@DAA@@@A@C@CBABCBA@A@C@AAA@@A@ABCBE@@BCDA@CACAAAAA@AAAC@A@@@@B@F@@@B@@BB@B@DB@@B@D@@@@@B@@@B@@@BAA@@AAACAACCAEA@AAE@AE@BDADABA@CA@I@EECACEOCAAACDIDIEGIMUCABAD@B@B@BA@@BAAA@@@A@@@A@AAC@A@A@ABAFCFCF@F@D@BB@B@BANAL@@@BBB@@BDB@B@BAJEHADADA@@@A@@AEIIAA@C@ABADC@AB@D@HBDB@AB@@A@A@@@A@A@A@@@ABAA@@A@A@@@ABABABA@A@ABCAA@A@A@@@AB@@AB@BA@A@A@@@@AA@@@A@A@@C@@AA@@@AA@@A@@@AA@@ABA@@A@@A@AA@@A@@A@@A@@@@@A@A@@@A@@AA@AEACC@C@ABA@ABAAC@A@ABADABEB@@A@A@@BAAA@AA@@A@@A@@A@@@CBA@@@AB@AA@CGEECAGCAAAC@@DAFADAHC@@B@@@AA@@A@AACAA@@@@AB@@@DBB@@@@AAE@A@@B@@@BB@B@BB@@B@B@BB@B@B@BA@@DG@AFEDIBG@EACCEC@CCCC@EDGFE@AB@B@B@DB@B@ABABA@@BA@ADC@CBA@@BC@C@@ACAE@@@A@ABA@@@@AA@A@@B@@AB@@@BA@@@A@@@A@A@@@AB@D@@A@@@@AA@@@@@A@@@@@A@@@@@@BA@A@@B@@@BBBB@B@@A@@@BB@B@B@@@@@@@@BA@A@@@@@AB@@@@A@@@@@@A@@@@@@AB@@A@@@A@@@A@@@@@@@@@BDBBB@BB@D@@@B@B@@ABBB@BB@BB@@@@@@@B@@@@@BA@@B@BA@@BC@C@A@@BCBABCBA@@@ACA@@AA@A@@@AB@B@D@BABA@@A@@AA@@AA@@@CBA@A@A@@AAAAC@@@@@A@@B@@BBBBB@BB@@AB@@A@A@AA@@@A@@ACA@A@@@@@@B@DD@@B@@A@@@A@AC@@A@@@@@AB@B@BBDDBBB@@@B@@A@A@@@@BAB@D@F@@@D@B@B@DADAFGB@@@B@B@B@B@B@BBBBDBDB@B@@D@B@@@D@F@BB@@DD@B@BAB@B@BB@DB@BF@DBB@B@F@D@D@B@BA@A@@@@AAAA@@@@@AA@@A@A@A@@AA@A@A@A@@@@@AA@@A@@CA@@A@AA@AAA@@AA@A@A@A@@@AB@@@@A@A@@@ABC@@@A@AB@@A@@BA@@BA@@BA@@BA@@BA@@B@@@@@B@BA@@@@@A@A@@BAB@@AB@@@@@BCB@@A@A@A@@@@AA@@@A@@A@@AA@@@@@A@AACA@@AA@@@@@A@@B@AC@@@@@AAAA@@AA@@A@@@AA@@A@AA@AC@@CEBMBABAD@BBD@RDB@FADA@AB@@ABA@ABABA@A@ABC@A@A@C@C@AAC@C@A@A@AB@@A@AB@@A@A@@AA@@@A@@@@@AB@@AB@@AB@@A@A@@@A@@A@A@@A@@AAAA@@CAA@A@A@A@AAA@@@@@@A@A@A@@AAAC@AA@AA@AA@AA@@A@A@A@A@@@A@A@@@A@A@@@@AA@@A@@AA@@@AB@@A@AB@DAB@B@@AB@BABABA@@@AAAAA@AAA@@A@AAA@@@AA@@@A@@@@@@B@@@BA@@@@AA@@@A@C@A@A@@AA@@AA@A@A@@@AB@@@@A@AAA@A@@@AAA@AAA@A@C@@@E@C@A@CAA@@AAAC@@@@@@AA@A@AAACCC@AA@@CAAAA@AACA@@ECA@C@A@@AA@@AAA@AAAACA@AAA@AAAA@A@AA@@A@@AAA@CAA@@@A@A@A@ABABABGD@@C@A@CACAA@@AA@@@AA@@@AACCCA@@AA@CAA@C@@@@AA@@@@AAA@@@AAA@@@A@A@@@A@A@@AAA@@AA@A@A@@BA@@B@BA@CFABAB@@A@ABC@CBE@C@C@CAA@CA@@AA@A@C@ABA@ABA@@@A@@@AC@C@E@C@C@A@AACAB@@A@@@CBCBAFAB@@@@AA@GCC@CBEDCDAB@BAB@@AB@BA@@BAA@@A@@A@@AA@@AAAAAA@AA@A@AAA@@@CBA@C@@BA@AB@@@B@@AB@@@@AB@@A@A@A@AAA@@ACA@@AAC@CACACAA@AAA@A@A@@@ABEDA@C@@@A@@@AA@CAC@CAAAAA@A@@@AB@@@@A@@@@B@@@B@@@@BBB@@BB@BB@@@@BB@B@@@B@@@BBB@@@B@B@@@D@B@@A@ABA@CAA@@AAAAAAA@AAAAAAAC@A@A@@@A@ED@@CB@B@@@B@@@B@BB@@BBB@BBB@@@B@BBB@@@B@@AF@@AB@@@@A@ABA@A@A@CACAA@@@A@@@@@A@@B@@@@@B@@@@@@@B@BBB@BB@@BB@B@@BB@B@BBD@@BB@BD@@@B@@AB@@A@@B@@@B@@AB@B@BABB@@@@BBDFFDBPHDBBBBBBV@B@@E@K@E@E@CBGDGFABAACACGAO@AAAC@A@AACC@AAABA@ABC@ABC@A@@AAA@A@C@ABABC@@BABA@@@A@A@C@AAA@A@A@A@A@@B@@A@@B@F@BBB@@BB@@B@@@@@@@B@@B@@@B@B@@@B@BABABAB@@AB@@A@@B@@@@@B@@ABA@A@@@A@@@@BABABCD@BA@@D@B@@A@A@ABA@ABA@A@@@A@@@AB@@@@@B@@AB@BA@@@A@@@C@@@AA@A@A@@A@@@@@A@A@A@@@@BA@@B@@@@@B@@@@@B@@A@@BA@@@@BAB@@@BA@@@A@@@A@@@A@@@A@AA@@A@@@@@A@@@@B@@@@AB@@@@@B@BB@@@@B@@@BA@@@A@A@A@A@ABA@A@@@AA@@A@@@ABA@A@@@CB@@ABA@CBA@@BA@@@A@@B@@@@@BA@AB@@@@@@@B@@ABA@@@@@AB@@ABA@A@A@A@A@AA@@A@@BA@@BA@@BAB@@@@@B@BB@@BB@@@B@BB@@@@@@@@BD@@@B@@@@ABCB@@A@@@A@A@C@AB@@A@AB@B@@@@@@BB@@BBB@@B@@@@AB@@AD@@ABA@AB@@A@@@CA@@A@@@A@@@A@@B@@@@@@@B@@@B@@@@@B@@CB@@@B@@@@@BAB@@@BA@ADA@A@@@@@AB@@@BA@@@A@A@@BAA@@A@@AA@@@EA@@A@A@@@AAAA@@A@AAA@@A@@A@@AAAA@@@A@@@AA@@@AA@@AACAAAA@AA@ACAAAA@A@@@AAC@@@@CCC@@A@@@A@@@@@A@@ACAA@AAA@@A@@@AA@A@AAC@A@@@A@@@AAA@@@AAA@@@@@A@A@@@A@@@A@AB@AA@C@@AA@@A@AAA@@AA@@C@AAA@A@@AA@A@@CA@AA@@@A@@A@@@@AA@@@@@A@@@@@A@@AAAA@@A@@AA@@@AAA@AA@AAAAAAACCACAAAC@@AAAAAAAAAA@A@A@A@AA@CEAAAC@@@AAA@@AA@A@@AA@AAA@CAA@@AA@A@AA@@A@AA@@A@A@A@AAA@A@A@@@A@@BAAC@@@A@@A@@@AAAA@@@A@AA@@AAACA@@AAA@@@A@@BA@A@A@AA@@A@E@AAA@A@A@A@AAAA@@CAEC@@@AA@@A@A@@A@A@AAA@A@AB@@@B@BA@ABA@AA@AAA@AAA@AC@A@CA@AA@@AAA@AA@A@@@CBA@A@A@@@AA@AA@A@A@C@A@A@@@CAACAACACAA@CBAAA@CBC@@@AB@@A@@BCB@B@BA@@BCFAB@BA@A@AAA@AAACAAAAA@@BBB@B@DABADADCBAB@BA@CBAB@BAB@B@B@@@BB@DBBDDB@@@B@BAB@DABABCBCBAB@B@@BBBDBBBDDD@B@@@B@D@B@BAB@DABABA@@B@B@B@@@BCBABC@CBC@CB@@@D@@@BBBBB@B@B@BAD@BBD@D@B@B@@ABABABABABAB@@AB@D@DAD@BAD@B@D@@@B@D@BA@@BABCFABCFADAD@D@DBB@B@B@D@@ABADABAD@B@BAB@B@D@B@B@D@D@HADABAFAB@B@BBB@BDD@DBB@B@B@BCBEDABCDABCBCD@@EB@@CBA@ABA@ABABC@ABA@A@A@AAA@A@A@C@A@CBA@ABA@@BAD@DAB@BABABCB@DABABCBA@ABA@@B@B@@BD@BBF@DCC@@A@@@AAAAAAAAAAAAAAACAAACAAAAACAA@CAAAC@AAA@A@C@A@A@A@ABA@ABCBABABC@AB@BA@GBECIAK@E@A@AAA@AAC@AAA@@A@AAA@A@A@A@C@A@C@A@A@CAA@AA@AAA@@AACC@C@ABC@ABAAA@AA@C@GBA@CAC@CAC@C@C@@@A@A@@A@AAA@AACAA@AAAAAAA@AA@AAC@AAA@C@A@CAC@A@A@A@C@AAA@CAA@AAC@A@AA@@C@A@A@@@A@ABA@ABA@ABA@A@@@A@@AA@AAAAACAA@A@A@@@ABA@CB@@ABAB@@A@A@@AA@@A@A@C@A@A@C@C@C@A@A@@A@@@A@@BABABCBA@A@A@@@AA@@@AAA@@@AA@@AA@A@A@A@@@ACBU@MDEBSPKNEFQRIFONSLYJSFM@ILCTAHGPEHKLKHGD[hAFMPYVOLEBEDCDGHCDGBABAB@B@B@B@BBD@@@DEDADAFABBD@JAFCDABC@C@EBA@ADAD@BDBFFBFBBFFFB@@BB@D@@BBB@@@D@JGB@B@@B@BIR@B@@B@F@NAF@@@BBBBBBB@BB@BB@B@BBBBBB@BBD@B@@@BBB@D@@@BBB@@BD@@B@BB@B@@BB@@@DBB@@B@@@BB@@DBBB@B@B@BB@BB@@AB@@BB@@BB@@BBDBB@@B@BB@B@B@B@@BBBB@@@@B@@@B@@DB@@BB@@@BB@@@BB@@@@BB@@B@@@@@@BB@@BB@@@BB@B@@DA@@BBB@BA@@B@B@@B@@@BB@B@D@BBB@FAB@@A@@B@@AD@BAB@@AB@@@DB@@B@@BB@BB@BBDFBBDD@BBB@@@BADCBAHAD@B@DBD@D@D@BABA@A@C@C@@BADEHGBAB@@@BBB@FCDC@A@ACA@AA@AA@A@CDADABA@AAC@A@ABAD@B@DBBAHABAD@B@B@D@BBDDDDD@FBD@H@DADABABC@AAI@CBCDEDE@CFEDADABADBBAFCD@BBFBFDD@LDLDFFHDD@BBBDBFBDDDBDBDAD@DCHAF@DBFBBBDFBB@FBF@B@FCB@@@@D@@BB@@B@BD@@@B@@@@BB@BBB@B@BBB@B@B@B@DB@@B@@BD@B@@@B@BB@@@@@@BBB@@@BBBB@@JB@@BB@B@D@@@BCBABABCB@B@D@D@FBF@DBD@D@DAB@D@B@DBFDLHHBF@F@D@F@D@BAB@@BB@DFB@B@J@TGDAB@B@DBD@JHDDDDBBB@D@B@BB@B@BBBDFHDDDFBDBDBDBFFFDDBFBRBHBD@D@@@BAB@B@@B@B@BA@CBA@AB@BB@DDBBBL@B@DCB@B@DABCBA@A@AAEAAAA@@@A@CFE@CBCB@@EAABA@@BABCDEFAB@D@DAD@BA@ABC@C@C@A@ADA@AB@@CFAD@BC@ABA@IAA@@B@@BF@B@BA@A@C@A@@BAD@D@DBBDD@DBB@BCDAHAD@BC@AB@@CDABCBGBA@A@A@@AA@ABCBA@@BA@A@A@@@AB@BBD@@BBBBJ@DBJ@HCF@FAFBB@FAH@DAH@H@B@DBDBDBBBB@D@B@D@B@DBBBHFDDBDBDBD@FBF@HAFCFEFC@CBA@AB@BBD@@FDDBDBDBBBB@F@F@NAJ@NALBDBBBDH@BA@A@ABABABA@@B@B@@@@A@@BA@AB@@@D@BABA@@@@B@BABABCFCHCLCH@B@DBD@@@BABGFCB@B@B@@B@D@H@H@BAB@BABAD@JEB@@C@CAC@AB@@@D@F@JBD@HDD@DBBAB@DADABA@A@A@A@ABA@AB@B@B@B@B@B@B@BAB@BCBABCBCB@DDHH@BBFB@BBDAB@B@B@@@BAB@BBB@@@@B@BABABCBAB@B@B@@@@@BFDDBB@DFFDDDB@B@B@@@D@B@@@@A@A@@@ABAB@DAD@B@B@ANABCH@F@F@B@@DDBBADB@BABCBABADBDFB@@B@@AD@BCB@BD@BBFFB@@@D@DABBFD@@BD@@ABFDBB@@D@B@B@D@JGJEJK@C@CB@BAB@D@DCFAFCHAFADABC@EBEFGBCBABBFBRFHDBBDFDFBBFBFBHAF@FCDAD@D@@A@A@ACE@EBGB@B@D@@@BB@@B@@@B@@@B@@@B@@@@@@@B@@AB@@@@@BB@@B@BBB@@@@B@@B@@B@@@@B@BA@@@AB@@BB@@@BB@@B@@A@@B@@B@@@@@@@@@BB@B@@BB@@BBB@B@@BB@@B@@@B@@@@@AB@@@B@@@B@@@BB@BD@@BB@@@@BA@@@@B@@@B@@B@@BB@@B@@@@@@@@@@B@@C@@B@@@@@@@@BB@@@@@B@@@@BB@@@@B@B@@@@@B@@B@@@BBB@@@@BB@BB@@BBB@@@BB@@@B@B@@@@@B@@B@@@BB@@BB@B@@@@B@DGJ@@@BDBD@F@BA@ABG@AB@BA@BB@@@@@B@@@BB@@BB@@B@B@@BB@@BB@@BB@BB@B@@@BB@@@B@D@B@D@@@BA@A@ACGBAB@F@TAB@BBHLDBD@FFHNFHJRHPJKBA@CAC@A@@D@HAD@DAJ@LBF@LBJBDBB@BBBBDF@BAF@FBFDJBFB@BBB@BADEBCB@@@D@BDFPDDF@B@BADGD@HFABDBDBBBDCDCFAFAFADAFCB@F@B@@@@BBB@BBBFBDBDBDFBBDHBFBFAF@DBBB@B@DBF@DAHABAD@F@F@F@D@B@B@F@LAJ@JEJCFIDCFGDIBCDG@E@@"],"encodeOffsets":[[104447,25468]]}},{"type":"Feature","id":"532324","properties":{"name":"南华县","cp":[101.274991,25.192408],"childNum":1},"geometry":{"type":"Polygon","coordinates":["@@GIEG@CTOTIBAPQ@CAIGMGKIICIIMGKAOAM@SBKBCJK@ABADAF@@@@AB@BA@AAEBA@@B@BABA@@ACAA@ABADA@@B@DBB@DE@@CCA@@AAC@AB@@@B@D@B@B@@@D@FBH@DCBA@AIK@KACBA@@BA@@B@BBBBDB@@B@@C@CCEACBADCBGBCBABGAGCKO]GKCGIWAAC@GDC@C@CCAABAJAFAFEFCL@FABA@CAGCEEKAGBK@GBADC@AECCCECM@AACCMOSMCCAEAK@GAIEGQGCCEACAAC@GBC@C@ABEBA@A@ECC@C@A@CD@H@F@BAB@BA@EAAAAC@C@C@C@C@E@EEAEEICAA@ABC@CBA@C@CG@C@ADE@AACAAAC@@BAFCDAD@BAHIHIBCCIAAACOMC@CBEDCBABCAGEEAK@EAGAACACAEACE@AAAB@@@D@@ADCDCB@@A@AA@@@@AB@@A@ABAAA@A@@@AA@AA@AAG@EBA@ABC@@@@BA@@@A@C@C@@@CA@@CAA@A@AA@@ABAF@@@D@BADBB@BABA@@@@@A@@BA@@@C@A@AAA@@BAB@B@B@B@B@B@@AB@B@F@@@B@BAB@B@B@BA@@@@@A@@@@@@DAB@@A@@ACA@@@@C@@BA@@BAD@B@B@@DBBBB@@@@BAF@BAB@@CBA@A@A@@B@B@@@DA@AB@@@@@BB@@@@B@@C@@B@@@B@@ABA@AB@@AB@BAB@@AB@B@BCBAB@DA@@BAD@B@BABBDA@A@@B@@@B@BAB@B@@BBB@@B@@@BC@@B@@AB@B@BAB@@@B@B@@A@@BA@@BBB@@@@ABCBA@AB@@AAA@@BA@A@@@BBBB@@@BA@@@@@A@A@@@AB@BA@ABABAB@B@B@@A@@@AAAAA@A@ABA@ABAB@BAA@AA@@@@@AB@B@DQLGHGFE@MBIAOCGDEFMHIBKBADAFGDKD@@@@YFKFMHYNQHE@QKACEBKLEFCCCEAE@GAIOOCAC@ONE@O@I@KDIBEBCCCAGUCMGEGASFKDKCEGEGAE@CBADE@C@GBCHEJAJ@FABADEBA@C@A@CAC@C@A@ABGBC@C@AAA@CAA@@@CFI@A@AAAA@EIAA@@@A@ABCBA@@BCAA@AACCC@CAG@A@C@CAA@A@A@ABCBCDEBA@C@AAA@ACC@A@ABC@G@A@C@EAAACAA@A@A@EBC@ADC@ABKDO@AAE@AA@@@ABAB@BA@@@@A@C@G@A@A@@@A@ABC@@BA@A@A@CBABCBC@C@CAC@EBC@C@AD@@@B@@A@@BE@E@AAE@E@ABAD@BAHIDA@AB@H@DADA@AD@DADADC@@@CBC@AEI@C@EBE@E@ABA@AB@@CDEFCBC@A@A@AAABA@@B@BA@C@@@AB@BADAB@@@BBB@DBBBB@D@F@BA@ADC@AAA@CAACCAAA@@@ABCBCBCBA@C@A@CACAA@ACCCAEEGIIEEGEGEEA@AAAAGCQ@A@AHEBA@AAACEQRC@MGCGAC@@CCCAEAGIACCACAKEA@A@EBCBADAB@@A@ABC@EAG@A@GBCBA@ABIACACAA@IAA@A@A@GHCBEBE@CAEAAAEGAA@A@CA@EBCBCBCDCFCFADA@ABC@CBE@CBCDCFCBCBCDAD@DAJ@DBP@BADABADABEBGBEBGDCBC@AAC@C@A@ABAB@D@@AD@BBB@@B@B@BAB@@ADCB@@@B@@@BB@B@DAB@D@BAD@DAFEFADCH@F@BB@DB@@BFBD@@D@HBDBB@BBBBBAJCD@@@@B@DAD@BADABAB@BA@BD@B@@BB@DE@E@IA@BABABCBAD@BAB@B@B@D@B@B@B@B@B@B@D@BAB@BABA@@BABBB@D@BAH@BABA@@B@B@BFFBFBD@J@BBBDDB@B@BAB@B@DBBD@B@D@@BBBBJDDD@BBB@DADADAB@D@@AD@D@BAJBD@B@@BFBDBDAB@DAFAB@BC@@@ED@@A@KCE@C@ABCBCDAFADFRBH@@ABCBAB@@ABB@@D@BA@A@ABCBAB@D@B@BA@@@A@C@A@A@@BCDAD@@BBHB@@B@@@@B@@@B@DABADA@B@F@D@B@DDBDB@DBB@DBBBB@DBD@F@BBD@B@DB@@BBBBBBBBBBB@B@DBB@DBDDB@DBB@D@@@DBB@BBD@DBAB@B@BABA@A@@BA@A@AB@B@D@DADCD@BABA@ABADABEFADEBEBEDCBCBCD@B@D@@@BAD@DBB@@DBB@F@D@BBB@BDD@BBD@D@B@@B@BBBFFDD@B@BADAB@B@B@@CBC@A@@BA@@BABAD@B@B@B@BADABAB@BA@@BBB@@BB@B@@@B@BDD@B@@@@ABA@CBAB@@@BABABAB@BCBAD@@AB@@@BBB@@@@@@@BBB@B@F@BBB@BBDBB@B@@AB@@@B@BB@BBBBB@BB@@@B@B@@@B@@@B@BABEDABADBF@DABADCD@F@DBBBBBBB@BB@BBB@B@F@B@D@BBB@@B@BAB@DBBBBFHJDHHHBD@B@BABA@@BAB@BBD@DDFDFBBBD@B@B@@D@B@DAFAFAB@BBLDB@B@D@DAB@DC@@@@BABC@C@@B@@@B@@@BB@@@@B@@@B@@@B@@@B@@AB@@@B@@@@AB@@@@@BA@@@B@@B@BBDH@BA@AB@BBDDL@BABA@A@AB@BABAB@B@BDDDDBD@DA@ABABA@AB@@@@@BBBFDDBF@F@BBBFBJAD@DBJ@@ABABCAAAA@A@ABAB@@@B@DADAHCNADABBBBBFBDBFDBB@@DCBAFEDADAHAB@BCBCDCB@FAD@D@FALG@@D@JEL@L@LBDAHELEBABADADC@ADA@@@@D@FBJDDBD@F@JCJ@DBDBBB@D@BAB@B@B@@FHBBBF@@@@B@DAB@DAD@D@B@BC@C@@B@BBDDB@BB@ABA@@A@A@@@AA@A@A@AD@D@DA@@B@B@B@@A@A@@B@@@DBBBB@B@@@BBD@DAB@D@@@B@@B@D@@@BBBDBBBB@@B@BAB@B@F@BB@@@B@@B@@@DAB@BA@@BABABCBEFGHCDCFEFGJAHCD@DBDB@F@HBHDDF@FAFAFCBCDAD@B@BBD@@@@DDBDD@DBD@B@DADABAB@FBHD@@@@@B@BCDAD@BBBHFB@@B@@@B@@@@@BD@DBDBF@B@DADEB@B@BBDBHFD@H@F@D@B@F@B@@@B@DDFJ@B@@B@BAB@@ABGB@@@B@D@LFB@@@@A@@@CIACAAA@@BABA@@BA@@FAF@F@D@D@HDB@DC@@@AAAB@@A@AACECCEB@@AD@FBD@DBBDDDNBB@BCBCCCAIACAGAEBKDCFGDADCFCBADBB@BABABA@AB@B@BDDHFFBADCB@FAD@BBBD@FFDFBD@HCHGH@FCBB@ZDFBNFL@B@BCAC@A@@B@BBB@B@BADABAB@BBBD@JCDBDBBDD@BABM@AB@BCBGC@ABAD@@A@@EBA@CBADEDAFIBAD@BBBAAAD@BAFEHMB@BDFFBBDBD@@DDD@DBDB@DBD@D@F@D@F@D@BB@F@BBBB@PG@A@AAIBCDAD@H@FEHGHE@@BB@@@H@BBBLD@B@DAHBLDPAFBDBB@DBBB@@A@AD@DFDHDHDBDDBF@B@@ABABBBBBD@DC@CAAAACGAAAC@CAE@K@C@@@@DBDFDHBDFJTTHBD@BADCDEDCDCDAB@B@BBBBHDHDJFFDFBF@DBBDB@B@B@DCDCBG"],"encodeOffsets":[[103763,25968]]}},{"type":"Feature","id":"532326","properties":{"name":"大姚县","cp":[101.323602,25.722348],"childNum":1},"geometry":{"type":"Polygon","coordinates":["@@@@B@@BB@BBB@B@D@DBDBBBB@@BBD@HBDBDBBNDLFJJHHDFBBBBDBDB@B@B@@ABABCB@BBBBBBD@BABCBA@E@G@EBGF@DDDLJLFLBJBHFLLDHBH@FBFFJBFAHAH@D@FDLDHDFBDD@BBABCBE@EAABCFABIPIPCBEAKEGACBK@SRGLABCN@FDFBB@B@@BB@BFDDDBDDJDDDFDBDBD@DDDBB@D@DBB@BDBDFF@D@B@B@BADC@@BA@A@@B@@@B@B@DBF@@ABABCBOHCBCBC@E@A@AB@D@FAB@BAF@BBFBF@F@BBF@DAD@B@DBD@DAF@D@F@B@B@BBBBDBB@F@D@D@BAD@B@DBDBBDFBBBD@D@BAD@@@F@F@DBF@DAFAD@D@FABABEDABAFCHADAB@@@@@BBBBB@@BBBDDB@BBBB@BB@BBBBB@B@D@BBDBB@BBBBDBDBDBDBDBB@DBB@BBB@BBBBBBBB@DD@BFDBBDFBB@@DDB@BBDBDBDDDBBDDBBBBB@BBBD@BBBBBBDDBBBBD@BBBBDBBBBBBB@@BB@BB@DB@BDBDDDBFBFDBBBBDBB@BBDBFBFBFDDBDBD@DBFDHBFDFFBBBBDB@BDFBB@DBBBDBBBBBBB@BBBBBDBBBBBDBBBDBB@BFDBBBBBBB@D@FBBBBDB@BBBBF@BBF@B@F@D@B@DBFBDBB@DBJFBBDBBBBBD@BBBBBBBBBBBBB@BBBBDBDBBBDBBBBBD@B@F@F@D@D@B@BBD@B@BBD@F@BBD@D@D@B@D@D@B@D@B@D@B@D@B@B@D@BBD@BBBBDBBBBBBBDDBBBDBBBDB@BBBBDBBBBB@@BBD@B@F@FAB@B@D@BAB@DCBABA@@DAB@DAD@FAB@HAB@B@B@DBD@DBDBFBDBDBD@HBDBB@DAD@D@FAB@DAD@B@D@D@BAD@BBD@BBBBB@BBBBB@B@DBDBFBFBDBD@J@DBB@F@BBDBDBBBDBB@BBD@DBF@HBDAD@FAD@B@B@BBDBD@DBDBBBFBFFBBFDFDFBFBBBFBDBD@D@BBF@B@B@FBD@F@B@D@DAD@DAD@D@DBDAB@B@B@BADADABADAB@EAC@A@C@CAECIKGECIQUMKWMCAGAEAC@CCECA@AA@EDOBKGO@EAQEUEOASEG@ECEEEICEACGACAABKD@FBD@BAFCLAJEV@L@LCF@F@REPIDOGKGEYAQEEAAI@MDQHSLIFEAACA@C@GDCBCBCHOAA@@AMEAAA@EAACGQUDEBEAEEECC@KAKEICIAUBG@EMUIIKCICE@IBAAAC@ABANADAACAAFMCCACF@D@BABA@AGCG@A@CC@GACAEEEGC@AD@J@BAAAACACFABABEFGB@LDLBFBFJNPBDHBTCH@BAD@FMBABCDKBABAF@DBFBBBD@@@BAACAC@E@CB@J@DABAD@FBFDBBB@D@DGRCLELM@KGO@IBKDI@IESCK@GAK@IBIBKBEDGHGHILQNGFCLAHTFRBHBDAH@DBBBBB@NGHCB@DAD@DDBBB@B@D@BA@@@E@A@AB@H@DAFCBAAA@ADC@@DA@@BABABABABA@CBAJEDAFAF@B@@@B@@ABA@CBCFED@@CBCBAB@B@BBB@B@BADCB@B@NFDDB@B@B@BA@@DC@CBBJ@FAbELBH@B@FEB@D@AC@@@A@A@A@ABAAE@E@ABABABAD@F@HDB@D@BB@ADEFCFAFELKVMDAD@FBD@B@@AAAMOAC@EBC@A@@DAFCB@FAB@@A@@@A@A@A@A@@AAA@ACCC@ABC@ACE@A@AHIDADAD@B@B@BADA@A@AAA@@@CAACAIEAAAEAACA@@@A@ABCFC@@@AS@CBCBC@@@A@CDA@@@AA@@BE@@AAC@@AEECC@@AAA@@@C@A@E@CBCAGACAAAAA@@@A@A@A@C@C@AA@@@@AA@A@@@ABAACCACA@BABC@ACCCG@A@@B@BA@ACAA@A@A@AC@@@AB@BABC@C@CACCCAAAC@AAC@ABANABCBA@AAACCEEAAAA@ABAHAV@B@HFABCBC@ABCBAB@DBBD@LFLFFBFBB@HLB@@@B@@CAA@G@@@A@@@AA@@@@BA@@@AAA@@@ACA@@@@B@B@@A@@@@A@A@@@C@ACE@CACAC@CGIGGAE@EBEFEHAHAF@DADABADBLFDBD@BABCFGBA@@B@BD@@B@F@B@B@DEBCAK@AGAIECAAAAACAC@E@G@@@A@@@@AA@@A@@BCBC@A@@@AEE@AAACGAA@A@A@A@ABABCBA@A@@BIBABC@A@@A@@@@@C@A@A@A@@@QIEACAA@C@ABCBA@A@ACAC@EBCAAABAA@A@A@C@ABCDAACAGEECEA@@AA@@BA@BRAB@@AAA@A@A@A@ABA@A@AE@@ABABA@@@A@A@@@@@@A@@@A@@@@@AA@A@ABE@ABE@E@GAC@@@AB@@@DAF@@A@CAA@@@AB@BA@CJE\\ALBJ@JADEDGFEBEA[QECABA@ADCDEDA@@@MFKLIFQFWB_AOCOCIGMIKEKAGBKDIAICCCEBCFCBBHCF@DABI@I@E@AC@M@CCAEFA@C@AA@CDE@E@CC@G@IFIBG@GDMJSLEDKBG@ED@B@BBFABABB@@BDFA@CBA@ABE@AACCCCCG@EAE@CAAAAC@AB@DABABAAGACA@A@AD@BABAAA@@CACACB@FGBAACCA@E@CBBRGHIHEBG@CB@@@D@BHDDBBB@DK@IAKBIAMDGDA@E@A@@ACAA@ABAD@F@FCBACAAC@A@ADC@A@GCGEEIGGCAGBCB@JA@EBADBD@FDD@DEEAB@BA@ACA@ADBDBHBL@HADE@E@ADBH@DFH@DCDIBC@CBAFDBH@BBAD@DA@ABCAC@AB@B@BBBDDBBADCB@@A@ECC@GBAHA@ABCAEAECE@CA@@AAAAC@CBGAE@A@ECAAA@A@@AAB@B@DA@C@CAC@ADCBGB@DATCDEBEFAH@TCDEBIACCCAGGIAGAI@CIAMAEACE@@BCB@@A@AA@A@ABAACACCCACCCEAABCDA@C@CAEAEFADBD@BGBCAECC@KDG@G@CBCH@DFHDH@DEDEDGBBBDB@B@@CBABE@A@ADA@@BA@CAIAC@GAEAEACACAA@A@ADA@@@AB@@A@C@FHLLBHBJ@BAFCBA@CAEAC@A@@BCBA@A@A@CACAC@A@GAGCE@AACAA@A@@BBDDLBDBBDBDBBBBBBDHJ@BADEFEF@@EHQRADABCRADADABC@C@E@E@@@A@@DADBB@BABAAEAIBCBE@@@GH@@CBABAD@D@BCF"],"encodeOffsets":[[103311,26443]]}}],"UTF8Encoding":true}