{"type":"FeatureCollection","features":[{"type":"Feature","id":"540322","properties":{"name":"贡觉县","cp":[98.271191,30.859206],"childNum":1},"geometry":{"type":"Polygon","coordinates":["@@BAB@BABABADABABADABA@@D@B@B@BBB@B@D@DAH@LCD@R@N@LCJABAB@BABCBIBCBC@@BAB@@BBBBDDDFD@A@@B@DCHIB@B@J@D@D@BADABABABEBABAFEBCBCBABAFCFADCBE@C@AD@D@HBDBBBNHBBD@BB@DBFBBBBDDBBJBBB@DABABADABGDABAB@DCBS`OVG\\@XBHDFXPTLDBB@D@FCDCBAB@FFD@D@HEDEF@FDLD@ABAAUBCBEDCBEBILODCDAFCPGHMBGBCB@N[JILUVINFLLX@NILMRQRUJOFIDSLQLIJGJILGJDRCTQFMHOLYNKZOXONKNITCP@NAVOLSHSJIREFADCTCLDPHX^HDRF\\DHFDFDPDD`SF@VFrLX@VERIdKVMJC\\AbBTAFAFAF@F@HBFBHAHAH@DDFBJBLAL@FELIHCHCFCNGNEHEFEBCBAD@D@ZHPJDDBB@FCFCHADL@HAFC@@BEBIDCPGJEHA@CB@@A@@BCB@@CBGBCD@BCFEBC@C@E@EAK@AEICECEAI@IAE@CAIAEAA@ACEAECACECEECCEAGACAE@C@A@@AAACAA@C@@@A@@@AB@BABCBA@C@C@C@ABABCDCDCLGDCDABCDADADADAD@DAB@BABAF@FADADAB@B@@A@CBA@ABCBADABADAB@DAHCDADCJCFABABABADGDG@CBA@E@EBA@AB@BAFAD@B@F@F@B@B@BABAFCBABE@CAE@E@CDC@E@CBEDAFBHCDEJGDCDCBEFCJCD@H@H@DAHCLCNCHCJALADCFEBO@E@EBE@EBCBEBCBIBCAGAECAGCAAGAI@E@GACAAC@CBC@CCEACGCIAC@G@KEA@EAE@CEAC@EBG@E@ADIDEBEDE@C@CBG@EBE@CBEDEDCBCDEBCBC@C@C@EBE@E@CCCACCCBE@CBEDCDADCBABABAF@DAD@BAFE@CBC@CACAECCACCEEEGECCAADKBC@G@EFAFCDCBA@CAE@C@AACAAAC@A@CACAAAEBE@EBC@ABADEBGBCDADEDCBABE@@@A@@@GAAAC@AAABC@C@ABC@CBA@ADCBABABEBADEB@@CBADEBABEDADEDE@C@E@C@C@G@E@A@E@A@AA@AC@@AABC@E@ABC@IDK@A@@BA@AB@@AB@BABCBABABA@A@A@@@ABA@A@E@A@CAC@A@C@A@CAAAAC@AAAAA@@A@ABG@@@A@EAC@A@A@A@ABA@ABABABCB@BA@C@A@A@AAAACCA@CAA@CAA@A@C@CBABADADCBABADABADCBABA@A@AAIAG@A@C@A@AAC@A@A@@@ABC@ABAAA@@IBG@E@C@EACCIEECICICGEEIGEAACAE@E@KDMFEDE@GBGBGFONGDYDUC[KeK[A]BQB[J]NQHIFKTEVKPSHSEOKGIGUAQNSFMAMYIUESKY@UJQHQF[NOPSPYBUFUCMMWMSGOGGaBcEYGKGQC]IGmJADMPS`OfO`O`E^KXMXMTUXY\\QX@BCDCFEDABCAC@A@ABAJCBABCBGHADCJADABCAGAIAC@ABCDEFEDGDABCF@BBJ@DGHGRCN@DAB@BAB@B@DBDBBDF@BBDBBFBDBPJTLCT@ZDJDNTZPFLF]VQBEHMHMLKVkpMNEXNRLRIVKZORSAUASP[RYXQPYVYJQJURK\\EXG^WXYJWNS\\ONYNg@QRQTWT]REF@DLLJFLNERG^QV[JWFQF@RJPVZPZANAXWTOLCBCFGFABCBABCL@BCDA@@B@F@DB@@@ABA@ABC@ABED@B@HBD@BA@G@CBA@@BABAFCLABADAD@B@J@D@@ADAB@F@J@BA@@BIDC@ABGH@B@DAB@BA@CHAD@DA@ABA@ABC@E@EAE@G@A@c@k@aEWCKDEHAD@DJJN`LfL`JVNRZThLXFRPTHLJB@@BA@A@CFAB@BABAB@BCDADCBABCDABABAD@BABCDBB@BD@DDB@@@BBA@CBADA@CDCBCDA@AB@B@DBHFH@BBBBBB@@@@BBBBB@@@@@BAB@@@BAB@@@B@@@@@@BBDB"],"encodeOffsets":[[100292,31996]]}},{"type":"Feature","id":"540325","properties":{"name":"察雅县","cp":[97.565701,30.653038],"childNum":1},"geometry":{"type":"Polygon","coordinates":["@@FGLCXDbFl@d@B@H@F@FBF@D@BAB@BAB@@CBCDGB@@ABA@C@AHGBAD@JC@AB@@A@I@EBABC@@@C@I@ABCBCBADKBEBA@AB@DAH@B@@AAC@G@AFCBAD@BAB@BA@@A@@C@E@AB@DC@ADKBADABAHEDEDAPKXSBWBMOYUYIO@QREXE\\IRUH]FQKMIEKK@CFE^QXSRSRQh@ZMPMT[XMZIXWH]FWL[VQRIZIZUROZW\\QTOVBTBPQLYJUKQMQFWNMloLUNKNGFGRA^UKEOESYCMCI@YDSSKOICAEAAAAC@ACEAAAC@C@ABA@ABA@CDMHQHG@CAI@ADEBAHCFCFEDCBAD@JBHBDBBABCDIBCHGDABADABIBAB@D@DBBAFCDEDC@ARWZ[VWNSNWLWF]P_P_PeT_NOBCCEGCGODQDOB[EMKUWGQFIPMT_NKYD_GU[YYOcMIEGYDQMMW@ON[PYFaH[RWRADA@ABG@C@@@ABGHA@@@A@CAAA@ABA@E@@CGACAC@K@EMOGKAA@A@ABECCCACCCAAAAG@CAAAAAACAACEG@@A@EBC@C@CA@@@B@DABABADAHCDABCBIHAF@DGFADCLADCDKDEFCDC@CBC@CDIHSG_DYPOHORGN_AUCYI_@WHOLOBQIOE]FDPOZSJONGXWVKPOXYLS@Q@SGSIW[QESD_L[P]BcBWB[BcHaJeT_NYRUPUGUCOHEJGFCDCBCBEBG@A@ICA@C@C@CAEAC@MGE@E@EBQ@EAC@E@A@ADINCDIDCDEJAD@D@DDD@D@BAB@DAB@B@B@BABBDBDB@D@DAF@FBRNDD@BADAFGFUNIDADABA@CBCACBC@A@CBCBABCDADCB@BADABCBA@@AC@CAA@CBCBCBEDOPQXMZE\\BPDV@POV]JUJYRMJCFGNA`IVEZOVIJYZ]VKTCHIZMXYVOHSM]AUCM]KWIOMOWFEXADOV[XUXULWJYHUHKNCX@RBTFVPXVDNBB@FFDF@DCHEDGDOBCDAJEHAFEFCJ@@@BABABABALADBF@DBDAFADCFADADEHAFEJ@DBFVHBFABCF@D@DCFEHGFIDED@D@@BBD@NBH@JAHAFADEDEBATBD@D@BBBB@@DBD@N@B@THRDN@DCBC@K@AEEEECE@EBCDADA@AAE@CDABCFAFCD@PHLLDFFDTHR@H@HCD@FBHDLBFBDD^RBB@F@FCVGLEP@FAB@B@BCD@@ALADCFEDCHGFCBAB@DABCLCN@@BBFBNDB@L@H@NFDDA\\DHFHRtBBEN@LJXFFbHPFTCXCRMVGRGZBXFJJ@BABCDCBADCBADEFA@CAC@G@A@E@AA@@ABC@CBABEBA@A@@BAADDBDBD@B@@BF@BBB@DB@BDBBFDDB@BDD@@DDBB@BB@BBBBB@H@B@D@B@B@@@@@HNDN@VCZMRMT[XMXJ\\HDJFPHPFDJCFJ@DBJPJJHLBD@J@F@PDTBBBBF@JAHCLAF@BBJJ@HGN@DFH@FD@D@LGDCPIHCDCBCFMD@F@HBV@PCJAD@b{HIFEFCJAHAJBFBF@DAJIHELGJANBH@PERGHAPCLAHATBHANCRKHAJBH@J@FAJEJAZKFCBE@GLGDEB@D@FDFFX^FHFDVHPHrTDBB@LE"],"encodeOffsets":[[100203,31817]]}},{"type":"Feature","id":"540323","properties":{"name":"类乌齐县","cp":[96.601259,31.213048],"childNum":1},"geometry":{"type":"Polygon","coordinates":["@@B@@B@@@B@@@BBBBB@B@@BB@FCVGPAHBDNBHFBFBPJXBFDB@@@@BB@B@B@@@BBBB@BB@B@B@@BBB@BB@@@@@BB@@BB@@B@@BB@@BBBBB@@BB@BB@BB@@BBB@@@B@@B@@@@B@@@@BBB@@BB@@B@@BB@@BB@@BB@B@@@@@@@@@B@@BB@@@@@B@@B@@B@@BB@B@@BB@@@@@@@BBB@@@B@@@@@@@B@@@@@@BB@@@B@@@@@BB@@@@@@B@@B@@@@B@@@@@B@@@@@@@DBB@@B@B@@@B@@A@@@@B@@@@B@@B@@@BA@@B@B@@@@@B@@A@@B@@@DB@@B@@B@@B@@@B@@@@@B@@@B@AB@@B@@@D@@BB@B@@@B@@@D@@@@@B@@@@AB@B@@@@@B@@BB@@@B@B@@@B@@@B@@@B@@@B@@@B@@@@@@AB@B@B@@B@@B@D@B@@@B@B@@A@@A@@A@@@AB@BAB@@@B@@@B@DBB@@@B@B@D@BA@@BB@@D@@@B@BAB@@@B@@@BBB@@@@ABBB@@@@@B@@@BBB@@@@B@@@@B@BAB@@AB@@@B@B@@@B@B@@@B@D@@@B@B@@@B@@@@@BA@ABA@@B@@@B@@@@@BA@@@@@ADA@@@@B@DMGaHUDED@H@FGFCDC@@ZWDCFCHEHGFIJIFADAD@H@LD@@BABABCDIBC@A@@BCB@B@FBB@BADAB@B@DBBAB@FCDCFAHCF@B@@@F@FBBAF@BABA@AAE@C@A@C@AB@DANAJAH@D@D@BB@@D@DDBBBB@A@@@CBAFCB@DEDC@@B@DCBGBM@I@E@CFKAG@EBEBC@C@AAE@G@C@ACIACAA@@BCBC@ABA@ABA@C@C@C@E@EBEBCDCBCDADAH@N@XHLBD@B@D@DAB@BA@ABAFCFAD@B@HDB@@BBD@D@BBBD@BB@@@B@@CBCFAB@BB@BBD@@@BB@D@B@B@@B@FBDBB@BB@@@D@DAB@DAB@B@BBD@F@D@FADAD@D@B@@BD@BBBBBB@F@HBF@F@HBF@DDBB@BBJ@B@DAJ@DAD@@@@@B@B@BDDBD@B@D@B@B@BBBDDAB@@@BADCD@BEDADCDABAFABCBEDADADAD@BADABABCDABA@ABADABAB@@@D@BBFBD@BFFFFBB@BABGFQJKHIHIBGDEBEBEBIDKDA@AD@FDJBHDH@B@B@DBD@BAJ@HELCJAB@HDFLPJDLDJ@D@DB@D@@FJ@DBB@BDB@@BBBB@@ED@D@BB@BB@B@@FBBDB@@B@BAB@@EBAB@@BBBDFD@D@BABC@GBC@CBCDCD@B@DADCDCDAHCDCHAB@B@B@@@@@@@@HBB@@@B@B@DB@@DABBB@B@@AB@DABA@@@@PBB@FBD@BBHHFDFBFBDBBBBBBBDH@@@BDFFBHDD@BBB@@AD@FEHAD@HCLANAPCL@EJ@D@D@B@D@F@B@RLHDN@R@FCDCRkDI@IAQ@EDG@ADCHIDC@C@AAI@K@E@ABCFIBEDEFALEFE@@@@FEDGBEAGBE@ABI@A@GB@DELGJGDANGHCHGDABCBA@@BE@@@AB@@@BAB@B@B@D@BAF@DAFAB@DAFCFCDAB@LEFEB@FCHAHAFAFCDCDG@CBABADCDCFAFAFCDAFADAHEHGLGDADCFADAF@FDDDFJ@@BBD@DBD@D@DBB@DDBBB@DBBBBBBBDBDBDBB@DBDDDBB@B@@@BAB@DCDCFIDEDCDC@@DCFEFCFCFADAB@HCLCF@D@BBDDHDDB@@@B@BAFAJ@B@B@B@B@BB@BBB@B@BBD@B@BAD@FANEFADADCB@@@@ABADCDEAECG@KESAOBYFUNQHQNABBBBDBB@FBBAB@BC@AB@D@D@HD`HF@D@@ABE@A@EAEBA@ADCAEBABABCBABG@ABABA@CDAD@H@D@DCJK@CJEJAHADC@A@AM@I@IDCDCBCAEAMIIS@G@CBGAECACC@C@ADCB@BBF@H@DABABA@A@A@A@@BABAD@F@B@BAB@@@@A@CDC@@DCJGJEBA@C@CGG@A@ALMDABADAD@BABCACAA@C@ABCBCBCBA@AAACAE@C@@A@@@ABCFEBC@A@CCEAA@@@CBABADAB@B@DA@A@EBADE@ABA@C@GBCBAFAB@BABCBAFADCDADADABABA@AAAAAACAA@A@C@AA@CCC@M@CAEAGKEACAC@I@A@AC@C@A@ADABAD@F@\\EF@LCBA@A@@@AC@E@CAECQMWKECACCKECAAAAAABC@AD@FAL@DBDDBBH@B@@D@D@DDFDBLFFDFBDADCRMBCDC@EEC@ACEBABAXED@@BCJBBNDDAFADCFAHADC@AGMMWCIAAA@AAA@AAAA@AAICE@KM_KKECC@Q@GCMCI@KBGBE@AAAOiuOUIE@@EBCBEDEBA@A@KIAA@ABADAFABAHILCDAH@F@JCB@F@LBFDJFDBD@DBD@NELCDAFCDCDEHABAFEBGBIDGBAF@]NGFEBAB@@@@AA@CAA@MIA@GB@@AA@E@AAA@AEAAA@AAA@E@ACE@K@ALATK^]XYPKZSTKTINCFIDOCO@E@@@@@@ACBQFSLUFODSCMKGMBIDMHMPYROHQNcLaL_LOFUBWEUKMGMICSI_KUGIKMA]EQCCCEIECCGEMGM@]PILMLOLOXGHQJQ@]EOE]UMIMQCUKQQUWISBQJOLEFEHAJOXID[@K@SIMGE@GBCFAPAFGDQDKBSBQEIEMIOBKCKBIDYLIFIFGFKCOQI@QPA@AAC@A@@ACE@CBCDGBG@CBABEBA@A@EACEECEAC@C@CBC@@A@OFIDEBGDCBG@A@CDCBEBCBCDCDADCLABCBEDIDKFCDEDABADA@ABADKHEFEJEFADC@C@C@EAKAEAEAEAMECAA@@BEJABEBCBIDEBG@CBCBEDCBKHEBGDMFC@EDGDQJCBA@@B@B@F@BCL@BABAB@@BBDFBD@@@BABGDOHA@ID@B@BBBDDJFLDBBBBDFJXDFDDB@FA^IVERAJAFADADC@A@CBC@@BA@@HCRGPCD@DBJJFHHFFFDDDD@BBDAL@BBD@BFFB@@BB@FD\\TLJNHDBBBH@TCNBJAH@FHHFBBB@HAHAD@D@@BDB@BAFCBAD@@@BHJ@D@@@BCBE@CBABABALAB@@C@I@A@A@@BAD@DABA@EB@@CDC@AAC@C@EBCBGBAB@@FFBDFHBFBDBDBH@B@B@HABE@EBMFSBYD]HCAKAEBIRGHG@GAOIGAEDEJEFQDSFQJIDOFGBABADEJGDSFQHMHWFI@IAKBWFCBGFAJCNIBEAMGAEEA@HBLFLBFBDBHDFBD@DBD@F@D@DABADEFEHGJCDAD@B@B@D@BBDDD@BBB@BBBBAFBFBH@H@L@D@DBD@IHCBCLEJEDCBG@EAICCACBABC@CDCDCDCDEJAB@@A@IEKEAAA@A@CFADADAB@@@@CF@@@DBDDF@D@DCFAD@D@DBF@DABABA@G@CAECSSGECCC@E@@AEAA@AAAAAA@AACEIACCCAACAA@@@CBA@EDGD@DGDEBEDAF@DBDDDDD@D@BABC@ADBDBD@D@F@BQLQHYJUVUTUPMVSVWXWPSHQ@YAWDMZM`EhA\\B`BZWLM`JZNPPZF^@VANAFB@@BB@@@@BBB@BBBB@@B@BB@@BAB@@@BAB@B@B@@@B@@@@@@BBB@B@@@BB@@BB@@B@BA@@B@@@@@BB@@@@B@@@BB@@BB@@"],"encodeOffsets":[[98150,32466]]}},{"type":"Feature","id":"540324","properties":{"name":"丁青县","cp":[95.597748,31.410681],"childNum":1},"geometry":{"type":"Polygon","coordinates":["@@@@B@@@@BB@@@@BB@@@@@@@@@@C@@@@@@B@@A@@@AB@@@BABA@@@@BA@@BA@@@@@AB@@@@@@@B@@@@@BA@@B@@@@@BA@@@@B@@@@@B@B@B@@@@@D@B@@@@@@@BA@AB@@@B@@AB@@@@@B@@@@AB@B@B@@@B@@@@@B@@AB@DA@@@@@A@@@@@A@A@A@@@@BA@@BA@AB@BA@@B@@@B@@AB@@@@@BA@@@@B@@@B@@@@@@A@@B@@@@A@@BA@A@@@@BA@@@@@AB@@@DC@@BA@@B@@@@@@@B@@@@@@@@@@@BB@@DHB@@BBB@B@@B@@@@@BB@@B@B@BB@@B@@@B@@BDB@@@@B@@@D@D@D@D@@@B@B@@@B@@@@@@AB@@@BABA@@@@B@@A@@B@@@@@@@B@B@@@@@B@@@@BB@@@BB@@@@BB@@@@@@@@B@@BB@B@@@B@B@B@@@@@@@@@@@BA@@@A@@@@BA@@@@@@@@@@B@@@B@B@B@B@B@B@BBB@@@B@B@@@B@@@@@@B@@@@@@@@@B@@@@AD@B@B@B@B@BA@BB@@@B@@@B@BB@@@@@@@B@@@@@B@BAB@B@D@BAB@B@@@B@@@B@@@BBB@@@B@@@@@BBBB@@@@B@B@@BD@@@B@@@BBB@@@@@@@@@@AA@@A@@@@@AA@@@@AA@@A@@@@AA@@@A@A@A@@@@@A@@@AB@@ABA@@@@@A@@@A@@@@@@BAB@@@B@D@@@BA@@B@B@@@B@@@B@@@B@BA@@B@@@@@@@B@BB@@@@@@B@@@@@@B@@@BBB@@@B@@@B@@@@@B@@B@@@BB@@BB@@@@B@@BB@B@D@@@@@B@D@@@@@H@D@@ADG@@@@@@@@BA@@@@BAB@@@@@@@B@@@B@B@B@B@B@B@BB@@@@B@B@@@B@B@@@@@B@B@@@B@B@@@@@B@@@@@@@@@B@BB@@BB@@@@B@@BBB@B@@B@@@@B@@A@@@@D@@@@AB@B@@@@@@@@@@B@BAB@@A@@B@@@B@@@@@@@B@@@BB@@@@@@@@@@@@@@@@BA@A@@@@@A@@@@@@@@AA@@@@@A@@@@@@@@@AB@@@@@B@@@BA@@B@@AB@@@@@@@@A@@@A@@@@@@AA@@@A@@@A@@@A@ABA@A@@@@@@@A@@B@BA@@B@BA@@@@B@@@@@@ABA@@@@@A@AB@@A@@AC@@@@@@@A@@@@AA@@@@@A@A@A@@@@BA@A@@@@@A@@@@@@@@@@BBBBB@@@@@B@@BB@@@@@BAB@B@@@B@B@B@B@@@BA@@B@@@B@@AB@@@DA@@B@@A@@@@BA@@BA@@@@BA@@@@@AB@@AB@@@@AB@BA@@B@DCBABA@@@@BABA@@A@A@ABA@@AA@AAC@AC@@AAABAA@@A@AAAA@BA@AB@@A@A@A@@@AAA@A@ABABA@AAA@AAABA@A@@@A@A@AB@@AACC@@A@A@A@@@CCAAA@A@ABA@EAA@A@AAA@A@AAA@CCAAA@AAA@@@A@A@C@AA@@A@A@A@A@C@KBE@A@E@C@EAG@A@@@AA@@A@CBA@@@A@@@K@AAE@A@@AA@@AC@A@AAA@@A@@A@CA@@@@CC@@A@AA@@A@@@@BA@A@A@A@A@A@A@@@A@A@A@AAA@A@A@A@CA@@A@AB@@@@AA@@A@@B@@A@@@A@@@AAA@@BA@A@@@AA@@A@@@A@@@A@A@@AA@@@AB@@@@A@A@A@A@@@A@@A@@@A@@@AB@@@@@@@@A@@AA@A@@A@@A@@@@@@@A@@@@@A@@@@@@@@@@@@AA@@AA@@A@@AA@@@@AA@@AA@@@A@AAA@A@@@@@@@@@@@@A@@@@@@@@@@@@B@BA@@D@@@@A@@@@@@@@@@@@@@@@@A@@A@AA@@@@A@@A@@@@AA@AA@@A@@AA@@@@@@A@@@@@A@@@A@@@@@@@A@@A@@@@AA@A@A@@@A@A@@@A@@@A@@@@@@@@@@BA@A@@B@@@@@@A@@@A@@@AA@@A@@@A@@@@@A@@AA@@@A@@@@@A@@@@@@BA@@@@BAB@BA@@@A@@B@@AB@@@@AB@@@BAB@@@B@BA@@B@BA@@B@@A@@BAB@@A@@B@@@B@@@@A@@@@B@@AB@@@BA@@BA@@BA@@BAB@@A@@BA@@@@BA@@@@@@@@B@@@@@@@@@B@B@@@B@@@@@@@@@B@@@@BB@B@B@B@@@@BB@@@BB@@@@BBBB@@B@@BB@@@@@@@B@B@@@@@B@@@B@D@@@B@B@@@B@B@@@@@@@B@@@@@@@@AB@@@@@@@@@B@@@@B@@@B@@@@@@@B@@@@B@@@@B@@@B@@B@@B@@@@@@@BBB@@B@@B@@B@@B@@B@@@@@B@@BB@@@B@@@@AB@@@BBB@@@B@@@@BB@@@B@@@@BB@@@@@@@@@B@@@@@D@@@@@B@@@@@@@@@B@@@@@D@@@BBB@@@B@@@BB@@B@@BBB@@B@@@@@@@B@B@@@D@@@B@@@B@@@@@B@@@@@B@@@B@@@B@@@B@@@@B@@B@@@@@@@B@@@@@B@@@B@@@B@@@@BB@@@BBB@@BB@@@@BB@@@@BB@@B@@@@@@BB@@@@@@B@B@@@@@B@@BB@@@@@@BB@@BBB@@@@@@B@@B@@@@B@B@@@B@@@@@B@@@@@BBB@@@B@@@B@B@@@@@@@BB@@B@@@BBB@@@B@@@@@@@B@@@@@@BB@@@@@@@@B@B@B@B@@@B@B@B@@@@BB@@AB@@@B@@@B@@@@@@B@@B@@@@@@@@B@@@@@@@@@B@@@@@BB@@@@@@B@@@@@@@B@@@@@B@@@@@@B@@@@@@@BB@@B@B@B@B@@@B@@AB@@@@@B@B@B@@@B@@@@BB@@@@@@B@@@B@@@B@B@@@B@@A@@B@@@BAB@BA@@BA@@@@@@B@@@BA@@B@B@@@BBB@D@@@@@@@B@@@B@B@B@@@@@BBB@B@@B@@B@@@@@@@B@@A@@AABA@A@A@A@A@A@A@A@A@@@A@A@@@A@@@A@@@@@A@@@@AA@@@A@@@A@@@@@@@A@@@@B@@@@@@A@@B@B@@@@@B@@@@A@@B@@@@@@@@A@@@@@A@@@@@A@@@@@ABA@@@@@@@@@A@@@@@@@AA@@@@@@@@AA@@@A@AA@@@@A@@A@@@@@@AA@@@@@A@@@@A@@A@@@@@@@@@A@A@A@@@@@@@A@@B@@A@@@@BA@@@@@@B@BA@@@@BAB@@@BA@@@ABA@@@A@@@AB@@A@A@@@@BA@A@@BA@@@A@@@AB@@A@@@@@A@A@@@A@@@@@A@@B@@@@AB@@A@ABA@@@@@A@@BA@@BA@A@@@@@@@A@@@@@@@A@@A@@@@@AA@@@@A@@@@A@@@A@@B@@ABA@AB@@A@@@A@@@@@A@@@@@A@@B@@A@@@@@@@@BA@@@@@@@AA@@@@@@@@@@AA@@@@A@@@A@@@A@@@@@@@A@@@@BA@@@@@@@@@@@AB@@@@@@AA@@@@A@@@@@A@@@@B@@@@A@@B@@@@@BA@@@A@@@@B@@@@A@@@@@AA@@@@@@A@@@@@@@@@A@@@@@A@@@@B@@A@@@@@@B@@@@A@@@A@@B@@@@@@A@A@@@A@@@A@@@@@A@@@@@A@@@AB@@@@A@@@@@@B@B@@AB@@@B@@@B@@@@AB@B@@@DA@@B@D@@@@AB@@@B@@@@@BC@@@@@AB@BE@@@A@@A@A@@@C@A@A@@AC@AAAA@@@@@@@A@@@A@@@@@@@@AA@@@@@@@@@@@AB@BA@@BA@@BA@A@@B@@@@A@@@@BA@@BA@@B@@ABABA@@BA@@@@@A@@@@BA@@@@@A@@@@@A@@@@@A@@@AB@@@@AB@@@@@@AB@@A@@@@BA@@@A@@@@BA@@@@@@@@B@@@B@@@@@@@B@@@BA@@@@BA@@@@B@@@B@@@B@B@@AB@@@@@B@@@@A@@@@@@@AB@@@@@@@@AB@@@@@BA@@B@@@@@BA@@@@@@@@D@@@@@B@@@B@@@B@@@BB@@@@@A@@@@BA@A@@@@B@@A@@@@@A@A@@BA@@@@@A@@AA@@@@BA@A@@@AB@@A@@@AB@@@@@@@@A@@@@@A@@@@@@@@@@@@B@@@B@@@@@B@@@@@BB@@BB@@B@@BB@@@@@DB@@@@B@B@@@@AB@@@@@B@@@BA@@B@@AB@DA@@@@B@@@@@B@@@@@BBB@@BB@@@BBBB@@@@@@B@BBB@@@B@@@B@@B@@B@@@B@@@@@B@@@@@B@@@@AB@B@@@B@BA@@B@@@@A@@@@B@@@@A@A@@@@@@@A@@@AB@@A@@@@@A@@B@@@@@@@@@D@@@@@B@@@B@@@B@@@@BB@@@BB@@@@@@B@@@@@@AB@@@@B@@B@@@BB@BDB@@@@@B@@@@@@@@@@@B@@@@A@@B@@@@A@@@@@@B@@@@AB@@@B@@AB@B@@AB@B@BAB@@@@@B@@@B@@AB@@@@@@BB@@@@@@@@@@BB@@@@@@@B@@@@@B@@BDBDDFDFDBFBHBH@F@BBDBFDFCHEDCFAFBBDDBBCJGHEBAFEDC@A@EBCBCD@F@HBF@DABABAACAE@G@EBEBEBA@C@ACCCEAECG@CBCFAF@DAFABABEFI@CBI@ECCBEBCBAAAAE@EAG@GBCBCBEBC@EBC@AC@GAIEC@MFA@BA@AAAAC@CACCAC@E@C@@@AGCAC@CBA@@ABADADABA@CAC@CBEBCDCHEDELGHCLEDAJGDCACCCAAG@GAC@ACG@EAC@@B@BAFAB@@EDEBC@A@@ECEAAA@G@IBIBGAEAAAAC@AA@CA@AAA@AAAC@E@E@C@CAAA@ABKDACIIOGGEGGCA@@AFEFCDADCBE@GEAMCAC@CFCFGDEDABABAD@DBD@BADAJBFBFB@@@EACBCBAFAFAD@D@FBB@D@@A@AACAC@C@CAC@E@E@EBCBCDCFADAFCDCBEDC@C@CACACAA@ADE@CFCBCBAAC@A@@FABA@AAC@CDADABA@C@EBCDABA@EBCBABC@CBABAF@DAFCFEDCFCDCDC@CBCACCACACC@CDEDADCHCD@FCF@D@BBDBB@BABABEFCDC@ABCBCBCBCBABADAD@FADA@CBEBCDCDADCBE@CBE@C@CDABAD@F@F@FAHCFAHCFCFAF@D@DDFDBBBBD@B@DCDADCBAD@BBFDFFFBDBDBBD@FAF@D@DBD@BBBADBBBBFBD@DAFAF@H@FBF@DBDDDFDFADBDBDDBD@D@DADAF@FBF@F@FAF@HCF@HAF@DADADAF@H@FADAFAD@B@DDDBDBBADADCBCFADAF@H@HAFAFAFAFAFAF@D@FBDBHAF@FAFAFCF@FAFAFADAFADAF@HAHCFADAB@BEBCDCFEDEDCBCBC@C@CBE@ABEBCDCBCDA@CBE@CBEBEDCDCDADCBABABCBCDAFCDCDAB@B@@@BB@@@@BBBB@@B@@@B@BBB@B@BEBM@UE]OYMOIYN_XKAYA_B[FgN_NYXCZBR@TGXOXWTUNUVOVSVUZIRGRK@A@E@CACACBCD@BA@A@CCCCCAC@CBEFCFAHC@CHCFCB@DA@@B@DBBBDDBDFJBD@BBBBBBBB@FB@BF@D@DDHFTTFDDBH@B@BABA@CAE@C@CBCDE@C@CCEAC@C@@DE@@@@BABCBCDEB@B@BBLFJFB@@@BAFIDCDCDCDCD@BADADBJDFBH@DAFCFIDKDAJGC@CAC@K@G@G@EAEAABAA@AAA@ACCAC@A@C@A@ABCDCHIFGFEBCBA@C@C@EAC@CACCEAGACAEEKAK@GFBBFNHFBJADMBIHEDAXELAJBJ@XENGRGTEHCFIBCBAHAPEJCRITERCFEFIFCHBPJHBH@HGJQFALBDB^GZCTANEFAF@BA@G@A@AAGACACAEEGACEE@@BAHADAFAD@D@BBD@DC@@FAB@BA@CBC@AB@B@J@D@@@BABKBABADAF@DA@A@@@CGI@A@@BCDABE@ACA@AC@C@GBGBA@AAGEEGG@IBMASDG@AACAMGKI[SECA@@AA@EE@AAC@ABKAC@ACCCCEEGEEGIICAC@ODQHGD@@AB@@AD@D@BCDCBEBIBQBUF]JEBA@CCCEIWCEAAAAKCIECCAA@A@AJCB@PGHCBA@A@@ACCEAA@@BABA@ADK@A@E@A@AB@DARIHCFCD@NEHC@@ECA@AAA@CBA@CBA@A@ECEAA@C@A@A@A@AAAAAAAK@AAGCE@@BAFEDABA@CACACCGEI@CECIIIO@G@CBCBA@G@AGCEAC@C@GDIJGNAH@DDJHLDJ@F@HGFCDODSHGDKBC@CAQDSHQNKNQDSCS@SESEQMIMCKMCYBS@KFKTITKTKR]FSLUTS`MVIV]FUJwD_FKPQRUZYL_F_DeD]COAUCMFC@K@CA@ABA@CDCDCHKDK@ICICGCAGAGDA@EDEFEBGBA@iDQBKCIGCAAB@DEH@HCLCFBFAHC@E@AAACAACCGGAAAAACCCCECAAAA@C@A@GICSBUEQWQ_KMOKM]QSMCUSQWSUOIAAAIAEAEAABAB@DB@DBD@@B@BABCBCBCBC@ABAB@B@B@@HDBB@B@BAHADABEBABAB@D@B@D@D@FABCF@BADAFAHCFADABAHABABCBCBCBAB@D@D@D@DADKHCDADAFADADABGFCDCBCBEBC@CBCBEDABCBCBA@AAAACCCCEEECEACAC@ABCBABAD@D@B@BBBB@H@F@DBDBBB@B@DABABCBCBC@C@CACACACAC@CB@B@BDDDDBB@B@DABAD@B@H@DADABA@A@]AWKO@[N_BKHCLQLOCOEECKKECCVILINOJUL]H]FaAi@WBCBCBEBEBE@EBC@GBEBGBKBE@E@E@E@IFWN@L_dENBNCJEJEFFPCHOEEBEJAB@DCDELCBC@CBC@CDCBK@GBE@CBEBGDGBEBIBMAE@CACCAAC@QB@BKHHPFJFTEXILOJFPEPGLMJQNGJKHUFKEIQULSPUNQJKRST@PHTJRTRPRPLHLFVBTMVGRARERKTOJSD_PWHaF[DYAWAS@OBGDEBCDCDAFAHCJCHCJCJAJ@H@H@HB@FDBBDDBBB@BB@BGHCNCNGNSDYH[BQKOI[FERBPCNDNHRJFXFVARDJPFLPRR@PAVHJJFPC`GTCRCN@PANCNGNGLQHUJYJSF[@[N_HMFOJINFLAXAREVBLFJTFLDNJFVAR@VA\\EXMLGVHN@B@@CD@B@BC@C@C@ABCBABCDABIDD@D@D@B@D@BBB@NLDB@@@DBBBBBBDB@BFFBH@HDFBH@@HDBDBDBBDBBBBBBB@D@FBDDF@@@B@DABABMDCBC@@@C@AA@BCBEDCBE@E@A@AB@@@BBJDH@DB`AFCDIFQNABAD@JBDBN@JBJAJ@DDH@DAL@DBD@B@J@BHDFDDD@FAD@FAFAJ@JBBVHBBFBDF@BEACBCDEF@D@DDDDD@DBF@JFDDDHJHBLHNLFBDDBDB@BB@B@BDBB@FDF@B@@AB@BBDBJDB@BBBBB@B@BB@@BBBBD@B@DBBDFDDDHFBDBD@F@D@DBDBD@B@BAFCFBD@H@BDF@DBDBFBF@B@@C@@B@@@BBF@BBBBBDDBDDFFLBJBBAF@D@DBDBB@B@DCBABAAABCBE@GAABA@EJGJQLQJA@CFCJMJABADADCBABGFEJADCFCDEDGL@F@DBFFFBBBD@DAFAFEFABADBJBF@DABADEBIDUHKDCBEBID@@@@LBB@FBJ@LDP@DBDBB@B@D@B@D@B@D@BBB@@@B@@@B@B@BB@DDNBFDHFTJLHDFBF@FAFALEBADABCDCB@@BBB@P@FBFBFAJ@BBDBBBBBBD@BBF@DB@DDBFB@@DF@AB@@A@@@AB@B@@@JAHCF@F@JBH@DE@CACFEF@DAAA@CAA@C@CDCD@BAACAA@CFCLIBCDEFBF@F@JEDADCBED@D@FBTGBCFGJKBAD@LDDBDDFBFBD@DCD@DBLBNDDABC@CBEBAFABA@EDEFC@C@CAC@C@EBCDCFG@C@C@G@CFC@C@A@CBEFCFCHCH@B@FA@@B@B@B@F@B@@@B@@@B@@A@@@@B@@@BA@@@@@@@A@A@@@AB@@@@@@@B@@@BBB@@@BBBDB@@@BD@@BB@@BBB@@@BBB@B@BAB@B@DCBABA@@B@@@B@B@@@B@D@@@BA@@BBDB@@B@B@B@B@D@D@B@@BB@@@@B@@@@@@@@@B@@@@@@DB@@BB@@@@@B@@B@@@DD@@BB@@@@@BA@ADAB@@@B@@@@@@B@B@B@@@B@@AB@@@B@@@B@B@@@B@@A@@B@@@@@@@@A@@DA@@@@@@@@B@@A@@@@B@@@D@@A@@B@@B@@@@@AB@@@@@B@@@@@BA@@BAB@@AB@BA@@BAB@@AB@@@B@BAB@@@BAB@B@B@@@BA@@B@@B@@@@@@B@@@@@@@B@B@@BB@"],"encodeOffsets":[[97305,33188]]}},{"type":"Feature","id":"540327","properties":{"name":"左贡县","cp":[97.840532,29.671335],"childNum":1},"geometry":{"type":"Polygon","coordinates":["@@IICMFKDCFKAY@KHWRQVGRKP]FERKNMEOCYBQHOFEb]DYBEROT]DWBODQDCHO\\UJSRSDMGUBCjCGM@GTMHCAJAFC\\_`[DID[RWHCFIDMDYJSFAhKFCHIFONSAAB@FEHEB@DAFCHEBCFG@CCCCBG@IBE@E@EAICGAAAK@CAAACAC@CAC@CACACAAA@@GGIIQIUKWBWJIFMBUSKAOHI^MROLQPMXY^]VCDUTWT_JWA}M_GMIQS@]@aCeAQBUTaV]PQR]JGNQASCQ@QVYNYPg@_@wPcLKRaDWLQJODQDGFIPIXGPKFMDIDSN[RMTC^GdERINWHUREVNDJPNR\\TNX@^A\\IJUGODQRILEHAJAB@BCNQNMNOJWBUNMJ@TELYDWLULcNORIV@NJFFVTRLRGLSTaL_JQD[EWKYB[HKDSEIIIUUESFOBGFc@_BWFWNEFFTJTGBYFOC_LYNCN@RKHUHgI[EYD_FIVkHYC_DYNUFYAaCU@QNMNCBA@C@C@AB@BA@CBEBC@CACAE@CBCFCDGHCFEB@@CAC@CAADKDGBEDADCBCBCBCDCBC@E@AAECCGA@ABABCDC@C@CBCDCDADEBCAAACCCAA@A@ADA@CBA@CBCDEDADCBCBEACACACCAAA@ADCJCHABA@@CACCACAE@EBEBCBCAAACCEECACACAC@C@CCCCCCC@C@C@GDGDGBEDEBCDAH@F@H@F@FADAFALCJEFAH@F@FBAE@EBCBGDGDGFIHIFIBCACCCCC@CGDEDC@YPiTOJIBM@QCOCE@EDWR{pURQTCRDRLPNJBDBFADWTEPGDADAFABCJEFEDGDOFGBIJCFDLAHIHEJEPAFKJIVGPCR@JFXETIRKLHLLLDPHX@DMVAFKFELKVGTILKNI@GEQKUIYGMAIAK@UCE@ALGJGHILODODKAEAC@A@EHEJKPAT@N@JCHELEBEH@HAHFLCXAFQLMPKFCBYJKDEHKJGJIJEJCDGAEEBE@CACGEIGGGGGEECGAKAKCIIOKBOBQB[FKAIEKCGCCL@@@BDHBhCLCDIBIBGDIL@DGPGNELELCBEHMRGJGHKT@J@@@@BBB@B@BCFEBA@@D@BBJR@DEDAD@FBBBBHFJBHDBBDBBD@DCBADEBGHABEDGFSNBB@DABGFKFA@CCCAE@UGW@EDADGBCFBXCXAFEHDJ@NDHAHMJOFOJQLQRSdEN@@QDaHKBOKGQ@]QOaBc@gAmGaJadITDZWRIB[XIdWZSH[XGVCPYTY@ILOP[CUTMNGF[GW@[LURSLUIGGOEUDIHG@CBG@E@CAGCC@E@A@CA@A@A@E@CBEDABCBC@E@CCG@A@@FEBABAJCFAD@NAFCDCBIDEJIFCFCFIJGJGHENADC@AAAECCEIEOKUQAIA@E@ABABCDCDCBGFSJC@EAGCKCEACACAACCC@C@AAECCAEAECCBADGBEAC@@EAGC@@AAAE@KCEAI@C@@@CBC@ABAHAFCFAF@B@BAB@BAB@HI@@BGBCFEBE@ECGCEC@IDEBE@MACBCBC@AAGIECCAA@A@@@A@E@G@E@A@CACCCIAAC@A@C@C@IAK@OCKCwIWCICE@A@AB@FAL@DAJ@DCFAB@B@D@B@F@BAHCL@BAD@F@D@FDH@F@@AJBD@@BDBF@FBFBDBD@BBBBFDHBHDJ@D@DBDBD@B@F@B@BBB@FB@@DADADEHGJCDCHAD@F@DAD@DAHADAD@DAFADCJ@B@J@F@D@BBH@F@@@HADAP@FBJAD@HBNC@ABI@kGE@CBEBABAD@HBTABCDE@CDGDCDQNAB@DDFJHBDBD@@@BDFAB@DA@GBCBABCBAF@DFNDBF@DBDBFDBBDBFBB@D@D@CDCDIFCDEFGJABINEHGHCFEHCHABCDCFAB@@s\\KHGFAB@DBFFDHDHBD@BDBBFF@B@@AB@@C@C@IBE@EBCBA@A@C@EAEBEBEBWAC@AAEECACCA@CAG@CBCB@@AB@@CFCF@@CBABAD@BCBA@IAG@EBA@@@CEA@CA@AAI@AA@A@CAGBA@AIAA@@C@YAqDGFifojYVEHCDCFEZ@D@D@FJX@B@BABCBABEDCB@D@BAB@BAB@BGBAB@DAFBB@DBBBDBBB@B@FVHZDXFdBJD\\BX@N@@HAHBfA`F\\D\\NHRPPTLBXQPCPFTTTPbAZD\\PTVNRTLV^L\\CXIVOPKNAXFVPNZBF@@DBD@RAP@DBDBVPNBTLHBVBHBFBLRDHBJ@F@DM@MAOBEJEXGVQNc\\CDKZKER[nWzCF@PDJBTFNNV^LVA\\DPLDRCTHXJNRJJPA\\YXSROJMRMRCPAPKZENBREXGZ@NFRXLNNIXW^EVHPZHd@TFhJRPV`LVHXVZBJKR@RJPPHNFDENIZQVI^IPU@OCUAOF[NYRWPOFCDADADAB@DBD@@BB@DABABC@ADABCDCBADADAB@D@DADBDAB@BABCJCVMHEBEBC@ACCQMEAE@CBC@A@ACACBA@A@A@ABA@CBA@A@CCC@C@CBCFIDCJCDCJMBCB@F@D@FBR@FAF@F@NHD@FBDBD@D@B@JDB@H@FADADADCHEFIPGVDVHVOZQ`MfSbIdG\\AXAdA^A\\O`KTCRFX\\TJTHR@T@ZKPWLOXUHWPMTIPYCO"],"encodeOffsets":[[100345,30848]]}},{"type":"Feature","id":"540326","properties":{"name":"八宿县","cp":[96.917893,30.053408],"childNum":1},"geometry":{"type":"Polygon","coordinates":["@@LGV[NQRSPGVKNKPK\\MFIPWHSNWROHCP@XGPKLQHSFMPKRDLFHNNBJGNDPFRMDIFQTMPKVILGJEHEFKHKLQRKLAVDXEFEHSJKLHNBXCRIBCFAJANAFEBACK@CHERKPQFGHEFCDADAF@ZFJ@B@BABABA@A@@DIFEBEFGBIDCPAHCFCDG@CCEEEA@MAUCOWEUAS@QDWLMVGZGXIVKVW\\WPUBCFWXENPJPLXN^VD^BTNPGZUNWJYDGLS^UZYJIPUFYJUB_HMMEOGIO@QLQAIUYGWKUU_QOgISEc@YGGOFUX]JWMMWKEQ@MHYFWAQFMLYBODONQNQPITQZWB[IOQIIMGWDSCQOK[CUB]KMUEMASCI@ODEXy\\mFQLLYDCd[RMHUFWFIPANBN@@C@EAICGKQEAGAUAGASKMAUOCACAO@QBC@CA@@AEMYUOWEMBOLUPWJ[D]KKUQSUMOSC[BYOaSSESDOROAWSKOOGQ[M[C_EeBGAGB@@@MAWC[AIEcCWGYEUA@A@AAACAA@CAABE@CBAHA@A@@@AAC@AACCCAACB@AIEGOGMGQCOFMNGFEAGGMCCGA]HMFSLIBUAUCICMICEEUESBSFQHOH_FaDSGUIGYAGAIMSO@E@ODS@GHGHCPODCJAVAFEBS@GE]EOIMCEACDKHIDEBS@EAO@OE_BKCGOIKCE@KBMJMJKJE@QKEEMKCGCOAKB]A]FeAQOGO@UDOFGL@NBNLR@FCBKAQAQDMLYVSDQ@SFSLQ@MMQES@MFE@OCWEICIAIDIFIHCJEFIPKTADKPGLINADERCTANENIXEJOHABODMFCFMJONMJQBA@AD@H@PBHAFKDQCI@C@OLOLIBUNMHEBGL@@@B@BB@JFDDBBBB@BJHRHLDJHFHDJBBDBF@R@RCJ@NPPNF@HAFBFDBBD@DCJG\\IXILAH@LBJFTLHR@TIRIJCD@B@BFL@BAB@@ABCACAIAA@CBGDKDGFCFMNCDGJGFGDCDAB@D@BABCBMHC@KDE@GBC@CBABCDEDCB@BGNEFBBDBR@H@TBJHBFBJFRLJHLBTBDNNATELGPINGRAJCPCLAJCJAJAJCFCFEFGDGFIFIHKBI@[FKZAXG^OVULUBMAWBWN]XMLERBV@PILIR@XL^VVTFRDLNB\\TZNXA^NVRXXHJFVRHPAZKXINARJVTH`NXNTTLPLNLTDLFT@PKP@RXjNPV^D^UX_HaE]CCBCBA@C@ABA@AB@B@@BDDBBBL@F@FBHDDBBDDBFBBBBBBB@BBDHH@B@BAB@B@D@D@BBBBB@DADETGZAF@JBFFNFF@D@FADADADCBA@A@ECA@GAMBGB@@@D@BFFBD@@@BE@QHEDADEFCBKDC@@@@B@HB@DBB@BBB@@B@D@BC@GDEDGFCDCDEBGDINEF@BBF@BABA@EBE@K@KDEBAB@BABCBA@@@CAAACGGICCAA@UCEAAA@A@C@ABCD@@ABOBCBCAAAEGCCC@M@A@AIAACAEAEBKFADCBBD@B@DCNAJ@@@B@B@BBBF@F@BB@BABAFCFABG@ABAB@F@J@JFVFJBLBVMNUH]D]P[PYNOJ[T[NCL@JTHfH`TFHFNHFLDTBF@CLMJQNKJOXITIPKXEJKHYLMLOTGPGJOLQFUFONEPFXJVLNVPTJ`RZLhRPNJPJNAVIVGRCLCPFVEJOFEDINDLJJVNfRTLPB\\@RGPMPINEL@LBRJANGHI^JPLVNXLJNXFPPJLFVBRAVDJLDN@JCFK@QBDRRLVPIPCPLTFTEPKPAHH^FGFEPKRITAXJRVLRDVNRNJ^VPF^FR@RIHGPWPKNKJK^ON@NHHFDDJF"],"encodeOffsets":[[99087,31723]]}},{"type":"Feature","id":"540329","properties":{"name":"洛隆县","cp":[95.823418,30.741947],"childNum":1},"geometry":{"type":"Polygon","coordinates":["@@G]BGLOFOESKSDOJOUOQKCQRAL@DE@ICMIKUCQBUAKEOIEOMWKIMWKUIOJ]HGBMQIKAK@MFOJONQH[@OASKeQUMIICKJMFCPEFIEUDODKHQJUBUIMIOOMgQYK_QSIUOKMIUEWFOPMVEREPKHIHOPSNKZKLGFILWJOJSPWLIRMNIDKE@SAKCGEEMEG_SeGSG@IDK\\M\\SPIZM\\O^O^CVGNMAUAKEIEU@I@I@EBABAH@BADEBEBA@AAAE@E@AA@A@A@A@@BIDM@C@AACIJCDAB@FABAFAHADCFADGHCDCBEBFDDBLBDDB@@DABCDABEBCBABAB@@M@EBGDCBA@AAAAAAA@E@EAA@CECACAEAEAC@CBCBEACBA@C@CCKEC@A@GD@@SDSFSDSBUEYGKGOEQ@I@QEKIQIMEO@OBQEKOCYE_GS@QAUWSUGYD[FQCOCEQKMU@[FOVGRAZ@PINMBGGMOOAIHGTOPQDUCUKOOOGSAKEMFULQHO@UC[@SJOTANBPMLUHWHUJOLONGNBTRN\\JHHCLSLQJWDUBMDUBOLKHS^WHORCPGRMFMP@RERCNGLSBWNGNMFODUBKJBRDRRTJXHVGVMRQJcDgB[JWFcHSASBGLSF_HKJQRKHM@WISKQEMFOPQLOHWDWDSBeCAQDQBQCMSCQFSFOHWCAKFOEOMMMGSJGNELQHQJQNENBPPNJJLJFJJHHJBNERINBVDRIHKHGV@NJRELQTCTMNULKN]JYFQHAVHPJV@ZPJPCNALDPT@NCNCV@TCTHPLP@PFZE`AF@BID@DFPBDBD@B@B@DKDEHMLOHMFMRKLCHKHCBIBE@C@AB@DDDNJB@AFBFHFLJFHBH@HCFCHGRAJCHADAJ@F@L@H@F@D@BCJAFEJADAFAHAJ@F@J@DBDBB@BAXFJDNf`FDLLFDPFPDRKDKLG`A\\MP@XL^BB@B@BABC@C@G@ABCBA@C@AAACCCC@A@ADAD@DBDBDBDBD@D@DADABABA@C@AAACACAE@G@A@AA@A@A@CBCBADABAD@DBFBFDFFDDDDBBBBB@DADABAFCDADAD@FADADADCHEBABCBCBEBCDCLGBC@C@C@C@CBADADADABABABGBABCDEBGBEBC@ADEBA@E@C@C@A@CBABAFABABCBG@A@AAAGC@@@A@ABABAD@DADADABA@A@AC@CAA@@CBABAFBFBJBBBJBVPXTTRDVTN^RLNNP`LXRFRAVDTHJB@D@B@BBDBDFDDBDBBBBHHDDBBBDBBF@D@BGAEDEDK@GFG@CBADBJHLDRAjCB@HAFAFEFCB@HCHBDBDHDJ@JCLGLCDCD@DAB@BDBL@D@NEVDPB^DfC`C`EZKVYRQLO`ExCVI^EJUNUT_VSTK^ELQLSJSLSLET@ZANDDLJNRNTFTFT@TDRCLMRMTGRCDBD@LAHCTGPCDCHE@G@ECIGKCI@CBGHMJIHCD@D@FBHD@B@HABAD@D@HJPJJFD@DFJDHBDBD@DABCBEFAB@@DFBH@BBLBBBBBBB@B@B@D@B@FBFDB@B@DAB@DAB@BBB@FD@@FALGDAFCDADAH@FAJCDAFABAFI@AB@DBNFFBFBFBLBFBD@D@D@BCFEFIFELGBCBAB@BCBAFCDCLEJCFCDABADKBCDCDCDAFADADCB@H@DAHCFAJCPEB@@@AD@D@DBDDFFFBD@F@BABAFAB@DAHCHAD@DDF@BB@D@BBB@ROJ@PRLDHEJEJEZKJCLALDPANJJFRFTALARCHCBEBODEHAF@NHTJL@\\@JCPWBI"],"encodeOffsets":[[98883,31710]]}},{"type":"Feature","id":"540330","properties":{"name":"边坝县","cp":[94.707504,30.933849],"childNum":1},"geometry":{"type":"Polygon","coordinates":["@@e_CMEIBW@AAAAC@C@I@EBIBGBEBCFIBEDI@A@C@E@G@K@EBIBCDGBIHQDGDE@GAGEGKIGEAEBEA@MICC@CBAD@F@JADALGDGLKNQNEPGNKFGLC@C@A@AACACEO@CJC@ABEF_EY@OKOGODS@SDUDM@MOSKCMBODOI@YIUGOBURGZE^ILMVKNMDSRSFKIQ@MHULGJGCQAUJMFQAMGIIGQBSFQDQRSHWBKLYPOCUIWEQBIK@Q@QKIQAeRINYNQRWRULWL[ESEOMGKMUESDSGGAKLQNQNOEQUE_DWDYFMC[KIOUEQNKDENKLMDMJM@KKWIYEYBOBKNGROHQDWBODQDSPOF[CMCOIKIIESGUC[JSJWDUBUFQRIJMFQ@UCOISKKIUE[DOBUCQEEMEOKAIA@EDEFMAKDIHOBEAAUCWAMESF[D]@CJMBQGUEW@WLGLW^UAUECWDOGOQCY@[B_@YBOLCPBN@LBTAPWJKCMH[FY@UKGIQQMKWMY@OOGMGQMKMEYCWIGMEIGMKKcDUAMOQKSFSFUJQHYFCFC@@D@BBD@B@D@BBBB@DF@@GDMDW@MDGDKF@BANGJSGS@MNKVQVOHMDSGWEa\\OHQPMIUAQASBQ@QFFLENMNKLOPKJMLYDWGK@ML@NBP@NGJQNQLUJQHOLGRKRMJKFMAOBQDSJGLCTFJNPLLXLBRILIRIRERBLIRWF[FSGA[PCRFPJHPDNHJHPFLJFRHRFJJDX@P@P@RJRFLGLKVGTCLFPQLGLCTCZCRCP@VATLRDNGTC\\JLG@KFKNCNAN@RIJKJMLMJMNSRCXCVEXBFJHHTDNN@\\LTNIPAPCT@XDTCT@P@TETCXAZCRIVETCVIZFTBRJPLLJPBPER@TFPDV@NKVSZCXGTE\\@THHNBVDRLXBRJPHXKLQJQHKPKZEZAZMNQNOVONMTETEXCVAZCTKPWLOBUDKRFVHZJVJ`NVHTFXHVZN\\HRHNFHLCTMVCZBXBRHTJXNH@DAF@F@DADADADBD@BB@B@D@DAD@BABAFC@@DABAB@DAF@DAB@DADABAD@B@FAB@BADAB@DAD@F@BARFVDHZJN`@RPGNIHDTRBVAP@NGXEXCVBVHVLLTFTLZJRTDTRTPLCXLPTNLVJTDRARSHI@OIKOMQOEIEKDIRSTM@WFUDKHMHMPGVAPAXBRATFTFTJLFNRTNXJNHLDNHNPNCNEJIDIHIBIEIMKIISGKQDQAUISAKIKKUM]BUEQAU@WAUBY@WDSDMDKFQHMDQDMLKPGJMJOXOHGRDDBVBTKNIFDFHENFTHDRADDAd@BBDlIPPNHH@H@VDD@LAX@jV@HIRFLTB^ELHVECO@IHATB`PDD@DAHAFDDBBBBF@DBFFNDBDBBDBRABIHA@CBCBCDABSZMNADEHAJ@F@BBB@B@BCFBBBDBB@BCJCFEJCB@DCFA@CBIFCDCHABCBCBABBDHFCNRAD@BBDDDBF@NBJAFAHAHCFADAF@HAL@DADCD@DAD@DAFKDC@CBAFIFAPFDGEOFEFIDIAMFM`c@KXMJEF@F@F@F@LAHAFAHAD@FAF@FAFADADAXAj@bB^E^GVKPIJMJKDU"],"encodeOffsets":[[97561,31891]]}},{"type":"Feature","id":"540321","properties":{"name":"江达县","cp":[98.218351,31.499534],"childNum":1},"geometry":{"type":"Polygon","coordinates":["@@@B@@@@BBB@@@@B@@@@@@AB@@@@@@AB@@@@@@@@@BB@@@@@B@D@B@@@@@BB@B@@@@@@BB@@@@@B@@@@@BB@@@@@B@@@@@B@@@@@B@@@BADA@@B@@@@@B@@@@@B@BABABA@@B@@@@@B@@@@@@@BAD@@@B@@@B@@@B@@@B@@@B@@@@B@@B@@@BB@@@@B@@@B@@@@@@@@@BA@@@@@A@@BA@A@@@@@A@@@@BA@@B@BAB@@AB@BA@@@@@@B@@B@@@@B@@@@@B@@@@@B@@@@@@@BA@A@@@@@@@@@@@@B@@@@@@BB@@@@@B@@@@@BA@@B@@@B@@A@ABABA@@@@@@@BB@@@@B@B@@@B@@@@AB@@@@@@@@BB@@@@BBDD@B@@@@@B@@BB@@@@B@@@@@@@BA@@@A@@@@@@@@@A@@B@@@@@BA@@B@B@@@BAB@@@@@B@@@@@@A@@B@@@B@@@@@B@@AB@@@@@@@B@@@B@B@@B@@BA@@B@B@@@B@B@@@@@@@B@B@@@@@@@@@B@@A@@B@@@B@@A@@B@@@@@@A@@B@@AB@@@BA@@@@B@@@@@B@@@@@@@@@@BB@@@@@B@@@@@B@@@@BB@@@@@@BB@BBBB@@@@B@@BBAD@D@@@@@B@@@BAB@@@@@B@@@B@B@@@B@B@@AB@@@B@@@B@B@@@BA@@D@@@@@B@@@B@@@@@B@@AB@@@D@@@B@@@B@@@@@B@@@BAD@DAB@B@@@@@B@@@B@@@@@B@@@BA@@@@B@@@@@@@@@BBDDHF@@@BB@@@@BDB@BB@@@@B@@B@BDBB@@@@B@@@BAB@DA@@@@BAB@BADABAB@@@B@BA@@B@B@B@B@B@BAB@B@D@@@B@@@B@D@DBB@B@B@B@B@@@B@@@B@@@@@B@B@@@@@D@B@@@B@@@@BB@B@BB@@BBB@@@@@D@F@F@B@FBDDD@DBD@B@B@J@HAHGDIDEJATHLAB@BBD@D@DABABADC@CBAAC@A@C@ABCBCBCB@BAB@DAD@DBD@B@N@DAJBFDHDNEBADAB@B@LBB@DAB@J@B@@AB@@C@C@AHCBA@@B@DAFAJCDAB@BBB@B@FBLB@@@@FCB@B@B@B@@@B@BBBBDB@@D@BAD@B@B@@@B@JAB@DAB@B@B@BCBAD@LBD@DABCDEBCBCB@BABA@A@A@@BAB@LAFAB@B@@@B@BBFABBB@DBB@BBDAHADADEBAD@B@D@H@D@BABCDCBCB@BAF@BADCHEF@H@HBJBBABGAEHILEBKBCDCF@LBH@FEHGBEHAPALBDABA@@CCA@AAA@AA@ABA@E@ABADCBAB@D@BABAFAB@B@D@F@BBB@BDBBB@@@B@BEBEBADABABABADAB@DBD@HFDB@@@@BB@@BB@@@BB@@BDBB@B@B@B@@ECG@CFED@JAFG@C@EHCFCJAHAJDH@BCDANADAFCDCD@@ABABCDGHADBFDFADIBGFGFAJCH@D@DCAACKBEA@@AAA@@A@@ACCCCA@@AAE@C@@BCBE@EBABEBEBIBCBC@C@ABA@C@ABA@CBC@ABABCBCBA@ABCBABCBABCDA@A@A@A@ABAAA@@CAAACAA@A@A@@AA@AA@AA@@CBA@AB@BCBA@A@@@CAI@AA@@A@@AAAE@A@@@A@@BAFABADABABAD@D@DADBB@BAD@B@BA@AB@@ADABABA@@BCBABC@@@A@AB@@AB@BADAD@DADCBABEFEBEFEBGBE@CBEBAD@DCBADODCDABE@@@ABCBABA@ABEDCBABABABABC@C@A@C@A@ABCFG@A@C@CBA@ABA@C@EBA@ABAB@B@DBDDDBB@BA@@@A@CAEAE@CBC@ADAD@H@F@F@DABABAA@@AAA@ABCBAB@B@B@DBD@BAFCFCBABC@AAAAA@A@A@ABAB@D@D@B@F@F@B@DCBADGBCDCHCDCD@BAFE@@B@HKPKNINIDCBA@A@AAA@AAA@ACE@EBKDEF@TEBEBCJCJAFEFCBIAECCGAAA@CDABCDGACECAG@EDADEAODCBGAAGCAAAAA@A@@A@AAC@CD@@@@A@CA@CAA@AA@CBABADAJAJA@A@EAC@ICGE@GCAAIGOCOEAICCCI@EJGNMDK@GBCAC@CDGDCBEBAHABAFACGKGEI@EDCBAAECCA@@ABCDAB@FBB@B@B@F@D@@@DABAD@DBD@F@FC@ACCCGAE@CBCFGDEFCLAHCHCDE@AAAAAA@A@@AA@@@ACA@@A@@@CBCBEDCB@FAF@LBHBBABADC@CAE@CBABADAD@FAJ@BADCDCBADCFCBABCFG@ABGAGDA@CDIDABABAD@BCBC@CAEAC@AAAA@@A@@@A@@BAF@D@FAH@FCF@BBHFDBB@D@@ADABE@ECECE@GDEFEPIBA@CEAEAE@AC@CHEHAFEAA@@@CACAECKACBCBCDADEDAHEDCHEJEHCFADADCBABAAE@A@ABADCBADCDCFEBEDCDABAFCBADAF@DABA@CBAACBC@ABCBCDAD@D@F@B@BBDBFABC@CFCHCDA@@B@DCFABA@AAABAHIBCBAD@BAD@D@BAB@DCFCBEDABADCBAD@D@@@DABA@@@A@ADCDCDAFCDCBABC@AAC@C@EBAFCB@DCBADEHEDE@C@A@@DEBAD@B@D@F@BABABADCBAFAFEBCDCB@B@BABAFCHAF@BAB@BA@AB@BAB@B@B@B@BADADCDCBABA@A@@BABA@@B@B@DBB@B@D@B@DAD@FADABABABABA@@B@BA@A@ABC@A@ABC@@@C@@@A@AB@B@B@@@BAB@BABABADADABABABAB@BA@ABA@@DAB@DABAB@B@BADAFAB@@@FAB@B@DAB@BA@@B@DCBA@AB@BABABA@@BCBC@E@A@@@ACCAA@C@ABA@ADA@@DCBADABAB@B@DADABADCBAB@BAB@FGHIHKB@@ADEFEJEBCCAAGCCKE@@@@EGACCAECCCACAAACAG@AAAAAGAA@@AAAA@C@CAE@AAC@IGACAA@AA@CGCCICIEC@ACACCAEGCEAE@EAE@G@I@EAGCGCCCAEGIGGEECACECACEKCCCAEBABDFAFEDG@GAGDCDCBC@C@EBGDCHAFCDEJ@HAFAHCBGHGFADA@GDGF@B@DCBEHCHABCDAFKJADABCDABABC@A@A@C@E@C@EBA@ABC@CBEBCBA@A@AAACAAC@A@CDABGBE@GBCAGAEACCCCEE@A@@CECE@C@EA@@@AECECECCCEA@@A@C@A@E@E@CACAC@CACAEACACAA@A@A@A@CAC@AAAAC@AAC@CAE@AAABA@A@C@EACBC@G@C@C@A@ADIBCBAB@D@D@F@F@BABADCBE@AAE@C@C@EAE@AAE@CEECCCAGCICC@A@AA@ABEBADCDADADADAFAF@F@D@F@@@D@N@H@JIACBEJCFAJAB@B@BABCDCBADCBAF@HADCBABEDGBCBABA@ADA@AB@BAB@BA@ABCBABAD@BABA@ABAB@BAB@DADABABCDCDABABA@AAAACAA@C@C@ADA@@BA@CBC@A@C@ABC@CBG@C@A@@AA@A@C@@BCDEBAB@BABABCB@DA@@BABABAB@JCD@@ABABC@A@AACAAA@@A@A@ABEBABCBABADADABABABADAFCDABABABAFED@D@B@@@BCDGDE@EAACCOIYGC@C@ABADEFGFMFMHEDGDGDKJEFK@KBIAEACCG@GBGBEAGAE@E@EBEBSBaA[BIDUNcLQJUFW@qKUEE@_TCCCOCEGE[CQEGCW]OGKCSDCDEBQFIJGTKTUPMBO@SDMJMLWPYPMLKZGPENSRQDICKHIJIHKJKRCTEJIPQVQRKNMJW@KKMEUJKVIJM\\A@ADAHGNOHEDCBCDKPAJAFCDAFADBVAB@BKCECE@CFGFC@C@EEA@ABCDEDC@A@CASKWOCEAG@WH[PUT_DA@CBABAHCBABCBABA@CAAIAAACCAAAAAE@CAAC@AAMGAACAGAC@C@@B@DAFCDEBEDABABADADEFABABAFABABCBABC@C@I@A@A@GJCDA@@@@BECCCACAA@AA@AB@@ADADAJADABA@ABIBKDM@Q@C@KDG@CBC@A@A@AAA@A@C@@@ABCBABABCBABABABA@ABAD@@@B@B@@AFAFCDKDKBKEMBKDIFgVSFIAGAICOIC@A@EDEFMBIBOCAB@FEPCN@XA@IBMFOBMDIFSBWFI@KAE@YNM@KRQLK^IPEJADBB@BFBBB@BAFEFIJGPADBF@H@@@D@BBBFBJDLDH@F@DFHJJJBDBB@D@B@BAB@D@@BBBBD@BBBAJAFABABAB@@AB@H@R@D@HBB@P@D@BAH@HA@B@B@B@BB@B@D@DAB@B@D@BBB@BAHAF@HBHDB@@@BABCBAFAFAP@F@LBDAD@B@DBB@DBDAHABABAFCFCBABC@CF@JA@@LIBC@A@CDADABC@@B@B@BBJLBBDBBBLBDBLLDD@B@B@BADCBEH@B@B@BBD@BABADAHCFWVGLEFQLIDQ@CBABAPADCFEBEBS@KFOFI@UIUCM@ECMGK@GAA@@J@RUJCFCFAHABOJKDG@CAEAIBIDAD@FANCNCJ@FBLANADILGNABOEA@CBCDCNAB[VGF@BFN@N@HCHAJ@ZCDGHIHQDWBi@W@QCONEZCPMRQDeDeF]H[T]TOJKRCR@VCPOXILEJMRSPAB@J@HCBU@I@IDGDADBDBBHBXBNDD@FDBDDJBD@DAFGLINSRKJCH@HCDCDADCB@@D@B@D@HDB@BB@@AB@@ABGF@BADABAJBB@DBB@BDFBB@D@DBDBDFFBD@D@BAFBH@HDH@@AD@@@B@FBBB@BBBAB@DAF@B@PGB@F@D@DADAFGFCHGDAD@BA@@BB@D@FF@D@FBD@D@FBRHHBH@B@BB@BEFA@ABCBA@ABAD@HBBHH@F@PDJFJBFAB@BCDCBCBGDIDCDCFAD@DCDABCBABADCDKJMHEDYPYPOJ@@ADAB@BABAB@@DD@@DD@BFFDDBD@BBDB@BBFBDBD@DDBBDBB@BBDDBB@B@DAB@B@B@B@@BD@B@@ABAB@@@BABABC@AB@@BB@B@@@B@@LR@JCNGREPELEPCRARAHENERCHGFMFMFCBAFBREPMHIBAJFLHPLFFD@B@BCB@BAD@B@@CD@@CF@BA@G@EDA@ABA@C@ABA@@B@@AD@BBBBD@B@@C@@BGFABCDC@@B@B@F@B@@JFFDFD@BFDBDB@B@@BD@B@@@D@@AAFEDFBBDDDFHBDBBD@DBF@FBHAB@DBBBBDBF@F@FAD@DADAB@B@BBDBBDDHDD@@@@@@BA@@@A@@BA@A@A@@BA@@@A@A@@BC@@BA@@@A@AB@@@@A@ABAB@B@@@B@@AB@@@@BBB@BBBBBBBDBFAF@F@F@BDDBB@B@B@D@BADADADABAD@B@DBD@D@B@@ABABC@CB@@@B@B@DBB@BA@CDABADAFAB@D@B@D@B@DABABCFADABABC@A@ABA@@B@B@BBDBBBD@BAD@@@BABABABABABC@C@C@A@EBA@CBCFABCBC@A@C@CAGACACBC@C@A@A@ABCBADCBAD@B@DFFDDBB@H@DBD@D@B@DBDBBDBHDDDHDFBDBBB@B@HDBDBDBD@DB@BBD@FDFBBBDDDDDDBBB@@@BA@A@A@EBE@E@EBABCB@BA@A@@@@@@B@@@@@@@B@@B@@B@@@@AB@@A@@@A@@@A@@@@@A@@@ABC@A@ABA@@@A@@@A@ABABCB@BA@@@AB@@A@@@@@A@@A@@@@A@@@@@AAA@@@A@@@C@@@@@A@@@A@@@AAC@@@A@A@@@A@@@A@@@A@ABCBCBAB@@@@@@@B@@@BBB@@@BD@@@@BB@@@@BBB@@@@@B@@@@@B@@@B@B@B@@@B@@AB@@@@@BAB@@@B@B@B@@@B@@@B@BB@@B@B@@@@@BBBBB@@@B@@@BB@@BBDBBBDBBBB@@@BBD@@@@BBB@@@@@B@@@@@BB@@@B@@B@@B@@@B@@@@B@@@@@B@@@@@B@@@@@D@@@@BB@B@B@@@B@@@BBB@@@@@B@@AB@@@B@@A@@B@@A@@@@AA@@@@@AB@@@@A@@@A@@@AB@@@@@@AA@@A@@B@@@@AB@BABA@@B@BA@@B@@@@@BAB@@@@@@@@@BA@@@@BADAB@@@B@@@B@@@@BB@B@BBB@@@B@B@B@B@DB@@B@@@BBB@@BBB@@B@@BBB@@@BB@BB@@B@@B@@BBB@@@@BB@D@@@B@@@@@B@@B@@@B@@@@B@@BB@B@BB@@B@D@@@B@D@@@@@@B@B@B@@@B@@A@@B@B@B@B@@BB@@@B@@@B@@@@@B@BB@@@@@@@@@B@@@@@@@B@@@@BB@@@B@@@BBB@@@BB@@B@@@B@BB@@B@@@B@BBB@@BB@@@BB@@@@@@@@B@@@@@B@@AB@@@@@B@@BFBDB@@B@B@@@B@@@B@BBBBB@@@B@@@BBB@@@B@@@@@@@B@@@@A@@@@BA@A@@@AB@@A@@B@@A@@B@BA@@@@BA@@BC@@BA@@B@@AB@@@@@@A@@@A@@@@AA@A@@@@@@@@@AD@@@B@@@@@B@B@@@@@B@@@B@@@@@@@@@@A@@@@@@@@A@@@@A@@@@@A@@@A@@@AB@@AA@@@@A@@@@@A@@A@@A@@A@@AB@@@@A@@B@@@@@@@B@@A@@@@@A@@@@@@@A@@AA@@@A@@@@B@@ABAB@@AB@@@B@BA@@B@@AB@@@BA@@@AB@@@@A@@AA@@@A@@BA@@@@B@@@D@BA@@D@@@B@@@B@B@B@B@@@BA@@@@B@@A@@@A@@@@@ABA@@@@@A@@@@D@B@B@B@@@B@B@@AB@@@@AB@@@@A@@@@B@@@BA@@BAB@BA@@B@@@@@BA@@B@@@B@@@@@BB@@@@@@B@@@@B@@@@@@@BB@@@B@B@@@B@@@@AB@@@@@BA@@@@B@@@@@@@@@@A@@@A@@@@@@@AB@@@@@@A@@B@@@@@BA@@B@B@DA@@B@@@@@B@@@B@B@@@B@@@@@D@@@B@B@@@B@@@B@@@B@@@@@B@@@"],"encodeOffsets":[[99874,33307]]}},{"type":"Feature","id":"540328","properties":{"name":"芒康县","cp":[98.596444,29.686615],"childNum":1},"geometry":{"type":"Polygon","coordinates":["@@@C@C@C@ABA@ABAFEBA@CB@@AACAC@A@AA@@AAAA@AA@ACEACAAAACAA@@@CA@@AA@A@CAC@ABA@AHE@A@ABA@AA@@AAA@C@A@@@A@A@A@A@CBC@CBABCDABAB@DCBAFCDCDADCBABC@@@C@E@CAA@AAAAAAACCACAEACAE@AACAC@A@A@C@CBABEBABAB@DAB@BC@A@A@C@AAACCACAA@CBCBEBADAD@DAD@D@B@DAD@D@DC@@FEDEDEBEEICEAEBEBCFEDEFEFGHCDGDEBEDGFEHEFEDE@EAE@GAECGAECEAE@GBEBCBCBEBEAEEEAECK@EBCPEBABGAE@M@EFGFCFECECA@E@EBA@CBGBGBE@CDIAGACAIAIBEFGFAB@BAB@BADAHABGEGCAI@AAAI@E@GAAEE@C@G@MEEGEEECCCKEO@E@CCE@EAEECIEACAC@E@C@C@EAEAIEGACAAGG@KJYBOCMACCAAA@AAA@AAAA[AGAIAI@A@AEICE@AA@@@AA@A@C@E@I@C@AAAAA@CBA@ABAACAKAAACAABADE@AAGAEBC@C@CAEGK@C@CBCDC@CAECAAC@EBCBC@AB@F@BAB@BA@AAACC@AAA@A@ABA@ABAFC@@B@BCDCDEBEBADCBCBI@AAG@EDEBGTOFGHEFEBEDMFEDGBA@AB@DADABABABC@@BAAEEG@CFEBGAECKAECK@KCIDCFEBKDE@EAI@AAEAGBIAAD@DBBAHEFEDE@CAGGK@C@E@AAA@@@A@@@AB@@A@@@AHEBCBGAEEE@CFKDA@A@CDC@ICAKCAC@@@A@@DCBA@A@E@CDMBM@EBABA@A@C@C@ACAAA@C@C@ABC@CBMBC@CBA@CAA@C@C@A@CBADE@C@CAE@C@C@CBA@A@ABA@CBA@ADC@ABCBCBC@A@@@AAACC@CAAAACCA@AA@A@A@C@ABABABAJCDAB@D@DADAB@DABCBCBABCJKBA@A@AAAAE@@@C@A@A@ADABABABABAB@@ABC@@@@@ABCBADCBA@@B@BAB@DGBABCBCBC@C@A@A@A@A@A@A@A@ABAAC@C@A@AA@AA@AYDO@A@AA@AACECIAC@CCCCCCE@A@G@E@EAI@QAOAC@EACAECCEACAEAIACCAA@CBCBEHCDCBE@IBCBCBCDCBE@KBGBE@E@AEAC@CBG@@AE@E@G@EAACAGCIC@AAC@E@G@G@GBG@IBG@EDEBEBC@C@A@EHCF@DCDGBGBGBCDCFA@@B@FADA@AB@@A@AB@DEBEDEBEBABABA@CBEBCBABA@A@A@A@A@A@A@CBCBCBCDEBEBC@CBCBC@@@C@E@E@CAGACAAEICACACACBA@EAEAEACCCAACCCAAC@GAC@CCCAACA@CCECAACAAAACA@AE@A@A@@ACACEGAGCCE@CAOBI@CAACCACEAE@E@EBGAEAEAECCAEBEBC@CBC@ACG@C@CAEAE@I@GACACECEE@A@ADABEBEBEBI@G@CBADCJAHCFAHCHCJCHCDCBAHBHBHBFBDCDCDEDE@EACACACCCECAA@@BCBCBC@CDGBEBC@C@C@ACAC@EACAABABADCBA@E@CAAACCAAC@C@G@GBCBCDCBAAAACCAACCAAAA@ABA@EBCAGAIAAA@CAC@AACCAA@AC@A@CBA@C@CACACBCA@@ABA@ADADA@C@CBE@EBEBGBE@E@CAEACCACAAAAEAEAA@A@ABABEBEBC@ABAB@BBD@F@DABCBC@CBCDCBCFAB@F@DBF@BAB@DBDBF@LAD@BCBEBE@ABA@@@BBDFDDDBDB@BADCFCD@D@F@F@HBDD@DBBBABADAFA@CBABABADCH@H@F@H@LBFBDBBDB@BABGBEDEDAD@BBHDJDL@F@DEFCDEFADAD@FAHADCDA@CBGH@FCDEDGDAD@BB@DBBB@B@DADABAB@@BB@@@@@@AB@@A@A@A@@@QBC@ABEJC@@BA@EAAAC@E@@AEGCCA@@A@AAACCECE@CAE@A@CACGAAC@@@@@A@AA@@A@AAC@@@A@A@@A@@A@@A@@A@@AA@@A@@A@@AA@@@@A@@@@@A@@@A@@AA@@@A@A@@@@@ACAA@@@A@@@A@@@@A@@@@@AA@@AC@AA@@@@A@@@A@@@A@@@AA@@@@A@@@A@@@@BA@A@@@A@@@A@@@ABA@@@@@AA@BA@@@@@A@@@A@@@@@A@@@@@A@@@@@@B@@AB@@@@A@@B@@A@@@AAA@@@ABA@@@C@@@CB@@A@A@A@C@@@A@A@ABA@@@A@AA@@@BA@A@@BAB@@@@A@@@@BA@@B@@@@A@A@A@ABC@A@A@@B@@AA@@A@@AA@@@A@A@A@A@@@A@@@A@A@@@@@A@@AA@@@A@@AA@A@@@A@@@@@C@@BA@@@A@@A@@@@A@A@A@C@A@@A@@@ABCAA@@@A@@A@@@A@A@EAAAAC@ABC@ABAB@B@F@FAD@BA@ABA@C@A@A@AA@CCAAAA@A@ABCBA@@D@FBDAB@@ADC@ABCBCDCBAB@B@DBD@B@B@B@@@BA@@@A@AAACCAACCACAACE@C@ABAB@B@B@F@BAB@@AAEACAECCAACACAA@AAAC@A@CBA@CBA@@@C@ABA@A@A@ABC@ABABCBC@A@A@C@C@C@@BE@ABCBCBCBCBCBADCDAB@BABAFCBA@@AAA@AAA@CAACAA@@AA@A@A@C@C@C@AA@AACAAAAA@CAC@A@C@@AA@@@GBA@C@ADEB@B@@@BBDBB@B@@@BA@C@C@@AAA@A@@C@ABCBA@ABA@C@E@ABCD@D@BAB@BA@C@A@ABAB@@@B@B@BADCDC@A@AAA@CACAA@C@CAC@A@C@ABABAD@D@BABA@A@A@C@AACBA@ABE@@AA@@AAA@@A@A@C@E@@BACCACCECECEEECACCEAGC@@MGAACAWE@@COCGA@@A@@ECICGAGAEAIBEBC@E@EAGBA@ABA@@B@D@DABMDMN@RDVBbEZMVCZD`GZUlEJC`FZJ\\GhGVQLM@MDKZD`EPAZSHSIEEMFEXAX@`EdAHEPFTVVJJFJCTGLA\\LZFXC\\IRK`SbKTQHQKUSEEMIU@QJMPKdKVCXKZSFI@MNAVIXMPMNMRADA@IBGBKFQJCRHPIV[J]BW@SMQ[OMCIUMQFGVMXQJcF]HSDQNM\\CTCJENOLWHOJEJCHCRIPKRCXQbKLOd@x@`OhMZUZ@RDRBTMRIHQ^ORU^SbAVBRDf@b@^RTNJ`H~NXB`IXSVSDC^UZ]NWROPKNQJ]PGLBVTNAJEXIXAVLRJJJHH@@BBDBDBDBD@DBD@DBBBDBL@BBHBJDFBF@F@JAH@DADD@DEHADGFEDCBA@GFEFA@BBMTEPGJEDgLEBITCZCNEJGDQXC\\CJ_\\[`EDIBBGDSN@HHNiDADHVCNQTIT[VGPCDCRAPCXS^QPAFCZa^EFGPARDZFPMNQLEFO^QLUHQRGX@LBZELCDELDNJJ^EPFRJPAPKXG`@ZJVD`BHMPQPGZO`CTHJGDCD@DAD@DCFELCDCBCDKBCHE@CBEJGDABADCBGBCBABA@C@A@@DBD@D@FAB@@@FHBDDBBBBBBB@DBHBBDBDDDBDDAF@B@BBBHLNP@F@LBDBDDH@@@FAB@BBBDBB@@@B@HGBA@@D@H@BAB@BCXQ\\QbGZE\\OPMX@NNCRHZJFdNZP\\ZHVC`LZ`MNSJOREXHLVFNA\\CPCRHPHDDFnIJHD^HRHLFZAdHbPHTHXNNNVDVEZATOPO\\MRERGVIZ@TLVFZJBNENMTBRHVHJPLTFTGLOFULSJERG^M\\IRA^A\\BfL\\LVDZCHCPMHEHAHAF@FCNELCF@F@DBBBHFFJHFJDJDFDJFDDFBD@F@H@JA"],"encodeOffsets":[[101356,31024]]}},{"type":"Feature","id":"540302","properties":{"name":"卡若区","cp":[97.178255,31.137035],"childNum":1},"geometry":{"type":"Polygon","coordinates":["@@DBDBHBDABADABABA@ABCBCBCDCD@DCDADABADAB@D@DBD@HAD@D@DBD@D@B@B@DCFABAD@D@D@H@D@B@DBBBBBBBB@DAHCBAFAFAFCDCDADAD@DAB@BBF@BBD@DFD@BBB@B@D@DBD@D@H@D@B@D@DADADAF@D@D@DADAFABADCBADEDCDADCDAB@BAB@B@@@@BBFAD@D@BBBBBDDDDDDFHBBDDBDDFBDBBD@DBDAFAHCFCHCFEBADCD@B@F@H@HBD@FBBBBB@BBBBHBFADAF@DAB@BABABGFCDCBCDEBCBCDGBADCDADCDEFAB@B@B@BBD@DB@BBBAF@DADBB@BBBBDDBH@FBBB@B@DCF@DAD@BAB@BA@C@C@C@CBA@ADCBABCBC@ABABAB@D@F@B@B@BABA@C@@BCBEDCDAB@BA@@BB@@B@@@DA@@FB@@JAB@B@@@B@@AB@B@BBB@@@B@BB@@F@F@DB@@B@B@@BB@B@F@D@B@B@BABAB@B@D@@@@@BB@@B@B@B@B@@@@B@B@B@BABCDCDABCHAFCDCDCD@B@@@BBDDFFJDHBFDHBD@@FFDDDDBBBB@@@B@@ABCBA@EBC@C@C@A@A@A@A@@AA@@@A@@@A@@@A@A@A@@@A@A@A@@@ABCBABA@@@A@@BA@A@A@ABA@EBA@ABAB@@AB@@@@BBBBBB@B@B@BA@@B@@@B@@@BBB@B@BB@@BBB@@@B@@@@@@@@ED@@ADCB@BAB@DAFAD@F@HCF@DAB@DBBBDBDBDBHBFBDDDDDBFBD@BAF@D@D@DDJBHDHBDBH@FAB@D@@@BBDBB@DBB@D@BBFBDBD@HBDBFBF@F@D@BAB@D@BBBDHDDBFBDBBBBBBJ@HBD@DBBBBBDBBBBBBBF@H@LCHADAHADAB@BA@A@EACCCAC@A@C@A@A@ABAB@B@BBB@FDBBB@D@BABABEDABAB@FAFABADAB@B@DBDBDFDDBBB@BBF@D@B@FCBE@BC@@@A@C@@AA@A@ACEC@AECECIE@@@A@E@A@AD@DCBAHE@AD@@@@AACAA@ABC@@@AB@BAD@B@BAB@FCH@B@@ADE@@DC@@@ABC@ADA@A@AECKEGOEKBIJANGFOAQBEDANENEHEDGFQFMBGBQDQFOFKFOHQDM@IKQ@@@A@@@AAA@@BAD@BABA@A@@BABA@@@AAC@@@A@A@ABA@C@AAACCAAA@CAAACCC@CAEAAAA@AC@AACCCEE@ACC@@CC@@BABA@ABABC@@PIZOZOFCNGLIDCBCBADABADC@CBCDEDCJCHCDADADC@ABAAEEICI@O@EGGAA@GBCBAB@DABAB@FE@AAAA@G@GAQGEAC@C@EAC@E@@E@CAA@@ABC@CBGHEDEHCBCBC@E@A@OHA@E@CBA@ABAAA@AA@E@A@@BC@@CG@GAGBE@A@CACEEACAC@C@CAACE@AAA@CAABIBABC@AHEBA@@BA@@AAA@GCC@A@C@@@DABCDCDC@GDGLITQJMHKBE@CACCIACECC@MCWAGAAAACBCHCJCJ@V@DA@G@IBATONQFIJKPWDO@UDQLQPI^S\\S^GfEfCRCNQDOFYPMRDX@j@XARCJGHGDC@YBIDG@G@MEM@AHE\\UBADMDCDAB@PFBAHMJKBCBMAK@EDIDMBM@EBCJCJAFBDBH@LCPIBABGDEDEVI@Q@IB@HBL@NHFDN@VDVJJ@PELET@FAFADEBCBOBADAR@JCRKFEHKXUDEBGBCBA@AAC@A@A@AFGDABC@A@A@ACCKKCAKAAACAAAIKAAA@A@@@ADCBCB@D@BADKJ@@IBE@@DADABEDEDABABGBCBCAA@CAA@C@CBKAE@O@EBEBABADAB@@A@GCGAE@GBABA@AAC@A@A@CBC@A@A@@A@A@A@AGBG@ABC@O@A@GAC@Q@G@A@@BA@ABABEBIBABAAC@AAAA@@@CBA@A@A@CAAACIIGICEE@G@KCICEAAA@A@C@@@GAEBCHOJIFEBE@AAAEA@AAABCFIJOL]RKLQN@ZMF@LBJ@XETAJENCPANEJAB@@WDMFO@EBAPDJANAFEFCB@D@PJJDHBJBTEhUJELCNALFLALCDCBEBE@@@A@A@@BCCAAA@@@@@@@A@@BA@A@@BA@A@@@@AAAA@A@@A@AAAA@AEGAG@C@ABAB@DCDADCB@BCDAB@AA@@A@CCC@@AAADCBA@ABCBABADCBADABCDC@ABABA@ABADEB@B@@AA@KISGQOWEgKYSMQIUK_KeM_II@CBCKFA@CAqSOGUGECEGW]EEECC@A@CFKH@HAFEDYLIBIFEBI@G@IAGBQLMDGBSAGBKBODGBQHOFG@MAIBKHGFIJCBE@EAIAGBIBEDEFGJa|C@IBODU@GAE@C@ENADCDGDOJCDKHC@C@@EEG@CHM@GIIAAE@KBGDIBE@AAAACS@O@E@IACGKIIIOCAI@DECIOEOGIEGCI[NW\\WNSNQDY@UCMGM@@@@A@A@C@A@G@A@AAAAA@@AAACC@@CC@ACAECAAACA@@CAA@AAE@@@AACACCCBB@AB@B@FABADAD@BA@@BBF@B@H@D@DBB@FEBCDABCDADCBA@AIIWEYAQHUHQNWDSDOEaGEEIW@KFMAAQsEGCGB[CCMEG@K@A@MCEAAA@@DMDKBA@CBADAHEDGFCDEBCBK@@DC@A@ABA@EFOHKDU@E@EAA]QCCEAKAGCEAC@GDG@Q@SGECCEKKOGC@EDEBADCB@DBF@BCBCBAD@FDFFFFF@B@LADCDM@QCSGA@M@C@CA@@AAAAC@C@SAABCFCFEBGBIBG@MAC@AA@@@CFCJCHEFGDE@C@CDEBAAEUGAE@CFIBEFGBCBCDEBCBEAC@CAEBCBKA@I@YEE@CBCBEDGFEHORQLGF@DDLABEFMBIBEBADQJWDMAKGILGTEFWFUCKBQLKRGLELGFIFKHUJOLSNERCJQNOEMCIHMAGMKEQCOLENGTKROLWHO@GDQPMXGTOXEJ[NOLMLULOHQTMRU\\KHDFDDFRB^LNHJLVJ`DTNJNHVLXFVAPE`KbKdKRMPGZQNONGJCNALHDNCTEPKVETARBD@@@@@@@FDPCPEJMDSJSLYTOLWZ]^SLKB@B@LDF@B@FBB@BBBFB@BBB@B@FBB@@HAB@NJB@DBB@@B@@A@ABEFMH^E@ABCHAJAHEFABGBCFCDEDCBKDMFC@CAC@CAIEECKAE@A@IDE@G@CBKDGJABEBCBAB@BBBLJB@B@FAFCDAFA@@JFPVjvBPBBF@HALAJ@NDHDR@D@FDLLN`@LDFBJ@BBBBBB@BBB@BBDJNXHN@BCDGBEBCDEBCBMCAADI@AC@WFABABDF@BFD@FCDADQNCDCBEAECKECACE@C@C@CA@G@AACCCAK@EBC@@BADBBBBBBFDDLBDFDXLRNFDDBF@D@@B@@@BABKDE@[FE@C@ABCB@B@B@DBDB@J@D@DBFBHLFBDBN@D@DDB@@B@D@BBBBDBBBB@BABABCBCBCBCDEBABADABA@EBABAD@H@DAB@BCFAB@F@BCBA@A@CBABAB@D@@BBDF@D@BADEFAD@B@@@BD@F@DBBB@BABADADAD@B@DBBBDADABC@CBABCBKN@B@BHH@D@DABIFIHCD@@CD@D@B@@A@ABA@E@C@ABAB@@@B@B@BABABCBG@E@AAA@CD@B@DDDDBBFAH@D@HJTNJFBDBDADCJCJ@N@@B@BCDGBIBIF@DILCDC@G@C@CB@DABAB@BAHABADABABBFCD@BABBF@F@BAF@BC@E@_GGCC@C@A@@BADA@ABEAA@CAAAAAMBGRMREVAZBPFT@LDHBFBABE@ADCBCLEHGFIHIJGNGLCJCJAF@B@J@J@H@J@D@HBBDBDDPFJJNJFDBJBHAHCH@B@J@D@BB@BBB@@BD@@DDLHFFDBDFBD@D@D@FAFCHCFCDEDMBGDABAD@D@FABADEDCH@FBF@@ABEBEBABCDAHAJAFBBAJ@FABADCDEDKFGBAB@BABADEDGDEB@BA@EJ@HAL@HCHAF@HAPAL@HBDBD@@@@BBDBBBD@F@DBDAJBP@NB@@BBDHFNFFFF@BB@DFBDBDAD@BCDEDEDEDGDGBGDEDEHADAFAFAFAD@FAFADCBEDEBIBMDC@@D@JAHAFAJKPEHA@@@AD@D@D@HDLDJBF@BABAB@BABCBCBCDABABABA@ABC@EBCBABABAD@D@B@BBBDDDBDBDBBBB@B@BABABCBCDABAFEBABAB@DAB@FBJ@FBB@DAB@DABADABAB@D@D@B@BBBBB@B@DAB@@@B@B@BBBBBBBDDBDBB@B@D@D@DAFEFCDAB@D@DAF@FAD@FABADAFCDEBADAB@D@FCB@BCDCBABAB@@A@AB@BCBA@@@A@@AA@AAA@A@A@CBA@ADCDE@@B@B@B@@@B@@@B@@AB@BAB@B@BADABCBAB@@A@@B@BBDD@FAB@BCDAJCHAJAB@B@B@J@BB@@@DBB@D@FAD@F@B@B@BBBBFBBBBBB@B@B@BB@D@HBB@DDDB@BBDADCFADCDCDEDADAHAD@B@DADCB@BABAB@B@B@HAB@DADABA@AB@@ABC@@B@BAB@@@B@@@@BDD@BDBB@F@DBB@@@DB@BBDB@@BABB@@B@B@@BBB@@BBB@BB@@@B@@BB@@@@BB@@@@B@B@@B@@@B@@B@H@@@BABADABCBCBE@E@EBCBC@CDCFCFCFADCDAFAD@B@D@BBDBBBBDBDBBBDDBBFFDDFBFBDBB@D@F@D@F@FBD@H@FBF@FAF@H@D@B@B@DB@@"],"encodeOffsets":[[99327,32835]]}}],"UTF8Encoding":true}