{"type":"FeatureCollection","features":[{"type":"Feature","id":"542422","properties":{"name":"嘉黎县","cp":[93.232907,30.640846],"childNum":1},"geometry":{"type":"Polygon","coordinates":["@@EIGQEQKIOEIGMGOCIGEODQ\\OBTH\\EXEJQAKFQJQJQJKAQWKKKMOEIDSHKTIRCPANBLENILQHQPKRGVIRKRMHI@MAO@MNKL@XHZCNKLIPOLKNMFMEKRER@TARBVBNJROPGb[XFTHNCPGRULUNMT@THHIBM@ALEHCNCX@NCHC@@CEA@AA@A@C@AAC@A@CD@DEZERGVITETEEMWIQIOEMCQEMMFSJSFYAY@WESQMSEU@MAO@OKKKQAQFMA@KCMKSGQCSBSDUOKKEQ@YFW@SAWHUJ]LWHOPSFYHM@YCEQ@SIMGKWA_JWFUE[MCOKKQG_FULQNc@[I[AUCMCWJEPIPQ@SGIIAIKGOCU@[AUHUAUFUVQFW@QCcP]JcDUFaNURSHSRE\\AZFNXFLHHRBVKXQLWN[VSRQTWRW@YBSC[@[TWTWP]JYM@KAOEMQGOEMKEQOGQEIIUGSQMOSSQKSDQLGNKTIPGXSJONDJBRENUT[JaDaJWRERAVDTBPCNBNJNDLKTYJSBMFM@GKQQSJQNWFSFQNOJ]BMCMKEI@OBQ@UCSESAOMQMAGNQ@KBQDQCOG[KU@OCQQGOISIUMG@OBMLCPMRMJOFQKUEODKO[UAKOEOMOGYIKDUFWBQMG[JSDUJSAGMNMPKFUISSAMHO@SKYDWPQJ[BOKDSJSAUEKAQDY@cMMYLKNKHSDSDOH[@UCOGWDMEMDQJMBQEMHKEMFWHYJKH_F[JSCQEWHODIGCKEK[DOLWF]DYHQTMXKRWN[JUL_@KGEK@MCKKGQKCUCKKSEKGOAQ@KESEKSGIJO@SOCKQDQHQDSHWJ[DOKOESIKKMIKDWFYFUC[SEKSEYHGL@XDRAVIXSNKFYRDLFPCLDNOHMAMFMDMF[IIEQAMFGVCVCVBT@TENCR@TDRLTCVKPABAF@D@DAD@D@B@FHDJHDBBHCJA@C@ABA@EBA@C@GBA@ADAD@DCBC@@@E@CAC@C@C@EAA@ECCEAACC@@A@@AA@@B@BAD@@@@ABCB@BADCBCDGFCB@B@BAHAH@N@DNDJBD@JCFA@@@BDFBBBBBBBD@PANLJ`APDNFNPRFVA^JFFD@DBB@B@BB@B@B@@B@B@F@D@DHHHXF\\AdJdAJKPARD^D`F\\JXF\\LFR@TJXZLZ@dC`C^IhEfEdAXDDTDN^CPSVBJRJZRLPLXHJRS^WFALWLMLU^GXKTKnDjXdAPKNK`HNRJP@RMT@ZM^@VFTFHTGLEXKNMLOHSJMLMHETEVBXQXDLHLJHLBPCPCTARANAXARCRFPNFRT@RAHPHJLXPHNFZJNPRLCPLBVCRDLNBP@RMPAPNJPHPDNLRF\\CDLLJTFRNNBRFRANFHJNHLEHMP@NLNELGNEJFPLVF\\HDRHPHPBNNPZDJNLLTHVFXHTDb@^Fb@ZANHHVGLCNPXHVJRRVNXKFILJLNJLRBNBJJRJHPMTKVERD\\BTK\\@VHXLTLVNLPHVPJPEFIBA@@@A@AAE@A@CAC@CDCBEBCDMHKFGBEBCBE@AAE@E@ABABCBCDGBE@AAC@CBABA@CBAAABEDGBCBE@C@C@C@ABE@A@EFBDDBBBDBBDBD@B@BCAAACBCBABA@EAA@ABC@AAACC@C@CBABCACKQ@CFBXABAA@AACCGCCEKIKGECCCCEECEC@AB@P@D@@BDBB@F@FCH@JDF@B@DAB@FDH@FBDAD@DBB@BAB@B@BDD@BAD@D@B@F@J@LBJDFBD@FBD@DAFBFDBBB@BAB@BABBD@DADBD@DAVDDBD@H@L@HBHBD@@@DA@AB@FBB@H@F@DABAB@DAB@D@BBD@F@DAHCBA@ADA@@CC@ADAFE@@@AGCC@AAA@AA@AL@D@D@B@B@F@NCBADCBAD@F@DABAB@BAFEBAF@DAB@BCBAB@DAB@BABAB@BADADAFEB@B@B@HCB@HAD@DAB@FBJBTAJCNAL@D@DAD@JANCLCJCHAFA@@HAH@FBB@BKA@CAC@AAAAACAAACAAA@EACEMC_AWMMSOKFOB_FM@U@OZOTJXHVJFZDLXDXBLJNJ^AV@LJHRJHT@T@ZIVKTGNIRMVMTKZEV@`KTANKNMLQV@\\@ZGBUBQTGPITBFKBS"],"encodeOffsets":[[95898,31664]]}},{"type":"Feature","id":"542423","properties":{"name":"比如县","cp":[93.68044,31.479917],"childNum":1},"geometry":{"type":"Polygon","coordinates":["@@RILEHMBQFONWPKRGVGPEXCVBVCLMGGGKEK@OPOLGJKLMPQNCPBN@@KEKGMGMEMEMISGSIMIQCOJMLGPDPBPKNOPQNOVCZAZFNVDPATDNLJP@VKNQNORSRQNULUHUFMDW@UNWJKLMNQNGPAN@REPKHQHOHMJOPIR@T@XBRBTERKRMLONKBABBDBB@FEFEFGDEBCBCJI@@@ABA@CBEBCBCBC@CBC@@B@DAD@DBD@DBB@AVHHFABADAF@NAH@DAB@BCBGBIDEFEDABABABCD@HCH@FDHDDGFGHGBAFCDAH@FB@@N@HCFEDGJGDEBGBCAEAC@C@AAAAACCCCAECCEAAE@A@E@CBA@CBCAE@@@CNAVKZEZ@Z@ZJXDXBZAXIXDRFVH^@Z@\\IHA@ABCBE@ABADAF@DCFCHEFEBCBCAGCEAE@GAG@EAC@C@ABABABC@C@CCE@@@A@AACBCBCBC@C@EBE@CMGIWGSAQAWDYNUDSGKMEQG[GYMGUEWGSMUI_IUGYEULQVCPAXKLODSBYDUFWFSNSPMPURMNMBYFYLYLORGRILKGWIOAQKWCQAUGMSG[@SFWHYDUTMLU@OCSEQ@OFOAKIOKQISAYEUJSDUFQJYDWBSDSFO@S@SDWCS@ODOBMJKS@[MMSCGGEIWAUFWDQDMTINKNINILQJM@MBMDEL@LKH[ISDMHQCSKUBO@QDYDSDKDKHORKESDUHKLKHQEQIO@O@W@ICATELSAOJSHARAVYH[@U@KRMNMLSB_LU@YFSLUNQNMJSHULYJS@S@IGGQKIU@]BMIKIWAWCCKEYUIWGSIYP@P@VENA`EPPLNTXN`BNDDFFBB@BBBDBBBDBBBBD@DBB@ALA@EAG@GB@@EBGBIDKDMDIBC@CBC@K@MBIDSBIAEAA@CBC@GBA@GDA@A@A@EFCBCBABA@ABABA@CBA@ABADA@CBE@ABEFABA@ABCBE@C@ABCDABMDE@A@A@C@C@K@@BBBB@BBD@HD@B@@EFCB@BDD@@CB@BABGDCBE@C@AAC@A@CBA@ABCBE@G@A@EAA@@BCB@@C@GAGAK@G@C@CAUCCBC@CACBC@AAABA@ABA@AAECEACBC@EAC@EAICKAI@E@A@C@C@ABC@ACA@A@ABA@CAC@CBEAG@ECA@CBA@E@ICG@EDE@A@CA@AC@O@A@@BFDFDDFDDFDLHLJDFHDDDBBB@ABWBEA@DLRBDADAB@D@DDDBB@BAD@BBB@FABABADBDBBADA@C@CAAAACAACCEA@F@BAF@B@D@D@DAFADCHAFBBAB@DABAB@DBD@BAFCHADADAB@B@FBF@BAFADAFEHGLCNADAFCD@DBD@D@BBF@B@B@@ABEJJLJLLVBXCXE^KZMRMRGJFRZNRLJNBVFVCVONUB]B_FaLYPaH_N]HOP@\\KPKFQG_BY@UDKLANDTFVN\\RPPHV@NGLIVGLBPDHPFRBNLNHLNVFNQLUHMPDNRRRFZCVCRDLNPVHVAVQHQDQDULUNYLWNYJSNWNILALABAD@BAFAFAHADADCBCBCDEBABC@A@CBA@ABAFCBABCBC@BFBD@B@D@HBB@B@@BDHFBDFDCFA@ABC@ABC@ABCB@BCHCBA@GBC@KBEACACACBCBEFAB@BBFDFBFBDBDBHDDBBBBDDB@HDB@DBBD@@G@E@A@A@A@@@CAEBCBABC@EAA@C@@F@BADCDADCDGDA@C@CAEAICGAEAICG@A@AAA@CCCAACEECCECA@AAICCAAAAACEAAICAA@AAA@A@GACAAA@GAE@G@C@C@CAAAAAAAAAACAC@AAAEBEBABCCAACAEBQ@M@IDCFCBAB@BADCFADEBEBCDEBE@GFGBABCBEDMFCBCBGBKBCBGDGBQFE@CBEBCBCDCDABABEDIBE@C@C@A@@DAL@F@HAF@D@D@@BDBBDDDDBBDBB@D@DATEFABBJDLDJDBB@B@D@DBDDHFBN@DBBBBB@B@D@DAB@DAB@DBF@DBH@FEF@B@FBFFDFVFBLBD@DBDBBBDDDBDBDFB@B@BAFABADBDBB@BAB@BADEBCJCBADCFEDAB@B@HBB@@@BA@A@AAC@A@@@E@AAA@A@A@@B@DDBDFFDDD@D@B@DAF@DBDBDBBBBBDBB@DDBBBBBDBFBDDFBDDDDBB@JBJ@F@F@LBD@DBBBBB@D@BBBBBBDBD@BEBA@@@AB@BABAB@FEDABCBEDCDCDCDCD@BEFCDA@@BBD@DBBDBBBB@BBBDBB@F@H@BBBDFBDBD@BAJ@DBF@BB@@DBHBD@BADADADAD@BBBBDRNTHXNLHF@LCFEJAJ@JAFABAACCCAGFIPGPCLABCBGBIDELIDCBCBCBAB@B@J@D@FABCBAB@H@PBNBH@BB@DAD@D@FDH@F@BADAB@@E@ABCPBBDDLJLJFDBDBB@J@DBBHDF@HAF@BB@BCBABCD@@@BHAFAHBFFB@J@RDD@HAHGDAJANAX@JEF@PCJADADBFATCFAH@FCH@@@FBH@JADABC@EB@FFDBD@DAFAD@DBBAHC@AAC@A@@HCN@FGBCBEBGHGDEHAFEDAHEDADCFGDEBAFEDAFAFAFCD@F@FAF@H@D@HADADAFCHAFAF@NCFAF@F@D@HAF@H@F@FAFALEBAFGDEFEDG@CEG@KLQVOXINIRQPKdCRBRAVBXAZA\\AXATANJDPLHTB^AZD^@\\GHMTIZ@XEZCVINOJORELC"],"encodeOffsets":[[95753,32684]]}},{"type":"Feature","id":"542424","properties":{"name":"聂荣县","cp":[92.303659,32.107855],"childNum":1},"geometry":{"type":"Polygon","coordinates":["@@MvBJBJAJCF@DDXEBABABCDABAHCFAD@DAFFHBBJJHFJFDDDBBDDF@B@D@BCDGJAB@B@D@BBDBBBBJDDDDB¨KpdD@B@F@D@F@HBDBDBBBBBDF@DAHEF@HAD@D@D@BAD@F@D@B@D@BDB@BBD@B@D@DBD@DEF@BABABCDABCBA@CBEBEDGFGDABABCHGJGJCFCFCBABA@C@C@CDMBYJYN[LSF[PMJMNMPGHAF@H@H@F@JBDAHEFCJEFEBEFEHGHEFEHGFGDEFEHEFAH@F@F@DBFBD@FBHDDFFFDFDBF@HBD@D@FEJ@H@JDJBHDHDHFHBDDFBF@LAJBDBHBFHHH@HBH@F@DAHAF@HAH@H@HDDBHDHBH@JAHAF@L@H@HDLBHBJBHBFAH@H@F@HBJBFBJDHFDDDDBHBF@FBFFFHDF@FBF@D@DENKLIPGNELEHADCBAJ@J@H@HAJEPELCH@HBJBD@HCB@HAH@FBHFFFDBF@H@F@F@B@B@BBFCRANCL@R@HBFBDHFFBBFAFCFGFCDAD@BAD@FDF@FAHADEDCDAFAFAHAPDHAHEDAHBHALGBAFBFDF@FBJBDDFHBDDDDFDFDDFDHFHFDFDFDFFDFBJFDDBDDHH`A@CDCJ@LBPAHGLINGJAL@NALALGJGJEFCJ@J@FBBCAADCDADAFCHAL@J@PBDHF@@BBBBBBBF@D@B@F@@AF@B@B@B@D@B@BFBTDBDFFBD@B@BAB@BDBFBB@@@DAJAT@L@HB@BMX@H@BAD@B@H@DCDEJ@BANANBBDHBFBBDFDDHJLFLJNDRBJBHFLPFHDJDLLRJLDBJAD@D@DBJDDDBD@D@FDDJFVHDBAB@BFHDJJHH@NHBDBFFHBBCH@FAH@HAFBDBBF@HAD@D@LDBBDD@DBHBBFBL@FBHBNHFBJFB@@BADADFJBB@BADEFOPCFEN@FBFBBDFDDBBD@F@FAJEJ@HHHJBDHDDBBBHPJNFHEJBDDDJNBFADDBBBJHEDMFGFEFCBABGDADAH@B@FB@F@D@DBD@F@D@DBB@BD@B@D@BBBBBB@D@B@@@B@D@DAFABADAD@B@DFDDBBBDD@@@BA@CBC@C@ABCBADCBADCDAB@D@FBFBBBFBDBD@B@DABC@A@C@C@ABADABADAF@FBF@D@F@DBDBDBDDDBDDDBDBDBDDBDDDBBBDBBBFBD@DDDBDDDBBBDBD@D@DBB@BDBD@D@FAD@FADCBADCDAFCBCBAF@D@B@D@BABABABADBF@D@F@D@B@B@DABC@EDADABAB@DBDB@@BAB@B@BBB@B@BABA@ADEJEBADCDADADCBABCDAB@FBB@DAFCDABABBDDDDBBFBFDF@FBFBF@F@HAF@FADCDCFCDCDCFCFCFADAD@DADADADADCBEDADCBCDCD@BADBF@BAD@@BAD@D@FBFBFB@B@B@DADADAB@FDDBBBFDB@DAFADCDAFADCDAD@B@BB@F@DBB@@D@D@FAF@D@BD@D@DBDDBD@DBF@DADCFCDAB@FBDDF@B@B@B@BADCDBDBDBBBDBDBB@D@FBFBBBBBAD@B@DBBDDDBDBDBBDBBDBBBDBB@B@BAD@DDB@B@@@BAB@BCF@FAB@BA@@BC@CBCBE@C@C@AB@@CB@@A@C@A@ABC@CBA@A@AAC@AAAAC@ADAFAD@BADABAD@HAD@B@D@BAB@@A@A@AAAAC@AACACAA@CAA@CAA@A@A@@@ABAB@BAD@BAB@BA@A@A@CAA@CA@BA@CBE@E@CBAB@BAF@D@BA@EACBABAB@@A@C@C@EBC@CBABABABADABAF@D@D@D@BBDBD@DDBBBB@BBDBBDBDAJBF@H@B@B@D@B@DBD@D@BB@BBDBD@BDDD@DAHAFCFAB@B@B@DBBAD@F@B@D@FBDBB@DBD@F@D@BF@D@BBB@@BB@BBB@D@F@DBD@BBBB@BBDBB@DBBBDB@@B@B@DADABAFAD@DABAB@D@D@@BBADABABCB@BAB@BADADABAD@F@BBB@B@D@DADAF@D@B@D@BBBBFDBBBBDBBBBAD@DADABCF@BABABA@@@AAC@ACC@CA@@A@ABABAB@BCBABC@ABA@CBGDCBCB@DABAHAD@B@F@D@D@D@FBD@B@BA@A@ABA@AB@F@BADBD@D@D@BADA@ABAAAACAA@A@A@ABADAFAD@BADAB@@ABC@C@E@C@A@A@CACAEACAAAAAA@ABEFAF@D@DBBAF@DAFAD@BAD@B@FADABC@ABABAFABAFADADABABCBADCFCFCDCDCBABC@@BABAB@BCDABABC@C@A@C@ADCBABADADAB@@@BB@@@DBDBDBBDBBB@@@D@B@DBB@@BBB@BBD@B@FBF@F@BBB@@DBB@F@@BD@B@@@BAB@@@B@BB@@BB@B@DAH@DAD@DBDBB@HAD@D@DDDBD@BBBBD@B@DABAD@BAD@D@B@FADCB@@A@C@E@EBE@CBA@ABABCDCBABABCD@BA@A@C@A@EBEAC@CBA@C@C@EBC@A@C@@CCGCECACCEAE@EACCEECI@I@CAICEAECGAGCCCAE@EAC@EDE@EDCBCBE@GBE@EAEAG@CDEHEDCFCDCDE@A@@@A@AAC@AAA@AAAAC@@@A@A@C@A@A@A@ABAB@@A@@@C@CCEEGAGAGAEECCAE@G@MGIE@AA@CAAAC@EDCBA@CBA@GDA@@@CCECACEEAAEEEEAAAAACAC@C@@@CA@A@EAA@C@A@CBC@CACACA@@CAC@AAAAEAEAA@@A@ABADADABCBEBC@@BC@ADCB@@@BBBD@D@BABCB@BDBFADABGBCBABAB@BAB@B@D@DBDBD@DABABCBCB@@ABADADEB@D@DABAAA@AAAA@C@IBKBC@EAECA@@ABABC@C@E@ABEFKBGDI@ABAB@B@B@D@JFB@BAFEHCFA@ABGBG@C@A@E@@CAACECCAC@ABE@C@CBCBE@@CBA@A@C@C@CBE@G@ACB@@A@A@AA@C@C@CAC@EACCECECEECE@EAG@C@GBEBGACCCEEEEAGGCCEECCCCECGCEAEAEAGAI@GDGDADCDAFEHICE@EEEECEAC@EEEE@EAG@ECE@E@G@G@K@IBG@GDIDEDCBIBGDGDGBEDCFCFCDCDIFADAB@D@H@DCJEFCDGBCDEBEBAD@F@D@FFDHF@DIHGDGDCDEDEDAFAFEDEBGFCBEBGBEBGBCBIBGAKEEACCGCEAEECEC@E@E@EBC@CDGDCBCDCBEAEEACBCDE@EBIAECGECCEDEFCBCDEBABEBC@IAEEEEEIEGAGAEAEAACBGBCAEBE@C@CAEACEGCEECKAGCGCGC@CAICGCSAMBMFETGJIHOHGLEP@NEFEBCBE@ABQM@GD@@@BBD@BGDABCAC@EBCBC@CAEEA@@FADCBIBG@EA@@G@EDG@EBSDEBCACBIBODE@IFW@MBIBCBGHGBC@QCI@A@EEGAEBGB@A@@DCBADA@AAAE@GBE@GCAA@C@IAAACECKIKICCAADOBAF@@@BABC@A@ECG@E@CBC@CAAG@MAOAG@A@ABADEBC@I@A@A@ABADADCDKJCFAJAHADKBODOHEJBHDDBDABEBIBI@IBEFKDE@KGWMSGQMACAA@ABCBCBCBC@AACAG@CA@@AAE@CBI@AACACCEAA@A@G@EAAACAAA@AACAAA@CAC@AB@DCFE@ADCDCDCDCFCDABAFC@EBABA@ABA@@B@FA@AACACAAAA@A@CAAAACAC@KAE@E@I@IAA@CACCACCEACAEACAAAACCA@CAAAAACACACAE@CBA@C@C@CCEEACCCA@@@@B@BBB@B@F@@@BBD@B@BAB@@A@GAA@A@CBEFCDABIDADCFABA@ABA@CACAABEBABA@A@CECACACCAACACAC@KAEAEUECAE@E@AFE@EAG@CAE@CBA@CBA@C@C@AAAAACAM@EACGAC@C@C@AAAICKCICAAEBSFCBC@A@CAAACCCCAAAC@@@C@CBE@G@EBK@CACBA@ABCDABABE@E@C@AAEAAACCC@C@A@G@ACI@AAA@CAEAAACAA@ACCCCAACAGEAACCCCEACACCCACCECCE@ACCECMIAAAA@AAGAC@A@A@AA@@E@EBA_wEKMIYB[AUFUFWF]DQD[EQKSAOI[@]EWG[C]CSCEI@K@MIIWAONERIFSCSIMIQAOBYCI@KACAC@C@CBABABCDAD@DADCHCFAFCDCFABCF@BAD@DADţ¡I@Q@IAIAEAEAEC"],"encodeOffsets":[[94164,32437]]}},{"type":"Feature","id":"542421","properties":{"name":"那曲县","cp":[92.061862,31.475756],"childNum":1},"geometry":{"type":"Polygon","coordinates":["@@B@D@D@F@JAFCBABADCDCDAFADAF@REHAHCDALAHADADANEFCDABAHAHEF@FADCFAFABCDEBC@ABADADEJCN@R@FADBBBDDBAFAFABB@BBDBDBBBBBBBBDBD@D@H@F@HBB@BBBD@H@BBB@BBBJDBBDFBBBBDBJDBBB@FDDDFFBDDBDDB@BBB@H@JDFBHBJDFBDBD@B@HCDCBCDCBC@A@ED@B@FBD@BADAFADB@@B@B@B@F@H@@@ACCAA@GCA@CCAAAACCAGACACAECEAE@ABAFEDADADBDBFBLAD@HAB@DADG@ADABAD@BAD@BAB@DEECACGEAC@@@AAA@G@C@AACAED@DABADABEBAB@DAB@D@BAFADCDADABCBCBGBEBE@ABCBABKJKXMTMZIXMZKVMVKRCRCRGBUGUOUKMQCUDYDQEQQCMNOVGRKEMMUGKKMAMEQGOOCKAUHKJMHU@OGQOM[EUCSBMLKVCZ@`ARHLELO@[PO^G`MbGZObK`E^AVAPMDUEUAUIMQKYMEQHINQNQLYF]DWAWKUIKIKOFOIGUKOUMSKWKUG[@SL[AQCUFSLONIGIQAIAMKQMIIKJKLEMWQUIQGUOWDMHKGUMGYBa@]Ea@SCWGUESGKKIMYCMOAMGOGOCQ[GUEOKIEMFKHMFMKO@GNKFMGGIMEQBQEMAQMSEKICK[DQEMKOCOGMIBONO@QAOKMQCUDKADOQKMOYIMEOGKWGIGOQBS@EQOMQEQDWBMBQBSBODODKAIGGKCKRWAWFUFSNGNKTIPGNKLMFWHKGSSEUE]@YNS@QNO@QIGML_LMBOWcCiLmLSHWV]NKXKBKXET]IQWGOKQKIYIQUAOT]DCMCSWCcBeFgF]J_DcDY@YKIW@SEQ[KWE[I_E]CQCOBILcBcI[BWEGGCGC@E@A@A@@@ABABAB@BCD@BADEPADAF@@CBCBCBCD@JGLEFADMFCBIDED@DBDDJ@@[bCDCBAB@BABQPMRKNSJWHYLQJWJ[PQRETCXDTFTEVEPCLUAIKIIIKOIYEYASBQEMIYOOKWM]MgK_KWCYE[BUBQDUDOLGNA\\GRMLQDYFYBUCOH@LATJPBPBRDTGVCTCVATOLSHOXOPCVWxJ]b@GR@LBR@BBDBB@B@B@B@@CBCBABCBEDCDCBCBC@AB@@ALAFELAD@FBNCHCJDJFHÉ^@KICC@@@CFCFGP@@@BAJBH@BAFABCFEHCBIJQ\\QfGXAL@B@DBH@DABĵņNTBJAbAHGLEPKDQAIFMBFBDJDRHJ@ROPAJQFCBãÖHAHCF@DAH@F@H@RCNAHADAF@B@HBDAHAD@TLD@XJTLFDBBHDFBFBJBD@NCXBH@L@LBPBFDLJFJVZHL@B@@@BA@KBAB@@BBBBDDFFBBBB@F@BLBXJBN@N@NNNZNTPLLNNREVAHLHNJJVJRJLNJNJLLLTDLKT@PJLNHPHNVHZA`AXGB@NDNFB@DBDBFAZED@NAZBTBB@LARBD@L@D@D@FBHAbBF@HHPRHNFPFPJJVBNNGPGT@LLJHHJL\\JLKnWRCNGVSdSRANKJUNIVEdBvUJMFA@@BA@@@CAA@C@A@E@A@AF@@@DB@@HBBAD@D@DAD@@@B@BC@A@@@A@C@AD@HANBDBD@DBDBDBB@DBD@BA@A@AB@DABE@EBGDE@CB@@A@A@@^KD@JAJ@HAFAHCBCB@@AAG@ABEDCDCBAF@BAcD@H@PAHAF@BA@BFDDB@@BFBBB@HH^XHFFABADADBDFBFDHBFAFAD@HDFBDDB@DHNFJBHAFAJ@D@D@D@B@D@BAFAB@B@B@BBF@BAB@@ABE@ABCB@D@B@BDDFDFBFBJBJBR@J@Ť¢BC@CBC@ADEBADEDCBEDEDGBC@CBCDCBABADAD@D@DBLBJ@ZDPARBNJTJTDJEFQPMXBJJ@N@LFJTD^D\\DXH^F\\@PJTBRL\\FRC^CXEVEVE\\BZANJFL`xAB@F@FB@@B@B@BBDBH@BBBBBNJFDDD@BDFFDDDDBDDDBFBDDDDBBHFDBBBDDDD@BBBBDBBBF@DBB@BDJ@B@H@B@DDDBDBBBF@B@D@FAFABCBAD@BABBD"],"encodeOffsets":[[94762,32635]]}},{"type":"Feature","id":"542426","properties":{"name":"申扎县","cp":[88.709777,30.929056],"childNum":1},"geometry":{"type":"Polygon","coordinates":["@@@@C@CCAACCCC@ACCEE@A@CACBE@C@CAA@@@AA@@AA@A@CA@ACAAAA@C@E@VJeAAA@E@E@CAA@ABCB@BA@A@A@KAC@C@EDE@C@I@IBQBM@CAA@ABI@EAG@G@K@E@I@CBADA@C@ABWCC@CBADAF@DAD@F@DBPAFBJ@F@BARƣUAAEGB@@A@C@AAC@CCE@CAC@AACCO@CAC@C@CBK@GBG@EBC@EBCDQ@C@IBC@G@EBEBEBK@C@CBC@MF[@K@EBG@KBE@E@KBC@EBG@E@G@C@CBK@C@CBE@C@GBE@C@A@ADK@CBEBG@C@EBC@IBI@C@CBCBE@C@ABG@C@EBE@EBG@C@GBE@CBQ@EBE@I@CBCBEBCDGBAHG@@FCFCDAD@ĚµJGNCĨDDA@@BA@@BA@AB@B@BAB@@A@C@@@CBADCBADABABABADAB@BADABCDABCBCD@BADAAECG@A@ABAAE@EBC@ABCBA@@FILQFKDEDKDC@A@CCC@A@CAGAC@GAC@CACAA@CACCEAC@C@CAC@CACACAE@A@CAAAA@AAC@AAC@@@AAAAA@A@A@@@AB@DCBABAB@BA@A@C@AAAAACACAAAC@@ACAAAAAACAAACAAACCAAACCC@CAA@CA@@A@ACAA@@CCA@AAAAA@AA@ABCDAD@BAD@DCB@FAHCFAFAFAD@BADADAD@DAD@BAD@FAF@HARAD@MiCIIQ@@@A@CNKPKTGBSCSMQIOFYCKGKKKGMOGOCOB]BKIIEOIE]HUDQ@SOM[EGGQA@@EDADCD@@CCCCAA@C@C@GBCBCHEDCHEFAFABAB@@C@A@C@CACAAACCAGCAAA@A@@BCDABC@AAAA@CAKBKBEAGBCDCBC@G@ABADAFAHABAB@@EBC@@RIJENEJCFADABCLUFQ@A@CAGBCBCDCHCNGNIDC@A@A@E@I@ABCDALEPEJEJEDABCBCBCBCCQ@AB@DABAB@@A@CACCEAGCG@IIUDMjCQGMEIMNWHEJG^µD@BDDBB@L@@BFBD@D@D@HDFBF@D@DBB@FDBBBBPLFBFDn`]jCBCBAD@BADCHABILEFABEHADAF@D@@ADfdADCJADCDABABBBAFEFGJKJKF@@AD@@B@FAD@FAFBD@FBBBBDBB@DBDAJ@@@BBBBBB@H@FAFAD@B@DADCDE@C@ABCBCBAD@DBD@H@D@BBDBBBDB@B@B@BAFO^CHA@BBBBD@PBP@J@JBPHHHFJBH@T@BDHDFHDJFJBzDlDH@HAHADABAFEBA@@@BAF@BBFDDDBD@BADOBAFCHCF@JCTEHCDCDEHIBCBGFK@E@AMOKK@C@CJIFM@A@@B@B@F@D@D@B@BABA@A@CDCEWTFdXNF@@BADABABA@AB@B@@@LDD@D@BAB@@A@ACIAC@@FIDC@CBA@EAE@E@CBABE@@BADCBADCBABC@E@A@C@AAACC@A@ADCFEBABC@AACACCE@GCEEKGOAE@CFGVGLGNSDMBABEBCFCBAFKBEDCBEBCDAJKDEDCHKDG@IGSKOKOAWAK@QGQAKSUKMIGMAWE@@C@ABCBCHABAFABA@CBC@EACAMAA@A@ACCAACAACCAAEBCBC@EFABABEBCBC@C@CCAACGA@EDOD[HOFOHSFUHUCE@@ACAAECAABEBC@GBC@EAECA@A@C@EBIDEBECAIASBCBCD@F@FBTHD@B@BADG@@NKJALMJINEFGHIFEBE@@DCDEBGBEBMB@FAHBH@HCHEDCDG@G@GDIDGHIDCBEAOGMCCSDEAGCMKACAACAABCBCBMASMCE@EJOBGCCAAA@A@CCCECG@OAEEEC@GEC@OAIAEEGKAQ@AAACACAE@KDM@E@EA@[EOCGDCF@J@fDLGHCNAZAFC^IVBF@@GWqBKTGFCJOBMICKDECBQAKKD_JSDQFSDI@MBQAU]CAEAYCMBB]BIEEKIOAE@QZCFEDGBE@GCOOEAKAC@mNHÿDcCW@O@QQEGD@C@C@E@G@ABCBCISMMKSQ@[@QDQHYPINILWPO\\_FaWYBcGMCMBQHKPSHQPBNCTKRQASIcUOYSNQDSOK@KMSQCQAKO@KBOAQB[DSAU@SLS@UBOUEQMQOCQASEIOASGUOEKJSROLMHOJWESC_VO@KO@QBUGGOCINODYDQCQDQNIJSDW@WB[@UDMDSB[BUBcAQAWASKI_IUIKMOMMIUGG[A[KYKAMBMC[MIUCIOEIC[@QAUUUSI[FSHONWJOPERFXFXDRCTAPDJTPFLALBNAPITCLMRSFODQRKDO@SDANITAVOH[JU@SHYDUBIBW@U@_AYYKSGOQQODMNOFQGICYKQA[JENGTGRGPOLKDSHOBSHSDUAOBITAVAV@PANGVGNKTETDPKJMJ]@SC]YOIO@OJ[HCLENQBMBUBIBQ@USUIYCWDxRJBNRVBNFE\\CZAP@HCDGHMHOJ_DCAICE@G@GBIDIBGDIPO@ABABATDD@DBFHTAVChBJBFJ@LBR\\N~O@[E[OGMMiEIIG_GYGCBCFD`BTBRCDMVJ\\FN@BBPa`AHOHOLSPCF@JJXFRNTRFJJt\\NHDH@DKROTCF@F@PBbANDPB^BFHBN@JHZ@HAtHVDtHXHFHEJAF@BDXHf@LEdXDD\\BN@FBBBCJELAHDLNNDJFHDBhJJ@\\IDBTPPXJ\\dNPATDPBJHDF@LADMHEH@FENABE@M@IFDNCV@@AFDZ@BC@K@CBEDEBQBK@OHUFKBODIBAB@@@DBR@BMLC@A@GACC@@ABBBFLFN@B@B@@AAC@IACAI@ICEAC@CBG@C@CACASE@@D@^AF@PAHCTAB@FNHHHJBJ@@BLAHCJEJDDHN@LBJ@NBDABCJDFFHLBDHBJCHBHDDSZMP@D@FBBPVT\\EFEDCDABA@@@@BBF@FAFAFAFAF@BAJBT_ISD]LSJCTOFKDGNSJOLMLONOJCJAFEPSR@PDNARNLJJCZHTDNGPGHMHALALGNKLOJKDITANAPILEBCBCBCBCBCDEDABABABAB@B@B@D@@AD@H@D@B@B@D@F@F@F@DABCHEHCDADABABCFADADAB@BAB@B@B@D@D@@@B@@ABWpBF@D@B@B@BADADA@@D@DAD@B@B@BDDFHBDBB@D@FAF@BCF@D@BT¤BBƊÌ¸nPJD@FALGHBDJFFDDDDBH@D@BBH@B@B@B@BCFGHT@B@BBBB@TBJBN@ZHJBHAJBPBHDBFDBLCJEHEBGBE\\HJBHDPALBLAHCF@REFBRBRDN@JDFDB@rJlJnblvF@BABAD@F@H@HAV@FAD@DABADC@@HADAFCHCFCDADADAP@HARARCNAFAD@~§BǀÙƸ¨TƬBhBdDJJ\\PdT~NX@B@F@HAFCFCDAD@BBD@B@B@BK`OhQt@D@FHlAB@FnTJDJDBD@F@@@BBB@BBDBB@D@BCF@BADBD@D@D@D@B@DBBAB@B@F@NBHDHFJDDDBJDFHJJjHPKDEBA@A@GGc@AFERQ@C@CBABANCB@B@@B@FBBDBHBD@B@FAB@BCJAVCNBF@REH@@EEUACGIKGCE@EBEFE|YTGLGHGhmFCDANBFBBDFBDBJFD@NCD@JEDCHKNIDCDAAE@CBCD@F@D@DBDBB@NAJ@HBFBBB¾ÅBGCa"],"encodeOffsets":[[91496,32844]]}},{"type":"Feature","id":"542427","properties":{"name":"索县","cp":[93.784964,31.886173],"childNum":1},"geometry":{"type":"Polygon","coordinates":["@@BA@CB@D@DAFCDAB@@@@ACEEA@@CCCCACCA@@@ACAAEGMAC@C@@@CAA@C@A@AB@BAB@D@DBD@B@@ABAB@BBBBB@BAF@B@BAB@@EBA@ABAB@D@@@B@BBBD@BB@B@B@@ABCBABAD@B@B@BAJCJAPCFCH@JCLAP@J@F@DCDE@E@ACEACCG@E@EBAFADABC@ABEDC@CDAFAH@D@BA@AAEAC@A@E@GACBCBADAB@@CDE@ABA@CBALAFEBAD@DBDDDBF@DBBB@BBD@@BFFBNBF@DAFDFDFFBFBDDDBBBD@@BA@@BCBAAACA@A@CAC@CBEBCD@D@B@@BB@DBD@DAFAFCBAHBFBH@FAD@BABCBAB@DDBBBF@DBD@BFDDFFFDFBBDBB@D@D@B@DBDBBAFCDEFEHAFABA@AACWg@@@@D@D@F@DABAD@@A@A@AB@@BBBB@BAFBB@D@DADABAB@DB@BB@D@DAJA@BBDFN`LXKDE@GBI@CAAAACA@CBCBADABCBDDBB@BBBD@FHJBHBHBD@B@BHFBDBB@B@B@@DBDC@@@@@@FCF@DADBHBDBD@JA@A@@FEB@B@J@JCDAB@FB@BFBF@HAJGBA@@DAB@@@DD@@B@@C@A@AB@@AAC@EAAACBE@CFADCBE@K@GBABBBBBHFBFDD@DAFABCJCDAD@FED@DCDAD@@BFDFFDB@@DBBAF@H@D@DADADAB@@@DBDDBD@@D@BBBAHAHCLAJ@FBB@DDDB@@B@BBHAJ@F@HAFADEBEBCBCB@DCDAB@DADCDADAD@F@D@BCB@@CBC@CBC@CFAFAJGFCVDB@BA@CACMOCGC@CAC@@@@A@ADCDEDK@C@C@CB@F@F@BCBABAB@B@D@DADA@@D@@@@@BBB@FHDFDBDD@B@FBB@@BB@B@B@F@@B@BB@@@B@DB@B@D@HAD@BBB@BDBBB@DAD@D@B@DBBBBAB@BABAF@DA@ABA@A@@D@D@DA@@BBBBB@D@DAD@B@BAB@B@BBB@B@B@DCBEBABGB@D@FAH@FD@@DBD@BBBB@DAFADBDDBB@LC@@HBB@DAB@D@FBHDLLHJFJDH@D@BB@L@D@FCD@F@T@D@DA@CFEDCHEF@L@FB@BB@BAFAHADCDA@A@AAACC@@AC@CACGKCCACAC@CD@DBD@BADEBADC@AAE@C@ACABABCBCCACAGC@A@ABABCDADADCF@LCF@D@DADADA@@BBVNthDFDFBBD@BBBBBNEDMPA@G@CD@B@FBPALAH@DBD@BCDADCBCBG@@C@AECGIGCCAIACC@@A@EDEDCBCDGH@BHN@FELBD@BEFIJKJIN\\M\\@TEZIVIRGHKHMDMBM@ODMDQHSD_EOIIUGOBQ@OQEKIOQCUBWEIEGQCMDMAOFQ\\EPJRL\\AZGTCHMDMDMHG@AAAA@AACCAAECA@@G@G@GBIDIDIDGDIBGBEDCDCFAHCPAT@XBZB\\CbEXG`OTCPILSFQBQHQNUASEUGKOKOQSQIQGS@OTSLQRIVMTOVKJRLFVELGHIRMNIHKFOEOPIJKFWESEIGOLG@ADMGEACBADADABADGDCJEDAB@DE@CDAFIDEDI@AAAACAADE@A@AAA@A@EBIFGBCNMTYBADCDADAB@JGBAAQACCACAEMAE@CAEAACAECGBCBC@OC_SAGB@JDPUFKG]FSAEKJQ@GiUW@KBC@UCG@G@MGOOkJAC@ABcCCQBGCESFMEGECMJSLUACAQCGHWPIPINOHKLCNCRGNERCLCNCT@XAZBV@XBVFRAVN^LVJLBLJTBVCRLRTHJJNLFJAJGJCJIJMFMDMOMGKCMGWISMMQKESISESEQBWAOBUBOHGNGNCLEV@XSNQTCJFLFJRPPNJL@PGJQTQBSCUIMKOSWKKDSOSQSCIQKYESKSUKUGUAWDWFMHO@UBQACSJGHMQO_@IMGYUCQEABE@C@CBA@CBABA@EBA@C@ABCBCBA@CBE@CBA@ABCB@@EDABABC@CBC@A@A@@B@@DF@D@DADABAB@B@DBD@FBH@HBFDFBHADADEFGFEDCDE@CBAB@BAFAD@BGB[JY@]@UGQEWCWJYBWAWCYIY@Y@YFULMB@D@@BFAD@DAB@D@F@BBFFBDDBFDDDDBBBB@B@DBDBFADAHCFIHCHEFGDM@@@EAG@CBEDABGHEHCHGCECG@GDC@ADABABCBEFCFAJAHADA@CBG@MBE@CBABEBGGBUA@CAC@CAC@CBA@@@AD@DADADADAF@DAB@B@@IJADADCFEHEFEFA@CAAAABMLKPQNQLSFQAWAS@Q@OJIPGNGPGROLQFM@OBMHMRKNILMX@VCXENGVKVMVQRQTMPMRULO@KICMBSCOMUYEYBUDMPORMPOLOAOCKHINDPJRJNHTJTFNFNHNHNFL@LM@OAMDORKNILKHOP@PFLHLHHKNUDUAWDOFUHQHOLMXEPARGNKFQJVAPFJBRDPBJCP@HBH@VMD@L@H@FAFADAHCFD@B@@BD@NFAD@DABCD@F@DADAB@B@BBFBD@@BB@@BFHJD@HBBB@DAFAHCLIBDHFBB@BDD@@ABGBABIBEBUHCBCBCBEDUJEBCB@FBFDDDDDFDJDDBDFBH@D@D@H@DBDDBDBBBBF@DABAFAD@B@DADAFAH@DABC@AB@PED@@@BB@BBH@DDNBBBBB@DABA@@BB@BAHAF@F[JBBB@BBB@BBBBDADAB@BCDA@@B@B@B@BB@@B@B@FCDABAB@B@D@D@B@B@@ABABAB@B@BAB@D@F@DABCBGDCB@B@HBB@B@BABA@A@AAE@AAABA@ABAB@JAHCBADABA@ABC@@BAFAJCFAD@B@F@B@B@BA@A@A@C@CAC@A@E@@@C@ABABCB@@ABCBA@C@@DBBBFBF@HBDBD@HAB@BBBDBHDDHHFFLJLJBBBADAH@FCHCDABA@A@ABA@CB@D@BABCBADAFCFCBAB@D@@DBDDBBBBDDHFJDBDFBFJBD@DDJFBBD@BBBB@B@FBBHDD@L@F@DABCBC@EBADA"],"encodeOffsets":[[96170,32739]]}},{"type":"Feature","id":"542428","properties":{"name":"班戈县","cp":[90.011822,31.394578],"childNum":1},"geometry":{"type":"Polygon","coordinates":["@@WIMCKEEAQGS@MBOJMDA@SAIDGHIJGHKBUQWDQRQHUJSDQBEBABKPIRGZATALBTEPMLcHWJSJENGNEP@REVDNJJJPBXONILIZUHQLQ\\OJSOKQME]GUAUAILHPIHS`ER@VBPMDQBUKSMKIYCUHQF[FOJMRMRWHECEUUOSEQFIVINSLUNUDMFKAMCUH[F_BW@KGC@MCADAD@B@H@F@D@DHCRF@R@PDXCdGĀnMD@LBFBPPHDF@HAFCDERYF@PBLJFFAJA^NAZDFBDBV^RBNAJ@TCRETC`ILCBLARFDLCJDANIPEDSHALXr@HE@UA]JEDYBMBGDKHeCI@E@CDDHFP@\\FBF@N@LCF@DBDBBB@BBRHLFFJBPBD@HFD@FFBF@PDHDFDDB@B@BBDDAHIP@FDFTNNBDADABADBBBBDNLHDFBTCDDHNBPAFCDGJCHCJ@H@HCHCDGFGDG@GAEBA@ANAFAHCFCD@@AFEFGJEHMFIJKNIBML@@CHABA@C@SGEAE@C@ADADBTBJFDFAJCFAD@B@B@FDFBD@HAD@FABADBBFDB@BF@VDVGTEPGPE\\GPCFCB@DHBBDDD@D@DAFABABAFED@DAFABBDDBBBDDBBDB@B@NBDBFBD@DAB@BABEBADGDABAD@@@XFNBJHLNTVBLHR@RBLBXLPLPHT@JCHGLCDCFILCBADAFCDAFELABEDADAFABCNMTKHUHEH@DBFHPFLDF@HDFBDBD@BADABEFCD@B@BDDBB@B@D@B@FADABCDABCDAB@@AFAB@D@FBF@FAB@DCDEJ@@BDDJ@B@BA@ABC@C@KC@@A@A@@BABABCBAB@@MEcWSEFXCD@D@BABABA@C@C@E@A@A@@@@BENIJ@D@DLLNP@B@FELAHADGJCFCDGDSFIDE@GDEDABCPABC@CACCAE@ABE@A@@ABEFABCBGBGBG@kCyCIAIEGCCECG@A@SAGEIGGOGIAI@O@OAC@AAAAB@DGP]BE@A@A@ACAAACAAAC@G@C@CAC@ABADAD@B@DCFCDCBA@C@EBEBG@A@AAAA@A@@BIAC@CAAACAAEAC@EAEBC@EBA@@@BC@@LELIHIFEBEAABABADCBCDIBCecBC@@@CBEBCFGBAFEJKBADGBC@ABCDADA^im_ECEAOKAAAAECA@CAC@E@EAGCC@C@C@EA@AK@A@CAACC@]¶IHGFMXJNNFRHiDCNJV@JDHBHDFBD@D@BA@ABCBA@@BDRADADADADCBIFIFOFKFCBAD@B@J@F@B@BCDMJMHGDCDADADBH@D@BERKVADCBEBIDMFIFQJ@@AD@FA@ABGBEBCBAB@B@HADCDADBHAFALBL@DBBBBD@BADC@AB@B@BBHDDBBDBBBD@D@D@B@DA@ABEBEBGFCDGFADAD@H@D@DBBDDDD@@DCBCFC@@RBHH\\FPN@TCRGVF^PJJFLJ^APAPDPHHNLLHLDLEZJPNRDTATSHOLML@D@B@@JRDJNjC@QBGBE@EBC@ABC@CBC@CBCBABC@EBEBEBGDEBA@CDC@ABC@CBAD@BBBB@BBBBB@DD@@BBBDB@@@DBB@DBD@DDBBDBBDBBBDBBBDBBBBDB@BD@BBDBDBBBBB@B@D@BABA@ABABCDA@@B@@@B@BBBBB@B@@BD@BBD@BBBBB@D@BBFBDBD@DBD@D@DBDDFBD@DBBBD@DBD@HBDBH@D@BDD@D@BCDCLCFELKREJ@@ABAD@BAD@FBFAB@B@BDHBFCBABC@ADADCBADCBABA@CBABABABCBABCDAB@D@@@D@BA@ABA@A@@BAB@@AB@@CBħCMDIHę¶C@CBEDED@@GHABCHADAFAD@D@JAF@FAR@DAF@H@DAH@FAF@F@DAH@B@DAFAD@D@DAJ@JAD@F@DAHAF@DCL@B@B@DAF@H@DAF@D@DAL@D@D@H@FAH@FAD@L@FAF@LAH@F@LE\\@NAD@D@DALAFAF@F@HAD@J@DCRAD@FAD@FAH@HAL@D@DBD@DDPBD@BBD@DDF@DBD@B@D@BA@FHBBƤVBQ@A@EAIBEAO@C@EBC@CBEBCDAD@XDBAD@B@BCDAJ@F@L@H@H@FBJ@BAB@DBN@RAJAJ@D@F@FCD@D@LBB@B@B@@ADABAB@DBF@F@B@BBIfUF@D@B@BBDB@BDBB@B@@BB@@B@@BB@D@DAFBD@D@BFFDD@BDDDDBBDDD@@@@BL@H@D@@AB@B@@BB@BBD@B@BADAF@@@BABCB@DCFA@AH@FABAB@BA@@@AAC@A@@B@FABA@@BCDEBEBE@E@@A@C@A@A@@AAA@A@CBEBA@A@@@ACCCCGC@@@AA@@C@A@ABAFIBA@@ACAI@A@A@AB@BAB@HBD@D@B@FCHEBAL@BAB@@@BCBAB@BAB@B@@@D@FDD@HDB@B@B@JCD@BABABCBAD@B@DCD@B@BB@@B@DEDEFGBADAB@D@F@B@F@D@B@B@JJBBD@F@F@JED@D@D@DBDBFFDBFBP@J@DBBBB@BB@B@D@D@B@BBDBB@B@F@BBB@BB@DDBBDB@@DBDAD@B@B@@@BB@BBF@BJF@BB@BA\\ITG_ĘÈQº[dvĂD\\@N@P@VAfI\\ERCHAHBTBLDd@@AB@BBBnEh@JÖpÀBBtJ\\HFBHDJDRBJ@TD`@LBDAD@FCVCDCB@FADADADA@ABAF@F@DEHCH@JAL@J@HBJ@LCN@BB@FBFBPD\\FDDBBD@F@H@FBD@D@DBF@FBHBFDHFDBJDHBLFF@H@J@FAHAF@HBNDHAJBH@FAHBJBHDHBF@H@D@BDHDHDHBJ@TELEFEDEFAHADAD@HDD@FADCJEDAF@FBL@FAFA@@F@JAH@J@HBF@FBFDDBJ@DBFDBD@@DBB@D@B@BDD@HUHYniz»DAXKBE@C@CJOBMEIIY@UD]AW@C@@CACCE@GAA@EAEKCCAC@A@IAAACAKAAWQWKIE@A@CECCCAEAC@CAGACCG@CAA\\aBA@AAC@AB@BA@@D@B@DAFABAH@LAHC@@DBDBF@B@D@F@PDb@AACAG@ABEFEBCBCBI@WAO@A@ABCH@JDB@F@JAD@PCFALBHBFDFBBB@@DBDDDH@@BBB@@@VEH@LDB@F@FBDDHBBBF@DADBFBD@FADADCDCFEBCDADCOKDIHEFE@G@G@IFIFEDIbWJ@H@DAFAB@DAFALEBABCBA@ABABABA@A@AACCG@@@A@ABAFOPOPEXGTCPMHO@UAKGMMKCSCUFOBMBM@EOMAMDQLSRQJEHCHEFEB@B@PBA@AJGBABCBAB@JMLODEBEBMBE@GBMAEBE@GBE@CBIBEBKBCBC@GBQ@C@M@E@EAEAEACACCAACECAACCACACACAE@C@A@E@CBGBEBE@CBEBK@E@G@CBI@CBADAHCFAäÕDAREBIPO@QGICQCIEANAJERBLCFOHKBGBaAIMSĶŅBA@CAG@C@ABKHWReR[JIDAFGDEBABE@AAGBI@A@@HODEDE@@D@FMAEAAAACCC@A@ADEBGBABCBeC[IeMSGGCEAAC@A@@A@CBABKDCDCFAFCHA@KBGBGDC@ICGBIDEDIDARiS@A@AA@@A@E@CACAAACAC@@AC@AACDE@GDIHIFGDCBADE@AAE@CBGBEVED@@ABEDEFEFATED@HC@C@ACCECAAAECCCCCAGAaGI@KCIEGEG@@ABAJAPALK@C@CECGGEGIEBEBGCGACACCCAAK@CACAEECCCACAC@G@C@EDEBOFIFOHKHEDKHMHKHCBIFUL@B@BNNLVBF@@ABA@A@SMIACAA@AA@AAE@@AAQDCBEDCBAJEZ@B@DHH@@BF@B@D@BCLCDADCDCDEFEFCBCBCBABCBEDABAD@BADEFAFCDCDA@CBEDODE@CBCDGFCBA@E@AB@AEBC@AIAGGEMGECMIEEACAACG@CAA@@A@GFEBCDCF@BKJiPGHIDO@EBIBGBEBEBGBCBC@CBWE]@A@AEGCEAA@IBE@AEECCEICACAC@AAECA@@AAA@ACGCEGEAA@ACs@eEGOiGaSKaSkk©¹ƗCEAC@EAEBCDCBAFCFCBCDEDCBCBE@C@CBADEDCBC@ADIFIHKLQFMHOHKHGLIHKKEOASGIEIOKIQMOIMKOGYMIIGMKGOCOFKJS@OEKKKKGKMKIESGYDGLKFO@EOAQBMKKQGUAWCQIEQBOBMFOBMCOEOIM[CUAMLORKHQBU@S@WEQEQIWCSCS@QEKKGMAQKGMMEOAQCMAOBKAQBOESUKOGKOFKFG@MGOOAQGKIGKMOGQCUBOIQKKKMKSOUKSEKAUAUUCUDKDOCCUBQFUEUCQGMKI"],"encodeOffsets":[[92232,30673]]}},{"type":"Feature","id":"542430","properties":{"name":"尼玛县","cp":[87.236646,31.784979],"childNum":2},"geometry":{"type":"MultiPolygon","coordinates":[["@@cCEAGAU@AAAAAC@OCCAA@GBCBC@C@EAA@@@EAAACCAADGJEFGFGDCFCDCDABGBECCQECA@C@EAG@@@A@C@ABA@E@A@CAA@@CCAACAGEAAA@@AAAACAA@AK@MFGBIDGBKGQW@CAGBEFM@CAEACBE@EFK@E@AC@AAA@@@AA@@AA@A@AC@A@A@AAAAA@@CACAAAA@A@A@AAAA@A@@AC@AA@@AA@CAAAAAAAA@AAAAA@@AAAACAAA@A@A@AAA@A@@A@AB@BA@@@A@@@CBA@A@@@@@C@@@@B@BABCDAB@@AAAACCCAA@A@C@A@CA@@AAAAAACAAAA@AAA@A@C@CBABC@C@EBABABEBBBBD@BBB@BBBA@@D@@@B@B@@BBBB@B@@BFBDBB@@A@A@E@A@C@E@C@C@CA@@A@ABA@A@A@A@C@@AC@C@A@C@C@A@ABABA@AB@@A@AAA@AA@@@@AAAAA@A@CAE@AAE@C@EAE@E@C@A@GACAA@AA@AAACC@AACACA@@AA@CBA@A@AB@@ABABABABC@AB@BABABA@ABA@CBA@A@A@ABABABABABADABABEDCFCBGHEBCBBHDDBJDH@BFAFAHAHAJCD@FAD@@@F@D@DAF@D@D@BA@@FAB@D@D@D@DAF@F@DAF@FAFAFAD@B@BBBB@B@F@D@DBB@@BBBBFD@@BBBB@D@BAB@D@BHF@BADCDEFAD@DAD@@@BADADADADABABCBCDCDAFADAB@@ABIHEFINEHIHMD`L@BA@@@CAIBAB@BADAB@BKBCB@B@DBDBF@FADAB@FAD@F@BBDB@D@^@FBFBDBHCBABCBODCBAB@BB@@BBBB@BBBD@B@B@BCBABA@A@@@A@@B@BB@B@@B@@@B@BADADAB@DADCDA@C@A@A@CAAAAAA@E@A@C@C@CAA@C@C@EAC@EAA@C@@@ABA@ABABA@EDC@EDABGBCBC@EBCBABEBIDGBIDGBEBE@EBIBEBWDC@IBG@IBOBGBI@G@KBG@E@C@C@EAE@@D@H@HBFBJBHBLBFBFDJBH@DBJBF@D@DBB@BBBDBBBBBBBDDDBDDBBBBB@B@BBD@DBD@@BB@@BBB@BB@DBD@BBFDB@BBD@DBDBFB@@B@D@DAB@@AB@B@@BB@BB@BBD@B@B@B@B@@B@BBB@DAD@DAB@B@FAD@D@DB@@BBBFBB@B@BAB@BAB@B@B@B@D@B@DBB@BBDBBBBBB@BBB@B@BBB@BD@DAD@DADAD@BAD@D@B@@BBBDBB@D@B@BBDBB@FBBBHBD@B@D@DAFADAD@B@BBBBBBDBBDBBDBD@N@H@F@@ABAB@B@DAB@BABABAB@B@B@DBDDBBD@B@B@B@DABAB@B@B@BBBBBBB@BABABADABADAF@D@F@B@B@BABADABAD@B@B@B@D@B@D@D@D@D@DAHAHAF@D@D@D@DAB@B@DAB@BB@@D@B@D@B@B@B@F@B@D@B@B@@@B@BADA@ADCDABA@@B@BAB@B@BA@@B@B@BDB@B@B@B@@@BA@@B@B@BBB@@BBBBBBBBBBBBB@BBBB@@@B@B@D@DAB@BAB@D@BAB@BABAB@BA@@B@B@D@BAB@B@@@B@BA@AB@@A@A@@BA@A@C@ABA@ABA@ABA@@@A@GBQVP}"],["@@TZLNDP@HBD@FBH@DBDBB@BBBCBCF@BCBCDABABC@CBE@C@CBCBCBCBCBABEDABEBCDA@EDCD@DDFBDDDFDB@DDD@BBBB@B@B@F@D@@@FBBBD@@K@G@C@EB@@A@EBILIPADAB@BA@A@E@ECEACACAC@ECCAIFCFGFG@OGOKYF]PQFA@A@EAAA@@GCIIGeADADABCDCDCDA@C@G@EBEBEBEBEBA@ABM@UCKCQ@U@JMBQTMAQHIHKDUGAAACECCCEACAOGABBDBFCLCJGHGHIFIJCF@XBX@JBFDFBDBDJJFJBH@F@BAFADAR@ZAV@P@`ATKNWPONKLGLMTWZKXOdDRJVX`JRFRARCRBlAfERCPMNWNWDQ@MCGCMKCMIMCEGOIGGEQHSM@K@QCKCIAQBOEKEKAOBMGKAKBMACCAEAAAA@AAA@EACAEAE@EACAGCCAA@@@@AAAAAAAAAAAAC@AACACAAAA@CCACCCCECAACAAACCEAC@AAA@CAC@AA@@AAA@AAA@AAEACA@AIAGAI@SAE@I@KBA@EMEOGFEDGFEDGFC@ABCD@DBBBDBD@D@BBDBBBBB@D@D@D@DBDBDBDDDDDDDBDBFBDDFBDBDAD@DBDDBDFDDHFDFHDFFFDFBD@B@FBD@BBFBDDDDDBBDDFDFDDDDF@@GBLCDCFABBFLRNLDFFFREHCF@FN»T@@AA@@@@A@A@A@kaSAëÃFGBCECAA@CBA@A@CDCDEBAFCDCDABEDCBA@C@A@EBEBCBCBCDCDCDCFEBCBAD@BBFBD@D@D@DABABCFGDGBC@A@CAAAAAC@AB@BABAFCDADCBCBC@C@A@G@E@EAICE@EBEBADADCDAFIDEBC@C@CACCC@EAEC@AAC@E@C@EAE@K@EAO@GAE@@C@C@CDCDCHEBABADABALGHCFAHAFCHADCDAFCDADCB@DAF@D@H@F@H@DBD@DBD@FAD@F@DBF@D@F@FAFAF@F@H@KTGJAÀFJaF]Em@I@I@CAICECECCC@E@ABC@KCCA@AACDYDK@I@EAEACCGGIEGGCGAGAGAGCEQ@CBAFAJCNCXABBNBHBFBH@BDBDBBBD@B@B@D@@PHJFBBJJJJD@DABC@ADABCBCBQBSBEBADCBI@MDYBMDYAID_EEWFIFKTIPSROD_AIDMhGJOAIMMCIKUMWOICCEAAA@A@ADCBCFIHCDEBC@EDEB@GAC@GBEAGCGEKAALE^SRCAC@EACAA@U@OMOG[SCQJQDOFOPEDK@G@GAA@CDCDCBA^WLG@A@AE@KBI@SCSBiRKFE@ECCAAAAEAAAECCACEG@YCE@Cëd_VA@@@@ALKBADAFABAB@BEBAB@DAF@DAD@BAPeFCH@F@TAPAFEDEDAGCMEIGGECCACGCCAC@GHCFCFADCFAFADADENCFCDKJAD@D@D@FCDKNCDGJCFGJAB@D@FBPDL@DADABABE@UBC@AA@AAGACMAcGQCSCU@I@[FKFGJV\\@LIJMPCNBLJNJRHV@PANGLMPWFGJBNLNPNIPKPEHGL@RAPARAVDLFNHJFFFNDFWRONILAXETOHUBKPGLGRCNIPM@KHGJC^JNGPOnARAdFRA\\CPEVIPGHGRBD@F@FABAB@B@D@DDDBDN@@¡ns`KHGFABCJCNAP@TBLLPBR@VGLKNMRQTE\\DVCVDNBXBTAVEPQHIHWHERCLKLM@IC@@WG_CYCS@SJUHSHOBWC[HUFUEQ@[LONOROF]BUBKGUFOFUHQBGNBNHZONwFi@eBQBMLMNKTOLUE]@OFWDOHSHMNWDSLQ@KDMJIJYB[AKDOJGHIR@LMPINCRAVAPGLMPELQPOL@LHVR\\AFQHMFMDiNWFQFWEMAAF@VKLQFMDKFGHEFALDLCLDNDNAJ]FWHKHKHQBUGIIKUKOQMIAK@OHOPQ@KDKHKJAVEVMRUDGF@JFXGVMFWHWDWHKLMLSNcBSAUEMI@@CCA@ABC@A@EAC@ECEECAIAEBGB@@ELAB_TEHAFAD@FDLJhJ^PdBD@BJHBDBD@D@D@BIRETGP@D@B@BFBB@@@@@@D@BAB@BBD@B@B@B@BABAB@BAD@@@B@@@DBB@@@D@D@BUPLXJL\\\\HPVFLLCPENSVKFMLETDNFHLLBN@N@VMPATCJETDTUHKNQ`URgL[RQ\\GZAXCJ@TRTVZHTFNXR\\TJNLRTbR^`bLHdhJTA\\DL@THLLNHRHRLZJ`PZLXBJ@HAJC`EbLVVJRLCTAVVjLX\\VtLdLpJVPP\\T\\PFPh\\^^PVEhQfCnLhFzVnVpnL`DjN\\|RnR^RĀF`DlBjPn\\\\b`\\\\LFNH\\XL\\JTHrNXCd@XTrR\\DDBB@FADABADCBEBEBCBCFCDADGFCDABKDGFCBEFCBCBEFCDABINAD@D@BFRNVDRDJJLNJBBBBBF@B@BCNABMPEH@@AB@BBBABDDBDBB@DBB@BFDDBFFDDBHFFBB@BBBB@D@DAD@pTVJ@FDHDPBLCHCFMFWJEDBHR\\TVJdJTJJ^LZVHXGNABC@CBGBGBEBI@cCG@E@C@MHIBE@E@C@QEcQoEuJBBA@@B@BCBCBABA@IJ@BAB@BBF@H@H@B@D@B@B@BBDBD@B@DAB@B@B@BHJ@BBB@BABAFABAB@@@D@BBBB@D@F@BBD@DBB@BBBB@BBD@B@HAF@D@D@DAH@D@DPB^JfBjRtPNF^PZPnXxJFFbTJP`B@x@RFHFDDBDB@D@FCT@F@DHHLLJFVJPHB@VLTDVDTFcPCJQ^ITwABAH@HBLPPDJ@HGvEjAreWAk@GBGFWNSXMlCbBhFFNFBDBJFLFFPTHHBF@dBb^`|z`j@RDfBb@DADCFGTCHia\\PQL@@ADCBABEDGFKHEDEBEDCDEBEDABAB@H@DBDAL@DBD@HBLBD@FBD@DAD@D@DAD@JAF@D@DDHBFBFDDBJBD@FBFAJ@F@FAFAD@FCLADCFADGLMVCDCFGFCBEBCDCBGDCBCBCDCFADGTADAFCFCDABEDIHADCDAJ@H@FAFDHDD@D@DAD@D@D@N@BCJ@D@F@F@F@FCTADBL@D@FF^FHHFBDDBBD@D@D@F@DBDBDDBDDDBFHFFDBHHDHBDBBBBDDBDBB@F@DBJAF@F@F@D@F@F@FADADADADAB@BBDAFCFABCBCDIDC@CBKBIDEDGFADABCFADAFCHEJEHADGFABCDGDCDEDEBEDEBKHCDGFEBEDCBCDCDCBABCBEBEBE@EBEBA@KAC@E@EBC@SHSHI@CBC@C@EBKDCDIFKFEBEBE@SDC@E@E@EDCBCHCDADAFAH@F@J@DBFBHBFBJ@F@D@F@DBDBDBDFFDBHJJFJFDBJDDBDDFFDDBDBBFDDBF@FBFBDBFBFHHHBDBDB@DBNBB@DBBDBBADBF@DBBDPBFBFPJDDLHDDBDDD@B@BCDABCBADEFAD@D@D@BBDBB@B@BABEFABAHADABEFAF@D@D@F@DAF@H@FBDDDBDDDBDJNBDBD@D@BADCDADBB@BBDDBFDBBBBBLDFBBDBBBDBJJHHHFLHDBDDFJHJDDDFFFHFFDHJBDBD@D@FBDBDBFDJDDBDBDBFBD@BBF@DJRFJBDDDDHBDDJBF@FBL@HBF@DAFBH@D@DBB@BHH@D@BADAB@B@BDH@BABABGBI@K@GAE@E@C@CBA@CB@BABBBBDFFDBBBJNDHDFBFHJBDDDDDJHDHBD@B@H@DABBB@DBBFFBDBB@DBB@B@B@BCF@HBD@DBB@@BDBBB@@BDBBBBBBDBBBBBD@D@BDJBDBFBB@BFLBDDDBDBBBBBBBBFFDFBBBB@BDBDFDBBBBB@BBDBBBDBB@BDBDFBBDDBBDD@BDD@BBDBH@@BBBDBBBDBB@BBD@D@B@B@FAD@BAD@BAJ@D@B@HBF@BBDB@DDDBBBB@BBD@@@BBDDFDBDBB@@BD@@BB@B@B@B@B@B@B@DABAFABAB@BAB@BCDAB@BAD@BAB@@ENCFADAHABABABCHABEFCBABCDAB@B@BAB@H@F@BAB@BA@@DAD@D@FBBBF@B@B@BABAD@D@BBB@F@DBD@BBB@DBDBF@DBB@F@@BDBDBB@B@B@B@B@DBBAD@D@BEJABAFAB@D@D@B@BADABADABABA@ADABABABABCBEFA@EDCB@BABCD@@@BFBFDDBDBHDBBHDDBBBJBFBDBD@F@HBB@H@FBL@DBB@B@DBB@BBB@BBB@@@BDB@@BBBBBABBB@BAB@B@B@BCDCJ@BABAB@B@F@B@BDBDBDBFBB@F@FABBB@B@HBJBF@B@DAB@JCHAF@H@DBB@B@BB@BBB@@A@ABABCBCDCBEBABCBCBABADADAF@BAD@BAD@B@BADEL@DCFABABCHABABABCHAB@B@F@DAD@B@DAB@B@DAB@BAB@FAD@@AB@B@B@BAD@B@FBF@HDF@@@BBB@B@D@BAB@B@BAH@B@@@B@BBB@BBBBB@DBD@@@B@D@@@DBF@BBB@BBB@DLLFDBDDDDFHDDBBBB@FBF@B@B@DBHAJSrG~LfL^B~[|QSD²R@ZIFUUmgyI]Dao|APXIN_S[][WJYJO@uPwJeZQz@ZpDStSjcdTfoyDUMO]Qm}G_AGqWsQH{@­GE¯fqMjMTJm]eW^URqYeS­IgYAub]CbcImg_LO{{µeKµMwDezgVqa}Cobm\\iJeL}PkHeCgO]CkrVµlBqukBeNkU[ecC_jcwsjLAH¯[ÑFqvMVU@_gs}K]RYVSE[aS«s]]CcXknYTOAcYAu\\ircFWIiHytAgMiF|tc`XGwFg~gdknyf[ZuvÃRUWWqcąHYJIqcEµl½É|b{K^q¬e¬KÐV°lF¼KepUBS£@A@CDE@ABE@E@CAAACEGCC@A@A@ABC@C@CB@BCBC@A@A@A@CAEXoBA@@@A@@@C@C@A@ABA@ABABCBCDEBABABCDCFGDGBA@C@E@E@E@C@A@A@C@GBC@@@C@A@ABABABABAFCDCDADADADAFAJKBOBMJSLCPILKHMBKBKNGHGHOCMGSDYIIMKBQCM@OTQFOBEDIPIPMNKPKTIHMLCPEDSTI^KTC`JASBI@ABEBEBEBE@EAE@A@@B@BADCFCFES[OUAA@E@CNOTYCCAGDGAICGKAEGCEDIBAAC@MAI@KGMCCFIDIBGAK@@AIGIGGEMA@SBGDOBE@]BC@@@TFDBDBD@H@DAD@FBJDJ@DBJBD@BB@@@A@AEMEKAABA@@DDHBB@D@NK@AAQ@C@@BAJAPCLAVEPGL@RAFAFCDAL@D@@ACYBE@@DUCMJEN@F@BAFM@EFGNGBC@KCEIGOASCOBcMI[OWSOCA[JI@gICAEGCIMMCKBGFKDIAAEAM@[ACCcWKFe@WGAC@BEFIEGWGsGUCsGGBY@IGM@GAAEA]COBMAa@O@EDEPSLQ@CCGMGs[IIQEMSEQIW@IDETOPKPGBGb_AO@AEMI[NUDCAQASC_DEDAZH`HJHFJNjHN\\P\\FP@M}Q[KAI@AEAIDgBUGSAE@CCCBSBABAP@JOHCJAJCHAH@F@JDDB`CPINGHGDC@GBODYF[MEUAMQIAwQOFQ@aBKHININKHSGQKOIYOKJMTMGUSOMMOUEMOIKKOM@UDWNOFILOJSGOCQAODKLKLMHQJSLWFO@ODQAISQGMJKNGJWEQ@QLGT@RDNRVKLQB]D"]],"encodeOffsets":[[[88191,31711]],[[89610,31162]]]}},{"type":"Feature","id":"542429","properties":{"name":"巴青县","cp":[94.054049,31.918691],"childNum":1},"geometry":{"type":"Polygon","coordinates":["@@CE@@EACA@CCAE@AAC@AAAAAAAC@ABIAEAE@E@OAA@AA@CDADCBABKFEBEBE@EAGCIKESCGAECM@CAAA@A@@@A@@@A@AAC@A@C@A@C@A@A@CACAO@KCI@EAA@KA@@@@JCFADALCVGJCFABCBA@CAEAIBCBAFEBEBE@CACAAEEAE@C@EHKFCDCDEBCFIHEBADABCBCBANIDIDEB@RIRKHIFIB@BAHBF@DABABBBADA@C@AAAAC@C@CBEAAAIEKCEACCCAAAA@AAE@A@@@AD@@@@AAEAEAC@CCE@A@GACDEBE@A@AACAC@C@C@EACACGECCECACCAA@C@AAAA@@AAA@A@AAAAA@ICCAAAA@@BA@E@ECA@CA@A@AAAA@ACCCEAMKKGGAGICCEC@IAE@CCCCC@C@CFEDCDAFB@ACEEAAAUGAA@IBIBE@EBC@ECCECGC@A@I@AAC@CBK@CCG@CBIAI@IAMAC@IBCBARMJEDCBEA_@CCGAI@A@@BAB@F@F@DAFCDA@ABBD@@@D@DANCBABA@C@A@@CEAC@E@CAAAAAACAAAACACGC@@AGCE@GAGEE@ACAAAAAAA@C@@CAMKA@AAC@A@C@C@C@JCBADCBADABAD@D@D@@A@ADC@@@AGMHUNKFWB[@UBQEUMIKCSEEIAKFUBQBWEKJMPINE`GJMLIJIFE@AACFK@EGM@AHGDCDAFCFCB@@@DDJBDBHDHJFD@B@DH@DADABCDC@AAC@CBGBKAO@E@ADCH@B@NOFCAMAAAAC@AACECEsgUMAA@@CBCBCBC@E@KDE@CDCBCBADAB@B@BHDDBDBADADABDB@B@DBF@BCDABCFABC@CAC@@DBDBDDDHLBD@DBD@@DDBB@B@BCBCDGBEBABA@@AEAK@E@GFCDEF@DCBC@S@E@C@EDC@K@A@@A@CCGEIGIKKGCEAC@A@CBA@GA@@KDA@CAACBCBE@CAAAAC@CA@@ECG@EBC@A@AHABAFCDA@A@A@AAA@A@ABA@C@CBC@A@AAAA@@CBC@C@@@@BAB@BCBE@ABABA@ABAACAA@C@C@CBA@AAACA@AAC@GBC@A@A@@C@A@@AAA@@@@E@A@AAA@@AA@E@ACCCACEEGA@AA@@@@C@@@CBCBC@A@A@ABABADE@E@A@@D@D@DCLCFCD@B@B@@D@DBD@DHNPBD@DABA@UCEDIHEBEB@DAD@DAD@DA@ADC@E@C@CBCBCDCBA@CBCDA@ADADAFCFEBGBE@I@GBAAA@@@CACCA@EAI@KBGDGBABAAC@@@ACCCCA@@A@CBCBCBC@G@E@ABCA@@CAEEEC@AC@CBCDC@EFC@CBIDADEBCBC@ECEAAGAAAAAB@H@LAFCDEB@DAFBDBB@FBD@BA@@B@B@DA@@@CC@@A@CB@@ABIHGBE@EA@AEAA@CBIDI@A@A@EF@@@BIBC@CAGACACBE@ED@@@@@@CDCA@@@A@AAAACGE@A@AACAGAGGI@EACAAA@CAACADCBABAD@DDBBBBB@DAJ@HCFWL_KEMAC@AIBCBC@A@@ACAA@ABCBCBC@A@EAABA@AA@AA@@B@B@BC@ABCBE@C@C@@@@@XhBD@BABEBGBEFCFEDABCACAA@C@C@A@CAAACEEECEEC@AAC@CAEAACCA@ABADABC@EBG@EAGAABEDEBCBC@CAA@@AA@C@C@ADAF@DBD@D@BDBBBABAD@@AB@@ACAACCACAEEEECECCBE@MAEAAE@@AC@AAACAE@CACCCAC@ABEFKBAB@DAB@BCF@DA@CBABADBD@H@F@BBDBF@BABC@G@EBCB@DCDAF@BADCBEBAB@F@FDHBDDF@B@FCFCDE@I@O@KBIDG@EDODIBIDABA@A@C@ABABAD@BA@A@A@@AACAAA@@@C@A@AB@BAB@FA@ABA@E@ABA@AAAAA@AB@BA@C@CAC@A@ABA@@B@B@DBB@D@@@DBDHNBFDB@B@@DBBDDDDD@@FBDF@B@@A@CBEDCBC@A@@DABCBAB@FADADCBE@K@C@GCAA@E@AAAAAC@AAIECCC@IAAECECAEICGACAACAAC@CC@A@ABEDEDCBABADABC@A@@DAB@B@BABCBGDEDG@CBABAAKIKIEEGGCCAGACAAA@GBC@CAGAE@EAAACA@@@DABAD@BA@ADAB@B@D@@@F@BBD@D@D@B@BABA@A@E@A@C@EBIDEBAB@@AD@BABCBABGDIBA@AB@BABBB@BBF@B@BABABA@A@GAA@A@CDAHADCBE@C@A@ABA@A@ABAB@BA@A@C@C@A@A@ABCBEDA@A@@@AAA@A@A@@@CBADA@CBCBAAAAA@AAA@AA\\I@EBEBG@AAA@@ABCBA@AAAACM@CAG@AAA@@C@OFA@@BADCBG@EBCBCBA@C@EBABCBE@AAAAACCCCAG@C@C@G@EAACCCCICECCCCAE@EDAFAVIFCDADADAVGFAJABAHABA@@CC@AAAGEACKJGDEBCBA@AA@GICEG@AA@@AC@EAAAA@A@CBCBE@C@ADCBC@EB@MAC@@@AECGDCBEBEBG@K@C@UNG@GAO@IDOAQCIAOEUBKDQFIPMPUJYDWFY@SJGN[H]@YC]BSAKGCOMISBWB[BYBWBUAQBQAcDOLQRMJWJUPKR@LFH@DCHEFCFEHABKFEBEBE@G@E@GBC@E@E@EBMDE@EBGBEDCBCBGBC@G@E@EBE@C@EDEBEBCBEFABCFEHCDCBGFCBEFGBCFGHAHAFADEHAR@BAFADEFMFO@KFGHGPIJSHEFANBNDTDHBJ@DHDHDHDLBFDDFFHBDBF@D@DAFBFADAHBDFBFBHBHBJFFFFFBF@JADAFABCFADEDCFDFFDDHBFAJ@FCFADBDFFFBDADCDAHCDCD@FAF@F@D@DFFFFBHDDDFBLFHBJADAHAFAHAFADAHEFAFCBEBEFCFCDCHCHCJG@CGEEC@E@C@EBCFAFADCHADCFEDI@C@G@CBABCJEDCDCDEDEFCHAHCHCJADAFCJCHCH@JAL@H@H@F@F@FDH@FBF@FF@FBDDFFFFFF@JDFGBEDCBCHCHCJ@HBFBFBFBHDFDDDDDFFDDHHFBFFDFDDHBFAHAD@H@FBF@FDDFDFDFBD@FBD@D@D@DBBB@B@@@DA@B@HAF@D@D@D@BAB@DF@DADAD@F@BAD@DBFDBDDB@@@F@B@DAHAH@BEBGDEFABA@IEC@A@A@A@AB@BCJAHELAF@B@F@DADAB@BB@FDFBD@LAJAD@B@BB@BBBABCBC@A@CFCBAB@BA@ADADABCBC@CACAC@A@A@ABA@ABABADAHCBEBCA@ADABA@A@CACAA@@A@CD@BAD@@ADAFADCBCBAB@B@BB@FBFBBBBBD@DB@@DBDBDBD@DAB@D@B@FBB@B@@D@@@DBDBDBBBBFFFFBBFFBDFDDD@@B@HCB@DAB@DAFCD@BBDBB@@BJFNHH@F@DBFDBFBHBHFHDF@D@D@@@BA@AB@B@B@B@B@D@B@B@@BDBB@BBB@BBD@B@B@@@BCFCDEDCDGFCF@DBHBF@FAF@HAFADCD@FCF@FBD@FBFDDHDHBFDFBJDDBJ@J@FDDFBD@FBFDFBDFDHDDD@@@@BCDABADABAB@D@B@DBB@DBD@BBDBB@DBB@@@BABC@A@ABCBA@CDABCBCBABC@ABABC@A@CBABABADAF@@A@@@@@@@AB@@@@@B@@@@BB@@@D@DADBFB@FAD@BBBBDBFB@BBD@BBD@FAD@DAF@D@BAB@BBBBBBBBDBBBB@BB@@BB@DAB@B@B@DFAD@B@BBB@BB@@@B@B@DBDDAFAB@DBB@DBFBDDBBFBDBFBD@BBFBDBDBBB@@BD@B@B@@D@DBBAF@B@B@BB@BBD@DBB@D@BBBB@BBBBBB@DDDBB@B@@@B@BABAB@BABAB@BABB@@BDAD@D@F@F@DBBBBDBBBB@DBBBBBBB@@BDB@B@F@B@BBBBBBBD@DBF@D@BBDADBD@BBB@DC@A@ABABAB@BABAB@HDDBDBD@D@DBB@DBDBBBD@BBD@D@D@F@D@D@B@B@DBB@D@D@F@DCFAF@H@D@FADABABABCBEBA@ABAB@B@DBBBDBDDFBB@B@BABABAFCDCDAB@DAB@BADABADAD@B@DBDABDD@D@BAD@B@FAD@BAD@DADADAFADAD@BABADABABCBC@C@C@ABCBABA@ABC@A@C@A@CAA@AAA@@@ABABAFADCBADABAF@DBDADADAB@BA@A@AAABCBA@E@A@CAA@A@ABCBABADADABCBA@A@@ACAC@CCCACBA@A@@BADAB@AAA@AAAA@EBAB@BABBB@BBBDBDDDBBB@BBB@D@DAF@FAF@BABBF@DBD@D@D@D@BAB@BCDADCDC@@HCDAD@@H@DBBDBFDJDDBFDF@B@D@DBB@D@DBDBDBDBDBD@FBD@DBB@BAB@BC@@DCDABA@CBCBA@@DAB@@A@CBE@C@ABA@ABAB@B@DABBF@FBDBFBB@D@B@D@BC@ABC@C@ABADADAFCDCBA@AB@BAB@DBF@F@DBB@DAD@B@DBDBBD@BABAD@BAB@B@DD@FAF@@@FBDDDBBDDB@DBBBB@@DBD@D@F@D@BADBF@B@DCDCBAF@B@FAD@F@F@D@B@D@BABA@CDEDCBCBCBCDCFABAD@BADADAB@F@D@DAB@BADABAB@DADAD@DC@@B@BAB@D@BBFBFDBDBBBFBDBD@BBDBD@B@BBB@@FAF@HBD@B@DAB@BAD@D@FBDBB@B@@B@D@F@D@BBBBBBBDBBBB@@@@B@@ABA@ABA@@DCB@DCDADCD@DBD@DBB@DBBBD@B@DBDBBBBDBB@BDBBBBDBBBBBBB@BBB@BBFFAHAFAHAD@FAD@D@D@D@D@DAD@F@B@B@B@BBDDFDFBBBD@D@D@FADABCBADAF@DAFABAD@D@D@DAF@FAFCF@DAD@BABB@BAF@D@D@F@F@BBBBBJDHDNHJDFDBCDCBAB@B@BDDDDBDCBAB@BABBDBFD@@DBF@F@B@DBD@BA@E@A@ABAB@BA@A@EBAB@BAD@B@D@BBFBDBBBBB@B@D@D@DBD@BBBD@DBDBBDBBBD@D@D@BBB@B@BADABADABADAF@B@D@DB@@BDBB@@BBBBDDDBBBD@B@B@B@B@B@BBDDD@BDDBDBBBD@B@DAB@D@DAB@BD@FCBA@AB@D@BAB@B@BABCBA@CBA@C@CBAAA@CAADCB@F@B@DCDADCDABCB@@ABAD@B@BABADEBC@ABAB@D@DBFBBBD@FDB@F@F@DBDBD@BBDB@B@B@D@D@D@B@@BBBB@BAD@B@B@D@B@B@B@B@BABCBCD@BBDB@@D@BBBBBB@FBDBFBB@B@D@B@BABABABC@A@ABAB@BA@C@ABCB@DD@BBB@@D@B@BADC@BBBBD@BBBB@BBB@B@DBF@F@BABABEAADCD@J@F@FBDBF@J@FBDDFDFDBDBBF@DDBBDDBFDHDFFFDDBBD@HBJBFAL@J@F@FB@BADAFCFCBBFBDFDFDDD@BBDAF@F@HDDDFFFFDBBFABADCFGHEJGHGDEDEBGFEJGJEJGJGPGNIFAFCJ@FABABCCCCEACBCHAF@FCFCHAH@FBDBBFB@FBFADC@C@CBEDCDAF@HADCDA@CAAAE@EDABC@CFCFCBCAAAC@EDAFCBAFAHALAH@H@D@B@@@@A@@@A@@A@@@A@@@@@@@AA@@@@A@@AA@C@A@@@A@@@AAA@A@@A@@@AA@@@@A@@A@AAA@@@@A@@@A@@@A@@@@@@@A@@A@@AAA@AB@@ABA@@@A@@@@@A@@@@@@@@AA@@@AB@@C@@BCB@@@@@"],"encodeOffsets":[[97034,33311]]}},{"type":"Feature","id":"542431","properties":{"name":"双湖县","cp":[88.838578,33.18698],"childNum":1},"geometry":{"type":"Polygon","coordinates":["@@@@@@AA@@@@@@@@@@@A@@BA@@@A@@@@@@@AB@@@BA@@@A@@@A@@@@@@BA@@@@BAB@@@BAB@@@BAB@@@@@BAB@@AB@BA@@BABAB@@@B@@@B@@@B@B@@@D@B@@AB@B@B@@@B@B@D@B@D@@@BB@@BBDBBB@@BB@B@@BB@@@B@@@B@@BB@@@B@@B@@BB@@@BB@@@B@@@B@@@@@B@@@@BB@@@@@BB@@BCB@DADAB@B@DBDAB@BB@@B@@FB@BB@FJBDABBBBD@BB@B@HBD@@BNFFBBBB@D@F@B@DDLHHHP@P@VILAVFLFNHTHnFLIJQHKHQHMPKPIVATGRATBPBD@D@DAFCFAFADA@@B@@@DBBBB@B@@ADAB@LEDADCBCB@BADA@ABCBE@@BAB@@ABBB@DBB@B@D@BALIB@BAB@F@FAFAD@D@NAFADBDAB@DC@@BAA@@AAA@A@A@ABADA@ADEDG@ABABABAB@FCF@D@BABABABAB@B@BA@@BA@A@@@A@@@A@A@@@@B@@BB@BBDBDB@@FBB@BBB@BBB@@@B@B@@@D@D@NBBBB@DBDDDBBB@@F@NAH@HA@@FAB@DCBABAB@@BB@BBBBDDB@B@DALLJNNLFHHJNLDDJAPOLKJKJEPMHEB@B@FACECAAA@@@A@@BADABCDEDEDCLODCBAA@@@A@BE@AAG@@@A@A@E@C@E@ABCBC@@HGBC@A@A@A@C@@@A@@DCBCBCBC@C@AAACECAAAGCA@AACAACAA@@@A@I@A@CA@ACAA@AAAGGKGAAEAA@A@A@CBEFCBCBIBABEDCDA@I@A@CAA@K@ABIDC@GDC@E@C@C@IDA@CBCB@@CFA@IFA@C@ABABC@ADABCBGBABABABAB@B@DAD@B@@AB@@C@C@C@A@CAE@AAGBK@KAKBC@C@A@AACAKGAA@@A@C@CBCBKBC@C@GAC@A@AACACCACAAEAAAAA@@@ABABA@AB@B@VIFCFABAFADCB@JAD@HCNEPIHEB@BC@ABABABAHCBADAB@TGHABAFEDAB@DAF@BA@@FEBADCDADA@@FAHCJCDABCB@BCDC@@@C@I@A@ABA@E@A@ADE@AAA@ABABA@@BA@AB@DAHALAD@FAFEB@FA@ABA@@BA@ABCBG@AAA@@BA@@@@E@CACACA@@AAAA@A@A@A@@BADAHCBAD@@@D@@@HBD@FBD@DAB@D@B@BABEB@BAB@DBB@B@BADADCFCDCBA@A@@BABABA@A@CDGDEDCBEBCDE@C@G@CAG@EBCDGBI@E@A@CACACOE@AA@BAL@D@@@@E@ABAB@BAH@H@PADAFADCDABAFAD@JCBA@CBA@CBABEDE@ABA@AAEDI@AACCACAACGCCCAAAAAC@CACAACCA@E@CAA@@AAABADABABA@@@AAACAAACAAE@A@ABCDABC@AAA@@CACCAA@ABC@ABABAF@BADABADAB@D@B@B@BA@A@CACBC@C@A@A@AAAAA@AAG@E@CACAAIIACEE@AAAACAAC@A@ABEBC@@@C@C@AACACAC@E@C@I@A@IBC@C@A@GCAAE@CACAAACAA@C@AAEAAAAAA@@A@ABABADADADADABAHEB@DAB@LCDALADCDABABCDEBIBCBC@@@ACCCAC@CAG@E@KBA@@AAAAABEBIBABABCBABC@E@AHMBEBE@K@CBG@AAACICGAACCOIEAA@@A@CCGCK@CAAACAEBIBA@CFGFGB@ACAC@C@G@CACAA@AA@AA@@@ABALOBC@A@AAGGAOFGBIBC@C@A@CCAC@ABE@@CA@CAC@E@A@CBABADE@A@C@CDEDCBA@C@CAC@CDGFGDEBCDC@C@IAG@CIOCEEGECEGCEAE@AEECEEEECCCGIGI@CBMBEDE@@BA@G@E@CAAA@CCC@G@CAGCEAIAICGAI@E@GCE@CAGCC@G@A@EAC@CCACCACCC@CACCAACACACAGCGCC@EAA@CCAEAA@C@CDCBE@EBE@G@K@ABEDCBABCBEACAEAEAC@C@CACCGGEA@CACACA@AC@GAA@CAA@GAECICGEAACAGCGEGAAAE@A@CBCBCBA@EBA@C@GAC@AA@A@G@CAAAACCECGCG@CCCAEBMDC@E@MCAAAAUICAEACAC@C@GAA@GACAGAE@A@GDC@A@C@MCEAA@CBC@K@KAGBC@O@Q@C@C@CB@BCA]DIBQDCBC@EAECA@@AGMGKKOEGEICGGOpąACAAAE@CAGAAAEAAAE@A@CCCACCAGAECIIAC@AACEGAECCAG@IBE@EAC@GBEFCJGDEHCHAL@FADANEBC@ABCBCDM@E@C@E@G@E@CCACCCE@ACEBECI@EBCBA@CACBCBADCHGACAAACBCBEDEDIDGFEHKBEFIDE@G@ECCCCGEGEGGACCAGECCGGCECAC@AAAAACCCCASGCCACCEEEEE@@QMMGA@@AGEIIGK]@OBUBSC[EECEBCYmS_CICCUEECCGEAAACA@CE@@AGAGACAABK@C@CAEBA@ATCRAJ@FCBA@CGEGCCCCC@A@@NGRCAICEAACEEIAKBEBE@@HEDCJ@FAD@FAF@lBD@DADCBCBCBABC@ADA@@D@DAD@BAB@BA@@B@DAD@BABAFAFABAB@JCDABAFCB@HG@EDCDCFAF@B@@ADAB@DAF@DAB@@ABAACBCB@B@DA@A@ABAB@@AFCBC@@BA@A@AAAAE@C@C@E@CBE@C@A@CBABE@ABABAFCBCFCDAB@BADALC@@PEFAJBDCBCD@JABADABADEBE@@@@DE@ADABC@ADA@@HE@GFE@CACCUCI@A@CAE@AB@FCD@BEBE@G@AHE@EDCBE@@@C@ABADCBG@A@CBADCBAB@BA@A@CBE@CBCAAAEBABEAAAA@C@@BCBCBC@A@@ACAAAA@C@C@KAE@EAC@AAABA@G@A@GBC@C@E@A@ACEAA@ABC@AAAA@AAA@@A@CBCBC@C@C@ABCBAB@DC@A@ADABABC@A@A@CBCBCDCDAHGHCLGDCPIDCDCFEFC@CFEBCBABC@ADGBABCBADABEBQBA@ADADEDAB@DABABADADAJID@DCBABC@A@C@G@AAGBE@AAC@AACCEECAAAA@A@CBK@ABCDCHCD@DABADED@DADAB@FADAFCFCBAD@BAFBDAF@FADCBADADADADABADCFEDCDABAFADAF@DCDABCDCDEBCBABK@CAIAGBA@CDGFIBEBCBADG@A@A@CACACAGAC@EBABADEFEDIDGBCBE@A@A@ADCBADCAE@A@ABAFEFCBCBABABA@CBCDEBABADM@C@CDABAFADAHGBCBABABCBABABAB@DABABABADCD@BAB@F@F@D@NBTAJDFBHDAF@BBFBL@FBBBDBBDBBD@BBDBBBDBBFBBD@BDBBBFDB@@BDDBFDH@B@DBDBDBDBBBFBDB@DFBBBFDFBDBB@BBD@D@D@FBD@BBDDBBB@B@B@L@D@B@F@F@B@@BDB@DDDBBBBB@B@B@D@DA@@BABCBCBCFAFADELAD@B@BB@BABABA@ABABAFIDCBCDCBCBABABCDCBCBE@ABABCF@BAFAB@FABADAF@BAD@HCJABADAJAHCFABABAB@@ADADA@@DABABAFABAD@D@JAD@DADEBA@A@E@CDG@ABCDCB@FCB@BABCFCBAB@FAHABAFBDA@@DCHGBABA@C@C@C@@@C@A@ADABC@ADMB@BABCDMBG@A@C@C@C@ABE@AAC@GAE@C@CAAAACCACAAAC@CBC@CBA@A@A@C@ABE@C@C@EBABC@AAAA@A@@ABCB@@ABA@A@@BAAC@CBGBC@AFAPERGDADAH@H@B@@A@ADAB@B@D@B@BADCB@DGFGBAD@@@B@B@B@HBB@B@DC@@B@J@D@D@@@BA@@BC@ABCDCB@FCBA@G@ABAB@BAHADA@A@@ACAE@ACEAIACECA@AAA@AACEA@@G@A@@KCCA@AAA@@BCBAHMDCDCBABAFCBADGBC@C@A@AEE@A@A@@FE@C@ACCAAAAE@A@@AA@BABA@A@A@CA@AC@G@IAG@A@@@A@CIIACAGAC@@@CA@AACAA@@@AC@CACEAAAECC@A@IDC@@@@C@C@ABABADCBCDKDK@C@QBGBAHSFEHEPE^GTCPEB@FBHDFBHBHBFDRHFDDBDBHDJBB@BBD@BABADABABCAAAG@IBO@C@@DCBAHCB@FAL@LCHAD@DADA@ABAEG@E@A@BBGFGBI@E@AEGGEECECECEAEEIIEGCG@EACBEBAHE`Un[lUB@DABCHE@@@ABC@@BAH@BABAFEBA@C@E@AHG@C@A@AAACAC@@@A@@BA@A@@@@A@A@@@A@@@A@@@@A@@BC@@@@@@F@B@@ABA@@@AA@C@A@AAAAA@C@ABCHEDAB@D@DBFDBBBBB@DBBD@BDB@BB@BA@@@AGG@A@@AA@ABCBCFERGNAD@BBDBH@JBJ@FBHHJHHTHFFJ@DAB@@@@HBF@F@F@H@FAF@QĄWSP]J]FOHM@AA@ACA@AC@ABE@C@ABAB@DAH@JCHAHETKB@@ANQHEBCDCFE@ELOB@BA@@DI@G@QEGIEEIEI@ACE@E@G@EACEEGCII@AAC@E@CBCBIAIAADEFENAHGHAHAD@F@L@D@H@H@DAJEPKDC@@@AECEAE@GAECEI@ABGBABAACBABABCDEDCHCDEFADE@I@ABAFEBCBC@C@CBA@C@EAAGMAACG@ABKBCBI@AHIBGBQHGLEBE@A@EEGDMDWMo_IW[o­më_­@A@AB@J@DADCBADCFABA@A@A@AAAEE@AAA@C@AAAACCAAA@@JAFCLCHAPBJ@N@JAJ@P@JAhLPDTDFBHBFBFBFBF@HBFBHBH@RBF@D@FCLIFCHCFAF@D@FADCPGLCHCDCFCDA@CDCHCBCBGEAGECCEAE@CEEAAAGACBEBCBC@CCCAI@KAEAKKACMK@A@CFIBCBEBEAECCAABABABAFCD@JAF@B@B@B@BAJMBCACEGGCEECABCTSVWV[da£¶¹@AGCCAA@AA@@A@@AAICIBADCBC@K@CBABAF@D@F@B@@CBM@E@AD@B@@@BC@C@MBEBEbXqr³PmESSõO·GEECGAEAE@CAC@C@EAG@E@C@AACC[EOCEAEAA@@ADM@KAI@G@IBK@IDGFG@C@EBEBAB@BCBCBC@EDADCDU@EBCAC@KC_@SAICQCIAGGEI[As¿AÕo@IFgmAAAA@@Bc@KCSAGAGBQD[FeJUBO@M@[@āCcu¹\\ÇRė`SH[JABA@@AIE@AAE@AAA@@A@A@C@CBCA@@CAAACCA@@AAA@A@E@AAAAC@A@A@C@C@AAAA@AACAI@O@EACAEECACAC@C@C@IFE@E@C@AAIIA@A@C@E@A@E@C@A@CBABEHCFCFA@@@AAA@C@CDA@C@ABADABABC@IDA@A@A@GCC@ECC@@@A@A@ABA@ABAD@@A@ABK@ABGFEDA@C@C@GAA@ABA@@B@B@BBJBD@@ABEJAB@B@B@DB@@B@@HDDDDD@B@@@BABAF@D@BBB@BB@B@D@B@@@@FAFAFCFAD@@ABEBA@@@@BBD@B@@ABA@ABEBG@@BEBCDA@ADAB@@E@CBABA@C@AAA@@AA@A@@BC@G@K@@ADbAH½ÆAAEAGAI@MBA@CACAC@E@C@AD@DBFCBCDMJGLCDIFC@MDC@IECAEAACEAMACBEDgnGHKHSH{ZEFAF@FDFLHHJBDFV@FG@QFE@MAUDIBADA@EBA@C@GACAAA@E@AA@A@MDABAB@D@DQREF@BHd@H@BABCFOLiGIIEGICCACCEICGAG@M@E@ABAAA@C@A@C@C@CACBC@ADE@A@CAAAC@AAA@A@@@EACICICmS@EBAGk@E@CRsPgL_@A@A@AAC@ABCDCDEBE@G@E@AMWS}OcI[CIAcAgSƫƷ§ƿÚA}¨C@EBMBQDQBGBO@CBCBCBEDGDEDCBGB@@CDABCBC@EBU@GBG@E@C@ABABE@kumakIqIA@ECICM@QCQAEAQFE@GDKBKAOBGCIA[GAFAHGFIFKDCAAEGCOAIAGBIAYGM@IASAA@AA@A@ASHGDE@A@A@A@AAG@A@CAGCCCCEECIGAKHEBC@OI·mƉËAAAoVf»LE¯kÏU«L«f]rLa|{Êk¾F¶rdJIZGĆrdXXQVuÄYve\\mzcl}hEhHxW_sd{ENjBhsGzJjEXqd[jBvZBdSPmZWlDd^^¬tbTF\\UTQZL^~ht@`UVuNEr\\ÒG°BKitxidD`fdV\\MlAfvlArkU¶qDlP^DhGfOlK~If[janDpb~UryhCfNxL¶f|¶P|Kh`JnadDa^BvhZ®JTZfQr]VXf^InSiNNerF°H@®G|RXtHrBH`n~^RNPCVzepScidsTToCYy@YRIfOx@vIPIZ\\X^T\\M`WJO{BpCbJ^hzVnEVYJ@±QCT{R}\\]AeK}KqHITB@DBB@F@FBBBB@@BAD@D@B@@@BABA@ABE@G@A@C@C@ABKBABA@EFA@A@@B@@AB@@@BBBB@@@D@@BFBJBDBDBBB@BBBABADAB@B@B@B@DADAD@B@DAJ@F@FA@ADABABCB@B@BFDBFBBB@BBDBBB@BBBB@BBB@BB@BDDDHBDD@DBB@FBDBBH@FBJLXAFABC@KAE@CBE@ABCBGBEBCBABCFAFAF@B@BBD@B@BBB@B@BABCDAB@B@D@@@F@B@BABCDA@A@ABEDCDEFABAB@BCFADABABEBABEBCDAB@BAB@B@BCFABAFADAFABA@ABCBCBC@IBG@C@G@AAC@C@E@C@EBA@ABABAB@B@B@FABBJ@D@@ABAD@@@B@BA@ABA@ABABABABABA@ABA@A@A@CBA@CBAB@D@F@BA@ADCBABCDA@A@CACAC@AAC@KBABC@ABC@A@EBA@CB@@EDABEB@BC@@@CBA@AB@BAB@BCFEBCBABABABABA@EDA@ABA@ABEBABEBCBEDAB@B@D@F@BCD@D@@BBDDFD@BB@DDBDAB@@CB@@CDABCBA@CBA@E@E@C@CBC@ABABAB@@@B@BADABA@ABEDCBABA@ABEFABB@@B@D@B@BAB@B@B@B@B@BBDBD@D@BADBBD@D@D@B@DDBB@B@@AB@@@B@BBB@BB@@@@@BA@@@@@@@A@@@BB@@@@B@B@BDBFDBB@@@B@@@B@@BF@BBB@@@DBB@BB@BB@@@B@@@B@BAB@@ABA@AAA@A@@B@@A@@B@@BBB@DBDBB@@@@B@BBB@B@BADAB@B@@ABBB@@BBBBBB@@BBBB@@B@BB@B@B@B@@@B@B@B@BBBFDBBBB@@B@@@B@B@B@@@@@B@B@@@BB@BB@B@@ABBB@B@B@@@@B@@@BB@@B@@BBF@B@BB@@@B@@@B@@A@A@@AAB@@@@DB@BB@@@BB@@AB@@A@@B@@BB@@@@B@@@BDBBA@@B@BB@@D@D@BDF@BAD@@BHAB@BBF@D@B@@AB@FBB@B@BB@@FBDBDBBBBDF@BBBBBDBDB@@@D@D@BBB@B@DBBBDHDB@@@DAB@FBDDB@B@B@@@@@DBDBD@FABBB@@BBB@@A@@@@B@@@@A@@B@@@@@@@B@@@B@@@@@@@BB@@@@B@@@@@@@B@@@@@B@@@B@@B@@B@@@B@@BB@@@@@@@B@@B@@@@B@@BB@@@@@B@@B@@B@@@@@@B@@B@@@@BB@@@@@@B@@B@@@@B@B@@@B@B@@BB@@@B@@@@@B@B@D@D@B@@BB@@@B@B@B@@@B@@@B@@B@@@@@@@B@@BB@@@@@B@@@@@B@@@@@@AB@@@@@B@@@B@@@@@BA@B@@@@B@@@@@@@B@@@B@B@@@@@B@@@@@B@B@@@@@B@BAB@@AB@@@B@@@@A@@B@@@@A@@@@B@@A@@@@@@@@@@@A@@@@A@@@BA@@@@@A@@@@@@@A@@@@@A@@@@@A@@@@@AB@@@@@BA@@@@@@B@B@@@B@@@B@@@B@@@@@@@@A@@BA@@@@@ABA@@B@@AB@@@@@B@@@@@B@@@B@B@@@@@@@B@B@B@@@@@@@@@@@B@@@@AB@@A@@@@@@B@@@B@@@@@@@@@BB@@BBB@@@BBBB@BB@@@@@BB@@B@@@@@@@BB@@B@@@BA@@B@@AB@BAB@B@@AB@@@B@@AB@@@@@B@@@B@@@@@@@B@@B@@@@@B@@@@AB@@@B@@@B@@@@@@@B@@@@@@B@@@@@BB@@@B@@@@@@@@B@@@@AB@@@B@@@@AB@@@@@B@@@B@@@@@B@@@@@B@@@B@@@@@B@@@@@B@@A@@B@@@@@B@@@@@B@@@B@@@B@B@@@@@@@B@@AB@@@B@@@@@B@@BB@@B@@B@@@@@@@B@@@@ABAB@@@@@@@@@B@@B@@B@BB@@@@@@D@BA@@B@@B@@B@@B@BB@@@@B@@@@BB@@@B@@@B@@@B@@@BA@@@@@@B@@@@@BB@@@@@@B@@BB@@@B@@@B@B@D@D@B@B@@@BBB@B@@@B@BB@@@@B@D@B@B@B@@@B@@@@@B@@B@@@@@B@@@@B@@B@@@@B@@@DB@@B@@@B@B@@@B@F@B@F@B@B@@@B@@@BB@@B@@@B@B@B@D@B@@@B@@@@@@@B@@@@@@B@@@B@@@B@@@@@B@BB@@B@@BB@@@@BBB@@@@@B@@@B@@@@@B@@@@@@BB@@@@@B@B@@@B@@@@@B@@BB@@@B@@@BB@@B@@@BB@@@@BB@@@@@BB@@B@@@@BB@@@@@@@@BB@@@@B@@@@@B@@@@BB@@@B@@@B@@@B@B@@@B@@@@BB@@@B@@@@B@@B@@B@@@B@B@B@B@B@@@D@B@@@@@B@@@@@@@@@@@@@@B@@@@@@@BAB@@@@AB@@@B@@@@@B@@@@@B@@@B@@@@@B@@@B@@@@BB@B@@@B@B@B@@@B@@@B@@@BA@@B@@@B@@@BAB@@@B@F@JAJALBN@TARBRDF@LJJHDHFHHLHLHJHFHDLBRAP@NDJ@JFTHNHNDNCJGNGTGPCJAJBLEPFHNHPHJJDTBPBPCPGVAX@X@NBXFVBbHLBF@@@@B@@@@@B@@A@@B@@B@@BB@BBBB@@@@@B@B@B@@AB@B@@@@@B@@@@@B@@@B@@B@@@@@B@@@@@B@B@@@BB@@@@B@@@@@B@B@@@@@B@B@@@D@B@@@B@@@@@B@@@@@@ABAB@@A@@B@B@@@B@@@B@B@@@@@B@@@B@@@@@B@B@@@B@B@BBB@@@@@BBB@@B@@B@@@B@@@@B@@B@@@@@BA@@DA@@B@@@DAB@@@B@@@D@@@B@@@@@@BB@@@@B@@B@@B@@BBB@@BB@BB@@@@@B@@@@@@A@@BA@AB@@@@@@@@BB@BBB@@@@BB@@@B@@@@@B@D@@A@@@B@@B@@@@@@@B@@B@@B@@@@@@B@@@@@@@B@BAB@BAB@@@B@@@@@BBB@@@B@@@B@@@@@B@DA@@HBJHDJ@JFPNJHFZDXDL@B@DAB@@@@@@@BA@@B@@A@@B@@@@@@@@@BB@BB@@B@@B@@@B@@@B@@@@@B@B@B@@@B@@@B@@@BAB@B@BA@@D@B@B@@@D@B@B@B@@@@AB@D@@@B@@@B@@@B@B@@@@@B@@@@@B@@AB@BA@@@@B@@@@@B@@@@@@@B@DABA@@B@@@D@D@BBF@F@BBB@B@@@@@@B@BB@@@@@B@@@B@DB@@B@@@B@@@@@B@B@@@B@@@@@BB@@@@@@@BB@@B@@B@BBB@BBB@@@B@@@B@@@D@B@B@@@@@B@DB@@B@@@@@@AB@@@@@@@BA@@A@@A@@AA@@@A@@@@@@@AB@@@B@BA@@B@@@@@@A@@@@@A@@@@@AA@@A@@@A@@@A@@@@BA@@@@BAD@BA@@B@@@@@BA@@BA@@@A@@B@@AA@@A@@@A@@@@@AB@@@@@@A@@@@@A@A@@@@@@B@@@B@@@BA@@@@B@@A@@@@B@@@B@B@DAB@@@@@B@@A@@@@@@@A@AB@@@BA@A@@@A@@@@@@@A@@@@@@@C@@@@@@@AB@@@@@@@B@@@@@B@@@B@@@B@D@F@B@@@B@@@@BB@@@BB@@B@@@B@@@@@@@B@@@@@B@@@@@@BB@@@@@B@@BB@@@B@B@@@B@@@B@@@B@@@@BD@@@@@B@@@@@B@@@@@B@@@B@@@B@DADAB@@@@@B@@@B@@@B@@@B@B@B@@@B@@@@@@@BB@BBBBD@BDD@B@@@@@B@B@@@BB@FFHJJDNFP@PBJHRJNLJHRAJCPGVE\\ARCJBJFPBLHLFLFLCPALIRGR@XCRBJARHDJBFCJAFBFFLHDNHJDHLHHRLVFXBVBNBRC`BTBVFJ@RBLFPDPHJJJHNJNJLFFDDD@@@BAB@@CD@BAB@BB@BBFBFBF@DBBBBBBDDFBB@BBBAD@BAFBBB@D@F@F@BADABAFAFAFCB@DAD@B@BBB@BBBBB@DBF@F@D@DBFDDBHDDBDBBBB@FBB@D@BABABCBCBC@A@ABADAF@JAH@F@D@B@F@BAB@DCBA@@AKE_FOFOHSHO@ALAFAPBD@H@B@B@D@D@HARANBVETG`EP@R@LFTHTDLDLDLFLDT@VFTBPBNBNDZFXBRHPHNDPBJFLANCTCHCFABBD@B@@ABCDA@@B@BBD@F@F@H@LBFBD@D@JBDDBBDFBB@DAB@D@@@BB@B@DADCLE@AD@DBB@FDBFBB@BB@DABA@A@CBA@AJAF@H@DBD@DDDBJDHBHBD@D@F@FAFCB@D@H@D@F@PBFBJBFBR@F@DBHDHDBBBDDDDBB@DCJAFAD@FBJHJHDLFLJRFDJJNDJGRATCP@TDXBP@TA\\BZBL@N@XCZERCRARFTFNDLJPLRNNBNETET@P@HLLTRJPDXBRALANBTGVC^IRALF@@F@B@BB@@@@B@BA@@BADABAB@B@L@F@D@D@D@DAD@B@B@@BB@@BBD@B@BCDADAB@B@DABABCBC@A@@@@@@B@B@@@@@@@BBBDBFBB@DABANFJDT@PGPENENBRFPDJBPBR@PBN@LIDE@K@EJILGLKHILAPBPDRBTDTDPHRDPFPEPGRKLMNEJIFKDM@M@UDSDIPEXGRENGPEPBPCPGNKPENILQ@@@@A@@A@@@@@A@@@@B@@A@@@@@@@@@A@@@A@@@@BA@@@A@@B@@A@@@@@@@@@A@@BA@@B@@@@@BA@@@@B@@@BA@@B@@@@@BAB@BABA@@@@BA@@@@@@@AA@@AA@@AA@@AA@@A@AA@@@@A@A@@@A@@@A@@@@@AB@@@B@@A@@B@@@@@@AB@@@@AB@@@BA@@B@B@@AB@@@B@@@B@@@B@@@B@B@@AB@B@B@B@@AB@B@BA@@B@@@B@@@B@@AB@@@@@BA@@"],"encodeOffsets":[[90881,37181]]}},{"type":"Feature","id":"542425","properties":{"name":"安多县","cp":[91.681879,32.260299],"childNum":1},"geometry":{"type":"Polygon","coordinates":["@@@E@ABGBCHCBADAFEHENEFCIGAACABCAEIMCCACFIEGIMGOAACAGCACGIGGI@IFEBE@C@AACCCEAAAE@EFMDEPOFEBC@AAAEIBCBC@AA@IEEAMGGAEAK@EAAAAG@CCCAAKCC@C@GBE@AAACBE@GBG@EDGAAEGAEACMGG@IGCIEG@ABACAUGIECC@E@CACCCICCAC@C@IBCAIKKQCKCIEGKOGEIAQAMCKIKEGICCCEAAAECGAABMBM@AFIDC@C@G@ABC@A@GNW@AGAK@S@IBCB@@A@EACA@ABA@A@AACEEACSCEA@A@A@C@A@A@ABE@@@E@A@CAEAAAAAA@@GEAC@O@IBKDGBEBCDCBCDBAA@E@IDIFEHIHIBKBK@MBKHIJMHKBGAO@KDIDCB@G_CGACCCIEEAECCECECEGEGEECCCCECECCACEGCCIAEAE@ECEAABKHGBGACBGFGBOCGBEBEBCBCDCFGBEBE@ECC@ABC@CBEDEHEDEBAAEECGEAGAQ@K@MDQBEDAAA@A@E@E@G@E@CAEEGEEAG@GBA@GDC@IAGAG@KDOFIFGBG@I@I@ABCDGBKFMFOHKJMLCFC@E@EAE@GCEEAE@EAEAGCCCCGEICEAIAGAE@G@G@EBGAIAGAKAGCG@K@E@GBIBG@GAGCCAGCG@G@GBE@GBCBE@G@GAG@GGAEAGACBI@KAECEACEGCGCGAGCI@I@GFI@E@CAC@GAEECECEECCAG@EACAE@C@E@EBGFEFGFEHCHEFGFEHGFGFEFAFEDIFEBGAC@I@E@G@GBEHGNONMNI\\OTE\\KZMZINADCD@D@B@BADADEDEHIHIDGBABAHCHEFCFADAB@DABADCBABA@AFE@CAC@C@C@AAC@ACA@A@C@A@C@EBC@A@C@CBC@GFEBG@CCEAAAACACAGAE@C@E@A@C@oc§LCACCICAAAAAC@A@C@ABAHIDC@A@C@ACEACCACCIEGEIIAAEGBE@CBCDEBGBADCBABAFACW@CDEBIAIAIuNCC@A@A@CDABAF@BA@@BA@AAE@A@A@ABABE@A@C@A@C@C@CBIBEAGEIGM@CCAACCE@GBCBEAECGAECECACBABEBGE]WGGA@AAAE@@CAEC@AABE@GBOBG@C@dABE@ABCDCDAF@BBH@BA@ADGDEBGBI@IBC@]L@@@B@BA@@DCFAH@FAFCBA@@B@BABC@CAA@CACACAC@CAMAGBC@@B@D@B@@@BADA@@@C@CBC@C@ABGA@@CA@@E@@B@B@F@B@DBB@D@@AB@@EBINuVcAUFMJIVMLQBcTUTMHQDmXKL[IIKGGKI@KHSHOMMUAIIEOEOGMOQGGE@aAGBEAC@C@K@C@QAKBA@SAYAMBC@YFEBCACAA@MEMCA@WH_BYBUGGMGOKMOIS@KLSCKKIKIMKMQIUIIIGMGKUBQFMMKKSOYMMM@M@MAMWIKA@A@EAAAAEECCAAAA@@BALAB@@A@@@AGKUYEIKIECOAKAK@G@WAMDC@IAEAEAGCAAECSKWIC@SKC@GBCBGAA@E@CBGBMBQDG@E@G@CBE@GDGBEBGDCBAB@DAJ@D@H@FALAF@DAFAFAH@D@F@B@DBFBDBDBDDDBBFDBDDBBDBDBFBF@F@F@N@DAR@HADADALAFAJ@DAF@HAFBFAN@HAFANAFCFKPINA@ABADABIH@BABOA@A@EFGFGDIFQRKTCRBNPN@FANANEPDVDTNLHNBL@VGPONSDWHOFOPEPAB@B@B@@DHBD@B@BABABAB@BABADABKFEBCBA@EBCBG@I@aXCJEFEJ@J@H@HEFGFCJPLCDCBADEFCDCDCBEBC@EACACBE@AAGACCEAE@A@KCG@UF@@A@AA@@CGCCCA@@AAEAECGAKAEBODC@IBE@A@ICG@AD@B@BBP@XAJADADEFAF@BBHBD@BaOCE@C@A@E@CACA@@GDKBG@ABEBCBA@C@@@ABA@@BBD@BAB[bBB@DDHBDBH@DBDBFDDFD@D@BJFXLXRBBBLBDBB@J@BBDDDFLFBB@HBF@DDDB@@@DBXC^@VJZFJANIP@D@DAFWLCBy¼mjGZGVC@ACA@C@A@CA@@ACECCAI@CAECEAE@GAI@G@IBE@@@EBEBK@EAE@CBIFCDEBC@GCC@CBGBEBCFEFKFSFI@GAGCGCACC@G@E@GAGCIAGAEBG@IAGBMCGAE@GBEBI@G@E@KEGAICCAP¸öTFTOnq´WraAFAF@N@DAD@@A@C@@B@FAN@DA@E@C@E@ABAB@D@LADCDABDJBJ@BB@@@BBB@DBHD@Bµº¤cbU\\UXSTADDBFFHDFHBDADINABA@A@A@E@IBC@EDABABABBBDDBFAFAFADEJ@D@BNLBDLLFBLBJ@DBDDD@DAFADAHBBBFBDFF@FBDDHFFBAHADGDCD@DCBEDCDGDKDOHCDEBC@E@EBGDEDKJEDC@E@QAG@GAEAGAE@EAEAEAGAEASCOCgKIBO@I@IBM@I@OAGBKDEDIB@@BBDBBDBB@B@DBB@BFFBB@B@B@BABEBCDABCDCBI@A@@B@B`®nìp®\\JX`NpCXCNFH@F@BAFKFGHARAHGJ@BAJADAL@BDHBBHNBB@F@DAB@D@DADADEFAB@B@JCFEBCFGDCDCFADABABBDABABAH@BFJFDHBF@FBFD@B@@CDOLIFCBG@G@C@K@E@C@GBGBGHMBEFCFBBBJAJAD@D@FBD@BJJHDFFBD@F@H@FDF@BFJFJJFFH@R@HCJ@@ABA@KP@FEFCDADGFMR@BA@SLGFGBIDG@CBA@AB@B@DAF@BBDB@BDB@@BGNEPI^O^TăXRE@EBG@E@E@E@GA@@@@BA@CEIGEGSIGGGEAI@IAG@CAAAC@MBQHEFADAD@BBB@@@BHH@B@@ABA@@ACA@AACCAA@AAAAECCAC@A@CBGFAD@B@DBBBB@B@B@DBB@@B@BA@@@A@E@@@@D@@AB@@@@@@B@@@B@@@B@B@@B@B@@AB@@@D@DBBB@B@B@DGH@B@F@DABEFABABG@AB@@AD@B@@GFADCBA@kVm\\_VGFABAFBD@FDHFHJJFFFBFDFDFDHFFH@B@FAJEHAH@A@B@FFHAB@BCBCBC@GBKDK@EBA@GDABCD@@@DAP@JBHBBADABCBABABC@AAA@IAGCCACAECQGECGAGAEAGCEAA@OFSD]HOFGFEFGTABAH@R@DCLCLADCDABAB@B@D@D@@D@JCB@D@FDBBFBBD@DBD@@B@DBBBB@@D@@BDBHBDJJ@D@B@@@BBH@J@HBDB@@D@B@BABABB@@BB@F@BBBBDD@B@DEF@@@B@BFF@B@B@DADCHABEDABABCDCDGNABAD@@BB@BDBLD@@@B@HB@DFBBB@BBB@FDBDBJDF@BBFBD@@@BCBGBABA@AB@B@HABEDA@CDAD@BAD@@AB@@C@C@I@A@@@CDA@A@GAA@A@A@@@C@ABEHCHA@CDABA@C@A@A@CB@B@BA@G@G@CBCBQHOFEB@BADAH@DBDAB@@@BAB@BA@AD@BB@B@BB@BADAB@F@D@DAF@B@D@B@BAB@DAD@DBDBBBDDDBBBB@D@DBF@HBD@BAF@B@D@D@D@BAHCNADABA@CN@BADCB@B@B@D@@@D@D@DABABGHCD@@CBEAABGBEBA@ABEDADABA@EDA@CDAD@BCH@D@F@BABCFCBC@IBC@C@ABEBABABCB@@CBCB@BA@ABABEBGDIBCBABIBGDC@ABE@CBABEBA@EBABE@ADAB@BAFADCDADABABADCDADCDEJABAB@BABABABA@@A@ABCFKBCBEDEDADABA@AB@@C@C@A@AAAAACACCA@AC@@@A@E@E@A@C@K@A@AAACAAC@AAC@E@C@CAC@AAAACCEAEAACEA@ACAEAAACACAC@C@ACGAECC@AA@ECAACA@AACEAAAACAAAC@AACCAAAACAA@EAKAE@ABEGCEAICSBMAC@E@E@A@ABC@CDABABABCBA@ABABABADABABADGHCBEBABCB@D@DCNABABCFAD@DABABABADEDEFAB@B@BBFCDABCD@B@B@BAFADCHCJEFCFABAB@FBDBHBDBD@D@B@BCHABADAFEJCH@DABBHBJ@DALABADCFCDADCBCDE@CBEBABCBCDEFCDABCBCBCBCBABCDEBE@CBEAABC@ABEDEDCBEBA@CBCBC@CFABCBC@GDCDAD@BAL@D@BBBBBFDDFBD@BBD@BAFBH@B@H@D@BADABCDC@IJCBCBABABCBA@CBCFCB@BABARAFCBABADABCH@BADABADEF@DEDEFCDCDOJCDKHGDGHCBCDADAD@D@B@BADABCB@B@BCDA@ABAD@B@D@DADAD@D@BB@BBB@BB@BAD@BBBDF@B@B@F@DAD@H@B@HABBB@BBD@FBF@L@D@DBBBBBD@@@BADADAD@@@DBBBBAFABBFBBAD@DAF@D@BABA@ABCDAB@D@BAHCDAB@B@D@@AFCD@FGF@B@HAFAFC@EDA@@BBF@D@BDJDVBD@DEF@HGF@@CB@BADCB@BCF@@@@AFCFABCBABIBC@ADCDIAEBOF@@KDCBABA@CBEDADEDABAB@BAFAB@D@B@DAF@D@F@D@DBFBB@B@BAB@@ADED@BA@AB@B@BCBA@A@ADBDAB@BA@CBE@CBA@CB@BA@E@EBCDCD@FGHA@EDABCBIDA@ABEBEBABABC@CBA@@@ABA@ABC@CBC@@@CB@BADABADADCDCBC@kAE@EBC@EBI@CDGF@@AFAFBLFJDFBBDFBJQDMH@@@BDDDDHDHF@DABEDI@QBSD@BABBF@D@DALBBBDBHBH@@DFB@BDBBHFDDFFVDDDJT`ZnADDFFFD\\ATAV@P^HLJJHF@BB@NHRN@@FFFFDFBDDDTHDBDDBDBBBBD@DBDFHHDDHFDBBDHHHFHFDDDD@F@HCFEJAFGLEFCHCJCFAFADBDBBBDGHCDABADBD@DABAD@FDJAFDF@BDFDDDB@D@F@H@F@D@FCNADAD@BADMFCBEBK@GBGDCFIHEDAF@HBD@FAF@JBHDDBFFHBD@BBDJJFDHBDBBDDD@D@BBFBBBFBBBH@DBFBBBDoĆHPDHFJFHLPHLHN@BB@FDFBD@DARCJA^CDB@ADAD@D@R@P@D@HALBL@D@DAB@FBNDD@B@D@HCB@F@HBDBHBB@HBD@D@DBFBDBVJBBBBNDF@D@NCFADBDDH@HDFDDDBBBB@D@H@BBBD@HBD@B@FAB@DADADAB@F@BBHBHFHDDBBBHFJDFDHBB@DBB@HBD@@BDBDBDBB@HFDHBD@D@DBDBFBFBDAFADABCDAF@B@L@HAF@FAFCD@D@DBBBFDDB@FBD@HDHDDBDBDBBBDDDBD@DDDBBDDDD@FBB@H@D@HDDBF@HDF@J@HBJDJBFBHDDBH@D@DDB@BB@D@F@HAB@@CFAFAN@DHJHJDDFDFFDFFF@BBFDFFHFDFHDFJP@DBH@J@DCDADCFEHCH@DBD@D@DABCDCF@D@D@BCFABAB@D@B@FBD@DDB@@AF@BBDDDB@D@D@JAHAPEHBBH@B@BADKPAB@B@@BBB@@BBBBD@D@H@DBDBDA@EHEH@DABAJBFBDBB@DDLDH@D@BB@FBPJDDBBDHDJBB@BAH@D@LAFAFGN@B@FADABADABABAJAFBBBB@BB@LAF@H@DBD@DBDD@B@@ADADAJCFADABCBCDKBCBKDA@CBA@GFABCBCBCBCBABAB@B@BB@BBBBFBBBD@B@DBBBDBDBF@BBHDB@D@D@JAB@J@D@F@D@DBDBBBD@D@@@D@FABAB@D@BBBDBB@BFFBDJJBBBD@D@FBH@BBBBB@B@B@B@DADBD@D@BABA@A@C@A@CBABCBABE@ABAB@BAD@BBBDDDB@@BB@BADCBAD@B@BBFDBBBDBBB@B@@ABABCBABBB@BB@DBF@B@DDBBBD@DBDBBBBDDHDBDDBDBBD@BCJBF@BAB@BCFAFAB@DAB@DABIDC@EBABCBCDEBCBOBG@G@ABA@AB@B@F@@C@K@ABB@@BPFBDBD@D@B@FAJCHAD@FBH@D@H@DCFADAFCDCFCH@D@BABABAB@@@BABCDEDCDCBABA@A@CAA@ABA@AFABA@C@A@CBC@EAC@GA@@C@@@C@ABGDCBAB@@@B@B@BBBBB@@DBDBDBF@@@@@AB@@BB@BAHAD@BAB@@AB@BEBA@EFEBC@KBGBCBA@@BAB@@ABAB@BBB@BCF@B@B@FAB@B@B@J@D@@CDADA@ADCBIDGDEB@@CBCBCDABEF@@ABE@CBA@CBEFABGBSHA@CBABGDABABAB@BADA@GFOJMFGDC@IBA@CDEBABEBEDUJA@A@@BABAB@B@@BBBBFBBBBDDDDBBBB@D@HBD@D@LADADAD@B@@@BBLHDBBBB@D@D@LALBL@HABBF@DBB@D@D@D@@@BA@@@ABC@C@ABABABABAHADABABCD@BABAD@B@JEB@DE@@DADAB@JCD@D@F@D@HCD@JCBAL@B@DBB@J@B@DCFCBAJADADAFEDAB@B@B@FBBBLHHHBB@BBBBDB@@D@B@J@B@@BBBDDBBBB@HDBBDBDFBB@B@DADADADCD@@@B@@@D@B@B@BADGH@@ADAD@B@F@D@F@B@B@@BH@BAFB@@@B@DCFABAD@@@F@D@D@HBB@HDFB@@DBFFB@B@H@F@D@D@B@BAJCJCNCP@PANAFEHGXMZKTKRILGLILILKNGPGPGTSRKPCNEPERAXE\\CTCVARETENA@@@@B@@@@@@AB@@@@@@@@A@@@@@AB@@@@A@@BAB@@AB@@AB@@ABAB@@AB@@AB@@@BAB@B@@@BAB@@@B@@@B@@@BA@@@@BA@@BAB@@@@@BA@@@@@A@@@@@@B@@@BA@@B@B@B@B@B@B@@@BADB@@B@@@B@@@@@BA@@@@B@@@B@@@B@@@@@B@BBB@@@B@@@@@@@B@@@@@@@B@@@@AB@@@@A@@@A@@@@@@@@B@B@@@@@B@@@B@@AB@@@@@BA@@@@@A@@@@BA@@@@@@BA@@@@B@@AB@@@@@B@@A@@@@BA@@@@@@@@B@@@B@@@B@@@@@B@@@BA@@B@@@B@@@@@BBB@BBB@@B@@BBB@BB@BB@@@@@@@@@BA@@@@B@@A@@B@@@@A@@@@@@@AB@@@@@@@@A@@@@@A@@@@@@@@@@@A@@B@B@@@BA@@B@@@@@BBB@@@@@B@@@@@B@@@B@@@@A@@@A@@B@@@@A@@@@@A@@@@BA@@B@@@B@@@B@B@B@BB@@B@@BB@@BB@@BB@@BB@@BB@B@@BB@@@@@B@B@@@B@@@@@B@B@@@B@B@B@@@BAB@@@B@@@B@@@B@B@@@B@@@@@@@@@B@@@@@@A@@@@@AB@@@@A@@@@BA@@B@@@@@@A@AA@@@@AA@@@@@AA@@@@A@A@A@@@A@A@@@A@@BA@A@@@A@A@A@CB@@A@A@A@@@A@A@@@A@A@@@A@@AA@@AAAAA@AA@AAAAAACAAAA@AAA@A@A@@A@@A@@A@@@@AAA@AACAA@AA@@AA@@@@@@@@A@@@A@@@AA@@AA@AAA@@A@A@C@A@@@AA@@@@A@@@@@A@A@@AA@A@@@A@@@@@A@@@@@@AA@@@@@AB@@@@@@@@A@@@@@@@@@@@A@CC@@BABABA@AAE@A@@@ACCEG@AA@CACAA@@@A@CA@@ABA@A@ABABA@A@@@@AAAA@@@AAACAAACAAC@G@A@AAAACAC@CAA@CAIBC@C@A@AAA@A@A@A@A@C@@BA@AB@@A@@AC@A@A@CAA@A@A@A@C@A@AAA@AAC@@AA@AAAACAAA@@CAA@A@@@A@ABA@@BA@A@A@A@A@A@A@AAA@@AA@C@A@@@A@A@A@A@A@@@A@A@A@AAA@CAA@A@AAA@@@A@A@C@AACBA@A@@@AB@@A@@BAB@@A@@@A@A@A@A@@@A@@@A@@@A@@@@@A@@@A@@@AA@@@@A@A@@@@A@@@@A@@@@@@@A@@@A@A@CBA@@@@@@@@@A@@@@@@A@@@@@@@@AA@@@AA@@@@A@@A@@@@@@A@@@@A@@@@@@@A@@@@AA@@@@@C@A@@@A@@@@@A@@@@@@@@@@@A@@@@@@@AB@@@@@@A@@@@@A@@BA@@BA@AB@@A@AB@BA@@@ADA@@@@@@@A@@@@@@B@@@@@@@@A@@@@A@@@@A@A@AA@@A@@@A@@@A@AAA@A@A@A@A@@B@@@@ABA@@B@@A@@@@@@@@@@@AB@@@@@@A@@@@@A@@@@@C@A@@@C@@@@@@BA@AB@B@@@@A@@@@@AB@@@@@@A@@B@@@@@@@@@@@B@@AB@@@@@@@@@B@@@@@@@B@@@B@@@@@@@@@@@@AB@@@@@B@@A@@@@@@@@@@@@@@@A@@@@@@@A@@@A@@@@@@@A@@@@@@@A@@@@@@BA@A@@BA@ABA@@@@@@@@@@@A@@@@@@@@@@@A@@@@@@@@@@@A@@@@@@@@@@@@AA@@@AAAAAAAECC@@AA@A@@@@AA@@@@@A@@@@@AAA@A@AAA@A@@@AA@@@@A@@AA@@ACA@@A@@@@@@@A@@@@@@@A@@@A@@@A@A@@@@@@@@@@@@@AB@@@@@@@@A@@@@@@@@@@@A@@B@@@@@@@@@B@@A@@@@@@B@@@@@B@@@@@@@B@@@@A@@B@BA@@B@@@@@BA@@@@BA@@B@@@@@BA@@B@B@DA@@@@@A@@@@@@B@@@@A@@@@BA@@BA@@@@@@@A@@@@B@@@@@@@BA@@BA@AB@@@@AB@@@B@@AB@BA@ABADA@@@A@@@@@@AA@@A@A@A@AAA@@@AA@A@A@A@@@@@AA@@A@@@E@C@ABA@@@A@A@C@A@A@AA@@A@@@A@C@@@ABABC@ABA@@BABA@@B@@ABE@ABC@A@A@C@AAA@@AEAA@@ACCCCAGC@AAAAA@A@EBC@C@CBABABCDABADADAFAF@DAD@DAFAHADCHADADADADAFCB@FAD@F@FBDBF@B@FBD@DAHADAD@DADADCDADCD@BAFAFAHADAFAFAD@BADAFADADADAF@F@B@DAB@BABABA@C@AAAC@E@G@CBEBCAE@E@C@A@AC@A@@BADADAD@D@D@DAD@BADC@ABA@CBEBA@@B@D@DB@@BDBBBBDAF@FAFBH@F@DBBAFADCFADAD@DAD@D@DBB@FBDBDF@@B@F@DAFAD@D@DBBAF@DAFADCDAD@B@D@F@F@DADADAFCDAF@F@DBFBDBHBF@D@BAF@FAD@FAF@DBF@D@F@J@DAF@JDF@DBD@F@DBDBBBBDB@DBHBD@B@B@BABCBAD@DAJBHBFBJBFBFBFBBBF@B@FAD@DAF@DABA@@BCBCDABAFABCDA@@ACAEAACCAACACACACACC@ACAAC@AACBCBE@CAE@EACAC@CAAAACACAEACACAAA@ABEBEDEBEBGBADCDADABABC@C@EAEAEACAAC@CAE@C@ABA@CDABABCCCAACC@CACAEAA@ACAAAA@ABCBCDG@CBEBC@A@C@C@CACACACAAACECAACC@AACBC@AFCF@FBBABAAEAEAAA@CAA@A@AAA@BCBCFCBCBAB@@AACAC@C@C@EBE@C@C@KAE@C@ACCAACACAC@E@A@C@C@CACAAAACACBCBADCDADADCBEBCDA@CBCBC@EBA@CBCBABABCFAB@DABABABEBCDCDCDCDABADAAC@EBC@CACACCACACCEACACAC@C@A@CAC@C@E@CBEBA@CBC@CBE@C@C@C@A@C@AAAAACAAACAC@E@C@EAC@C@CACAC@EACAAACAAA@AE@G@C@CD@DBBABABCAA@AAC@CAABC@CBA@CBABABABCBAAAAAACAACA@ABADAF@F@F@B@BABC@ABABBFBDBB@BBDAF@F@FDDBB@DADCDABCBEBCBABCBCFCBAHADCDAB@@A@AA@CAC@G@E@EAC@C@CAA@AAAC@@@C@C@AACCAAAA@CBC@C@C@CCBABABABA@@ACCCAAACACACAAAACAGAAAC@AA@A@CACACAAC@CAEAC@AAC@@ABCDC@A@AAAAAAAC@CAAC@@CCCEACECADABEBCBCBEBE@CBC@ABA@ABA@CBC@A@C@EACAAAE@E@CAA@EACAC@ECCAEACACAC@CACCCAEECCCCECECCA@GAAAAACECGCCCCAC@CAC@C@E@C@CBA@ABC@AACCCCAACAG@EAE@C@CAA@CCCACACACAAAA@EBGBC@CBE@GBG@C@G@CACCCCCCACAA@C@GBABCDABAD@D@DADABABABC@CBAACBEBC@CBA@A@CCCCCEAACAACECECGAIAEACCCAAAC@EBC@ADCDCBADADAF@DAD@F@HBFBF@D@D@FADABA@A@A@A@CCCEEEAC@ECCAACCCA@EACAE@AAGAEAAAEACAE@CAEACCGEAACCECCCEACAC@CACCA@CAACCCCCCCAEAA@CBAHCFAHCFCFADCBADCDABCDGBCDIBIDEDGDCDEDCDEFCFGFCBADCBEBCBEBC@CBCDCBCBE@C@E@ABCFADCHAFCD@DAFAFADABABC@EBAH@H@F@F@DAHBJBH@FAFABAH@DADA@C@CFADCFCBB@EBCA@CCCACC@A@CBABADCDABCBC@EAEBGAE@C@EAGAEAE@C@AA@C@E@C@AAAAAC@@@ADCDADADEBC@C@CAC@C@EAC@EAAAEAAACAAGACACACAAACA@AAA@A@CDCFGDCBABA@A@@ACBC@E@C@CACAC@CACACACACACAEACAA@A@C@ABCDC@CBC@C@CACCAA@CAAAAA@A@CCAACBE@C@EBABCBADEBC@ABC@CBADADCD@FAF@BCDABA@A@CAC@CAAAC@ACCAABAF@HBF@H@H@D@F@H@H@D@DADAD@F@D@B@BA@A@CACAAACAA@ABAFBF@F@F@FBBAF@B@DBBDFBD@@@BABADAD@@BBFBBD@D@D@F@B@DAD@BD@D@D@DDBDBDBDBBBD@DBB@FBF@DBDBDBDDDDBBDF@DBDBDDBDBD@FADCBABAFADAB@BAB@DABADA@CBADADBDBBBF@DABABCBAB@DBBBFBDDDBBBBDDBDBDBDBDAD@D@DBFBDBDDDBD@D@FAFAFAD@DAD@FCFCDCDCBCBCDADAB@B@B@BA@@AACAAAACAC@C@ABCBABCBADEBABA@A@CA@CAC@ECCCAAAA@CBADAF@DBH@DABADAHAF@H@DABA@ABCBABCBA@@@C@AAC@CBCBCDCBEBE@C@G@E@C@C@EBADADAF@FADAF@DC@@BCACAAAACAE@C@A@A@CAACA@EACAEBC@A@C@AAEACAAAEACACAAAAA@ABABC@A@ABABC@AAC@CAACCCCCACACAA@AAAA@AAAC@CACA@@AA@CBABCBA@AACAAAE@CBE@AB@AAA@A@A@AAAAAAAACAC@CBA@EBEBE@GBE@E@EBCBA@CACCAC@CCEG@E@EAE@C@@@AA@C@AAAA@E@A@E@AAE@A@AACA@E@@CCAC@@BCBCDCDCBAB@BA@@CACAEAA@ACAACCAAACBE@@DCBAFABAFABCBABC@C@A@EBA@EACACAC@ECCAACAACCAAA@C@ADAD@D@DAD@DCBABE@CBCBCDCDCFAD@HAJAH@F@DADADAFA@@DB@DBDDBBBD@B@BABABC@C@EBADCD@DCD@D@BAB@@AACACACACAE@AACACBC@EBA@A@C@ACAC@C@C@AAC@@AACC@CAAA@A@ABE@AAABCBCBA@CACACAA@CDCFADCDAFCFAFCBCFCDAFEDADAFCDABABC@AAAACAAAEBCDCDADCAAACCAC@@CBCBCFAB@BC@E@AAECCAA@C@CACCAAEBABC@@@AAC@ABCFCBCBA@C@E@AAAEACCCAAAAABCDAHCBABCAE@CBCDAFCDCACAA@AAAAC@EBCBA@CACAC@CAEBCBC@C@C@CACAACAECECAAAC@A@CAC@CCA@ACAACAAAAAAAA@@@A@CFCFCHCHAH@D@DAD@BA@AAC@A@A@E@C@CAAAC@ABABCDCDADAB@FCDAHAFCHBHBHBHBDAB@DEBC@EAC@E@C@AB@B@D@D@D@BABABCAGACAEAECECCAAECA@CAAA@CAAAACAAACCCCAACACAC@CACAAAGCCAAACAACAC@C@EDGBCAC@CBCBADADEDEBCDE@A@C@CCACC@EAEAC@GAEAGAECCACCCCC@CAA@CDAB@BA@C@AAAAC@A@CBAB@@CAA@C@ABABA@C@@CBC@EBEAA@AA@A@C@AACACCAA@CAA@CA@A@ADCDCFCFCB@DCBA@EACAECCAAEAEAACCACAECCACCACCACACACAC@C@EBCBCBC@C@EAC@EBC@C@A@ACAC@CCC@AACAA@C@A@EDC@@BE@E@CAA@AEAEDEDABEBE@EAE@EBI@A@E@A@EBEBCBC@@BCA@@AAECCBA@C@CAEAA@CAA@@CAEBAACA@ACAACC@AACCAACCCCACCCAA@EAC@E@ACAA@AA@AACBC@E@@C@C@A@EBC@AAAA@A@A@CA@ABA@E@A@C@ADE@C@C@C@C@ABCBCBA@AACCAAACACAC@A@G@E@CACA@A@CBIBADAF@L@BABADC@@@A@ABCAC@A@C@CBABABCDCB@DAD@B@DBBABABA@A@AACBADABCDABCBCDC@A@CBABA@ABAHEBABA@@@A@@AACAAA@A@CBCHIBCBEBC@C@CAK@AB@BADAF@H@H@FAFAFEDADCDABCDIBABEBCBEDE@ADABA@ABABA@CBADAJCBAFCFAFAF@HAFADAB@BBB@B@@@BA@ABEAEAE@CBGDADCDCDAHCFAFCBAAE@CFEDABCFEHGDAFAF@DBFBDADAB@BAB@B@B@F@D@DDHDFB@@HBF@FAFAHADCDCFCDAHEBCB@BA@AAAAA@A@A@CBEBA@AD@FA@@D@DE@C@@@G@A@A@@BA@@BAB@NEB@DAFAD@D@FABAB@@A@CHS@AB@H@LBFBH@F@FBFANENEDA@A@@GAGEEKCCAAIMEMACIIGEC@AACAAACAAEDEBCDECE@CBEDCDAH@FBDBDBF@F@J@FAF@FADAJCFALCFAFADALAF@HCD@DAFABA@E@ABAACEE@@@A@CBC@CBAACAE@@BA@@@@B@@@D@B@B@@AB@D@DADABABADCBA@@B@B@BB@@BADADCBCBCAACACAAAAC@AAA@@AACC@A@A@AAA@@CAAAAC@ABCB@@AB@@@B@@@BA@E@@@AFA@@BA@A@A@C@AA@AA@AAAAIA@AAGCA@AGAGAAAEAGBE@GACACAE@CBCDE@CDABEACBE@C@EACAC@GF@FCFEDEDCBIFGBCBCBCBCDCBABCDAFABADADADAF@FAF@HAHAF@D@DADABCBABABAF@B@DAFAFAF@F@F@DAHADA@ABC@ABC@CBC@E@C@EBE@EBA@C@E@C@C@CBCFA@@DCBA@CAAAECE@C@C@CBCBCBADEDADAFCFAHADAJAHALAHAFAPCNCDADAJAFAF@JCJAJAFAH@HADADABCB@DADAF@D@F@H@F@D@PDB@DAB@DABABA@ABABADAD@DAD@FABADABADABCBABCFIDEFEDGDCFEDEB@¤ÃPWTSvoBABA@CBC@CBAB@@@@@@BB@@@BB@@@BB@@@B@@@BAB@B@@@BAB@D@BAB@BA@@B@@@B@B@B@B@@@B@B@@@B@B@@A@@@@B@@@@@DA@AB@@@B@@@BA@@@@B@@A@@@@@A@A@@@A@@@AB@@@B@DAB@@@BAB@@@BAB@@AB@@@@A@@@ABA@@@A@@BA@@@@B@F@HBD@N@fDR@BBB@N@H@JBH@L@DBD@B@@@@@@BB@@@@@B@@@B@B@@@B@BA@@B@BAB@@ABA@ABA@AB@@@@AB@B@@AB@@A@@BA@@BABADC@@@@B@@@BAB@BABAB@DADADAB@BA@@DA@AB@B@BAB@B@B@DAB@B@@@@@B@BAB@B@B@B@B@@@B@@@BA@@B@B@D@BA@@B@B@B@@@DAB@DABADABADAD@FABABA@@BADA@@B@AA@@@A@@@A@A@@B@@@AA@@@A@@@A@@B@B@DAB@BA@@@@@AB@@@@@BA@AB@@A@@B@B@@AB@@A@@B@@@B@B@@@B@@AB@B@BA@@D@B@@AB@@@@@BBBA@@@@B@@A@@@@@@DABAB@B@B@BA@@BABAB@@AB@DCDCB@@A@@BABA@A@@BAB@@@@AB@@@B@@A@@BAB@BA@AB@B@DC@AB@B@@A@@BA@@@@DAD@@CB@BA@@BA@@@AB@BA@ABA@AB@BAD@HCD@B@DAFAB@DCFCD@BADABCBABABAD@BABABAD@B@BAF@LEDADAFCBAFC@@D@DADAB@@CBABABAB@@ABADAD@BADBD@PDDBB@F@HA@AB@F@BBD@DBBBBBBBB@D@B@B@B@B@D@DAD@DA@@@AB@BAD@BAB@HABA@@BA@ADABABA@@@@B@@ABA@@@@B@@@B@@@BAB@BABAD@@@B@B@@ABA@@BA@@L@DADABCB@BADA@AB@@@DAD@B@B@B@B@B@@BB@B@@@BBB@F@@@B@D@DB@@B@B@BABA@@D@B@DAD@@@BBB@D@B@B@@@B@@A@@B@@@B@BA@@BABA@@BAB@@@B@@@B@@BB@@@@@BBBBD@B@BBB@@@BB@@BBB@BBB@B@@AB@B@B@@@@@B@BB@BB@B@BBD@B@H@F@D@B@@@B@BBB@B@@@BA@@@A@@@@@A@@@@BC@@BA@ABA@ABA@CB@AABE@A@A@A@A@A@ABC@@B@B@B@B@BC@A@@BA@@BA@@@@BABABCDIBB@BBB@BBD@BBBBB@BBBBD@@@BBFBF@H@DBBDDFDFDJFFDH@FBFAHCFCF@F@FADBFDJBJ@H@J@H@JBDADBBABAB@BAB@B@D@B@B@BAB@B@@A@@@@@@@@@@@@B@@@@@@B@@@@@@@B@@@@@@@@@@@BBB@@@@@@@@@B@@B@@@@@@@@@@@B@DBB@@@@@@@@@B@@@B@D@FEDEBAFAFADCFADCBA@@BA@@@A@@@@@@BA@A@@@@@A@@@@BA@@@@@@@@@AB@@@@A@@@@B@@@@@@@@@B@D@DBB@BBDBBBBBDBBBB@FDDBBBB@DBB@@@BB@BB@B@@@@@B@@@@@@@@@@@@@B@@@@@@@B@@@@BB@@@@@@@B@@@@@@@@@B@@@@@@@B@@@@@@@@@@AB@@@@@@@@@B@BAB@@@@A@@@@B@@A@@B@@A@@B@@@@AB@@@B@@A@@B@@@@@@@@AB@@@@@BA@@@@BABAB@@@@@B@@A@@B@@@@AB@@@B@@@@AB@@@BABA@@B@@A@@@@B@BABAD@@A@@BAD@BAB@@AB@DAB@@@@@B@@@DA@@B@@@@AFAFABA@@@@@@B@@@@AB@@@@@@AB@B@@ABABAB@@@DA@@@AB@@@@@BA@@B@@A@@B@BA@@BA@@B@@@@@@A@@B@@@@@B@@@@@B@@@B@@@@@B@@@@@D@@@@@@@B@@@BA@@@@@@@@B@@@B@@@@@@@@@@@B@@@B@@@@@@@BA@@@@@@@BB@@@@@@@@@@@B@@@@@@@@@AB@@@@@@@@@B@@@B@@@@@@@BA@@@@BA@@@@B@@@@@@@@@BBB@B@B@B@BBBBB@BABBB@B@@@@@@@@@@@@BB@@@@@@@@@@@@@@B@@B@@@@@@B@@@@@BBDBB@BB@@B@@@@BB@@@@@B@@B@@@@B@@B@@@@@@@B@@@@@B@@@@@@@B@@@B@B@@@B@B@@@@@B@@@@@@@@@B@@@@@@@B@@B@@@@B@@@@@@@@B@@@@@@B@@@@B@@@@@B@@@@@B@@BB@B@@@B@@B@@@@@@B@@@@BB@@@@@@@B@@@@BB@@@@@@@@@B@@@@@@@@@B@@AB@@@B@@@@@B@@@@@@A@@B@@@@@@@@@@@@@@@@@B@@A@@@@@@@@@@@@@A@@@@@A@@@@@@@@@@@@@@@@BA@@@@@@@@B@@@@@B@DAB@@@B@@A@@B@@@@@B@@@@BBB@@@@B@@B@@@@BB@@@@@BB@@@@@@B@@B@@@@@BB@@@@B@@BB@@@BB@@@@@@@@@@@@@@@@@B@@@@@@@B@@@@@BAB@@@@@@@B@@@@@BAB@@@B@@@@@@@@@B@@@@@@@@@B@@@@@@B@@B@@@@@@@@@@@@@@B@@B@@@@@@@@@@B@@@@@@@B@@@@@B@@@@@@@@@@@B@@B@@B@@@@@@@BB@@@@@@B@@@@@@@@@B@@@@@B@@@B@B@@@@@@@B@@@@@@@@@B@@@BA@@B@@@B@@@B@@A@@@@@@B@@@B@@@@B@@@@@@B@@@@@@@BBB@B@@B@@@@BBB@BB@@@@@@B@@B@@@@B@@B@@@@@@@@@@@@@B@@@@@@@@@@@@@B@@@@@@@@@B@@A@@@@B@@A@@@@B@@@@@@@@@@@B@@B@@@@@@@@B@@@@B@@@BB@@@@@@B@@@@@@@BB@@@@@@B@@@@@B@@@@@@@B@@@@@B@@@@@@@@@@@B@B@@@@@@@@@B@@@@@@@B@@@B@@@D@@BB@B@@@@@B@@@@@@@@@B@@@@@@@@@@@B@@@@A@@B@@@B@B@@@B@@@B@@@@@B@@@@@B@B@@@B@@@@@B@@@@@@@@@@@B@@@@@@@@@@@@@B@@@@@@A@@BA@@@@B@@BB@@@@@@@B@@@B@@@B@@@@@B@@@@@@@@@B@@@@@@@@@@@BA@@@@@@@@BA@AB@@@@A@@B@@A@@@@@@@@@A@@@AB@@@@A@@@@@@@@@@@AB@@@@@@@@@@@B@@A@@B@B@@@BA@@@@@@@@@@B@@@@AB@@@@A@@B@@@@@@@@@@@@@@@B@@@@@@@@@@@B@@@@@@@BB@@@@@@@@B@@@@@@B@@@@B@@@@@@@@@B@@@@@BAB@@@D@B@@@B@@@@@@@@@@A@@B@@@BA@@@@@@BA@@BC@@B@@@@A@@@@BA@@@@@A@@B@BA@A@@BA@@@A@@@@B@@A@@B@@@@@@AB@@@D@BCDCFAFAFCD@L@HBF@DA@@DCD@F@F@D@FAHCJAL@H@HAJAF@JCHCHC@@DEFE@CF@BAHCDABAFAD@H@HBH@HAF@DCBABC@A@@BC@CDCDADA@A@@B@B@@@B@@BBB@B@@@@B@@@@@B@@B@@B@@@B@BB@@B@@@@@B@BBB@B@@@B@@@D@@@@@B@@@@BB@@@B@@@@@B@@@B@@@@B@@@@B@@@@@AD@@@@@B@@@@@@AB@@@@@B@@@@@@@B@@@@@@@B@@B@@@@@@B@@BBBDBB@@@@@@@@@@@@BB@B@@@B@@@@@@@B@@@B@@@@@@@@@B@@@@@@@@@@@@@BB@@@@@@@@@B@@@@@F@@@BBB@@@B@@@B@@@@@@@B@@BB@BBB@@@B@@B@@@@B@@B@@B@@B@@B@@B@@BB@BB@@@@BB@BB@BB@@@@@@BB@B@@B@@B@@@@@B@@@@BB@@@@@B@@@@@B@@B@@@@B@@@@@B@@@DBB@B@@@B@@@@@@@B@@@@@B@@@@@B@@@@@@@BAB@DC@ABABCDCDAD@B@B@DDBBDBD@BCDABCDADBBBDBB@DBDABCHCFCBCBEBCDADAD@DADABADE@ABEAACCCCAA@E@E@CBCBAF@F@BABA@C@E@CDADAD@HAFADABCBE@AFCHAHAJAJ@HAHCFAFCD@H@D@D@BEDAFAFAFADADADEFCDAH@HCF@D@FBD@@C@CDGCKHADAB@BADABADABABADADAF@DAD@D@D@D@D@DADABAD@D@B@D@DAB@BADAD@D@DBB@D@B@@@BA@E@CBCBCDCFADADAF@FAF@DBD@D@B@BADC@CBCBABADADBD@D@DCDCFCDABEDCDCBADAFADAD@D@D@FAD@B@BF@HHBFBDDDBBBB@FADAFAFCFEFBDBDBD@B@D@BA@ABA@C@CDCDEDCBEBE@CBGBCDAHADCBA@EBC@C@C@CACAA@A@@DAFBDBD@DBFBDBF@D@D@FAF@D@D@FBDBB@B@@CBCBCBCBC@ABCAAAAACEAACACBCDBDCDCBCBCBABC@ABADABBDBB@DBD@B@BADCDABABCBEBCBC@CBEBADADABADCBCBC@CBCBCBEBABAD@D@D@FE@AAABC@ADCBCBCBADAD@DBDBB@F@HCF@DBDB@DBD@BB@BAHAL@D@BBBF@HB@BDBBB@D@FADADAD@D@FAFABAD@@@F@DDBBDD@D@D@BAHAD@D@DBDDBDDDBDDDFDBBBD@DAD@BADADCD@D@DBDBFBDBD@F@F@F@F@FADAF@FAFBF@HBD@FBFBFDDDDBBDBDDD@DBBBBB@DBF@DBDBFBDDFBDBD@DBF@DBDABABABEBCBC@CBABAD@D@D@F@D@D@DADADAD@D@DAD@D@DAD@D@F@FBF@F@DAB@DCAA@E@C@CBCDAFADADABCDADCDADCDAFADAB@@AACACACAE@CBCBE@CCCC@EAC@C@C@CCCAACCAC@AAAAACCAECCCCAA@CA@@BADAFCHCFCDCDABCBC@C@CAEACCC@AAC@E@A@C@EAEACACCCAAAAAABAFCDAFADABCDCBCBCBCBCDCDAD@HBFDDBDBB@BAB@BA@ABCBADADABCDADADADABADABCB@D@D@DBDBBAD@D@B@DDDDBBBDBBD@DBB@DADAD@D@B@BBBD@D@D@D@DBD@BDBDBDBBB@DBBBBB@D@D@FBF@F@D@FAD@D@FADABABA@CDCDCBCDAB@HBB@BBB@DBB@BBBBD@BDBBBBDD@B@D@D@BAD@BAF@DAB@BB@B@DADADAF@F@FADAD@DAFADADCDADAD@F@FAFAF@HAFADAD@D@BBBD@BBBB@DBDDDBFBDBDBDBDBFBDAD@B@D@B@FDFBDBD@DAD@BCDCBCBCDCBADADADAF@FADAB@BCDCB@DAF@DBDBB@DADABCB@BBDBBBB@B@DADAFAD@F@BABABA@CBADCB@FBD@DBD@F@D@B@BBD@D@BAD@BADC@A@@BAB@"],"encodeOffsets":[[94775,33517]]}}],"UTF8Encoding":true}