{"type":"FeatureCollection","features":[{"type":"Feature","id":"610402","properties":{"name":"秦都区","cp":[108.698636,34.329801],"childNum":1},"geometry":{"type":"Polygon","coordinates":["@@KIECAMCG@AD@@@@A@A@C@@AAA@C@A@@@AA@ABADCACCACA@C@@@C@ABC@CBAAEBE@A@EAE@CCC@@@@@ADCBEBC@A@CACA@@ACAMBG@E@IAE@KBC@CBA@G@@@CBC@C@A@A@AAAAA@@ABABAFCDC@A@A@AAEECA@ACBCA@A@A@AB@BA@ABABADCBCBABAA@@E@A@@@AA@@@AAAAAAA@A@@CCC@C@G@A@A@C@CAC@CAM@@@AAAAAAA@@C@C@ABA@A@ABABABC@@BC@ABAAA@@A@C@E@A@EA@@@AAA@I@IBE@@@@@AA@AA@@A@ABA@IBCDEBIDA@A@A@@BA@ABAD@D@BAB@@CBABA@ABAB@BAB@BCLEDG@OG]KA@AFAF@D@DAB@BABABABAB@@I^BPBHDB@D@D@BADCDA@A@CBGAG@A@AB@BBB@B@D@@@B@BAB@D@@BB@B@DBDBB@BB@DBB@B@B@DBBDDBB@B@FBBDAF@BDBD@BB@B@DAB@BADABC@AAE@A@A@ABAB@F@DAFABABE@ABC@GBCBCB@@QLKRITC`IPGN@NBNBVJGRETILGB@BCBABCBABAB@NFRHADEB@BAB@B@DAB@BA@A@C@A@C@@@AB@DABC@A@@D@DBBDBD@LBHDDF@L@FELEFAF@DDDBD@BAB@B@@@BBBB@DBDBF@FBLBHBD@F@HC@ABGBE@ADCBC@M@ABCBAB@D@TDB@HABABADALBDALGBC@GBCBCHGPEFGJCBC@CACMIAEBMACCEQCQGAAAcBAFGFKBGACEGEE@CBCLAH@JBD@F@BAFCHEDCHKBQDCFCJEHBFBNJLDLFFDFBLLFFDBFDH@F@BBH@F@F@FBTLFBJDHD"],"encodeOffsets":[[111424,35192]]}},{"type":"Feature","id":"610403","properties":{"name":"杨陵区","cp":[108.086348,34.27135],"childNum":1},"geometry":{"type":"Polygon","coordinates":["@@B@B@B@@@@AB@@A@@@@B@@@B@BB@@@A@@BA@@@@@A@@B@@@@@@B@@@@B@@@@@BA@@@AB@@AA@AA@@AAB@@@@A@A@@@AB@B@@A@A@@@@B@@AB@@@@A@@@ABAA@@A@ADA@AB@@A@@B@@@B@@@@@DBB@@@@B@AB@B@@@@@@B@@@B@@@B@@@@B@@A@@@AB@B@@BBB@B@B@BB@@B@@BA@A@AB@@@B@@@@@@B@BB@@@BA@@B@B@@BBA@@@@B@@@B@@@B@@@B@@@B@A@@B@B@@B@@@B@@@BC@@BA@@B@@B@@@BB@@B@@BB@@B@BADAB@@AB@@AB@BAD@BA@@@CBA@A@@@@BAB@BAB@B@@CB@BABBD@B@DABABAB@@A@@BA@AAAAA@A@@BABCD@@@BAB@@A@A@AAC@A@AB@@A@@@@CAAA@@A@@C@@@@A@@@@A@@BAB@B@B@@@BA@@B@@A@@@A@@B@@@B@B@BA@@@CBA@AB@@ABCAC@@@AA@A@CAA@AB@@A@AA@AA@B@BAB@@@@AAA@AAAC@A@A@@AAA@@A@ABAB@@A@A@@@@@@A@@@AA@@@@@AAAA@@AA@@@AAA@C@@@@@A@@@@B@BA@@@@BA@AB@@@ACCEEEAEC@A@A@A@EBEBCBAB@DC@ABA@@@A@A@@@A@@@GB@@A@@@@@A@A@E@C@C@A@EAA@A@C@A@A@@@A@ABA@AAC@C@E@EAAAAAAACBE@A@ABC@EAAACA@@C@C@A@@@@AC@E@C@A@AAAAA@@@EACACAA@C@C@E@BV@BABABA@@F@F@BBBFDFDBDBDBF@HAFCD@@C@C@C@C@CBC@A@A@@@A@A@A@GBE@E@E@C@@@@B@@DD@BAFCD@DCDABE@IBEBGFEDCBC@GCABABBB@DADCFAF@DAL@NBHDDDDFDF@BAB@D@B@@@B@B@B@@@BB@B@@@B@@B@@@@@BA@@@@B@BB@@@@@@CB@@@@B@@@BB@A@@BA@@BAB@B@B@@A@@AA@@@AB@@@BBB@@BB@@@@A@A@A@A@@@@@@B@@@B@@@BAB@@@BB@@BA@@@@@E@@@@B@@@@B@@@@BBBBBBB@@AB@@A@@B@@@@@BB@@BB@B@@@@BA@@B@@@@@B@B@@B@B@@@B@@BB@@@@AB@@@B@BA@@DAD@@@@@BBBBB@@@@@@B@B@@@@B@@@@B@@@B@@A@@@A@@AA@@@AB@BCB@@@B@@A@ABAB@@A@@@AA@@@@@@AB@B@@@@@@@@A@@@AB@@@B@@@BA@A@@BA@@B@@@B@B@B@@B@@@@AB@@AB@@@BB@@@BAD@B@@@@@@B@@@BBAB@B@D@B@BB@@@A@@@@@A@@B@B@@A@@@@A@@@@A@@@@B@B@@AB@AAB@@A@@@@B@B@B@@@B@@@B@@@@BBB@BB@@@B@@A@@BA@@B@@@@BBB@@AB@@B@@@@@B@B@@@B@@BBBD@@A@@BA@@@@B@@@@B@@@B@@@B@@BA@@BA@@BBB@@B@@A@@B@@A@@B@@B@@@BA@@DA@@@@@BB@@B@@"],"encodeOffsets":[[110646,35148]]}},{"type":"Feature","id":"610404","properties":{"name":"渭城区","cp":[108.730957,34.336847],"childNum":1},"geometry":{"type":"Polygon","coordinates":["@@BA@@B@JAB@LEFEBAB@J@F@HDF@D@F@HAJALAJCJAD@B@H@B@DBBFBB@BB@BBB@FDHBJHLDB@D@B@DCBC@A@A@A@AB@JAJBFBHAZAHAJ@B@FADABABABADCDCFC@@H@B@HDB@B@BABGBCBC@ABABAB@B@H@HBD@B@B@BB@@@B@B@B@FBD@@B@B@B@BABAFAJCB@BAD@DBD@B@@AB@BAFGBEBA@@B@BAB@@A@A@A@@@AB@BBB@B@D@BA@A@AB@@A@CB@B@BB@BD@@BB@DBD@D@B@DAB@BAB@D@D@FAB@J@@A@@@ABA@ABA@A@CBC@CDOA@CCKIKEICGEEEICM@@@SBGACAEIGGGCGCGAG@KBI@E@GAE@EACACAEEECECCCECACCAGACCACEEE@UFE@ECGCICEASKEAE@E@G@AAE@G@ECCAEEKKEAECKEKCMIEAGAIFEDCDARGLCDGFEDABE@C@IAG@KBAD@DFFFHBDAHELEHABBdBBRHRDDFBDANBFNJBD@DADIDEHOFGHADAD@HADKHCBKACBABABGBA@LDHBBB@BAD@D@BB@BBD@B@B@@ABA@@B@B@D@B@HBDB@BBB@BBDDFDB@@DB"],"encodeOffsets":[[111308,35313]]}},{"type":"Feature","id":"610422","properties":{"name":"三原县","cp":[108.943481,34.613996],"childNum":1},"geometry":{"type":"Polygon","coordinates":["@@D@D@F@D@DADADEDABCB@BC@A@A@AB@D@BAB@@ABA@C@@B@@@B@B@@@@A@AAA@@@@BAB@BA@C@@BCDABA@AB@@@B@@AB@DGBA@ABA@A@A@@@AB@@@B@D@B@@@BABA@AB@B@@A@@BA@@B@@@FCDAB@FEHEDCDG@CBC@C@A@ABCB@@A@AAAAA@A@CBAAG@GAEAAAACAC@GAAAA@@A@E@EBU@CCCAC@ABABAHEJGHGFIBABBDBHFDDFDHFBDBF@DBFBFDFBBDDDBD@DAF@DCDCBEDGFEFAF@H@NBL@DBFBBBD@D@FAFAJCFBF@J@DB@@BBBBB@FBX@N@D@FABADC@CAACCCCAA@@@ABC@AACCEACAE@GDG@@@A@A@A@A@@ACAAAA@@@@A@AA@ACAAACCAAAACAAC@A@A@A@A@A@A@A@A@CA@AAA@A@@@A@A@@@A@A@@@A@A@@@A@AACA@@@@CCAA@@AA@A@A@A@C@A@AAC@AAAAC@A@@BE@C@C@ABIAI@GBGBKBIACAEGCCAGAQAIAE@C@EBABABAB@@ABA@@BA@ABABABCBABA@@BA@A@C@A@C@A@AAC@A@A@A@ABA@@BA@@B@@AB@@ABA@A@C@C@A@C@C@E@C@C@G@EAE@A@SAA@G@A@IACAECGAI@AAEAAAA@@AAAAA@AAA@@CAAAC@EAE@C@CB@@C@@@C@ACAAACAAC@AAG@GAEBA@A@C@C@A@GEEBA@A@@@A@EDCL@DGF@D@DABA@E@ECAAA@A@A@A@@B@BA@ABC@A@AA@@ACAAA@C@@@A@@@AF@@ABA@E@AA@ABIAAA@C@E@A@A@@BAL@BBB@BD@DD@BG@MFCNIPKJIFELDLHHF\\CLHX~JEEDEDIFKFC@AAAABI@E@C@AAAA@A@IDAB@AA@CAA@EBGDIBA@A@A@@ACGAA@@AAABA@CBADGD@B@F@FAH@BA@C@AA@BEBADADA@EBE@CAC@CAC@CBKBCBE@A@ABADABABI@K@EBEFCFE@CBAF@@ABCDADAB@B@DDL@B@B@F@DBBBB@BBD@DADAFABAB@B@BDN@BA@C@C@A@@BABBDDFBBB@F@F@FBFBDB@BDBF@LBJBL@D@D@BBBB@@@D@BAFB@B@DFBDFBH@LBBBBDDDFDHDDBD@B@B@@CB@H@B@@ADAD@J@H@JADABCFCFCDAF@F@D@B@BBBBBF@B@DADADED@B@BB@FBF@HAFBB@BBBFFJB@D@B@RGHAN@P@J@F@DADEFEHAL@"],"encodeOffsets":[[111590,35658]]}},{"type":"Feature","id":"610423","properties":{"name":"泾阳县","cp":[108.83784,34.528493],"childNum":1},"geometry":{"type":"Polygon","coordinates":["@@DAF@DEFEFAL@J@BABABCBAB@F@DALADAD@DBD@DBF@FAB@BCBCFA@ABBD@B@@ABG@E@E@AHCBCDAB@BABB@@BBDH@BB@B@B@JAHCFAB@DBB@@BBAJCB@B@BB@B@D@FAJBBBBD@LEJEFCFCF}IGWDKE[GGCKFKJELIJODMNEH@@ACCC@@AAA@ABK@AB@B@F@D@B@BBAJ@BBBF@B@BA@@BE@@B@@@D@B@BBBD@@BBB@D@BAB@@A@AB@B@B@B@BBFDF@B@BA@C@CHE@CDKFCB@@@B@B@FAAA@@@C@A@ABA@CDCBABABA@CBA@C@A@ABA@AB@BAB@DAB@D@DA@AB@@A@A@A@AAC@A@C@A@ABA@A@ABA@A@AAE@C@C@C@AAA@AAIACACBA@@FEB@BA@A@AAA@@AC@A@@@A@AB@@@BC@A@A@@@EAC@EAABE@@@ABC@A@AAC@@AAAA@AAA@AA@@A@A@ABA@ABA@CBA@A@A@A@A@@BA@@BC@C@A@AA@@A@@A@@AA@A@ABA@@B@BAB@BAB@@A@A@ABA@A@A@AAA@A@ECAC@AB@I@A@EBC@C@A@ABA@CBA@C@C@CAA@@AC@@AAAA@A@@D@BA@@B@BABC@A@A@AAA@@B@@@B@B@BA@ABA@@@ABAFEHABA@@BA@C@CAC@ABA@IDEBABABA@A@A@@@AC@E@A@A@A@@AAA@A@C@GAG@A@A@ABAB@BADADAHABA@A@GCA@G@@@EDCDCDABABABCBEBA@I@GBYBGBEAIAIBA@@B@B@B@BADCDA@C@A@KCIGGAECA@AAA@@AAAAECAA@G@A@C@IBIDKBIBGBE@C@E@GCE@I@A@ABEFKFA@IBA@@@ABCF@B@D@B@B@BADA@GDABABABABA@EAG@@@AB@B@D@F@B@@BBD@J@BB@B@D@@DB@B@BBBB@B@@B@BBBB@B@@@AJEJAPBJFJBF@HCDOlOD{EitoZCbmf@DCD@BCF@B@@@B@@@B@B@@@B@BB@DBJ@B@@@@BA@ABCBCBED@@@B@B@@BBFBF@B@@BB@@B@BAB@@A@A@GAC@@@A@E@A@CBE@G@A@@@CBA@AB@B@B@@BBBBBBBB@B@@BB@B@B@@BB@@AB@@C@C@A@CAC@AACAA@CAA@@@CC@AA@A@A@A@@A@@@AAAA@A@AB@B@B@@@BA@@B@B@BBBD@BB@B@@@BAB@@ADABA@CBEAC@@@A@AB@BABABABA@A@CA@@@AAC@E@A@AA@A@A@@@A@A@ABABAD@BABAD@B@B@B@B@D@D@@@B@@@B@@@BAD@@@BABCDCBADABAB@B@B@@@B@@@D@BB@@BBBHBB@FBBBBD@@@BF@TBHCFGJAH@B@B@VDD@PBX@DAF@BADAB@FBF@J@HAHAFAHEDCBAB@@@B@B@@BDDDBDBD@D@D@DAPKBAD@D@D@FBFDD@D@DAJAJAFADAH@F@NAFAD@F@FBF@H@JBJ@JBDBFDDDHBDDD@H@D@DAFCHCJAF@L@HBJBJFHHHFJDHB"],"encodeOffsets":[[111400,35569]]}},{"type":"Feature","id":"610426","properties":{"name":"永寿县","cp":[108.143129,34.692619],"childNum":2},"geometry":{"type":"MultiPolygon","coordinates":[["@@Kd@nAPGTEJKLEHAD@F@DAHBD@HAHAFAFAFEFCBCDEBCDEBEDEBEDGDGDGHEDEHANCFAHBJ@FBHBHBHBJ@F@J@H@DFBLFJDLDHBJBHFJDFBHDLRHFHFDBFDBBLFFDFFJHDDFHDFJFBDJDL@LCDAPCT@LBBBD@JFDBF@N@HB^LPHPDTFNTRPLDVFfkBARMJZHAH[@SRGESXFLKBGBHJJHCDWj@]S`IJQZCJATFFD@CGY^@CYVHDSPATISMSG[MMMGOAK@WEQ@@@@ACEKACAACACAAE@IBC@C@G@ABA@A@CBCFADBDABC@A@ACA@@@ABCAA@@@@C@@@@@@C@@AAA@CDGFKDCDAB@D@DAFCDABEBCBEB@BA@A@AC@CA@BADABE@EQ@UBMEIGIIIKMIQIMGEC@MPQLOAG@GMGM@IAQAICMGCCEAGBGBI@S@GAC@GCEC@IAAE@GBI@G@ABCFAHCHGFE@KEEEAIAGCCCBAFCDBJDJ@DCJCDEBEEEGACKDQJUFMJQDQC_K"],["@@EDCDIDIDC@CD@F@FBFHBFHFR@^CLALEDEFEHEHADAFCFAHAFAD@@A@E@CBAFABAD@DBFBDBHBDBF@B@DBDBDBBDDBBHFBD@D@LBBBDDBDAD@DABBDBB@nTXGDQfMBNJHHFFDLBRAH@HBDDBJFBHC@KDC@GHI@@@@biv]CEEOAEEEIGEBKDC@CC@EFGDKBM@G@AIAICA@MDGDIDQDIFEJKDEDABA@@@@CAA@ABE@@A@AD@BC@CBA@AAC@C@AB@BB@@D@B@B@D@FADAHCDABCAE@CGAG@A@C@AAAAGCCAABC@@AA@EAAA@C@EG@A@C@A@Cii@EACEGCIEI@A@K@I"]],"encodeOffsets":[[[110615,35511]],[[110611,35307]]]}},{"type":"Feature","id":"610425","properties":{"name":"礼泉县","cp":[108.428317,34.482583],"childNum":1},"geometry":{"type":"Polygon","coordinates":["@@@A@@ACAAEAA@GAAA@AA@@A@C@@@A@@@A@ABABABCDADCBA@A@@BC@A@@@A@@@A@@@C@C@A@A@A@ABCBA@ABCBABAB@B@@@B@B@B@@B@B@FBD@B@@DBB@B@BABABA@ABAB@@@D@FBDAB@BABC@@BA@A@@@AAAC@AA@A@A@AB@@A@@@A@ABAB@B@BB@B@@@BB@B@B@B@@BDD@@B@DBB@DBBBD@DBB@D@D@@@BA@@AA@@@A@AAA@@@AAAAAAAAA@@@A@ABAB@DA@@B@H@F@DAB@F@B@@@D@HBB@B@@@BA@A@AA@@AA@E@EAAA@@@A@A@@FCDADABAB@@A@@A@I@CAA@@A@A@@@A@A@@@A@@@ADE@ADC@CneDapYjs|FPCPkDC@GAEEIAIBOFIBI@@A@A@AA@A@AA@A@AA@A@ACA@@@C@AAAI@C@AA@@@A@E@C@ABA@@H@FBB@BABABABAHCB@BC@A@A@A@C@ADECA@@CACEAC@AAA@ACAGAA@C@A@A@@@AB@BA@A@C@AAA@@A@CBC@AAAGAKCSCC@A@ABAD@B@NADCD@BAFAH@BGDE@C@GAKAEAE@CACAA@AA@A@@@ABA@AACCC@CBEFEFK@E@KCEGCKAC@CAAA@C@CB@D@BA@CBA@@D@B@D@B@B@@ABA@C@ABA@AFABCQGMEA@ABABADABADA@KHSJQFIHK@IBOHE@EAI@KAGAE@A@AAA@AC@AAACAG@E@E@IC@A@EBA@C@ABCBC@GBGBE@G@AAA@C@E@A@AAACAE@C@A@C@A@A@AAACAAAC@A@CAG@AAAC@MBA@C@AAAC@A@@@C@@AAI@A@CA@@ECA@AAA@I@AAA@AACBC@@BAB@BBF@FBDAB@D@@ABC@C@EAAA@A@C@AAAC@ABG@A@WCQCMIGKEOCKAAEE]CEA@B@BCF@B@@AFCH@D@DBFJBFDBBDD@B@BDF@RALAFCFAF@B@DBJBHBFBF@BDBH@FBB@BBBFAD@DC@GBEBCBCFOHAB@BBD@FFBH@JBL@DBB@BBBDBFBD@F@DBD@B@DBBBBFFFN@B@DEF@DAFAHA@CDCB@BA@@BBF@D@@B@B@F@@BB@@D@@BBDB@@BB@D@F@B@DAD@BABAB@BA@@BBF@B@B@BA@CBC@CAEAMCE@A@C@GBA@CBCBKBAHAD@BA@E@E@A@@B@BBBBB@B@FCNABAHCNAFAF@DADEDABA@ABA@@B@@@FADA@@BC@C@C@A@@B@BBBBBBDAD@F@BA@@BBB@BBB@B@BAD@D@BBBBBAB@BAB@BBD@DBBBB@B@B@BAD@@DD@@BDCJ@D@DAHAD@L@FAB@B@BB@@BLBB@@@BBB@@@ABADABE@A@ABADADAF@BAH@F@@BBBBBBB@BBBBB@@BADADABABCFCBEBCBCBC@A@GACAC@@AAB@@@B@B@DBDBBBF@B@BABADAHAB@BAB@L@H@BADCBCHABD@@@@@BBAD@B@@DB@B@BADCBCAEBAD@D@BAB@B@H@DAD@JBFDBDBBBBDFLBD@@@@FR@XBLHPNN\\NTHTNVK`_\\PLQPOBUtC^NFMOUFGh`KcPCbJ@[RMA@@A@@@C@@@ADA@@B@B@FAB@BA@CBA@A@@BC@@DADE@A@AB@@C@A@A@@"],"encodeOffsets":[[111117,35570]]}},{"type":"Feature","id":"610424","properties":{"name":"乾县","cp":[108.247406,34.527261],"childNum":1},"geometry":{"type":"Polygon","coordinates":["@@BADGDABC@A@G@KBA@ABABGBCBA@A@AAEAAAC@C@A@A@@BA@BD@DBHBB@D@DADAFADADEBABABCBC@AA@AAAAA@AAAAAA@@@EBG@ABEBCBCBAB@F@BABCBA@@A@AA@@A@KA@AA@@A@ABA@E@KBCBG@C@CDIAC@@CC@@BC@A@A@AAAAA@CAC@ABA@ABAAAAA@A@CBC@A@AAA@AAA@AB@@A@EBCACAAAA@A@AB@D@D@D@@AB@BC@E@@@AB@BAB@BAFCBC@CBEBEDMBGBADM@E@AAAAA@A@AB@F@F@B@@ABCBGLADADAB@HAD@B@F@NDFBDBD@DAB@@A@A@AAE@AB@@ABABA@ABC@C@A@E@CAA@@CAAA@@@CA@@AE@A@A@@@@CAE@AB@@ADADCB@BGBE@CFE@C@AEMEEAAAA@C@AAC@C@EACAEACAAA@CAK@IAG@EA@EAC@ABAPGDEDAFAHAD@@CBCAEAAA@EAG@CA@AAEAEAGAI@C@ABEDEBEBK@QCE@A@ACCAAECIAAE@C@CDGBE@@@ADE@A@A@@@E@E@E@IACACAACCCAG@ELGDCFIFEBC@I@KAEBAFAHEBC@A@CCGCEAEBGDADCBAHDDDFDBDADCHADAFAF@@@B@@BABEDABCBCAA@@B@B@F@@EBIDCBE@EAAAEAIAIGC@CBI@A@AACACAAAC@EBA@@BCBA@IBGBA@CBGHGDMDE@A@GACACAEAEAAA@EACAEGKACCAE@IBCB@DAFDFDFBBBB@DABABC@A@ABCBEAEACACCAE@C@CFE@ACACAA@CBIBU@C@EFAB@FDFBFBF@DABM@C@OAC@A@CBC@CBAB@FADCAICEEG@E@A@ABAD@BAJ@BDBHBDD@BBBADCBEFCBAB@DCBABA@C@C@CBABAB@D@BADAH@D@B@D@BBDBFD@FFFHBFA@ABBDDB@BBB@D@BABE@C@C@AACA@C@A@C@CAAAACBABAB@DABABA@ABC@A@AAAA@A@A@GAC@AAAA@IDA@EDAD@BCBABAAGAAAC@CBCBEBI@C@EGAAEG@C@@@AC@ABA@@BCBCDA@IBABABA@ABA@EBCBC@EAA@AACBA@@DAB@B@D@BBBBBDD@BEL@NDPDJDR@J@L@BFJDJFHBD@Fjj@D@B@D@BFHD@B@BB@FBB@@ADBBDDBHBB@B@D@BBHDHF@DBBADCBGBC@E@C@A@A@CA@@ABAD@D@BBB@DAD@@ABCB@@@AF@BBB@D@@B@BAFCLCFIJERCJCHCNCB@JDJB@B@HANCLEH@FDDD@LCFAJHFFBFFPDFu^aj@@@@GJ@HCD@LGDEAAICCGAG@QBKAECGEIGAMeNCRWHMRBhM\\FT`LRDRCNIVERILCBDFHFFFADCDI@CCIAIDCBEDADDBHBJFFLFF@HEDGBGDEBAH@J@HAF@BB@JFDHDD@HBT@J@HAHAFBDDNHJDRBJBN@NH@HBHKPOR@NFDNHRJNJJLJJJHNFVAR@@FAFCBABB@@DBDB@B@@AFADAFABADCBE@C@CBADCLCHEDCB@BB@@@D@@@@"],"encodeOffsets":[[110906,35566]]}},{"type":"Feature","id":"610430","properties":{"name":"淳化县","cp":[108.581173,34.79797],"childNum":1},"geometry":{"type":"Polygon","coordinates":["@@BGBEDCDEFEFCDCBCBAD@HAF@HCJGHEJcL_DCDADAB@F@B@B@BAFIDKBGBIBCFEFCBCFIHMBS@K@CDCBCFCDCBA@A@G@CDCDGDABC@@@CHMDCBAB@BBDDD@B@BABA@CBAD@DAFBB@BCBABGBAFALADAFAD@TFF@DBFBBBB@FAHALBF@B@B@D@B@@@B@@A@@@AB@@@B@@B@@B@@@@@BAA@@CAA@A@@@@B@BBD@@@BABA@@@AAAAABADAB@BAB@B@@@@AB@@A@@AA@@BA@A@@@A@A@@@@DAB@B@D@B@@A@@CC@A@@@@B@B@B@BAD@DAB@@A@@BABA@A@@DA@@B@@D@@B@@@DA@@@AAA@@@AAA@AB@@@B@B@BBBDB@@@BA@@BA@AFC@ABABCB@@@@@DDB@B@@@@A@@@@AA@@@@@A@C@ABA@A@@@A@A@C@AB@BAB@D@@@@A@@@@AA@@C@@@@@@A@@BA@A@@@A@@@@ABA@@A@@@@BAB@AABC@CBADABE@A@C@@AAAAC@C@K@IAKAE@CA@ACAEAEAE@E@A@AACEACBA@AB@D@D@B@@ACM@A@ABABABEBC@CAC@AAAAA@C@E@A@ACK@C@ABABCDCBA@@BEGAICGEGGIEIAGAK@E@IBGDEDCBC@G@C@CCGACCECCAIAI@IAG@E@EAE@C@EBMBE@G@CBEBIBIBCBC@C@ECEAC@C@C@ABOLCBC@C@C@CACACC@AA@A@@@A@ABCDGFEBGBGBI@E@EAA@CBABE@CBW@OAC@UCA@A@G@IBEHGDSAE@@@@B@B@DA@@B@BCFCB@@AD@@@BAB@DABA@EBA@A@@@CB@B@@@D@@@BB@QN@\\aIODLdg_EHPVEN]MsDAVOPKR[O_`ULSJOBCTUGDZ]@HZ@Dt¬HLHL@FFLBBHFDFDFFDJHPJJHJHFFDBBBNLBBB@B@@@D@BAFCFCHCFCDADALCDAB@D@JCB@D@B@@BBBBHB@B@B@BAB@@ABABCB@BB@B@B@@@DADBBBHBDB@BBB@BBBFBDDLBB@@DF@BBB@BDDBB@BNFTXLNJBLAXEB@BADADA@ABAB@FAB@BBB@FBBBFBFBD@DBHBF@B@B@DBHBDBFBBBFDRFHFHB"],"encodeOffsets":[[111190,35885]]}},{"type":"Feature","id":"610427","properties":{"name":"彬县","cp":[108.083674,35.034233],"childNum":1},"geometry":{"type":"Polygon","coordinates":["@@@CBABA@@@A@ABA@CJE@ABC@ABA@CBABEBCDAFCDAB@LF@@HKKC@C@AC@AADMR]@C@AACBAXKRKNKB@F@B@B@@CB@F@DBDFB@D@B@BDDABA@GBA@ADA@CBADCD@BBD@D@BCBCDABCBA@C@A@A@ABACEAA@@EAEIA@e[Á@@@@AKK]FAPCDE@@D@BADADA@AB@AA@@AAAACCAACAAAAAFCHAFCDC@A@E@@DAD@FCDABAB@DAB@B@@A@@@AAAAA@A@CB@BAD@BBB@DBD@BBD@B@@A@C@@DCB@B@B@B@@ADA@@BC@A@AB@BADCBAACA@A@AAB@@CDCBADAFCDADADAFCFAFAJ@NBHAFCHKBAHCPAL@JBJ@FADADAJ@FADADAFABA@ABA@@B@D@BAB@BABCDABABADGBABAB@BBB@B@B@@AAAEK@EGKGKs«ECSEIBYDIR_J^Ti@CXGDIIAGAHKLWEFTQH@TG\\GBIYQNABelUEKCQOMSSEOCOG]KGAM@E@CAIEC@AAKAS@ODCBKDK@ICACIECEEGCCIGEEECKEAAECCAGEGEKQGCEAICGEIAGAKCICKEEAEHE@ECCAGCGECECAIEGAGCKCKCEBKAG@IACBE@AACDAB@B@@@@AB@BA@@B@@@B@D@@A@ABA@AA@BA@A@@@AB@DBBA@@@AAA@CA@@@ABA@@@CB@@ADB@A@AAGAA@@C@A@@@AB@@ABMAA@ABAB@BAB@DBDBFBL@B@B@@ABC@A@@B@@BB@@BBADADABCDAB@D@BAD@B@@@@@AA@@AA@AAC@E@AB@@BBH@BBA@@@A@@BA@B@@@DB@B@BADABA@@@@@@DCD@@@@B@BB@@BA@@@ABABBB@BBB@B@@D@D@BAB@B@BAFCFAFEJEHCFEHCHAHCHAHAJEJCJAHAJAHAB@B@@ABB@@BBD@@@B@BD@BBDDFDD@JDFABCB@B@B@BB@BCD@F@@B@B@B@FGFBHDLFHP@@BB@@@D@@BC@AD@@@@AB@B@BBDBDBA@@BDBC@GC@B@BEB@JBF@FB@DDBBB@CDBBBB@B@B@DFDBBBB@@FHDFDBA@DDBDBBAB@DBBD@HBBBDDB@@@B@@EBCBEAECGAEAG@GDEJBJDJDHFFFFHFFJDFJHJHHJJFJHFFFFHFHFF@FDHDHMLOLUdDbPna`BJPP@BNNQZNFfBJRGPaJMLHNDFNCJALBBC@B@@@@@@B@@A@@@@@@B@@@@@B@@@@@BB@@BB@@B@@@@@B@@@B@@@B@@BB@@@@@@@@@@BB@@@@@@@@@B@BA@@B@@@B@BAB@@@B@@@@@BBB@@@B@@@B@@@@BB@@@@@@@B@@@BA@@@@@@B@@@@B@@@B@@B@@@@@B@BA@@@@@@@@BB@@B@@@B@@@B@B@@@B@@@@BB@@@@@@BB@@@@@@@@A@@B@@@@@@@B@@@BBB@@@@@B@B@@@B@B@@@@@B@@B@@B@@@@@B@BA@@@@B@@@@@B@@B@@B@@@B@D@@@BBB@@@B@@@@@AB@@@@B@@@@@@@B@B@D@B@@@D@@@@@BBB@@@@@B@@@B@@AB@@BB@B@DBB@DBB@BAB@@@B@@@B@@@B@@B@@@@@BB@@@@@B@@B@@B@@BB@@BB@@AB@B@@@@@@@BB@@B@@@B@@@@@B@@@@B@@@@@BB@@@@@@@@BB@@@B@@B@@B@@@@@B@B@B@B@@@B@@@@BB@@@@@@B@@@@@@@@B@B@@@@@BBB@BBB@B@@BB@@B@@BB@@@@@@@B@B@@@@@@B@@@BBB@DDDBHBFBBFD@B@D@D@F@B@@@BBB@B@BBB@D@D@B@B@D@B@B@BAB@B@DB@@BBBB@BBB@@@@@B@@DB"],"encodeOffsets":[[110724,36135]]}},{"type":"Feature","id":"610428","properties":{"name":"长武县","cp":[107.795835,35.206122],"childNum":1},"geometry":{"type":"Polygon","coordinates":["@@D@F@@AD@B@B@@AB@@@@@BCB@BA@A@AAA@CAC@A@@AAAAAACACCACAC@@CEGMNKbIHOIQeAMERYMM@AOOAIb_OmCaVcPKNKCGCG@EEEEGEGEEGEEIIIGGGIEIICEEEGEEGEICICIACF@HBHBFDHBFAFAD@FA@@@A@CCAAGAC@AA@CBAAAACCCB@CACEEG@@AAAAEC@C@A@AAAAADCA@AACCA@@EAE@IFA@A@AHDD@CA@AB@CACAAAA@A@@B@@C@@BAD@DKDEAC@CAE@CDEB@DBDAFABADAD@DDBFDDDBB@B@BABG@E@EBICICEBA@EDG@E@CBCDCDEBEDCBAB@@ABA@@BADA@@B@B@@A@@@@B@@A@AB@BA@@BA@@B@@AB@@ABA@@BA@@@@@@B@@@@@@A@B@@BA@@@@BA@@@@B@@@BA@ABA@@@AB@@@@@@A@@@A@A@@BAAAB@@@@@@@BA@@@@B@@@B@@AB@@@BA@@@@@@@A@@@@B@@@@@B@@@@@@A@@B@@@@A@@@@@@@@@@@A@@@@BCD@@@@A@@@A@@@A@@BA@@@@@@@A@@@@B@@@@@@CB@BA@@B@B@@AB@@@B@BA@@BB@@BBBBBBBBB@B@B@BGHCFAFABGBC@C@@BEHEJEJEJELELEH@FAH@JABABAB@DADADCBCDADAF@@@B@@@BB@@@BB@@@B@@B@@@B@@@@@@@@@@B@@@@B@@@@@@B@@@@@@@B@@CBCB@BABEJCHAFCFCHCHCFCDCBCLEHCD@BADADABABABCBCAC@CACACACAA@AB@@@@A@@@@@@B@@@B@BA@@@@@@@@@A@@@@@@B@@@@@@@@@B@@@@@@AB@@@@@@@B@@@@@D@@A@@@@@AB@@@@@@AB@@AB@@@@@@@B@@@@@@@@@@@@@@A@@B@@@@@DABBBBDBB@B@B@BABABA@C@EAA@C@@D@DBB@BFBBDFHBBDDDBFBNGHAJ@JAH@FBBDDBDBDADADEBGBCDADCFAFDBB@@@@@@@BBBAB@DCDEDADADDDDDDFBFDDFDHBFABAFED@D@@RBX@FAFAFCDEDCBGAC@E@CAAC@C@AEACAC@CB@DDDDDDBBDDBNBJDLDHFDBF@B@BA@ABA@@BA@A@AB@@@BAB@B@B@BBD@B@B@BABABABABAD@BB@@BAB@BB@B@@B@HAB@@@BADCBCBA@@B@B@DBB@B@@@@A@AB@@AB@BBBBB@BAB@BCBEBCBCBAB@D@B@B@BBBBF@B@BADAB@BCDCBCBABADAB@B@DB@@D@B@@@B@@@BA@C@ABAD@B@D@@BB@D@B@@BB@@@BB@@BB@@BBB@BABABCBA@A@AAA@A@@BA@@B@D@D@D@D@BADBBAB@@A@@@C@A@A@@BADCBABA@AB@D@FBBBBBDBD@B@D@D@D@D@F@F@DBBAF@B@BBB@DBDADA@@DA@ABA@C@@BADAF@D@BBD@BDBBBBB@B@BABE@ABCBAB@B@B@DBDB@D@B@DAHAB@DB@BBBDB@B@H@F@BBB@"],"encodeOffsets":[[110539,36115]]}},{"type":"Feature","id":"610431","properties":{"name":"武功县","cp":[108.212857,34.259732],"childNum":1},"geometry":{"type":"Polygon","coordinates":["@@AMAA@C@GAAA@A@A@CACEAAAA@E@G@E@E@C@M@AAC@ACCA@ACAA@C@C@O@AACAAACAA@G@K@KDSBGFOBIDM@OCGAGAMAAEBODIBE@C@G@EAKCIEIEGAGAI@G@EBEAG@GBA@CBEBGDCBMLGFGFOJEBKBIDGBG@E@CAC@CBC@A@E@G@E@IAEAGCEEEAM@I@C@ABCBCDGDEBCBCBC@BFFFDFBD@@A@@BAB@@@@ABA@@@@@@B@@@@@DBB@B@@BB@@BBBB@@@@B@@B@@@B@@@@B@B@@@BABAB@@@BB@BB@B@D@BB@BBB@B@@A@ABA@B@@BBBB@@@BAB@DBB@B@@B@@BDAD@BA@@BAB@D@@ABA@A@@@A@@@@B@@@BA@@@AB@@A@A@A@AB@@@B@@B@@@@@@DB@@@BBDB@@@@@BA@@B@BBD@B@B@BA@AB@@C@ADAB@@@BBBBB@BAB@@@BA@ABABCBA@C@AAABA@@DA@A@ABA@AB@@@@@BAB@D@@ABC@ABA@@BA@@BA@CBABA@@@AA@@@AA@@A@@@AA@@@AB@@AD@@A@@@A@@@@A@AB@A@@@A@@@A@@@A@@@A@@@@@AB@AA@A@@@AB@@A@@A@A@@@@A@@@A@@B@BAB@@@AA@@A@A@AAA@AA@A@@B@@@BA@@@@@@A@@@A@@@A@@@@A@A@@B@A@@A@CA@@@@A@@@A@@@@BA@@BCB@B@BB@AB@B@@@B@@A@@BA@@@@@@B@BA@A@@B@@@B@B@@A@BB@@BBB@@BA@@B@@AB@@@@A@@@@@@A@@@@A@@@@B@@@@AB@@@B@@AAA@@@A@@@@@@BA@@B@@A@A@A@@@BDAHAL@LADAB@BABG@KRENCJANBLDVARGPELCLAF@BCDCH@BAB@BA@ABE@BBB@FBD@DAFAB@BAB@BABAJAB@DCDA@AB@BAD@@B@@@DFHBBFHD@J@FADADAD@BBHBBBBADA@ABCFCB@JCB@BB@BBD@H@B@BBBBBB@D@BAB@BABA@CBABADABBBB@D@D@B@DDBBBD@D@F@BA@A@CAA@ACAACBAB@AEEGEEC@AEAC@A@C@A@CBGBC@A@CBABADAD@D@B@BADA@CBADAFEDABCAA@ACCGACA@ABI@ABCBAB@F@H@FFJDDBBC@EBADAD@DAB@D@PBD@N@BA@CAEAECE@EBAFED@V@JADAB@DBDB@BEF@D@DBFDDDBFBFBDABAB@D@BABA@CAAAACECEBE@CDAJAF@DBBDHLBFBD@FBBFBFBDBDBHBB@F@NCHCHGDAB@HAJAB@DA@AB@FAD@BBDBDBBBB@J@DAD@JHJBFBBBFBF@DAJCFA@@@E@A@AB@DBDABAFCBA@AA@@@E@EBCBGBCDCBCACECCBGDABCHCFAFBHDDDB@D@FA"],"encodeOffsets":[[110930,35172]]}},{"type":"Feature","id":"610481","properties":{"name":"兴平市","cp":[108.488493,34.297134],"childNum":1},"geometry":{"type":"Polygon","coordinates":["@@AUAM@MHMJOD_JSLQRK@@DADAHAD@BAF@BABABE@C@EBABAB@B@F@BBD@BABC@ABA@C@AAAC@CA@ABEACEAA@A@CAACCAA@A@A@CAA@@AAAAC@C@AAA@@@CBA@A@A@@@C@AAA@ABAB@H@HBDAB@B@DCBC@A@C@CCAAGAOJ]@@BABABABA@ABA@C@CBEG@CAECCCCGECGAECECGEEACAIAG@C@I@EAAACCCEAAE@C@C@EBA@ABABABA@A@C@E@C@A@A@CAE@GAG@E@ECECGAICA@G@GAEAEECEKESGAAEAICEAKDIDE@KAICGGC@CAIAEACBGDGFC@MBM@ODM@K@M@AAAAGEGCKCICGAGAIAI@C@MBCBABADCDIDKDBBBNBHDH@PCNAJEPAHCT@L@L@HBBBDBBBD@B@P@D@DBBBDB@DD@BBD@B@N@D@F@F@H@FBBBBDFDBB@B@B@BB@H@DBBBNBGBEFALBJ@D@FAJEDEHCFKH@DBDDBBBDBD@J@F@F@F@@FB^DFFBBDLFPHLNJRDXDB@H@BAD@BB@B@D@BBBFBD@D@BA@@@CBAAC@EAE@ABA@AD@DABBB@BBJ@B@BBB@FD@@DBB@J@BB@@@D@@@BBDBBD@B@NAD@BB@BBH@D@BBDBBBDBBB@B@D@B@D@F@DBBB@B@B@F@DBB@B@HAFAH@HADAD@B@DAB@F@BJDF@F@H@DBBB@BBDB@BBB@F@HBLBJ@FBF@PGJAL@"],"encodeOffsets":[[111174,35269]]}},{"type":"Feature","id":"610429","properties":{"name":"旬邑县","cp":[108.337231,35.112234],"childNum":1},"geometry":{"type":"Polygon","coordinates":["@@@C@CBCFCBC@I@E@AYGGAGBK@EACACAEEAAC@C@E@EDA@AA@ACIACAAKCCACCCAA@A@A@GHEBC@A@CAEAE@C@ECCAA@E@E@CBAAAACEAAAAAAE@CBE@OCACCCECACACCIAC@A@EBC@AACCAECGGOGECGSCA@C@EAAA@ECA@@C@C@@AAA@C@IBAAA@@@@AAM@AAAACCAA@C@A@IFABA@CAIIGGAA@A@APM@AACBC@AAA@@A@KDGBA@A@A@AAAA@ABAAA@@@@A@C@A@A@@AAA@GAA@ABA@A@AACBCAA@AA@A@AA@@@AAAE@E@E@@@A@KOCE@C@@BCFGBCBADAB@H@FBB@DBHDB@@@@@@AAE@G@A@ADEDKBABCDE@@@A@AACAAA@A@E@E@GAA@CGACAA@@A@EBGBA@E@C@OEKAA@GECACKGEEAC@E@C@GC@CBCJGH@BBBD@@HDDDBBB@BAB@@BD@B@B@D@BA@AB@BBD@B@@@D@@A@@@A@@AAACCCCIAKECCCACEK@CCCQMMIEE@ACEAACCCA@CGAGEQEECAAEACAGACAA@A@E@GACAC@EAEAAAEAA@AAA@EBA@AB@BCBCBABA@WFKBIAKMSWME@AAACC@AAA@ACE@@AACKACAEAAA@AAA@ACAGAABC@C@@@A@AAAA@ADAB@BA@ABA@A@A@AGAA@AA@C@A@IDC@A@CBKDCBCBEDGDEDEDABC@@@A@A@AAMKAACAEEIGIGOIIGECCECEGE@BA@A@A@AAA@ABABCHABABCBADABA@ABC@A@@@AB@BABEBCBCBEBI@CBCBEBI@IAK@OBGDABGLEDGBMAI@EBEBEDCBCBCBEDCBABCD@DA@BBB@B@BDABCDABA@@B@BAD@@CB@BA@A@A@A@CD@@@D@BA@C@AAC@CAA@AAC@ABA@@D@BBBBB@B@@@BA@A@CBA@ABCBEDC@CB@@@F@BCDEDGBEDBBBBDBBBDDBBBB@@BBA@@BCBCBABC@@@CFODEBL^BL@@@@\\ÂfB@FJFB@@BBDFAB@B@B@B@DABADCBADADC@C@AAC@CDAB@DCB@BAB@HABCBACA@C@A@CECAE@A@@DA@A@E@A@MLQLWLABBD@B@DQ^CNBBD@@B@DLDGL@@KEA@CBEDCBADAFAB@DAB@BAD@BIF@DAB@B@B@@ABAB@DHDDBJ@DADCBA@@@AB@@@B@@@B@@BBB@BBB@B@@@BB@@@`TH@DDB@@BB@BBD@BABADAF@PBFFxSBCBC@ABADCBAB@B@F@B@@A@A@AAAGC@CAEDEBABADEDEBE@ABA@ABCDCB@D@@BFDB@D@DBD@DB@BBFBB@BB@BBB@JBD@B@D@BCDADCL@DBLBBDB@D@B@B@D@B@D@BD@@BDBBDBBBDBBBHDFBFBFBDDBBBBFBFBBBFDDBFFDBDFFDHDDA@C@CBA@@DAF@B@@AEICGRKB@DBBDDBBBBAF@D@B@BBBBBBB@B@@AAA@ABA@@\\@H@D@DA@A@CBA@@HADBD@B@BA@@B@FAH@FBF@HAJAH@D@HAH@F@HBD@DBDAFBFBB@L@B@DA@@B@@A@B@AB@B@@@D@@@@@@AB@D@BBB@B@B@BBB@@BB@DB@BB@@BDBB@@@BBB@DBDBDB@@D@D@B@F@HBFBDBDBB@FFBBDBBBB@BBFBBBBFBBDBDB@BHBB@@A@AB@@AD@FBBAFEBEDADCDCFALBFADBB@BDDBBD@D@B@@BDBDBDBBD@HBB@F@DBBBBBDD@@LZDDHDBB@B@BCDABABA`@B@F@DFNLPBHDJC\\JNHJBLBNGVGLGPCX@V@LALIPCFERALBLFLLLLL@DBBBFB@BD@D@B@BCDABFFDB@@B@DEBAB@DAB@D@FBFDBBB@DA@AAE@CBE@@BADABBB@DBBBFDBBB@D@B@BCBADAD@AAAC@C@CB@B@DAB@BA@CBAB@DBD@@A@@BA@A@C@@@AAACE@CAA@ABAB@B@DBD@B@BA@@BA@ABAB@D@B@BBBB@BFFDBB@F@DAJCDAB@BADB@AD@DAD@BAB@F@BBD@DABCLOLGdEPCNMBUBSJQNIHO@Y@EN]FMFEHI@C@CAAAAAAA@CC@A@A@ABCDAB@F@DBB@B@BAB@F@JBPDDBDAB@@ABE@E@C@CAA@A@A@AB@D@H@BADA@A@@AA@ABE@G@E@ABABAD@H@F@DADABCB@BADBBBD@BC"],"encodeOffsets":[[111482,36193]]}}],"UTF8Encoding":true}