{"type":"FeatureCollection","features":[{"type":"Feature","id":"610502","properties":{"name":"临渭区","cp":[109.503299,34.501271],"childNum":1},"geometry":{"type":"Polygon","coordinates":["@@OaYMmEUEUAG@CCAICGE@AAG@CBS@EBKBGAC@AECAA@A@CAMDO@MASCYEC@@A@C@A@ACACAEA@A@@@EBC@A@E@C@GCA@A@EBGBA@AB@@BB@BFBF@B@@BBB@B@BABCBA@E@C@C@EAAAAA@AAAAI@AAAA@AAEBE@A@ED@@ABABA@A@AA@AA@@CACAAAAGGAA@C@A@CBCDCDE@A@A@CAACACACAAA@A@KAGGK@A@CBC@AAA@A@CBA@AAC@E@@@ADCDE@A@A@EBC@CBC@AACCKACAAAAA@EAGCECGECGGIAICQBC@EACAG@EACBADCBE@KAGCEIS@C@EFODKBEACAE@G@ENULKFKBC@@HA@@@C@C@CBCFGDEBCFKBABAACAAA@A@C@A@A@@A@A@AAC@E@CAACCCE@CBAFAB@DDBHBLBDFBD@B@AA@ACEBABEB@@A@ABABADCDADAD@DBBA@@B@@@HEJAHCDEBEBGBKAM@E@CJW@@@ABA@A@ABA@@@ABABA@CBAB@BA@AB@BADCE@@@CAA@CACAC@AAC@A@A@E@A@C@A@@@CDABA@ABABABABA@@BA@A@@@A@A@A@A@A@@@C@A@CAC@CAAAAAAAAACAAAAA@@A@ABA@@@A@GBIDIDCD@@EB@BIBKDIFCBA@GBGDGBCBABCBCBA@EAE@C@GDEBAA@@CCAAAAEAA@A@AAC@A@A@CBC@A@CBA@A@C@A@AAA@AAAACAE@A@@@@@A@CHABABABCBABA@ABA@CBA@ABA@CBIBCBCBA@ADABADCB@@@@@@CBABCBABA@ABCD@BCB@@CBABABBB@D@BA@@DABC@CBCBE@E@E@ABA@@@@@@@@@@@@@@@@@@@@@@@@@@@@@@@@@A@@@@@@@@@@@A@@@@@@@@@@@@@@@@@@@@BB@@@@@@@@@@@@@@@@@@@@@@@@@@@@@@@@@@@@@@@@B@@@@A@@@@B@@@@@@@@@@@@@@@@@@@@@@@@@@@@@@@@@BB@@@@@@@@B@@@@@@@@@B@@@@@@@B@@@@@@@B@@B@@@@@@@@B@@@@@@@@@B@@@@@@@B@@BB@@@B@@@@A@@@@@@@@B@@@@A@@BA@@@@@A@@@@@@B@@@@@B@@@@@@@B@@@@@@A@@@@@@@@B@@@@@@@@@@@B@@@@@@A@@@@@@@@@@@@@@B@@@@@@@@@@B@@@@BA@@@@@@@A@@@@@@@@@@@@@@B@@@@@@@@@@@@@@@B@@@@@@@@@@@@AB@@@@@@@@@@B@@BB@@@@@@@@B@@@@@@@@@@@BA@@@@@@@@BA@@@@@@@@@@@@@@@@BB@@@@@@B@@@@@@@@@@@B@@@@@@@@@@@@@@@@A@@B@@@@@@@@@@@@B@@@B@@@@@@@@@@B@@@@A@@@@@@@@B@@@@@@@@B@@@B@@@@@@@@@@@@@@@AB@@@@@@@@@@@@BB@@@@@@@@@@@@@@@@AB@@@@@@@@@@@@@@BB@@@@@@@@B@@B@@@@@@@B@@@@@BA@@@@@@@@@B@@B@@B@@@@@@@@@@@@@A@@@@@@@@B@@@@@B@@@@@B@@B@@@@@A@@B@@@@B@@@BB@@@@B@@@AB@@@@@BB@@@@@@B@@BB@B@B@@@@@@@@@@A@@BB@@BA@@@A@@@@@@B@@@B@@AB@BB@@@@B@@A@@@BDBBB@@@@@@@BBAB@@@@@BB@@@BBBB@@@B@B@@AB@@A@@BB@@BB@@@B@@B@@@@ABBBAB@@A@@B@@@@@@@@B@@@@@B@@@@B@@B@@BA@@@@@@@AB@@@@@@BBBB@@@@B@@@@@@@@D@@@B@@@@B@@@@@@B@@@B@@@@A@@@A@@@A@@@@A@@@@@@A@@@@@@B@@@@AB@@@BB@@@@BAB@@@B@@@@@@B@B@@@B@@@@@@@@@B@@BA@@@@@@@A@AB@@@@ABB@@@@@@B@@@@C@C@C@A@A@A@ABC@CBABA@@B@DBB@B@B@B@B@D@B@BABADABAB@BGBE@CBA@CBABCBCBABABAB@D@B@D@B@BBB@B@@@B@B@@ABABA@AB@BDB@@BBBB@B@B@BADA@CDCBABCBAB@B@B@D@BAF@BCBABABCBA@CBC@AAC@CBC@ABC@ABABAF@DAB@D@B@HBB@BBDDFDH@BBDBBBD@BB@BBBBB@D@B@@@DAD@B@B@@BBB@BABABCDABG@MBAD@DAJAFAHAJHL@BB@D@FCB@D@JBB@DBB@D@HB@@DDHJFHDDFBJBJDDBF@FA@FAH@@@DA@U@B@B@D@DAF@D@DABAB@BAB@B@B@B@BBB@B@D@D@@E^CR@FADAFAFCR@TAD@F@@@DBBDBBBDB@@BB@@BB@BCD@@EBABAFEJ@H@D@B@DB@@BBBBBBBD@BBB@B@@B@B@BCBEBADA@ABCD@DADAB@D@B@DAB@B@BAB@BABCB@@ABAB@@ABBB@B@BAB@B@D@BC^nFP@DBDBBDD@P@BBBBBDDBDFJDNBFDFDDFDDDBB@D@LCHEFCDCDAJEF@J@J@HBDAD@BABCDADADAFBD@B@@@DAB@F@@AB@BCBADCDCDAFCHCJGDAFCNELGFAF@R@JBD@FD@BAF@H@DBBBDBDLFNHTLXJRFD@D@BAB@DIDCFCJABANBFBFBDDD@B@F@F@F@HCFALANAJ@HBF@FBJHFHFDDBFB`B"],"encodeOffsets":[[112401,35623]]}},{"type":"Feature","id":"610503","properties":{"name":"华州区","cp":[109.76141,34.511958],"childNum":1},"geometry":{"type":"Polygon","coordinates":["@@OYCC@C@GBICK@EFIFUACGEEAAA@CBIF[BE@E@CCGAC@EBK@I@CAA@ABCBI@A@CAABABE@E@CDI@C@GBEBCHEDCBCFGBCBAD@F@D@JFFDBBH@HBDBF@DADABABAB@B@B@B@DCBC@@BAB@FAF@@ABA@A@C@AACCCIC@AA@EAC@A@EBCAEA@A@A@AB@@@B@B@@@@@@A@CBABA@EBCAAEAMKEIBE@CCAMAAACGSIAEBADI@G@CBADCF@JBH@FAH@FBHAJ@DBLDLDD@BAB@FCB@BABCBA@A@@B@B@B@B@HAB@FEDCDAFAD@B@BBB@B@DBJ@BEDCDCDKDCFCHSBEDAFADA@ABADMBADAFABA@ABQAI@CA@A@C@AAACCCC@C@K@EBCBCBEFA@A@AACAAA@C@CDEBE@E@IAC@E@CBCDGBADABIDK@A@A@I@CCGAE@ABA@ADAFAFABA@@@@@ACAAAAAAE@C@@A@@@ABABABCBA@@@CAAACC@@CAE@@A@@CEACEEA@A@A@CBA@A@@@CCCCEECAEACAAAC@CAE@C@A@AAA@C@CBCBCBEFCDABAB@@@F@BBDBBDBBBBFBF@DADABBB@FBBA@C@C@ICCAGGCACAAAE@C@EBCAA@CCACA@A@@@AB@BC@CBABADABA@CBA@CDCBE@SBCBC@CBADCD@DBBBB@B@D@BCFCFED@DABAF@BABA@A@CAG@GAGAEACAAA@BA@@B@DABEBCDABADCFABABC@CBCDCBCDADA@C@C@ICCCECCEAECE@AC@CAG@EAECEACA@A@EDSDODIBC@EAGAABAFGBA@AA@EBGDIHKROZCBC@]@GECKCCKCCCBABCFEDKHQ@ABCBEC@C@ABE@A@ABA@ABA@AB@@AB@BA@@B@BA@@B@DABAD@BABAD@DADAB@BABA@@@AA@@A@A@@@A@C@A@C@A@ABA@ABABA@C@ABA@C@C@A@A@A@CBC@ABC@CB@@C@A@C@@@@@CDABA@@BABA@AB@DABAB@B@@AB@B@BAB@B@@IX@D@FBNALAHAFCFGDIBGF@@A@@@ABCAC@CBCBCDABAB@B@BA@AFABDF@BBBA@C@EAACAKAGCCA@EBAB@DDFDDBB@D@FBD@B@B@BB@B@D@B@B@BBBDABABELADCFEHAD@D@D@D@@GB@@ADELKLMV@F@HBFBDAFCLEP@F@DJTDFBH@LAFCDABBD@FBHBD@FADDRBJHJDHHFFDHDFBB@BBBBBDDLBD@BAD@DAD@F@B@BCFCD@B@@@FBD@BAB@D@BBB@BAD@D@BHLBH@L@BBBDBDBDBBB@D@B@BCFCDAD@D@B@DBBHHBBBBBD@DB@@BBBB@B@BABA@@FCB@F@FABBB@BB@BBJBB@BBBBBFBD@D@F@B@DABA@A@AAA@AA@E@EA@AAA@@BAB@HAFAB@B@HDD@F@B@D@FA@@B@B@BFBDBDB@D@B@@@FDDABAJYB@DAr\\ZDDD@BG\\@L@DDDHBVBNAHCBCBM@EBAD@F@DBBB@DEZADDDD@FAPMZ[HGF@H@FB@DD`DFHDJBL@FCHEHIJUDMDEDAJ@BBDDFbBDDBhB"],"encodeOffsets":[[112549,35442]]}},{"type":"Feature","id":"610524","properties":{"name":"合阳县","cp":[110.147979,35.237098],"childNum":1},"geometry":{"type":"Polygon","coordinates":["@@BA@E@EBCNMNIHCLCHARCNADAFAFADAB@BA@CBEBCBCDCJELIBABC@AAAEE@A@@BEDCDCFAHCDCZWTGDCHEJCHAJ@D@HAFAHCFAHBJ@FBHDD@B@D@FALCTC`CNAB@@A@EACAE@@@@@@AA@AE@AA@@@AB@FAL@B@@@@B@BAB@B@@@@@@@BB@BBHAF@D@DBDBD@D@D@@A@ABAH@TANAFBJBDBBBBBDF@DB@DBD@DAFBFAN@D@dKXIGEQMIKECEKEEKKGEGGIQIOKcIQ©IeMkWAKOeG]G_G]ISS[WYYWMSI`@D@BABEBYD_ByBABGDKDE@KFC@E@GBCBAB@BAD@L@DAD@DAFADCBEBCBCDABAFAF@DA@CBO@G@CBCBGBC@E@C@C@G@E@@@ACBE@AA@AAA@A@CCAAAA@AA@C@M@Q@M@@BABABS@S@A@AB@D@HADABCBGFEFAFABA@A@GEC@A@ADCBCBA@ABCDCHADAD@F@D@DA@CBIBC@CAEBE@@@A@CAG@K@I@ABAB@BCBA@CB@@ADAB@BABCBCBEBEBC@CBABABAD@B@@FFHFJJFBDBFBFBD@JBB@DAB@@@B@@@BB@D@@@B@@B@B@DAD@@@B@D@@@@@BBBDBB@B@@ADAD@@BB@@B@B@B@DB@@B@@@AB@@A@CD@@@@@BB@FFBDBBBB@@BBHBFBB@@@@B@@ABABCD@@@BBBB@HBD@BBBDBF@D@B@BA@A@C@EAA@ABA@AB@B@FAD@D@BBD@BABABABABABADAFAJ@B@@BDHH@@@B@@A@A@E@A@@BA@BB@BBB@BA@ABCBC@GCC@A@C@A@EDAB@@ABB@@BDDDDNNBDB@DBDBFBFDDD@B@B@DBD@D@B@@ABCBED@B@@@BBBFDJDBBBBBB@BABADADABC@MBC@C@CAE@CA@@A@@B@DA@@BABCBA@@B@B@@@BCDADADGHADADEDCJ@HBHABAB@@@F@DGD@DEFCD@JB@HBDDBN@H@H@F@DBBFD@DLNDHFD@DCJEJADABEBA@DDDB@BAJFLANAHDHBD@BB@@B@B@F@BBDDBBDBB@D@D@B@BAB@D@B@@BDFNBBB@D@D@BBDFBBB@B@FADAB@B@BBLJBBB@B@BADAB@DBFBDBDDFJBDDBB@B@FEFEBE@CAGCC@@@CDCFCDGDCD@D@F@B@DDDFLJRTBFB@P@JBB@BBDHJJ"],"encodeOffsets":[[112769,36286]]}},{"type":"Feature","id":"610522","properties":{"name":"潼关县","cp":[110.24726,34.544515],"childNum":1},"geometry":{"type":"Polygon","coordinates":["@@NGVCvCf@XCbIGSAA@CGWGK@C@AHCLCVAP@HBFDDB@@BA@G@C@CEAGASGSKA@@@A@C@CC@AAA@C@ACACACCACCIAA@E@A@A@@AA@A@@@@@@@@@@@A@@@@@@@@@@@@@A@@@@@@@@@@@@@A@@@@@@@@@A@@B@@@@A@A@@@@B@@@@@@AB@@@@A@@@@@@@@@A@@@@@@@@@@@A@@@@@@@@@A@@@A@@B@@@@A@@@@@@@@@@@A@@@@@@@@@@@@@@@A@@@@@@@AB@@@@@@@@@@@A@@A@@@@B@@@@@@A@@@@@@@@@@@A@@@@@@B@@A@@@@@@@@@@@@@A@@@@B@@@A@@A@@@@B@@A@@@@AA@@@@@@@AB@@@@@@A@@@@@@@@@@BA@@@@@@@@@AB@@@B@BA@@@@@@B@@@@@@@@A@@@@@@@@@@@@@@B@@@@@@@B@@@@A@@@@@@@@B@@@@A@@@@@@@@@@@AB@@@@@@@@@@@@@B@@@@@@@@@@@@@@@AA@@@@@@@@@@B@@@@@@@@@@@B@@@@@@A@@@@@@@@@@@A@@@@@@@@@@@@@@A@@@@@@A@@@@@@@@@@@@@@@@@AB@@@@@@@@@@@@@@@@@@@@A@@@@@@@@@@B@@@@@@A@@@@@@@@@@@@@A@@@@@@@@@@@@@@@@@A@@B@@A@@@@@@@@@@@@@@B@BA@@@@@@B@@A@@@@@@@@@@@@@A@@@@@@@@@@B@@@@@@@@@@@@A@@@@@@@@@@@ABA@@@@@@@A@@B@@A@@@@@@@@@AB@@@@@B@@@@A@@@@B@@@@@@@BA@@@@@@@@B@@@@@@@@@@@@@BAB@@@@@@A@@@A@@@@@@@@@A@@@@@@@@@A@A@@@@@@@@@A@@@@@@@@@@@@@A@@@@B@@A@@B@@A@@@@@@@@@@@A@@@@@@@@@@@@@@@A@@@@@@@@@@@@@A@@@@@@@@@@@@@@@A@@@@@@B@@@@@@@@@@@B@@@@@B@@@@@@@@@@AB@@@@@@@@@@@@@@A@@@@@@@@@@@@@A@@B@@@@@@@AA@@@@@@@@B@@@@A@@@@B@@@BA@@@@@@@@@@BA@@@@@@@@@A@@@@@@@@@@A@@@@A@@@@@@@@@@@A@@@@A@@@@@@A@@@@@@@@@A@@@@@@@A@@@@@@@@@A@@@@@@@@@@@@@@@@@@@@@A@@@@B@@@@@@@@@@@@@@@@@B@@A@@@@@@@@@@@@@@@@@A@@@@@@@@A@@@@@@@A@@@@@@@@@B@@@@@@A@@@@@@@@B@@@@@@@@@@@@A@@B@@@@@@@@A@@@@@@A@@A@@@@@@B@@AB@@@@AB@@@@@@@@@BA@@@@B@@@B@@A@@@@B@@@@@@@@A@AA@@A@A@CBCHCVKNGCAKCI@C@GBMBIBE@G@E@CCGCCGIEAACBE@I@E@MAE@C@C@ABCAA@CAE@G@GCC@GBE@CBCDCB@@A@CCECGCCAA@A@A@E@A@CAEBE@IAGAA@AB@@C@CBCBA@EFKHKDEBMFA@C@GAE@EBE@C@CBC@GDGDCBABCBA@C@AAG@CA@@CBC@OBC@IDIFGDABA@ABBB@BABA@GBG@ABCB@BA@BBBBBBDDBBBB@B@D@B@BBB@@FBD@BBDBB@BBBDBBBDBBBBBDBBBDBBBBFBBBB@BB@B@D@BABCDKHCDAB@BBDBHDVFLBDBBDH@DBDBBDBBDHFDDBB@BBBAD@FAH@NBJ@N@J@FAD@DCBGHCFCFEHAFCHAD@B@DBFBHDBBDDBDDDDBB@B@B@BA@ABEBC@ABA@@B@B@@@@@BAD@PBLDKDCD@H@NHJDB@HARQHEDAJBNBF@RGB@B@J@N@LAH@F@HJ"],"encodeOffsets":[[112936,35446]]}},{"type":"Feature","id":"610523","properties":{"name":"大荔县","cp":[109.943123,34.795011],"childNum":1},"geometry":{"type":"Polygon","coordinates":["@@ISEIECIEIACCAECKAIBCDCBC@EACCGCGAE@G@G@CLEDE@EAKM]coGqFSR[TYJYFU@_KgMYEUCYFSN]P_TYTQTKGIE@G@KBM@I@A@A@QHE@MAIACBGFQRGBA@ICMGG@C@CDCLIPEFEBKBI@aAG@C@EDCFEHOXQNGDE@EAAA@@AGDYBGAAAAA@ABABIXA@CBACE]AACAG@SDC@GCUOICGAG@G@EDKLGHEBG@CAEEOYCACAEB[LULEBGAQIQGG@EBUPMJGBSAKC@A@A@CJENGDA@C@CIMGGECSAgACAACEaCCAAI@CBCFCNIVGJGFEDK@IAGCCEC_@CEAG@E@GHY\\ONEBC@CCBCFY@CAACAE@C@AB@FANADGDMBUAGACC@C@KH[@ACCYCq[CBA@IZABCBDZBT@NCPBN@D@BBBFD@BBDAHAL@FAT@DBH@BHFJDDB@DBHFVFVNnZ PbHVFFHFFBDD@FAJARBHFN@DADCBODC@C@CAKSAAA@AB@@@XAB@BGAIGC@GAE@CDEDCD@BBBFFBB@BABC@EBC@@B@BADBH@BABCDCBA@@BBBHJJPBBF@RFB@H@B@B@@BBH@BJJB@JBD@B@BBDDDHBDBBD@BBH@ZCHAB@BBBB@B@BCDEHA@@BDDBBF@PGD@B@BB@@DP@@BBDAHAB@B@@@BBB@D@LGB@B@@@@@@BELAD@BBB@BDDDBB@FAXED@DBFBD@B@BABEBGBCBCF@HAHC@@J@BBBBBB@BB@F@D@HBFBNDHBFBBDBBBHBDB@BBD@F@F@D@BBJAD@DAB@FBD@B@PEJCD@F@DBDBB@DBN@F@FBHBLDTDRD@V@NBBDDDDFHFDFDJLHFJHF@FBH@JDDBFDDBHAB@D@DBFDBBB@LADAF@HBPDFBBBBBAHALATN@R@N@D@B@@BBBBBDDB@B@BBB@@BAFBD@@F@H@D@D@F@D@HADADAH@P@DAB@@CBEBEBADCDAFADABCBE@CBC@C@KBC@ABADAHAF@D@LEF@LCHCBAzA`AZCFABA@A@CJ_"],"encodeOffsets":[[112927,35797]]}},{"type":"Feature","id":"610525","properties":{"name":"澄城县","cp":[109.937609,35.184],"childNum":1},"geometry":{"type":"Polygon","coordinates":["@@AAEMAC@@@A@CBA@A@A@C@CAAACCAAC@A@E@A@AA@@AACCGBGBMEKBI@ACACCB@FABABCFIDI@CECCGKM@CECAA@C@E@G@GAMCCGAA@@IDCFE@CHC@C@E@@BABAAG@GDIFCBCBCHGBCBCDC@A@@@A@AB@DABA@AB@@C@AB@@@DBF@DBD@D@NAD@BABCBCBA@AAAAAAAICECAA@A@@@AFCDABA@@@A@CAC@C@A@ACCECEACACAA@ACMMCCCC@AA@BA@@BAFCB@D@B@D@HDD@DABAB@@AAA@AAAB@@AB@F@B@B@@@@A@@GGAC@@@ABIBEBCBABABABABA@AAC@A@CBC@E@ABAB@BAB@FBD@B@B@@A@A@CAEACAAC@GAA@AA@A@@DCBABA@@@A@@A@EAGAAA@@AAAAACEEA@@A@@@@DCB@@@BA@@A@@@CAA@A@A@@@AA@@BCBC@@@AAAACAA@@@@C@A@@@C@CBA@A@@@@A@@@CAA@@A@@@A@CBA@IAC@EAEACAEAIIGEEE@@@ABCBABADAD@FAFADADABA@ABABC@@DAB@DA@ABABAJ@L@H@DBB@@@F@FADBD@JADAB@@C@C@EBCBCDGDCBAB@DADABCB@D@HFB@B@BABEFEHEDABABC@G@CBAB@T@T@BABA@ABSBKBGAAAAEAOCGAE@CBKBA@AAECCAC@A@GBCAECCAICG@EAE@IGGEIKECECEGCCCCAA@M@UQCSCKCGAEAE@M@CAA@CACAE@C@IDOFA@C@EAA@CBC@IBAAC@E@E@C@AACFABEDEFMJCD@B@BBBBL@L@F@BBF@D@BABCD@B@BADBB@DBBDBDBFD@@@@@B@@A@A@@BB@@@B@@B@@AD@FBD@@@@@DBD@D@BB@BBJABBD@@DBH@L@D@BABCFCH@D@F@JBH@D@BIFGF@@C@CCGEGCMEECQEK@GAE@CCCEGEGCGAGACBA@GH@BBBBBFF@B@D@F@BDD@@@DADBBBD@BADCDADADBD@BHFLDPFJHJJJNDLDDBBTHFBBDBB@FBJ@DADABC@E@S@E@ICOECAEGAGAG@C@AACAAC@EA@@A@@H@BABCDABAB@B@BBDBD@D@B@BEDOJABAB@BBH@F@BCFIHAB@B@D@DBDBDBBAB@BCBED@@AD@H@BA@A@E@C@ABE@AB@@A@@AAAA@A@A@A@ABA@A@A@C@A@ABCDA@GDGDEDADCFCD@@A@@@@BA@EBE@S@GBAB@@AB@B@DB@BBD@FABAB@BB@@AHAD@@C@MAA@AB@@@D@L@BABCDIDEBADAB@BBT@F@BCDCDAB@HAH@BCBCBI@G@C@ABAB@D@DFJ@BAF@@MDSHEDCJ@FBBBFFJ@B@@ABA@A@AAGCGCA@@@AB@D@H@B@BDDFDBDBB@@@B@@@B@B@B@BBB@@B@D@BB@@BB@DBD@D@B@B@@@B@BAB@B@@BBBBBB@@@@AB@B@B@@@@DBB@@BBB@JBB@@BB@@BF@DBB@@@B@B@BBD@BBBFFBF@BD@DBD@B@DBJHFDB@B@@B@B@B@B@D@BBDBD@B@B@B@BB@BBDFBB@@@B@@@BBD@@@B@B@@@BBB@BBBBB@B@DAB@@DNDHBHDH@F@JABABCBCDCFAB@FEHFDJHHDD@NBJ@D@DBDBFBL@XDLDJ@H@LBFBDABADIDKBCB@D@DBHDHBF@FAHEFCFGDAB@BBDBFDHFHFFDHBD@B@BABCJEBA@CACAC@ABCDALGLCFAD@DBD@FDHBF@FAD@FCBABBB@@B@B@F@@BBB@HIDAD@D@BBHNBB@@BADENENAH@J@HAF@DCDAD@B@B@@BAV@DBBLJB@DBBB@B@B@B@BBBBB@@DAVSDABEFQ@EBA"],"encodeOffsets":[[112656,36260]]}},{"type":"Feature","id":"610526","properties":{"name":"蒲城县","cp":[109.589653,34.956034],"childNum":1},"geometry":{"type":"Polygon","coordinates":["@@B@BBDB@@D@JAD@D@FBBBFDHFDDD@DBDBB@D@F@DAB@B@DBBBDFDFBB@@B@DCFC@@@A@@@AB@DBF@F@H@FAJ@F@F@D@F@B@F@HBFBD@HBJAB@BAFEDCDAF@FAFBH@@@B@@ACECE@CACBEDCDEFAF@F@FBDBNJ@@BA@@@A@A@@BCBADEDE@CBCDABCBC@AB@@@D@D@FB@@@B@@@F@BBBD@BB@@@B@F@@@@@@@D@BBDDDBDDDBDBDB@DBB@D@DADCBAFKBA@@B@B@NHHDDFBBB@@ADC@AB@BAB@FBD@FBD@B@BADADCDAB@D@D@B@DADCBA@AAA@E@AAACCIGCCA@@C@E@G@EBABCBAB@DAB@B@BABCBCDCBAB@D@D@B@B@@A@G@ABABAD@D@B@B@BBBDDBF@F@DABABA@E@A@AA@CAI@GA@@AA@K@EBG@AB@@AB@BBBAB@B@@CBC@AB@BAB@JBF@BBJAF@B@@@@B@B@H@DBBB@BBD@@@B@@@@F@B@BDBFJDHDJJNDF@BBBB@BBB@B@BB@BAJCTAJ@@BBD@B@@@BBA@ANAD@B@DBD@D@BA@@@A@CAE@A@A@CBCBADAD@B@@@B@@BBB@D@DBB@@B@@@DBB@@@@DB@@@@@@@@ABAD@B@@BBDB@@@@FFFFBB@B@DF@FAB@@A@@B@@@DCDEBCFCHCHCB@DCBAB@D@B@B@B@BAB@B@B@B@BB@BB@@@BAF@BAD@F@B@B@@A@GBC@@FCDA@ABAAAACAC@C@C@ABAJGDE@A@EAG@ABABAPIFC@A@A@CACAC@A@ABABADCBA@A@GB@@@FBD@BBBD@B@DBHBHFHDBPFJDF@T@F@D@BABC@CAI@EAAACEASGAACCCKIMIIIGOEKCGE@AACBCBCDCBC@AACAABC@C@@CC@A@E@C@AEEAAAA@AHGB@DAHBHBHDHFDFDDF@HBL@RFFDNFHDHFDDD@@@HEJE@A@CAG@I@E@CDGDEBA@A@C@KAG@CC@AAIBAAA@@A@CAC@C@@@@AC@EBC@@@AA@@@A@@AB@B@@@@A@@@@ECCACAAA@CAABC@A@ADCBA@A@CAE@A@E@KAKAA@A@ADCNIFEFCBADEA@ACAGAAACEAGAMCEAGAC@E@A@@AAAAAAAI@@@GDGBE@ADADAHAFABA@C@EACAC@WFEBA@CACC@AAA@ABCFK@A@@@@A@A@KHC@A@AA@@A@A@GBCBAA@@CO@@AAA@C@OHE@AACC@AB@FGDC@A@AAAAAA@GBYDG@AAC@AAACCGCCAAA@C@IAA@II@AAG@AA@A@G@A@QEE@AAIOGIAA@AB@DADCBA@AAGBC@A@AD@FAD@BA@AAAEEAA@ADCFCDCF@HBD@JHHB@ABA@W@@BAB@BBLTDBD@D@PCDABC@CEMAGBQBI@ECCEAGEEEGU_AEACAECEGIGEAE@GAI@MBKBEBGDE@E@E@A@C@CCEAEAMAABIBEDCDCJA@ABC@C@QEWISKMGKEACACAA@C@GBE@AECC@IAQ@E@EBKHMFEDCBIHGDEDCBCDCDABADA@@BE@A@CB@@A@C@EACBCBCBADABC@CBGAI@I@E@IFCBCDEDGFKDC@A@CACCCEECECMAICCECAACAAAAO@C@ACCACAO@mECPADCD@@@@@@EFCFABAF@DB@@BFBDBBBBB@D@D@DCFAJABABABADADCR@HCFABE@E@WCG@CBMNGDIDGHAFCLALBJBJDFFFBDBB@D@DADA@CBE@ABAB@DBBB@DBB@@DBBB@J@FBB@DB@BBF@BB@BBFABB@@BB@@AFB@@@B@H@F@F@B@BDBD@D@B@DAB@FB@B@FBBBB@BD@B@BAD@BCDCDAB@B@@BBBBB@DB@BBB@BABBB@BBBBBB@D@B@HAD@DBB@@BB@@BADCFEF@B@B@BDBBBD@F@RDNBH@FDDBFDHDFBDBBB@FAHAF@DBD@@@B@BABABCHAB@FADCHAD@B@BDD@BBB@BBF@F@DADADBB@B@FAJAHADABEFENEFAD@B@BDF@F@DBFAB@DB@BDDHBFBF@BRFBDBD@FE\\@FBD@HBNDL@FELCD@BBDDFBB@DBF"],"encodeOffsets":[[112072,35993]]}},{"type":"Feature","id":"610527","properties":{"name":"白水县","cp":[109.594309,35.177291],"childNum":1},"geometry":{"type":"Polygon","coordinates":["@@FG@EBADEDCDABABA@I@ECGAGCGCM@@BA@C@AAAAA@AAA@A@@@A@A@@AC@A@@@A@@AACEAAA@@A@A@A@AACAC@A@C@A@A@A@AA@A@ECIGCAA@C@CAC@@AAEEEAA@AAC@A@A@A@@AA@CAE@@AA@@AA@IAA@AA@CA@@@@@A@ABA@@@@AAAAAA@@@ABA@A@A@@@A@A@CAC@CAA@@AAC@A@@@AA@A@A@A@A@@@A@@AAACECCC@A@A@G@CBA@@B@HDHDBBB@B@BA@@@AEIAEAA@EDIFCTGNC@@BE@AEI@C@CBABAD@H@J@DADA@ABG@GBADCDC@A@EAS@ABABCFAJCDCBA@A@K@C@@BAB@NBD@@@BCBG@@AAA@ABEBC@AAA@@C@ABA@@BAHAT@@C@AAAEEEE@@@@CAAA@@@ABCBA@@@@@@@@CA@@@@AA@C@@@AA@CAC@A@AA@@@A@@@ABCBCDADAB@B@F@DBB@@@B@@A@CAC@C@ABCBMB@AA@@A@C@AA@@BIDSBI@AAAA@A@AAA@AA@ACEIMCICGEICA@A@A@E@@A@@@C@AAA@AA@C@G@A@A@@A@E@IBAAE@IAA@ABA@@BAD@DA@A@ABAAA@@BA@@BAH@F@LBB@@HBJ@DBB@@B@B@FABABCBE@E@CAACAAA@A@C@C@ABAB@B@H@BA@A@C@C@A@ABCDADADABA@A@CBA@ABADAB@F@H@F@DB@DDJHDDBB@B@FBB@BABCDCBA@C@C@A@CBCDCBABA@C@EAC@EAA@ABA@@BCD@BA@AACEGCMGA@A@@@ABELABCDCBC@A@CAA@ACACCCACCCAC@A@C@@@@@@@E@A@@AAC@AA@A@E@@@A@@EAC@C@@@A@@BADADCBAD@DCFCFABAD@@@B@B@@AB@@MICAEAE@E@EBCFCDAFBD@DDFDF@BA@@@G@EAEBE@CBCDEFABA@IBGAC@EAGAE@A@E@C@E@E@I@EBG@E@E@CAA@@B@@@B@@EDCDA@@@AACECEAACAA@A@CBE@C@A@CACAC@CCGEECAAEAC@C@IBC@@@CAAAA@A@C@C@CBCBABAB@BHP@BABGHCBE@CAQEKGICEACBGBC@C@A@GAGCC@A@A@EHEDC@EBG@C@A@CBEH@FAFCDGDADAFADCDEFA@C@E@A@@@CDAHADCBA@C@K@C@ABA@CRABABGHCDADAHAT@JCPADABGFI@Q@ABAB@D@F@BD@NAB@FBJHHHLHLFFBHBT@DBFBFDLDNBBBDBBBB@DBD@F@BAD@BB@@DHBJBBBBDBNBB@@D@B@BAHAD@FBFDDFFFBF@DB@BBBAH@BBBBBB@HCLGHAD@FBHFHFLNFBNFHFB@B@@@DABEB@B@B@DBDDDDD@D@H@F@D@FCFCB@D@DBDBHDFDLLBD@BADBF@@BBB@@@D@BAD@H@@@BD@D@B@BA@EDADAD@DAB@D@BBBBBFFD@B@BBBBDB@B@B@BABGDADAD@BBD@BB@@@B@BCB@B@B@BDBB@B@BABADA@@BBBBB@B@@@BAD@BBB@@@BJF@@@FBF@DB@F@DAB@B@BBBBBFDHDDFDDDDBFDBBDBB@D@DAD@D@B@B@D@D@BAB@@BBBFDB@BBBDB@@@B@@CBEBCBAB@B@B@BBBDBBB@B@DAHCD@H@HBD@FBF@FAL@FAJAVIPILEVINANAJAXQRER@RBLDFDRRHFDB"],"encodeOffsets":[[112373,36277]]}},{"type":"Feature","id":"610581","properties":{"name":"韩城市","cp":[110.452391,35.475238],"childNum":1},"geometry":{"type":"Polygon","coordinates":["@@@MDO@C@I@ECEAE@CBEFGBCBE@CBAB@DAFCDCBE@CAY@CBCDCDANA@@BA@ADQDKBM@GICAIECCAC[}YoQ]CGEKGSQyE[EOGMKMKG]IGEKkÉEUGOGGMKWJcLC@M@EBEACBC@CAA@@CCEAAAACAIAEAMBSBG@AB@B@BC@C@C@CACAC@E@GBAAA@@A@@@@@@@ABA@A@A@@A@K@EBA@@B@@BBF@@BBB@@@@@@BFBD@F@BA@MB_DSDKDEBC@A@C@GCEAI@GAEBGDEBGBC@I@GBIDGFCDSHYXCDGDEBCDCDAF@@@BFFBB@BADABKJIFCDADADAF@DABA@CBEBEBCBMBQDGBKDGDMJMNAD@F@FABFFHF@BBDAJ@DBB@BB@DBDFB@D@FBFAD@D@LBHBNDJFLFFBDBBBDDBDDDBB@@B@HDFBFDFDDB@DBHBHBBDBBBBB@JB@BBFBJBHBDBDF@@@LA^KZAFFBJ@xOVAL@@@BJFJ@BAD@DAB@FAD@B@BBBFBDBBBBD@@@BA@ABABEDCBEBKBEBGDCBGFCF@D@DFLFH@BABED@D@DADCDKFEBGBEDCDCDCBADAB@B@BBDBFBD@@@B@@ABGBC@A@A@A@ABA@CBCBC@A@AB@BABA@ABCBCBAB@B@DABCBCFEDABIBIBC@EAE@C@C@CBIDIFABABA@A@C@CBA@A@AAA@@BGBGFGDGFA@AB@B@B@B@D@B@@FDDBF@BBD@@@BB@BBBDDBFDDBBD@BBDBDDBBBHBDBBDDD@FBDBDAB@DBB@DBBBD@LDJ@J@FBF@F@J@F@DBD@DBB@DBBBB@B@DADCDCDAB@F@F@J@FAF@FALCD@F@DBDBB@B@D@DAH@D@FADBB@FDBD@BBBBBBBDBDBBB@FBFBDB@FBHBDB@@BDBB@@DBHBFBB@DDBBBFJNBBB@BABAF@X@N@D@HBDBFDFBDBB@@D@FBBDD@@BDBH@BBDDBHJDDBBBDBBDBFDBBDBHDDBBB@B@HBDBBBFFDFFF@FBD@H@F@FBD@DBDFJDFDHBJBNAJ@F@DBD@BDHDDBFBJ@FBBBFBLJJHNLDBLBJ@HBJDFDFBFBJ@L@@A@G@CBI@GDEFGJEFCHMFMBI@O@CCEGGAG@EBEJIHMDE@G@S@E@GBIBI"],"encodeOffsets":[[113232,36595]]}},{"type":"Feature","id":"610582","properties":{"name":"华阴市","cp":[110.08952,34.565359],"childNum":1},"geometry":{"type":"Polygon","coordinates":["@@AK@OBC@A@@@@@A@AB@BAD@FABAB@@A@A@AAACCCCCAACCAAGAE@C@ABCDGBEFGDEDEHGDA@CBC@E@I@MAI@MBG@EBCAA@AAACCGEACCAAAAC@CCGAAACEKCUAGAC@ABADCLGDCBA@A@C@AAAA@AAEAAAAAACAAACAAAAACAAACAAA@CAAAC@EA@@AA@A@A@C@AAAAACCAAAAAAABABC@E@IAKBC@C@CAGEAAC@C@QDEBG@E@C@C@C@C@EAIGKGCAA@C@C@EAMKC@C@KBG@AAA@@AAEBEAKAG@AA@EACAEACCEIEIEEAAC@C@C@EBC@C@C@CCCACACAEACCECI@CAA@A@AAA@C@EBCBCDEFA@GBA@A@A@A@@@@BABADABA@EDA@ABC@KCKCCAI@GBEAG@EBG@IAE@CDAB@D@HCJABBFTJDHBBNBDB@DAFFJNLFBBBAD@FABAB@D@B@@@@A@A@@@A@@B@B@BFBDBFAB@D@FBB@@BJDDDBD@B@D@BAB@BE@EBA@AB@@ADCDA@A@A@A@ABABCBCBE@CAGAG@AAECIEC@E@C@ABADEHADCDGFADAF@H@DCJ@D@FAFABBB@D@BAJAD@BBB@D@JAL@FBDDH@D@FAFE\\AJ@DBBFBHFBDEVEJ@FDLAJ@H@DDDPZTBFDHHJN@D@DCBMHIF@D@B@BLDTBHANIVOFAH@RHRJHBFAVK\\KFADBDBPZFFDBH@FAHGLKFCH@H@HBJDVPHDD@TCH@DBBBF^BDDAB@JWBABAB@BBBBAHCZBH@@BBFBF@HCRMPWFGDEFCD@H@bBJ@LAFAFEJO"],"encodeOffsets":[[112839,35460]]}},{"type":"Feature","id":"610528","properties":{"name":"富平县","cp":[109.187174,34.746679],"childNum":1},"geometry":{"type":"Polygon","coordinates":["@@@CBAAE@C@ECE@A@ABCFEFMFEBABCBGBI@E@AAABCBC@C@EAE@AAA@ACC@A@ABCDGBC@EBADGBABA@A@A@@AC@CBEBG@EAACAEAGCECCAECG@MAQCE@C@AACA@A@A@AFEDEBC@AA@@AA@CAC@GBA@C@A@AAAA@AAABA@AAA@ACAA@AAAA@@@ABADCDC@ABC@A@AACA@AAEAA@A@@EBA@C@A@CACACA@E@E@G@A@@@A@BE@@AA@@AAEBAAA@@AAE@ACAA@EAI@A@AA@CA@CAA@AA@CBABAF@DAB@BC@C@CAAACEECEAIAIBKDKBEHGJCHCNMDAH@XDF@F@BADE@GDQBCBCBABABABIDE@C@C@CAAAACAEA@AA@@CBEBADEFE@@@@@@DCBCDOD]@A@C@ABA@A@AAA@@A@@@A@AAA@AAA@AAC@AAA@A@@@CBC@C@C@E@C@EAGAC@C@A@C@A@EBC@ABA@@AA@AAA@@CAA@AAA@A@C@AAC@A@C@C@C@C@AACCCAACA@@C@AAAA@A@AAC@AAAAA@AA@AAAAA@CACAA@CAGAA@A@CAC@EAC@C@A@C@C@E@C@A@CAA@AAAAAA@AAAA@A@C@A@A@A@A@E@A@A@A@A@A@A@@B@@AB@DAD@BAB@BABA@C@A@A@C@A@A@AAAAAACAC@A@A@A@C@@BCB@BC@AB@BA@A@@@EAAAAAAEAE@@CCAAA@A@CBA@ABEDABE@@@A@A@CAA@A@A@A@A@A@@BA@@BA@@@C@@@A@@@AAA@A@A@@@A@@@AB@@AB@@@DAB@B@@AB@@A@A@A@A@A@A@G@EAK@C@C@ABC@CAA@AACAAAAAAA@AAD@B@@BBDDDDBB@DCDABEBC@M@W@EAA@AAAA@@CAI@E@EAIDEBEBC@C@AAEACAK@MAG@E@EBEFCHAFCDCDE@CBC@CACCAACEAEAE@CAEACGEECCCGECAAAABEJGHIHGFABAB@BBDDD@DAV@F@F@BB@BBHBD@DBBBBBBF@HBHAB@D@BBBBB@B@BA@AD@B@B@DAD@DCHCDGFEFA@CBED@@A@@@AB@@@BA@A@@BABAB@@A@C@A@@@A@@B@@@B@BAB@BABCHA@@BA@@@A@@BABCBAD@@@DABA@AB@@@@BB@B@B@@A@A@@@A@@@@DAB@BA@ABC@A@@B@B@BADA@ADCBCFCBCBC@E@C@C@BNBDDJAPCNCFGJAVAXBBFHBBVHF@F@J@D@F@B@DBDBH@FAH@FBJDFBFDDBBDDBB@N@HAFAB@BCBC@CBAD@BADEBAD@B@BBBB@BADAD@FBDBFBBAD@B@D@BDBBBD@DADAHBFBFBFDJFBBD@D@BBBB@BABEDEB@B@BBBLFDB@B@BABEDGHAFAFCLAH@FBBB@DAD@B@FBHDFFFFBF@BBBDBH@D@DCB@D@D@DDHBBBJJBHDFFBFDFDB@B@LGFCNAFAD@BB@@AB@B@B@B@@F@FB@BBFDHBDBDHBDABAB@JADBLHF@B@FAL@D@@BFFBB@BGHIJ@@@@ABFDHFCTFFJDBD@F@DFFF@LAD@DBLFJDFBB@LE@@@CB@@@FBBBB@@DAFBFBDDDBFBFHFJNDFHFBBBB@D@DCFCDEBADCD@BBBBBD@D@HAHAFCHEDE@A@I@ABABBFBFBVDJBL@NBJ@D@FDJDNDBBBBBBB@D@DADAB@B@D@D@BAFE@@B@@@DDDDBBF@F@FAFADAD@DCBADAFAD@D@B@BABGBC@@@ADIBIBCBAD@FANC"],"encodeOffsets":[[112054,35911]]}}],"UTF8Encoding":true}