{"type":"FeatureCollection","features":[{"type":"Feature","id":"620105","properties":{"name":"安宁区","cp":[103.724038,36.10329],"childNum":1},"geometry":{"type":"Polygon","coordinates":["@@@@@AA@@CAAAE@A@@@A@@BA@A@@BC@ABAB@BABCBABC@ABA@A@CAA@A@@@A@@B@A@@@@AA@@@@@A@@@@A@@@@@A@@@@@A@@@A@AAA@AAA@A@AAAA@@@@A@@@@@@A@AACDCDCDCBC@G@I@E@I@K@I@C@ABEDEDCBCBCBE@ABAAC@ACCECEAACAC@C@CBEBGBIDGBEFCFIHGFEDEFGDCDEFCJ@FCDIFOHGDEBCBEBEBGBIDG@E@E@E@ICGCGACCCCEC@A@@A@ABCBA@A@EDABA@ABA@A@@@A@@B@BABADA@@B@@B@BDBBB@@DBB@B@@B@@@@@@B@@@@@@@@@@AB@@@@@@BBB@@BB@@@@B@@@@@@@B@@@@B@@B@@@@@B@B@@@@@B@@A@@B@@@B@@@B@BAB@@A@AB@@@B@@@B@B@@BD@BB@@@B@@@FDB@BBBBBBB@BBB@B@@AB@@@B@@BB@@@@@@BB@@@BBBB@@@BBB@@@BB@BBB@D@DAB@BABA@ABAAA@@@@AA@@AA@@AA@@@@@@B@B@@AB@B@@ABA@@B@B@@@@@B@BA@@B@FCD@BABA@@BA@@B@B@@AB@D@B@BBBAB@B@DAB@B@BAD@B@@@@@BAB@BAB@@@B@@@BB@@B@D@DAB@B@DBB@B@BA@ADABCBADCBA@CBABAD@BBD@BDDBFBH@D@DAF@DABABAAE@C@ABABA@AB@D@B@BB@@@BDDBBHBFBD@FCBAPIDCDCBCBCB@D@FANCJCH@F@JBH@H@F@JDD@BCDCHCBA"],"encodeOffsets":[[106274,36987]]}},{"type":"Feature","id":"620103","properties":{"name":"七里河区","cp":[103.784326,36.06673],"childNum":1},"geometry":{"type":"Polygon","coordinates":["@@@@@@B@@@@@B@@@@@@@BB@@@@BB@@@BB@@B@BB@@B@@@B@@@B@@@@@@BB@@@@@@BB@@@B@@@@@@@B@@@@@@AB@@@@@BA@@@@@@@A@@@@@@BA@@@@B@@@B@B@B@@@BBB@B@@@B@B@@@@BB@@B@@@@B@B@@BB@@BBB@BB@@B@BBBDBB@B@D@DBD@D@H@D@B@BAB@D@@@@@@@@@@@@BBB@@@@A@@@B@@@@B@@@@@DBB@@@BB@@B@@BB@@@@B@B@@B@@@@@@@@@@@@@B@@@@@@@@@@@@B@@@@@@@@@@@@@@@@@@@@@@@B@@@@CBA@GBEBA@@BA@ADA@A@@BA@@@@@AB@@@@B@@@@@@B@@@@B@@@BB@@@@@BB@@@@B@@@@@@@@@B@@@@@@@B@@@@@@@B@@@@@@@@@B@@@@@@@B@@@@@@@B@@@@@@@@@@@B@@@B@@@@BBB@B@B@@@@B@B@@@BAB@@BBB@@B@@@@@B@B@@@B@@@@@BB@FD@@@@@@@B@@@@@B@B@@BB@@@B@@E@GBE@C@A@AB@@CBABCB@BA@@@@@@@BBDD@@@B@B@B@BB@@@@@BB@@@@@B@B@B@@BB@@@@@D@@@B@@AB@@@@BB@BBBFCHEJGDEFEHAJCHAFADAD@D@DBBBDFDFBDD@BBBAF@DADADAFCFCBAD@J@L@J@F@J@H@D@DADCDCDCFCB@FCFAHCNEJE@@BAF@AA@A@AAA@@@@BA@A@@@AAA@A@C@A@A@A@A@A@A@AA@AA@@@@BA@AB@DAB@DAD@BA@ABA@C@ABA@ABA@@BC@AB@BABA@@BAB@DAB@BABAB@@ABAB@@ABABC@@@A@@B@@@B@@A@A@A@@@ABA@@@A@A@@@@B@B@BA@@B@@@B@@@@@@A@@A@A@AA@@AA@@@@@AA@@@BA@@@@B@B@@@@@B@B@@@@@B@B@B@B@@@@A@@@@@@A@@@A@@@@AA@@@@A@@B@@@B@@@@@@@@@@@@AA@@@@@A@@A@A@@BCBAD@DABA@A@CBCBCBABABAF@BABABA@AAC@@@A@ADAD@BADADA@A@AA@AAA@BA@AD@HCB@BAB@BABA@A@@@CAEBG@CBCAE@C@CBCPIFCBCBCDEBCF@D@FCDCBADADADE@CEEGOAGAE@KFENcBQACCECCA@CA@@A@C@EBEBCBC@E@C@EBC@IBIBEBGBCFEDCFEDC@E@C@ECCECGAGCI@I@KAA@BABKDIB@@CBC@A@C@QAE@EAEEC@A@@BBH@DCDAD@@A@A@KCCCGEABABAB@D@HBL@HAD@@CD@D@H@HDHBFBHCHAD@BEBC@C@CCACCCA@EBIBGDGBA@AB@@EDEFCAG@ABCDABCDCBIDC@CACBGB@J@DBDAHKDEDEBAAEEECCACDEBCBCBEA@AEAOAEAACCEECCB@@ADCFEFEFEFCDEBWDQD@H@FCH@@ALADABAFAD@DDDDFFHHHBB@@@@BBB@B@B@@@B@@@B@BB@@@@B@@@@@B@B@@@BB@@@@@@@AB@@@@@@@@AB@@@@A@@@@@@B@@@@@B@@@@@@@@@@@BA@@@@@@@A@@@@B@@A@@@@B@@@@@@A@@@@@@@@@AB@@@@@@AB@@@@@@@B@@@B@@@@@@AB@@@@@@@B@@@@@@@@BB@@@@@@@B@@@B@@@@@@@BB@@@@@@@@@B@@@@@B@@@B@@@@@BB@@@@@@@@@@B@@B@@@@B@@@@@@@BB@@B@@@@@@B@@@@@B@@@@@B@@B@@@@@@@@@BB@@@@@@@@@B@@@@@@@@@B@@@@B@@B@"],"encodeOffsets":[[106154,36845]]}},{"type":"Feature","id":"620123","properties":{"name":"榆中县","cp":[104.114975,35.84443],"childNum":1},"geometry":{"type":"Polygon","coordinates":["@@@A@AB@@AA@@A@AB@@@@A@A@@BA@@A@@A@@@@@A@@@@AA@@@@@@@@@@@@A@@@@A@@@@B@@A@@@AB@@@@A@@@A@@@AA@@AA@@A@A@@AA@C@A@@B@B@@AB@@@B@@@@A@@AA@@@AA@@@@A@ABA@@@@@A@@B@@A@@@@@A@@@A@@AA@@@@AA@@@@BA@@@@@@B@@A@@@@@A@@BAAA@@@A@@A@@@@@AA@@@@B@@@BA@@@A@@@@AA@@AA@A@@@@AA@@@@@A@@@@A@@@@@@A@@@@@@@A@@@@@@@A@@@@@A@@@@@A@@@@@@@@@@@A@@@@@@@@@@@A@@A@@A@@@A@AA@@AAA@A@@@@@@@@@@BA@@@@@@@AA@@@@AAAA@@A@A@@@A@@@@@A@@@@@@@@@A@@@@@@B@@A@@@@@A@@@@@A@@@ABC@A@@@A@CB@@A@@@A@@@@@A@@@A@@BA@@@@BA@@@@@A@@@@@@@A@@@@A@@A@@AA@@@@@@@ABA@@@A@@@@A@@A@@A@@@@A@A@@@A@@A@@A@C@A@A@EBA@@@A@ABA@@@@B@@AB@BA@@@@@@BA@@@A@@@@@@@A@@@A@@@@@@BA@@@@B@@A@@@@@A@@@A@@B@@@@A@A@@@@@@BA@@@@B@@A@@@@B@@A@@BABABA@@@@@A@@@A@@@@@A@@@@@@@A@@@A@@@A@@@@B@@@@@@A@@BC@@@A@@@@@@@A@@A@@@@A@@@A@@@A@@BA@@@@@@@@@@AA@@@@@@@A@@@@@A@@@@B@@AA@@AB@@A@@@@@@BA@@@@@A@@B@@A@@@@@@B@@@@AB@@A@@@AAA@A@@B@BA@@@@B@@BB@B@B@@@B@@@B@B@BA@@@@BA@A@C@@@C@@@@@AB@@@BA@@BA@@@A@@B@@@@@@@B@@BB@B@@@B@@@B@@ABA@@@A@@@@@A@@@@@@A@@@AA@@@@A@@@AA@@A@@@@@@A@@B@@@@@@@B@@A@@@@@A@@@A@@@@@AB@@@@@BA@@BA@@@A@@@@@AB@A@@AAA@@@A@@@A@AAC@C@@A@@@AAA@@@AA@@@@AAEECCAAA@A@A@@@ACCAA@CAE@@@AA@@A@@A@@A@A@@@AAA@@AACBA@CBAAC@@@A@ABA@ABAB@BA@AB@@ABA@@BCBABABCDEBIBCBADG@CBA@CBA@A@@@AB@@@@@BB@@@@B@BB@@B@B@@@@@B@B@@BB@@@@@DBB@@@B@B@@@BB@@BA@@@@@@B@@@@@@@B@@@B@B@B@@@B@B@BA@@@BB@@@BBB@BAB@BA@@@@BABAD@D@D@B@D@B@B@BBB@B@BA@@@@B@@@@AA@CCGI@A@@@ABE@GCI@@@G@C@CAA@@CCGCCCAAAA@ABC@A@A@AB@BA@@@A@CB@@AB@BABA@ABEBAAA@@AAAAAA@@@@AA@@@@@A@A@A@ABABCBC@AACA@@A@@A@@A@@A@@A@@@AA@@@A@A@@@A@@@@AA@@@@AA@AA@@@@A@C@A@A@AAA@AAA@@AAAA@@@A@AA@@A@@@@@A@@@@@A@@@@@C@@A@@AA@@@EAABC@A@AA@@A@AA@@@@@A@@A@@@@A@@@@A@@@@AA@@@@@@A@@ACA@AA@AAA@ACACAAA@@AA@@@A@A@@@@@AA@@@@A@@A@AB@@@@@@@@A@@B@@@@@@ABA@CBC@ABEBE@AA@A@CAEAIAC@AAAA@AA@@AACAEAC@@@ACAAA@@@A@@@@@A@@@AB@@A@@@AA@@AA@CBABA@A@@@A@ABA@@@A@C@AAA@@@AAA@AA@AA@@AA@@A@C@AACAA@A@@@@@@@A@@@@B@BA@@B@@@@A@@@A@@@A@@@@@A@@@@@@@@@A@@A@@@@@@@@A@@@@BA@@@@@A@@@@@@BA@G@CCCCCCAAAACIBC@CDABCACACACGCCACC@CDABGEEEEA@I@G@EAAAC@@@C@A@AAACBA@ACACAI@EBE@CACBC@CAIACCCAEAEAEBCBAB@@C@ABCD@FA@@B@BA@CFIFEBE@CCCACBIFCBEBE@AEECEAAABA@A@CCABA@@@CA@BA@A@C@@@ED@@ACA@A@AAA@BE@A@AEEIC@A@AACAAA@A@A@A@BG@A@CDA@A@CAE@C@A@AAAACCAAEAEBCAECMAAAAA@@A@A@ABCBE@EACBC@A@CACACCC@CCEEEEEACACAICAABCDE@CACAC@EAAGCCECECACAC@E@GAEAEGCIAE@AEACCCGBABE@CAEA@E@CBC@GEECCIKCCACAC@CBCDCDEBAAECICEBE@GAE@EBEB@FAHBFABADABC@EAAGICACAAAACCCIBC@ECEAACDEBC@CBACCCA@C@CBCBCBCBADI@GBC@ACCCEBC@AECGACCEACCEACCCC@C@EBEBCAEEAACCCEACDE@EBI@EAG@C@CBCDEBEBC@C@EAA@C@KBGBE@E@CD@B@DDBDDBFEBCAC@AAEAIFGFCBC@GAC@CDBD@DDDBDDDBBJDDD@D@BE@EBC@AFCHABADCDADEDADCFCBABAHBDEFEDEDCBC@EGACCAE@ADCDCE@CAAACAAECC@EACCAECGEGACACE@ADEBKHIHGJEDCBCBEACAAAGBCDAFAFEFAH@F@FABGBC@E@C@E@CDGBC@EFAD@DBB@DCDCBEFADAFEDEDGBGBEBC@CBCBADCFGDCDAD@F@DGFAB@DCBEBEBC@G@E@E@C@EBCFEDEHEFCLCDC@C@C@GAG@K@IHGFAFCDGDYFWHGDAHEFGFCDEDCDCBCBCBCBEBE@CBCBADGJEDEDEDEDEBEAACEGEEGEAICE@AA@AB@DBTA@AD@D@D@HBHBFABCDCFAD@DADE@EBAD@D@DDFDF@DEFCDBD@BBD@BBB@L@JDJBHDHDFFDD@F@D@FCDEFCDEHAFAJAJAD@FAD@F@D@DAFAFAD@B@@@DBB@DDDFBDARMdEF@LBFBHHPFF@DCFCBCBABCDEDC@E@ADCFADADEDOJAD@D@DBFAD@DAHBF@D@@BDDD@DBF@HHJFJDJBDJLLF@@AB@@@@@@@BA@@@@B@@@BBB@@@B@@B@@@@@BA@@@@@@@@B@@@@H@@@@@@@@@BB@@@@@B@BB@@@B@B@BAB@@@@@@B@@@B@@@@AB@@@@D@@@@@@@@B@@@@@@@B@B@@@@BBB@@BBB@@B@@BBBB@BBB@@@B@@B@@B@@B@B@@BB@B@BBB@@@@@B@@BB@@B@@B@@@@BB@@@BB@@B@@@@@@BB@B@@BB@@@@@BBBBB@BBB@B@B@@BB@B@@@@@BA@@@@BA@@BA@@@@@@@BB@@@@@@B@@@@@B@@@B@B@@@B@B@BA@@BAB@B@@A@@B@B@@@B@@@BA@@@@@@BA@@@@@A@A@@@@@A@@@ABA@AB@@@@@B@@@BB@@@DBH@@@F@F@B@DAD@DAH@FBH@FD@@B@BBF@JB@@B@@@@@AB@@@@AB@@@@@B@@@BA@BB@@@@@@@B@@@@BB@@@@@@@@@@@@@BA@@@@@@B@@@@@B@@@@@B@@@B@BB@@B@@@BBB@@@B@@@BBB@@AB@@@@AB@BB@@BBD@@@@@B@@A@@B@B@@@B@@@@@BB@BBDDB@@DDB@D@@BB@@A@@B@@A@ABAB@BBAB@@@BBB@BB@@BBB@@BB@D@B@DBB@B@@@@@@BB@@@@@@BB@@@B@@@B@@@@B@@@@@B@@@@@BB@@@@@BA@@@@@@B@@AB@@@B@@@@A@@BA@@@@B@@AB@@@@@@A@@A@@@@@@A@@@@@@@A@@@@@@@@B@@@@@@@B@@@B@D@@@BBB@@@B@@A@@@A@@@A@A@@@@@AA@AAA@@A@@@@@AB@@@@AB@@@@AB@@A@@B@@A@@@@BA@@@@@@@@@@B@@@@@@@@A@@@@B@@@@@D@@@D@@@BB@@B@DBB@BBB@DBBB@@B@@@@@BB@@@@B@B@@@B@@@B@@@BBDB@@BB@@BB@@B@@@B@@@@@@BB@@B@@@@@B@@@B@BB@@B@@BB@@B@B@B@B@@A@@B@@@BABB@@B@BB@@B@@@B@@@BBB@B@@BD@@@B@B@@@@@@@@BB@@@@BBBB@BBB@@AB@@BB@BB@@B@@@@@B@@@B@B@B@@@B@B@@@B@@@@@B@@@BB@@B@@@@BB@@@@@B@@AB@@@B@@A@@@@B@@@B@B@@@@@B@@AB@@A@@@@BA@@B@@@@@B@@@@@@@@@@@BB@@@@@@@@@B@@@@@@@@@@BB@@@@@@@@@@@AB@@@BA@@@@@@B@@@B@B@D@@@@AB@@@@@B@@A@@C@@AA@@A@@@AA@@@B@@A@@@A@A@@@A@@@@@@@@B@@B@@@@@@@B@@B@@@@@@A@@@@@@B@@AB@B@BBB@B@@@B@@@@BB@@@@@@@@@@@@A@@@@@@BCBA@ABAB@@@@@B@@@B@B@B@@@@@@@@@BA@@B@B@B@@@@@BBD@DBBBB@@@B@@@@@B@@@@A@@B@@@@@B@B@B@@@@@@@B@@@AB@@@@AB@@@@@@B@@B@B@BB@@B@B@@@BB@@@@@@B@@@BBB@@BD@@@B@@B@@B@@@@@BA@@B@@@B@B@@B@@B@@@@@B@B@@BB@B@@@B@@@@@@@@@B@A@@B@@@@@@@@@B@B@@@@@B@BA@@@@@@@@@@@@@A@@@@@A@@@@@@@@@@@@@@@@@@@@@@@A@@@@@@@@@@@@@@@@@@@A@@@@@@@@@@@@@A@@@@@A@@@@@@@@@@@@@@@@@A@@@@@@@@@@@@@@@@@@A@@@@@@A@@@@@@@@@@@@@A@@A@@@@A@@@@B@@@@BB@@@BB@@BBB@BBD@BB@@B@@BBB@@@@@@@B@B@@@B@@@BA@@BA@@B@B@@BB@@@BB@@BB@@@@B@@@@B@@B@@B@@@@@@BB@@B@@@@B@@@@@B@BB@@B@@B@@@@@@B@@@@@@B@@@@@@@B@@@@@@@@@@B@@@@@B@@AB@B@B@DA@@B@@@B@@@@@BB@@@@@@BB@@@@B@@B@@B@@@BBBB@@BB@@@@@BB@@@@@BB@@@BB@AB@@@@@@B@@BB@@@@@BB@B@@@@@@@@B@@B@@@@@@@@@B@@B@@@@@@@B@@B@@@@B@@@@B@@@@@@@@@@BB@@@@@@@@B@@@@@@@@@@@@@@@B@@B@@@@@@B@@@@AB@@ABA@@@AB@@@BA@@@@BA@@@@@@BA@@@@@@B@@@@B@@@B@@B@@BB@@@@B@B@B@B@B@@@B@B@@@BB@@B@@BB@@@@@BB@@B@@@B@@@B@B@@B@@@@B@@@B@@@@BB@@B@@BB@@@@BB@BB@B@@BB@BB@@B@BAB@B@BAB@@A@@BA@@@AB@@@B@@@@@@@B@AB@@@BAB@@@B@BA@B@@B@@@@@@B@@@BA@@B@@@@BB@@@@B@@@@@@@B@@B@@@@BB@@B@@@BBB@@B@@@@@B@B@@@@@BB@@@@@@@B@@@@@B@@@@@@@B@@@@@@@B@@@@@@@B@@@@@@BB@@@@A@@B@@@@@B@@@@@@BB@@@@B@@@@@BBBA@@@@BA@CDAD@BA@@B@B@BAB@B@B@@@@@@A@A@A@A@@@@@A@@@A@@@A@A@A@@@A@A@@@A@A@A@@A@@A@@@@B@@@@BD@D@B@B@BA@@@A@A@A@A@@@ABA@@@@B@@AB@@@@AB@@@@A@@B@@@@@BA@@@@@@@@@@@@@@@A@@A@@@@@@A@@@@@@@A@@@@A@@A@@@@@A@@@@B@@AB@B@@AB@BA@@B@@@B@@AB@BA@@@@B@B@@@@A@@BA@A@@B@@@BAB@@@B@@A@@BA@@B@@@BA@@B@B@B@D@BA@@BA@AB@B@B@BBD@BBB@D@B@B@B@BBB@@BBAB@B@B@@@B@@@@A@@@@AA@CAEAEAAA@@A@@@A@@@B@@@@BB@@B@@@@@B@@@@@@@@A@A@AAA@C@A@A@A@@@@AA@@@ABC@A@A@@@AB@@A@A@@@@AA@@C@A@A@A@A@@@A@@@A@@@A@@AA@@AAA@A@AAA@@@A@A@A@@@@@@@@@@@A@@@@@@@@@A@@BA@@@ABC@@BA@A@C@A@CBA@@@A@@@A@@@@@@BBB@@B@@BBBB@BB@@BB@B@@AB@@A@@@@B@@@BAB@@@BA@@B@@@BB@@B@D@B@@B@@B@@@@@BBB@DBDBDBB@DAD@B@@@BBBBDBDBD@B@D@@DBB@FBJFFBDBDDDBD@BD@D@HBF@BBD@D@BAD@BBBBBBBD@DBD@DBB@FFBFHRDBD@F@DABA@ADGB@B@D@DBD@F@LAN@DBBDBDAB@BABCDAB@FBDDDHDBB@@@@B@DBDBB@BBB@F@B@B@BAB@B@BAFBJDH@DBF@B@F@DAFADAFAFCF@D@HAHAH@H@DBBBDBDBFDFDFBDBBB@DBFBHBF@BDBBBB@B@B@D@F@HAB@F@B@DAJCF@B@B@DBBBBBD@F@D@D@B@DBHBFBF@D@BBDBDBD@BBH@D@F@FBJBB@BBBBBBBA@@B@@@B@@@B@@@@@@@@@BB@@@@@@B@@A@@@@B@@@@@@@@@@B@@@@@@@B@@@@B@@@@A@@@@@B@@@@@@@@B@@@B@@@B@@@@@B@@@B@B@BA@@@@B@@@@@B@@@@A@@B@@@@A@@@@@A@@@@B@@@B@@@B@B@B@B@@@@@@@@@B@@@@@@@@A@@@@@@@@@@BB@@@@@@@@@@@@B@@B@@@@BDDBBF@@B@BBBBD@BBB@@B@@BB@@AB@@@BAB@@@B@BAFAB@B@@B@@@@@BBDBD@HDB@BBDBB@B@B@B@@@@B@B@@@B@@@BB@B@B@BB@@@@BB@B@D@B@@@B@@@B@@@@B@@@@@B@@@B@@@BB@@DBB@DBFBB@FBB@@@BDBB@@@B@B@BB@@B@@@BB@BB@@BB@BB@@BB@B@@@B@@@B@B@@@@AB@@@BA@@BA@@@@@@@@BAB@@@@AB@@AB@@@B@B@@@BAB@@ABA@@@@BADA@@BA@@@@@@@@@A@@@@@@B@@A@@@@B@@@@A@@@@@@@@A@@A@@A@@@@@@A@@@ABA@ABA@A@A@A@A@AB@"],"encodeOffsets":[[107017,37292]]}},{"type":"Feature","id":"620121","properties":{"name":"永登县","cp":[103.262203,36.734428],"childNum":1},"geometry":{"type":"Polygon","coordinates":["@@@AA@@@AAAAA@@@@AAABC@C@@@AC@ACAC@@@A@@@@@AA@@@@@AA@@@@@A@@@@A@A@A@@@A@EKAA@@BCBIBA@ABAB@BADAB@BA@@B@B@@@@@@AB@@@@AB@BA@A@CB@@AB@@@B@@@B@@@@A@ADA@@BA@@@BB@@BBA@@BA@A@@B@@@BAB@@AB@@E@A@A@AB@BC@A@C@@AAB@B@B@B@@@BA@@@AFGBC@C@@AEAA@ABABC@ABC@@DABABABA@ABA@A@A@ABADABABABAB@@A@@BAB@B@@@@AB@@AB@@@BAB@@AB@@@@@B@@@B@@@D@@AB@@@BAB@D@B@FA@@B@@@B@@@B@B@@@B@@AA@@A@@AA@@@AA@@@@@AA@@A@@AA@AA@@@@@A@@@@AA@@@A@@@@@@A@@@@@@@A@@@A@@@@A@@@@@AA@@@A@@@@@@@A@@@@@@@@A@@@@@A@@@@A@@A@@A@@AAA@@@@A@@@A@@AAAAC@@@ABADA@A@@@@@A@@B@@@@@B@@@@@@@@A@@@AB@@@A@@A@@BA@@@@@A@@@@BA@@@@@BB@@@@A@@DA@ABCBCBABABABADAB@BABAB@B@@ABABAF@F@DAB@@@@A@AB@BABADB@@@@@BB@B@B@@@B@B@D@B@DA@@@@@A@CBA@@BA@@B@B@B@B@BBB@BDB@D@B@@@B@@AB@BAB@BABA@CFIBIDC@C@EBA@A@AA@AAA@@A@@B@B@B@D@B@B@@BDB@BB@B@B@B@DADAB@B@B@BADABAB@BC@@BAB@@@BBB@B@@@@@B@D@@@@@@@@@B@@@BAB@BA@@B@@@@@B@B@@@@@@@BA@@AA@A@CAA@@@@@AB@@@@@@@@@@AA@@@@@@@@@@A@@@@B@@@@@AA@@@@@@@@@A@@@@@@BA@@@@@A@@@A@@@@@@@@A@@A@@@@AA@@@@B@@@@@@@@A@@@@B@@@@AB@@@@@BA@@@@@A@@@@@@@@@@B@@A@@@@@A@@@@@@@@@A@@AA@@@@@@@@@A@@@@@@@@@A@@@A@@@@@@@@@@@@BA@@B@@@@AB@@A@@@@@A@A@@@A@@@A@@@A@@@@B@@A@@@@@@@@@A@@@@@A@@@@@AA@AA@@@@A@@@@AA@@@A@@@@@@A@@B@@A@@@A@@@@@A@@@@B@@@@B@@B@@@@@B@@@B@BA@@B@@@B@@@BA@@@AB@@@@A@@B@@AA@@@AA@@AA@@@@@AA@@A@A@A@@@E@@@@@A@@@@BAB@B@BAB@B@B@@@B@@AB@@@@@@@@@@@@@BA@@@@@A@@@@@@@@BA@@@@@@B@@@@@BA@@@@@@@A@@@@@A@@@@@A@@@@@@@A@@@@@@@@@@B@@@B@@@B@@AB@@@@@B@@@BA@@@@@AB@B@BA@@BAB@@@@AB@@@@A@@BA@@@A@@B@@@@@@A@@@A@@B@@A@@BA@@@@@@@@@@A@@@@@@@A@@@@A@@@@@@@@@@@@@A@@D@B@B@@@@@@@B@@@@A@@B@@A@@@@@AB@@@@AB@@@@@@@B@@@@@@@B@@@@@@@@@@@@A@@@@@@B@@A@@B@@@BA@@@@@@@@@AB@@@@@@@B@@@@@@@B@@B@@@@@A@@@@B@@@@@@@@@B@@@@@@@@@@@@@@A@@B@@@@@@@@@@@@A@A@@@@AA@@@A@A@A@CBCACAACC@AAC@AAAACAA@A@CAAAC@CAAAAACACAA@@@A@AAE@CAA@C@A@A@@@AA@CACCCACACAC@A@CAAA@AAA@AAAA@A@AACA@@@@A@@@@B@@A@A@CAE@GAC@AAA@A@@@@B@@@@AB@@@@A@A@IAG@E@AAA@A@A@@@@@@JA@@@KAC@G@I@C@@@@@@CAA@A@I@G@GAO@G@A@A@@B@B@B@@A@A@A@A@@BA@@D@@@B@D@@@B@B@@@@@@K@K@A@@@AA@AA@A@@@A@ABA@A@A@@A@@@UGEAA@@A@EAI@E@C@G@CBA@@@A@@B@DADCBABABAD@BAB@@A@@@ACCAA@A@@JGLGXOPIFCB@@A@@@K@E@A@@@@AAA@@AA@@A@AA@@AAA@@@AAA@AAAAE@AA@@A@@BAHADCB@@A@@@C@@@AB@B@B@B@BADCB@DCFABABAB@BAB@@AB@@@@@@A@@@AB@@AB@B@@A@AB@@ABA@A@A@@@@@A@@AAB@@@@AB@@@@A@A@AB@@@@A@@@@@A@@B@@@@@@@@A@@B@@CBA@A@@@A@@@@BA@A@@@AB@@A@A@@@@@A@@@@@AA@@@@@BA@@B@@A@@@@@@AA@@@@@A@@AA@@@@@A@@@A@@@A@@@@A@@@@A@@@@@@@A@@@@AA@@@A@@@@@A@@@@@@@@A@CAAAA@@ACC@@A@AA@AA@A@@AC@@@AA@@@@@A@@@ABC@A@CB@@ABA@@@A@A@@BA@CBAB@@AB@@AB@BA@@@A@@AACC@A@@@A@@A@@@A@@@A@@@AA@@@@A@AA@@@@@@A@@B@@@@@@@@@@@@@@A@@@@@@@A@@@A@@@@A@@@@A@@@@@@@A@@A@@@@@@A@@AA@@@@AA@@@@@@@A@@@@@@@@A@@B@@@@@AA@@@@AAA@@AA@@@@A@@@@@@@A@@@@A@@@@@@@AA@@@@@@A@@@@A@@@@@AA@B@@@@@@A@@@A@@@@@@@@BA@@B@@@@A@@@@AA@@@@B@@@B@@@B@@@B@@AA@@AA@@@AA@@@@@@A@@AA@@@@@A@@AA@@@@@@@@A@@@@@@@A@@@A@@@A@@@AA@@@A@@A@@@A@@BA@A@@@@@@@@@AA@AA@@@A@@@AB@@@@A@@@AA@@A@A@@CAAA@@C@@@A@@@A@A@C@AAAA@A@@@AAACA@AA@@AB@@@BAB@DAB@@@@AB@@@@A@@B@@@@@@A@@@@@@AA@@@AA@@AA@@@@AB@@@BA@@B@@@@@@@@@@A@@@@B@@AB@@@@@A@@@@A@@@@@@B@@@B@@@B@@@@@@A@@@@@@@@@@@@@@AAA@@A@@AAA@A@A@@A@@A@@AA@AAA@A@@@A@@A@@@@@@@AB@@A@@@@A@@A@@@A@@@@@A@@@@@A@@A@@@@@AA@@ACCCA@@@BABABA@A@A@CAC@AAECEAAAAAA@A@@A@@@@A@@A@@@@@@@A@@@@BA@@@A@@BA@@@A@A@@@AAA@@@A@@BA@@@ABA@A@C@A@@BCB@@@@@@AB@@@@@@AA@@@@@@A@@@@A@@ABA@@@A@@@AA@@AAAA@@A@@@@@@@@@A@@@@A@@@@A@@A@@@@@@@@A@@@@@@@@B@@@@A@@@AA@@A@@@@@@A@@@@A@@@@@@@@@A@@@@@@@@@AA@@@@@@@A@@@@A@@@@@@@@BA@@@AB@@@@@@@@@@@@@AA@@@@@@@A@@@@@A@@@@@@A@@@@@@@@@@@@@AA@@@@@A@@@@@AB@@A@@@@B@@A@@@@@@@A@@@@@@@@@@@A@@@@@@@AA@@@@@@@@A@@@A@@@@@A@@@A@@AA@@@@@@@@@AA@@@@@@A@AA@@@@@AA@@@CB@@@@A@@@@@@@@A@@@@@@BA@@@A@@@@@@A@@A@@@@B@@@@A@@@@@@@@@@@A@@A@@@@@@A@@BA@@@@@AA@@@@AB@@A@@BA@@@A@A@@BA@@@@@@B@@@@@@@B@@@@@@@@@B@@@B@@@B@@@B@@@@@BA@@@@B@@@B@@BB@@@@@B@@A@@@@@@BA@@@@@A@@@@@A@@@@AAA@AAA@AA@@A@@@A@@@A@@@A@@B@@@@A@@A@@@@A@@A@@A@@@@@@@@A@@@A@@@A@A@@@@DC@A@A@A@ABA@A@AB@@@@A@@@@@@A@GAC@A@A@A@@AA@A@C@A@@@A@A@AA@AA@@@A@@@A@@@@@@@BA@@@@A@@@A@@@@@@@@@BA@@@@@@@@A@@A@@@@@@@@@@@@AAB@@@@A@@@A@@@@@@@@@A@@A@@@@@@@@ABA@@@@@@@@@A@@@@A@@@@@@@@@A@@A@@@@@@@@@@@A@@B@@@@@A@@@@@@@@A@@@@@@@@@@@@@AA@@@@@@@@@@@@A@@@@@@@@@@@@@@@@@@@@@@@@@@B@@@@@@@@A@@@@@@A@@@@@@@@@@@@@@@@A@@@@@@@@@@@@@@@@@@@@@@@@@@@A@@@@@@@@@@@@@AB@@@@@@@@@@@A@@@@@@A@@@@@@AA@@@@@@@@@@A@@@@@A@@@@@@@AD@@@@A@E@A@A@A@@@@@@A@@@@A@@@@@@@C@A@AB@@A@@@AA@@@@AB@@A@@@@BA@A@@B@@@@A@@@@@AAA@A@AA@@A@@@A@@@A@@@AB@@@@C@A@A@C@A@A@A@A@@A@@@A@@@@@@@A@@@A@@@A@@@@@AA@@A@A@@@C@@@A@@@@BAB@B@DAB@B@@AB@@@@@BA@@@@@@@@@@@@@A@@A@A@AAA@@@@@@A@@A@E@AB@@A@A@A@@BA@A@AACAA@@@A@ABA@CB@@A@@@A@ABA@ABA@@@A@@@@@CAAA@@A@@@A@@@A@A@@@A@@@A@ABA@A@A@@@A@@@A@@@@@CAA@A@@@A@@BA@@@A@@B@@@@A@@B@@A@@@A@@@A@@@AA@@A@C@@@@@EAC@EAAAA@EAA@AAA@A@C@A@A@A@AAA@AA@@A@@A@@AAA@AAA@@@AAA@ABA@@BA@@@A@A@@AA@@AC@A@A@AAA@C@C@IAA@A@CAA@A@@AAA@A@AA@@@@@A@@@@@@@@@@@AB@@A@ABA@ABA@@BCB@@AB@BBFBB@D@@@B@@@@AB@@ABA@ABA@AB@@ABBB@@BDAB@BAB@BA@AAA@@@A@A@A@@@AAA@A@A@A@@@A@A@AB@@@BA@@@A@C@A@A@ABA@A@A@A@@BA@@B@B@BA@A@ABA@A@@@A@@BA@C@C@AAA@AAAAAA@@A@CACAAA@@AA@@@AA@A@A@A@@AA@A@A@@@A@@@@B@@A@@@A@A@@@A@@BA@@@ABABA@AB@@CB@@A@A@A@AB@B@@ABA@AB@BABA@ABC@ABAB@BAB@D@@@@AB@@@@A@@@@@A@@@AB@@A@@BCF@BA@@B@@CA@@A@@@C@@@C@AAE@C@A@A@CBA@EBCBC@C@CA@@EAA@C@A@@AAAA@@CA@@C@@A@AA@@A@CBEAAAIAAAACAABC@A@A@AC@KECACBA@@BCB@@AAA@@AAA@@CAC@A@EAC@AAA@A@C@A@AA@@AACAC@CA@@A@A@EBIDABA@EAE@CDCBA@ABADA@IDIDEBAB@D@BCBCBABBBDNBHDHDFDBD@BBBB@BABAB@B@@BDBBB@@BABC@@DBD@D@B@BABABADAD@D@F@J@DED@DDFDDFD@@BBFD@B@@@BABA@BB@BBBBBBD@@@BA@CB@B@B@@@B@@@BB@B@BBB@@BDBBBABA@@DCBC@@BB@DBB@FBDBBBB@@BABCF@HADABABBB@BD@BB@@AB@@@@CB@@A@@B@BA@A@CBC@@B@BBB@D@B@B@BAB@BABAB@@@D@BBB@DAD@BAB@BBBAB@BA@EACAAC@AAA@CACAA@AAA@@A@A@A@A@C@E@CACCACAEAAAA@@BA@AB@A@@AA@CBAA@@@A@AAAECA@CACAA@ABC@@@@BAAA@AAAAAAAAABC@A@EA@@@@C@CAAAAA@E@A@A@ABAB@@A@AA@CEAA@C@E@A@AACAAAE@@CE@OEGCCG@CBCBGN@D@DA@A@AAAA@@ABA@ABADCDA@A@K@AAC@A@ADCD@BA@@@AAA@CCA@AAA@@A@ABAA@@@A@AB@@@BABABA@C@C@AAAAAACC@@A@EAA@CACA@AAAA@AAA@AAA@A@AAA@A@@AAAA@A@EC@@A@C@E@A@ABCBAB@B@BCDAB@DAF@F@FBDDBBB@B@B@B@@A@@AA@@A@@A@CACAG@A@CBCBEBGDIDEBEDC@A@A@ABA@@BADAB@@A@@AAAICA@EAC@A@AACAAACCCAAAA@C@C@@@A@@@CBC@ABA@CB@@A@AA@@A@@@ABA@@@A@@@A@@@CBA@@BA@@@AB@@A@@@@@@@AA@@@@A@@B@@A@BB@@@@@@B@@@@@@@B@@@@@@B@@@@@@BB@@B@@@@B@@@@@@A@@@@B@@@@@B@@@@A@@B@@BBA@@@AB@@@@@@@@@@@@@@@@@B@@@@@B@@@@A@@@@@@@A@@@AB@@@@A@@A@@@@@B@@AB@@@@AB@@@@A@A@C@@A@@A@@@A@@@E@CBCAA@C@@@A@@@@B@@@@AB@@@@A@AA@BA@A@A@@@@@A@@@@B@BAD@@@BAB@DBB@B@@@B@@@BA@AB@BBD@H@DADADABAFCD@@CBCBCBED@@@B@B@B@B@BAB@B@BA@@B@@AB@B@DBB@DBB@BBBBB@@BB@BAB@DABBB@@AB@@@@BBB@@@@@@BBB@@@@@B@@B@B@@@@@@B@@@B@@@@BB@@BBB@@@DB@@B@@@B@@@B@@@B@BABA@@@AB@BC@@@A@@@@@@BABA@@@AB@BA@@B@@A@@@@@@@@B@@@@@@@@@@@@@@B@@@@AB@@@@@@B@@@@BB@@BB@@@B@@B@@BBBBBD@@BB@@BB@@@DBB@@@@BB@@@@@BBBDDBBB@BBBBDBB@DBB@@B@@@@BB@@BB@@B@@BB@@@BB@@@@@@B@@@AB@@@@@BA@@@ABAA@@A@@@@AA@@BA@A@@B@@@B@@@@@BA@@B@D@B@B@D@B@BABAB@B@DAD@BBD@B@DA@@BABABA@CBC@ABA@AAA@A@A@A@@@@@@@@A@@@@@@@@@A@@@@AAA@A@@@@AA@@@@@A@@@@@A@@@@@A@@@@@@@@@@@A@@@@@A@A@@@AA@@A@@@A@AA@@@@@A@@A@@@@@@@A@AA@@A@@@@@A@@@AAA@A@A@@@A@@@AA@@A@@@@@A@@@@@A@@@A@@B@@A@@@A@@@@@A@ABA@ABADABABA@C@AAC@C@A@@@C@@A@@G@C@C@E@A@@@@@A@@@@@AB@@@@@@@@@A@@A@@@@@@@@@@@@B@@@@@@@@@B@@@@AB@@@@@B@B@@@@@B@@ABA@AB@@A@A@@@@@A@@A@@@@@@@AB@@A@AB@@A@@AA@AA@@C@A@A@AB@@@BA@A@A@@@C@@AA@A@@BC@ABABAB@BA@@@A@AA@@AAACE@CAABA@AB@BCBA@A@AAAAC@@@@AAA@AACAA@@AA@AAAC@A@ACC@A@C@A@A@@BABC@CBA@AAAAA@AAC@@@ABAAA@@CCA@AAABA@@@AB@@A@A@A@@AA@CE@AAABA@A@C@@@A@A@@@ABA@@BABABA@A@A@A@AA@AA@@A@CBA@A@A@AA@@CC@@A@@@@@A@@@A@@@A@@@AA@@@@@@A@@@@@AA@@@BABA@EDCDCDADADAB@B@BABA@IFA@A@BBBBDBDBBBBB@DBFDFBDBBBB@DA@A@C@C@E@E@A@C@C@@@ABAB@B@B@BBB@BAB@BBD@@@B@DA@ABEBMFC@ABA@AB@BAFAFABAB@BBD@DAHAD@BCBABCBA@CBGBCB@@AB@BBBADCFCDCB@@BFDHDDBBFDHDB@D@FBB@@@@BD@@BBB@BBB@BBB@BAD@DA@@B@B@BFFB@@B@BCDEFCD@@AB@@@@@@A@ACAAAAAA@@A@A@@@@D@NAD@D@DGFABABG@GBEBC@C@CBCBAB@BADAB@B@BCDABCDABAFAD@B@BBBBDD@BB@@@@CDE@@@AB@@AB@@@B@@@@@D@B@B@BAB@@ABA@CB@@A@@@@B@@DD@B@B@B@BBD@@@@@@@@B@@@BAD@@AD@BAB@B@@BB@@AB@@AB@@@B@B@@B@@D@@@B@@@B@BBB@@@@@B@@@B@@@B@@@@@B@@@B@@@@BBB@B@D@@@BB@@B@@CD@@A@@@A@@BA@ABA@@BA@@BAB@@AB@@@@CAA@@@A@A@A@@@C@@@C@@@A@CDCBABCDCBCBCBEBEBEFCBCBA@CB@@A@@BDB@@DB@@BFBDBDBFBB@BB@@@@B@@@@A@@@A@C@@@A@@@ABA@A@A@ABA@A@@@A@A@C@E@C@E@A@@@@@A@A@E@C@ABA@A@A@@@A@A@ABC@@B@@CBABA@@BA@@@@BAB@@@@ABAB@@A@@BA@@@@@AB@@@B@@A@AB@@A@A@@BA@@@AB@@ABAB@@A@A@A@@@A@@@@B@@A@@@EBA@@BA@@@A@AB@BCBCBC@AB@@AB@@A@@@ABA@A@@BA@@@@@AB@B@@@@@@AB@@A@@@ABA@A@C@@BA@@@@BA@A@@@@B@@@@A@@BAB@B@@@BAB@@@@@@@BA@@@@B@@A@@B@@@@@@@B@@@@@@@@@B@@@BA@@B@@AB@@A@@BA@@BA@@@@B@@AB@@@@@B@B@B@BA@@@@BA@@@CBCBEBABABAB@BAB@B@B@BBBAD@@@BAF@@@BC@@@@B@B@BBDBD@@BBBD@@@BA@@@AD@BA@@BABABAB@@@@A@@@@B@@B@@B@B@@A@@B@BBBAB@BBB@@@@@@BB@@DBBB@DBDBB@D@DBBBBBBDD@B@B@BBB@@D@@BB@@BB@@@B@@ADAFADAFAJCFAF@B@D@BBB@B@DD@B@@@B@@@BBBBDBDBD@DB@D@F@DBHHHHBBHDJBBDFFHLJFFBB@D@D@FAFAFCFAFAFABAD@FB@@@@BB@@@B@@@@@@@@B@@@@@B@B@BAB@@ABA@CBABAB@B@BA@AA@@A@A@A@CAA@@C@A@CA@@@@@A@@B@B@D@B@B@BB@@BB@B@BD@DDDDB@BBBBBBB@F@@@D@BBB@BBB@B@D@FAD@BBD@B@D@DBFA@@H@BABCBAB@B@B@D@DFBBDBD@DBFDD@DADBBBB@@DBBB@B@BBBA@@BA@ABCBABA@CBCBAFCDAB@D@B@BBDBB@FAB@D@BBB@BBFHDBBBBDBDBD@D@D@DAFADCBCDADCBC@AACAA@CBC@ABA@@B@B@BDFLJB@B@@B@@BH@@BBFAB@BAB@BA@BB@BB@@@@B@@@@ABB@@@@@@@BB@@B@@@BA@@BCB@B@B@@@B@BAB@@ABA@@B@@AB@BEBA@A@A@@BABCB@@C@A@CBA@ABA@@BA@AB@BCDABA@ADA@ABABABAD@BA@@BB@@BB@BB@@B@B@@B@@DBB@B@F@@@B@B@B@BA@BB@BBBA@AB@DABBD@@@DBB@B@@ABAB@@@B@@@BBBB@@@@BADEBABABCBAB@D@B@@@B@@@@@B@B@@B@@@@@B@@@@B@B@@AB@@@B@@@BB@@B@@@B@@@@B@@@@BB@@BAB@@@DBBBBB@@@B@@@BA@BB@@@BB@B@B@B@B@@@@BB@@B@B@BBB@B@BA@@@@BB@@@@@@B@B@@BBB@@@BBFBBB@@BBB@DBB@B@B@B@@@B@D@@@@@B@@@B@@B@@B@@BB@B@B@BB@@B@@BA@@BABAB@BABAB@@@BA@@@BBBDB@DDBB@@B@AB@BCBAB@@@B@B@@CBABA@ABABA@AB@@@@@B@BBB@BABADA@ABA@A@@BABABCB@@@B@@@BB@@B@BBB@BBBDBDBBBB@@@B@@BBBFBDDDBB@@BBB@B@B@BBBBB@B@@@@@@@@@B@@@@@B@@@@B@@@@@@@BB@@B@@@@@@@@@@@B@@@@BB@@@BB@@@@@B@@@@BB@@BBBBB@DBB@@BD@B@@@B@FAF@BAD@D@F@DADA@@B@BBB@@@DABAB@F@F@DAB@F@FFDDBBDD@F@BBD@BF@FBDDDBD@D@JAH@LBBAD@D@J@HBHBFBH@JBFBJDF@F@BBBB@@B@FADAF@DABBB@BBDBB@BBB@BAB@BABBB@B@BB@@B@@BB@@BBB@@B@DA@@BC@@@A@CAA@ADEBC@ABA@@B@D@F@D@HBFBDBDBHAH@DAFBDBDDBBB@B@BAD@B@BBB@B@H@F@D@HAJAHCDADAB@@BBB@B@BBBBBJAJ@B@DABADAB@@@D@D@FBF@HABA@AACCIAEBEDEFADAHBN@F@HBDBBD@D@DAD@H@@@BBABABAB@DAB@F@D@B@BA@@B@@@B@B@@@BABA@AB@DAB@@@B@@B@@BB@@B@B@@@B@@B@BA@@DB@@BB@@BAB@@@BA@@B@@D@D@F@FBBBHDLJHDHDF@LCJAHADC@@AAA@C@@@ACACEGCGGGKIIECCCM@AACDAFADAFCFCFAFA@@B@@BBDDBBBD@B@B@B@BAB@DD@@BDB@BA@@D@D@DCB@@C@A@A@@BADBB@DBD@BBFDD@DAF@DADCBCB@B@@@BB@BBDB@DBB@DAB@@@@BBBB@@BD@@BB@B@B@B@@@BB@B@BB@B@D@BAB@BA@@B@@@@@@@BBB@@@@A@@BA@@B@@BB@@BB@B@@@BA@A@A@ABC@C@K@IACDCFA@@@A@A@@B@B@B@BBB@B@BAB@@@B@BB@@BAB@@ABA@@BAB@@BB@@@B@@@BA@CBAB@@@B@@@@A@@A@@AA@@A@ABA@@DAD@D@D@DC@AACAA@C@G@G@K@AAAA@AA@A@ABADABABC@CDCBADC@A@C@CBCBAFCDADCBCDAF@F@FBFDFBDAFAF@DBF@D@LBFBD@DAD@HBHBDB@DBD@FDDFHJHDDDDBDBBDFBF@F@FCFAB@@@@@BB@@@BB@@B@@@BB@@@@BA@@B@@@@@@A@@BADA@@B@B@B@@@@AB@@@@AB@@@@A@@@@@AB@BA@@B@@@@BBB@@@@@B@@@@@BB@@@@@BADA@@@@@@@A@@@A@@B@@@@@B@@@@@@@@A@@B@@A@@B@BADABA@AB@@@B@@@@A@@@@B@@@B@@@@@@@B@@@B@BAB@B@@AB@@@BA@@BA@@@@@@@@BAB@B@B@@@@A@AB@@AB@BAB@@@B@@@BBBBBDBB@B@@B@B@B@B@@BB@@BBBBBB@BB@@BBBBBB@BBBBB@@@B@BAB@BBBDFBB@BDB@B@F@@AB@B@@A@A@@@@@A@@A@@@BA@@BAD@@A@@@A@AB@@@@@B@@@B@@@B@@@B@@@@@@A@@@A@@BA@@@@BA@CBA@@@@@AB@BA@CFCF@B@@A@@@A@@A@@A@@@@@@@A@@@A@@AA@@AA@@@A@@@@@A@AAA@@AC@AAA@@@AAA@@AA@@@A@@@@B@@@B@B@B@BAD@H@FAJ@BA@@@AA@A@AA@A@A@A@@BAB@@@B@F@L@@@BA@@BA@@B@DABABA@ABABAB@BC@AB@@@B@@@B@@AB@@A@@B@@@B@@C@A@A@AA@AA@@A@@ABA@@@A@@@A@@BABA@A@A@A@A@@@AAA@@AAAA@@@A@A@@@A@@@@AA@@@A@@@ABIDA@A@@BAD@B@HADA@ABABA@C@CAAAAAAAC@A@@A@C@@AAA@A@@A@@BE@AAA@@EACAC@AAAEA@C@C@C@ABC@@BA@GAACAA@ADEDA@A@@A@C@KCKAGAAAA@A@@BA@ABA@CAAA@AAA@ACACAACAC@AAAAACBA@AB@BABABEBEDAB@D@B@@@BABCDABABC@@@A@@BC@@BA@@BBB@@@BBB@BADB@@BB@@BABA@@B@B@F@P@BBB@D@FABADCBE@C@E@EAE@ACCECE@A@C@C@AAA@@ABA@@BABA@C@C@EBCBC@CBA@@DADAF@D@@B@D@BBBBBB@DBBBD@@@JBLBD@L@DB@F@FBjL`FVBZBZ@RBXAT@TAJCDA@ABCDABA@ABIBABAF@HAFADCHGDCD@B@DBB@BA@ADCF@DCFAHAH@FAFAFA@A@AB@@@B@@B@@@B@B@AB@@@@AB@@BB@@@@@@@B@@@@@@@B@@@@@@B@@@@B@@@@@B@@@B@@@B@@A@@@@@@@AB@@@@@@@@@BB@@B@@@@D@@B@@BB@B@@@B@@@@@@@@@@@@BB@@@@@@@B@@@@@@B@@@B@@@@@@@@B@@A@@@@@@B@B@@BB@@@@@B@@@@@@@BB@@B@@@B@@B@@@@@@@@B@@@@@B@@@@@B@@@BB@@B@F@D@BAB@@@BBDBB@B@BBHBF@F@J@B@D@B@@@B@@@@@"],"encodeOffsets":[[106051,37862]]}},{"type":"Feature","id":"620102","properties":{"name":"城关区","cp":[103.841032,36.049115],"childNum":1},"geometry":{"type":"Polygon","coordinates":["@@@@@BBBBB@BBBA@ABA@@@@B@BBDDD@BDDFDDBFFDD@DDBDDBBB@@@B@@@@B@@@BBB@@@BB@B@@@@@@B@BBB@BBB@@A@@BA@CA@@C@EAA@G@A@CB@B@@@B@@A@A@ABC@AB@@@B@@AB@@BBBBBB@B@@@AB@BABABC@A@AB@@AB@B@BBDBDBBD@@B@BAB@@@B@BB@@@@@@BA@@B@@AB@@@@ABA@@B@@@B@B@B@@@B@@@@@B@@A@@@ABA@@@@@A@@@@B@@B@@@@@@@A@@@@@@BA@@@@D@B@@@BA@@@@@@BA@@@@BB@@@@@@B@@@@@@@@@BA@A@@@@B@@@@@@B@@B@@@@A@@@@@@BA@@@@@@BA@@@A@@@AB@@@B@@@BAB@@AB@@@B@@A@@B@@B@@@@B@@BB@@@B@@AB@@@@AB@@A@@@A@@@@@A@@B@B@@@BA@@A@ACCA@A@ABA@@BAB@@A@A@C@@BA@@B@B@@@@@@A@@@@@@@A@@@A@@@@AA@@@@AA@@@A@@@@@A@@@AA@@A@@@AB@@@@@@AA@A@@AA@@@AA@A@@@@@A@@B@@@@@@A@@@@@@A@@@@A@@@@@@BA@@@@@@@A@@@@A@@@@@@@A@@@@A@@@AB@@@B@BA@@BA@@@A@@@@BA@@@A@@B@@@@@@@BB@@B@@B@@@@@B@@@@@B@@@@B@@A@@@@@@@@@@@@@@B@@B@@@@B@@A@@@@@@A@@A@@@@@@@@@@@@B@B@@BB@BB@@B@B@B@@@B@B@@@B@B@B@@@@B@@@@@@A@A@AB@@A@@@@@@B@@BBB@BB@@@@B@@@B@@@B@@@@BB@B@@@B@@@B@@@@@@B@@B@@@@A@@@@@@B@BA@@@ABAB@@@@@@BFB@@B@B@B@@BB@@@@@@AB@@@@AB@@A@ABA@@@@@ABABAB@@@@AB@@@AA@@@CCA@CA@CCAAA@@A@@@@@A@@@A@AB@@@@A@@@@AC@AA@@ABA@@@@BA@@AA@A@@@A@@AA@A@@@AA@@A@A@@@A@@@@@A@@@@@A@@@@B@@A@@@@@@@@@@@@AA@@@@@A@@@@@@AAB@@A@@@A@@@@BA@@@@BA@@@@A@@@IAE@AAA@@@ECG@EAG@CBC@CBA@E@E@@@G@CA@@A@@A@@@A@@@@BAB@BA@@B@@@@@B@B@@@@@B@@A@@@@B@@A@@@A@@@A@AB@@@@ABA@AB@@A@A@A@@@A@A@@@A@@@@@A@@@@A@@A@@@@@@AB@@AB@@@@AB@@@@A@A@@AA@A@A@AAA@AAAA@@@@A@@AA@A@@A@@@@A@@@AA@@A@@A@@A@@@@AA@@AA@@@@@A@AAA@A@@AA@A@@@@AA@@@@A@@AA@AAAAA@@@AA@AA@@AA@A@@A@A@@@@@@@A@@@@@@@@@@C@@A@@B@@A@@@A@@@@@@@BA@A@A@A@@AAA@@@@@A@@A@@@@@@@@@G@@A@@@@@@@@@AB@@@@A@@@@A@@AA@A@@@A@@B@@A@@@@@@BA@@KEIKACCIEIGI@GAE@CCCAC@BABABA@ABA@GDC@@BABB@BBB@@B@BCBCBABC@CB@B@B@@BD@BABABABE@ABABABADAD@D@BABCBC@ABAD@@@B@BB@@@@@B@@B@@@@@@@@@@A@@@A@@@@B@@B@@B@@B@@@B@@@@@@@@B@@A@A@A@A@@@@@A@A@@@@@A@A@@@@@AB@@B@@B@@@@BB@@BBB@B@@@@B@@@@A@@@A@@@ABA@A@@@@@@B@B@@AB@B@@@B@B@BA@@@A@@@@B@@ADAB@BA@AB@BA@ABABA@CBA@AB@@ABABA@@BAD@@AB@BAB@B@DAB@BABC@CBA@CBA@@BAB@@@@BBB@@B@B@B@B@B@B@B@D@BBB@B@@@BAB@@@@BB@B@BBBE@AB@@IFMFGDEBEDA@EDBBB@@@@@@@@B@@B@BB@B@BBB@BBB@B@B@@@B@@@@@B@@@@@B@@B@@@@@B@@B@@B@A@@@@B@@@BBB@D@BAB@BADABADABA@AB@BAD@@@BAB@@@B@@@BBFBB@DB@@B@@D@@AB@B@@BDB@BBBBBB@B@@@B@@@@@@B@D@B@@@BBB@B@J@FCDABCBADABBB@@B@B@DAD@D@DA@@BBBB@B@@@BB@B@BABA@@@AA@@A@A@A@@DC@C@@CA@@@C@EBABCBABC@C@AACAC@C@@B@D@HBJDDBB@B@@@DA@ABAB@@B@@@D@B@BADAF@F@JBFBDBDFHDD@D@D@D@DBDB@D@B@DBB@B@BA@ABADAD@D@B@B@BABEDEHCBEDCBCBK@C@C@C@ABABA@A@CBADC@AB@@@B@BA@@@AB@@@@AA@@A@A@AB@@@B@@@BA@@D@D@B@B@@AB@B@BAB@"],"encodeOffsets":[[106376,36977]]}},{"type":"Feature","id":"620104","properties":{"name":"西固区","cp":[103.622331,36.100369],"childNum":1},"geometry":{"type":"Polygon","coordinates":["@@@@@AB@@A@@@@@@B@BAB@@AB@@@@ABAB@@@@@DAB@@@@@B@@A@@BA@A@@@A@A@@@@BA@AFABABABA@@@@B@@AB@@@@A@ABA@@BABA@@@AB@@AAC@A@A@AA@@A@@B@@A@@@@BA@@@A@@BAB@BAB@BA@@BABA@@@@@@@@AA@@A@@A@@A@@A@@A@AAA@CAA@@AAA@@@@@ABA@@B@@AB@@@B@@A@A@@@A@@BAB@@@BA@A@A@@@A@@@AB@@@@A@@@@@A@A@@@@@AA@@@@@@A@@@@@@@A@@A@@AA@AA@@@@@@BA@@@@@@@@@@@A@@@@A@@@@AAA@CA@AAACA@@@@AB@BCBA@A@AB@@@B@B@BAB@BAFCB@B@DABAB@@@@BFDDDDDHBHDJDF@F@F@H@JCHAFAFADAFAHCPGJEDC@EDIFEDCHCFEAA@AAA@@@@BA@@@A@@@C@@@@AA@@@A@A@A@@@@AA@@@@A@@A@A@A@A@@CCAA@@@@@@B@@ADABADA@@BAB@D@F@HAF@@@@A@@AA@@@A@A@@@@@A@@@@@@ECA@@A@@@@@A@@@A@A@@@@@AA@AA@@BA@A@@@A@A@@A@A@A@AA@@@@@A@@@A@@@@@@@@@@@A@@@@@@@A@@@@@@@A@@@@@@@@@A@@@@@@@A@@@@@@@A@@@@@@@@@A@@A@@A@@@@AA@@A@@@@@@A@@@@A@@@@@BA@@@@B@@AB@B@BCB@@AB@FAHAB@DA@@@@@A@@@@@@@@@@@@@@@@@@@@@@@A@@@@@@@@@@A@@@@@@@@@@@@@A@@@@A@A@@A@@AA@@@AA@@A@CA@@@@A@@@@@@A@@@B@@A@AA@@@@@@@@@@@@@CBA@A@A@C@G@CAC@C@C@AAAACAAA@@@AAA@AA@@AA@@@A@A@@A@@@AA@@@@@A@A@@@AAA@A@@@A@A@A@@@A@@B@@A@@@@B@@@@@@@B@@A@@@@BA@@@@@@@A@@@@@@@A@@AA@@@@@@AA@@@@@@@A@@@A@@@AA@@A@AA@@A@@AA@@@@AA@@@@@@A@@@@@A@@@@@A@@@@A@@A@@@@@@@@@A@@@@@@@@@A@@A@@@@@@@@@AA@@@@@A@@@@@A@@@@@@@@AA@@A@@@@@@@A@@A@@@@A@@@@@@@@A@@A@@@@@A@@@A@@@@@A@@@@@@@@AA@@@@@@A@@@A@@@@@@@A@@A@@@@@@A@@@@@@@A@@B@@@@A@@@A@@@@@@@A@@B@@@@A@@B@@@@@@@@@B@@@@A@@@@@@BA@@@@@@B@@@@@@AB@@@@@@@@@@A@@@@@A@@@@@@@@B@@A@@B@@@@@@A@@B@@@@@@AA@@A@A@@@@@A@@@@@AAA@@@A@@@A@A@A@AA@@@BDDFHAFABEFKLADDF@D@B@D@DBBB@B@B@BBB@@DBDDBBB@@@B@B@BCDABABABC@ABA@@@@B@@@B@@A@A@@@AB@BCJ@BABCDABABAB@B@BADABABABAD@D@B@DADADEDAD@FADABABABCBABCAC@CAAAA@C@EAEACAAAC@A@@B@BDH@B@B@DADAH@B@D@@CBAB@B@BAB@B@B@B@D@BA@A@C@A@A@ABEBCBCBEBKBGFABEB@BABA@A@C@AAC@@@C@AAA@C@EAA@A@A@@@A@C@AB@@C@@@A@AB@@A@@@AA@@@@@@A@A@@@C@C@@@ABA@@@AB@@@@A@ABABABA@@@A@AB@AA@@@@AA@@A@A@@@ABA@@@ABA@@@A@@@@@@AACAA@@@ABC@A@A@A@AAA@A@@@@@@B@@A@@BABAB@@A@@B@@@@@@@B@@A@@B@DAB@@@@@@ABAD@@@B@@@@A@@AA@@@A@C@AAA@C@AAACCCAC@E@G@GAEACCCAACAAA@@AC@@@AA@CAAAAA@AAAAACACAAAA@@A@@A@@AA@@BCBC@ABAAC@A@A@A@@@C@A@A@@BA@A@A@@@A@@B@B@@@@CDABA@A@@@C@ABA@A@@B@@@@@B@@BD@@AB@B@BABABAB@@BB@B@@BBBDBB@B@B@D@BAF@B@B@B@@BB@@B@@DBBBB@B@FBD@B@BAD@DAB@BCDABCBA@A@C@AAA@ABA@AB@@ABA@@@@BEEEAMEOBUE@AEFC@I@G@C@C@CBABCBGHCH@@DBB@@@@@@@B@@@@B@@@@@@@@B@@@@@B@@@@@@@@@@A@@BB@@@@@@B@@@@@@@B@@@@@@@B@@@@@@@@@@@@@@@@B@@@AB@@@@@@@@B@@@@@@@@BB@@B@@@@@BB@@B@@@@B@@@@B@@B@@@B@@BBBBDBBBBB@BBDBD@@@@@BB@@BB@@@AB@BB@@@BB@BBB@BBBB@AB@B@@@BBDBDB@BB@B@@@B@BBD@B@DBBBF@@AB@@@@@B@@@B@@@B@@@B@@@@B@@B@@@@@@A@@BB@AB@@@@@@@B@@@B@@@B@@@B@BAB@@@BABA@@B@B@@@BAB@@AB@@@B@@@BA@BB@BAB@D@B@BBBBBB@@BAB@B@B@D@DB@BB@@BBB@BB@@B@@@B@B@B@@BB@B@B@B@@B@@BB@@BBDBDBB@@@BBBBBBB@BBD@D@B@@AB@@@B@B@BAB@B@@A@A@AB@@AB@B@B@B@BAB@B@D@B@@@B@@A@@BAB@B@@@B@B@B@B@BB@@B@B@B@@@B@BBB@@ABA@ABAAC@@AABA@@BAB@BAB@BA@@BA@@@@@A@@@CAAAE@ABA@@DA@AB@BAB@BAB@@@BA@@@@@@@@@@B@@@@@B@@B@BBB@BB@B@DBB@B@JBD@D@B@BBB@B@D@@BB@@BB@B@@@B@@AB@BAB@BB@@B@BBB@BB@@@BB@@@BBB@BBB@B@B@D@B@B@BBB@FBB@BBFBD@FB@@@@D@B@@@BB@@B@@@B@@@B@@@@AB@@@@@@AB@@@B@@AB@@@B@B@DB@@@@B@@@B@@@B@B@B@BAB@@@B@@@B@B@@@B@@@B@@@BBDB@@@@B@@@B@BAB@BAB@@@B@@@DAB@BAB@@@B@DBBBB@B@@AB@B@B@@@BA"],"encodeOffsets":[[106039,37082]]}},{"type":"Feature","id":"620111","properties":{"name":"红古区","cp":[102.861814,36.344177],"childNum":2},"geometry":{"type":"MultiPolygon","coordinates":[["@@A@ABAB@BAD@@@BBB@@@D@@@B@BAB@@A@@B@B@B@DB@@BBB@@@BA@@B@BA@@B@@@@@@@BB@@@@@B@B@@@BAB@BA@@@A@@@@@A@A@@@@BA@@@@@A@@@@@@@@@A@@@@@@@@@@B@@@@B@@@@@@@@BA@@@@B@@@@@B@F@D@D@H@@@@BD@@@B@D@D@BBD@B@BABABCBAB@BAB@@@@@B@@@B@@@@AB@@@B@@@@@B@@@@@B@@@BB@@B@@@B@B@B@BB@@B@@@@@B@@@BBB@@@@@@@B@@@@B@@@@BBB@@@B@@@BB@@B@B@@@@@B@@@@@@@@@@@B@@@@@B@@@@@B@@@@@B@@B@@B@B@BB@@@@@B@@@@@@@@@B@@@@@@B@B@B@B@BBB@BAD@DAB@BABA@AB@@C@AAC@ABC@C@ABABA@A@A@C@A@A@C@AB@@A@@@@@A@@@AB@B@@AB@@B@@B@@@BBBA@@B@@A@@@@BA@@A@@@@@@@AA@@A@@AA@@@AA@@AA@@@@@AA@CAA@CAAAAAA@AACCAA@A@@@@AA@@@@AA@C@@AA@@AA@@ACAAAA@@@AA@@@A@@AA@@A@@A@@@@@@@BA@@@@@A@@@@@@@@@@@@A@@@@@@@@@@BA@@@ABA@@B@@ABAB@@@@@@@B@@ADA@@B@@ABABA@@@A@@@A@@@A@@@CA@@A@AA@@AA@@@@@A@@@A@@@@A@A@@@@A@@@@AA@A@@@@A@AA@@@@BA@@AABA@CBA@AAA@@AAAA@AAA@CAA@C@ABA@@@AB@@A@ABA@A@A@A@A@A@@FCDADADA@@DCBEBABCBC@C@GAC@ABAB@@A@@@A@@@AAA@CBA@A@@BC@A@A@@B@@@@@B@B@B@@ABBB@@@@@BA@@@@@A@@B@@@D@B@DBDAF@@@B@@@B@@@@BD@B@B@@@@@BA@@@@BA@@@A@@@@@BB@@@@@BA@@B@@@@@@@B@@@@@@A@@@@@A@@@@@@@@@@@@@@@@BA@@B@AA@@@AB@@@@@@A@@@@@A@@B@@@@@@@@A@@A@@@AA@@@@@@@A@@@@A@@@@@@@A@@@@@@@AAB@@@@AB@@@@@BB@@@@@@B@@@BA@@B@@AB@DA@@B@@@B@@@B@BA@@B@@@BBB@@@DAB@BAD@DA@@B@@@D@D@B@BBDBDDBBDBBBB@D@FBB@JDBB@BB@@@BABC@AB@BAB@B@D@FCFAJCHCFADADAB@H@DBDBB@@@@BB@@BB@@@@A@A@AAACAAC@E@EBE@CBADC@A@ABADABAB@F@D@B@@@FDB@B@BB@BB@B@BBB@B@BBB@BBB@BB@BDBDBB@FBB@@@DDBBBBBBD@D@B@BABA@A@@BAB@@@B@AB@B@BB@BBB@DDB@BB@@B@@ADCBCB@D@BBL@B@B@DCBCBAB@BA@@BBBBB@B@@C@CHMDADAH@DDFH@PDF@@BFBBBD@B@B@F@DBBDFB@@B@BA@AB@B@B@B@FBBBBDBD@@@@@FBB@D@BABBBBBBBBB@BB@A@@D@BAB@DBDBB@FDBB@B@B@@BBDAB@@BB@A@@BAB@@BBBBBFBDDDDBF@D@B@B@B@B@@@BB@BBBBD@DBB@BBDDBFBB@@ABAAA@ABA@ABC@CAA@A@C@@BABA@ABA@A@A@A@CAA@A@AD@DAB@B@@A@AB@@@DA@@@@BA@@AAC@@AAABABABC@GDEBA@AA@AACAEAA@CAA@@AD@DA@CB@BAAACA@AA@AAA@A@@A@@@A@@@A@ADAB@@A@@ACAAAA@AAAB@BA@A@@@AECAA@@ECCCCE@CFC@C@I@E@CBCBCBABA@A@A@CAC@CD@BA@AA@AAAC@@@ABABA@AAAAAC@CACECGAGCMAABADADA@A@CBAFAJCJCB@BCBAB@DADCF@FBB@BAJCFAB@B@@@DBD@DBBB@@BBB@D@B@B@BBD@FBB@D@DB@@BB@BB@BB@@DA@AB@DADBLFD@@B@B@BADBBBDBBJBBBFBDAB@@@BBB@@@@DB@@DB@BB@BB@D@B@FB@@DBD@D@DAFAB@DAB@B@D@F@BBD@@@D@@@B@@@DB@@@AB@@ADE@AB@@@BA@@B@@@@@B@@@@@BA@@@@@CBA@ABABAD@BAB@BA@ABAB@BA@@@ABAB@B@B@@@DA@@BAB@BABA@@B@@AB@@@B@B@@@B@@@@A@@@@AAA@AA@@AAA@@C@C@A@ABA@AA@AAAA@A@A@CBA@AAAB@@A@@@A@@BA@@BA@A@@@A@AB@BA@A@@BA@A@A@@@A@@@A@@@A@@@@@@BAA@@AB@@@@@@@@AA@@@@@@A@@@A@@@A@@@A@@@@BA@@AEAA@C@AAC@A@A@@@AAAA@ACAC@A@@@ABAA@AA@AAA@AAA@@A@@ABA@@A@@AA@@A@@@@ACAC@AAAAACAAAAA@@@A@@@AA@@@@@@A@@A@@@AA@@@@A@@@AA@@@@@@@@@A@@@@@@A@@B@@@A@@@@@@@@@@@@@@A@@@@@@@A@@@@@@@A@@@@@@@AA@@@B@@@@@@@@A@@@@@A@@@@@@@@@@A@@A@@@@@@@A@CAAF@@ABCDC@CBCAGCA@A@AB@BAF@FAFADEDCBAAA@A@AAA@AAA@CACAAAAAA@@@AAA@@@@@A@@BA@CBA@CBCBA@C@A@ABEBABC@@@AACAECCAGAC@C@A@ABA@@B@@BD@B@BBBAF@B@BABABC@ABEAAAAACAA@A@A@A@CBEBABC@A@E@ABAB@B@F@DAB@@A@A@C@A@A@G@C@G@CBABA@A@@AA@@C@@A@C@A@EDABAD@B@BABCFGDC@A@AACAA@C@C@A@AACAAACAG@CBE@AB@@AD@B@FAFGFED@@A@A@AAC@AAC@C@C@A@ABAFADCBABABA@A@@@A@@AA@A@CAC@E@A@ABAD@D@D@BABCBCBA@CB@B@@@BBD@@@D@FAB@BABABADC@ABA@@AA@A@ACAA@CAA@E@A@@A@@@AACAA@A@AA@@A@A@A@A@@BE@ABA@C@A@EA@ACAA@A@AA@@A@A@C@A@@@A@@BA@@B@FABADAD@@CDABC@CBCACA@@A@CB@@ABABABAD@DA@@@ABA@A@CBC@ABCBEBABCBCB@@AAE@A@CAA@A@AB@BBBBDDH@DDH@B@D@B@DAB@@@DAB@@AB@@A@A@A@C@A@C@CBA@@BADAB@@E@E@C@E@C@EBA@C@ABABABAFCDCDCBC@EBA@ABA@@BAHADA@ABA@A@C@CAC@ABA@ADC@GDC@E@CBI@ABABEBGFGBGBEB@BABAB@DAD@BADADCF@DABABABABGDCBCBA@ADABAB@DABABABAB@@E@A@C@A@A@C@A@A@ABABA@@BA@A@CB@@C@A@@@A@AA@A@A@@@AA@@@AAA@ABABA@@@A@E@@@AAA@@@AAA@A@@@AB@BABABA@@@A@A@A@A@ABA@@@AA@@AA@@@A@A@@A@@@ABAD@BA@@BABA@ABA@@BA@@B@@AD@BAB@@FD@A@@@@@@@@B@@@BA@@@@@@@@B@@@BA@@B@@@@@@@@@@@B@@@@@@@@@@F@B@@@BCB@@AB@@@@@@@@@B@@@@B@B@B@@@@@@B@@B@@@@@@@@B@@@@BB@@@@@@@@B@@B@B@@A@A@@@AA@@A@@@@@A@@@@@A@@@@@@@@@@DBB@B@BBB@B@B@B@@ADA@ABA@A@A@@@CB@@ABA@AA@@AA@@AA@@C@@@@B@@BB@@BB@@B@@@@@BB@@@@@@BB@@@@B@@@@@@@BB@@B@@@B@@@B@@@@@B@@@DD@@BBB@B@B@DAB@@@BBB@@B@B@B@BABABAB@@AB@B@@@B@B@@@D@BABBB@BDFB@@BB@B@B@@@BA@@B@BABBB@DD@@BBAB@B@@BD@BBBBB@BAB@DADAB@@@B@B@D@BDD@B@BBDBBB@@BB@DBBBB@BB@@@@BDBB@B@BABADA@@BABBB@DDFBB@BB@@B@B@@AB"],["@@@ABA@@AA@A@A@C@ABABAB@BA@@@AB@@A@@@@@@@@@@FAB@B@@@@@AA@A@@A@@@@@A@@@A@@@@A@@@@@A@@BABAEC@BA@@D@D@BCDCF@@AB@BAB@D@@@B@BB@@B@@@BA@@B@BD@"]],"encodeOffsets":[[[105342,37322]],[[105300,37239]]]}},{"type":"Feature","id":"620122","properties":{"name":"皋兰县","cp":[103.94933,36.331254],"childNum":1},"geometry":{"type":"Polygon","coordinates":["@@@BB@@@@@@@@@@@@B@@A@@B@@@@@@@@@@@B@@@@@@@B@@@@A@@@@@A@@B@@@@@@A@@@@@A@@@@B@@@@@@@@@B@@@@@B@B@@@@A@@B@@@@@B@@@@@@@@@@DBBB@BB@@@@@@BB@BB@@@@@@B@@@@@@B@@@@B@@B@@@@@@@@@B@@B@@@B@BB@@@@@@@@@@B@@@@@B@@@B@@A@@@@@A@@@@@@B@B@@@B@@A@@BB@@@@@@B@@@@@@@@@B@@@@@@A@@BA@@@@@@@A@@BA@@A@@A@@@@@@@@@A@@@@@@@@@@BA@@@ABCBCBC@ADCB@DA@@B@@A@@B@@A@@@A@@@A@@B@@@B@BBB@@@B@@@B@@@B@@AB@@@DABADC@@B@B@B@@@@@BB@@B@@@@@@A@@BA@A@@@@B@B@B@BAB@@@@@BB@@B@@@@@@A@@@A@ABA@@@@@AB@@A@AB@@@@A@AB@@A@ABA@AA@@A@@AA@@AA@AAA@@@A@@@@BEFABAB@FCB@@@B@@@@@@B@B@@BB@@@@@@B@@@BB@@BB@@@@@@@@@B@@@@@@@BB@@@@@@@@@@B@@@@@@B@@@@@@B@@@B@@@@@@@@@@@@@B@@@@@B@@@BA@@@@B@@B@@BB@@@B@@@BBB@BBB@B@BAB@BA@@BA@@@ADCB@B@@@BA@C@@B@@@@A@@B@@@B@B@B@D@B@B@@AB@@@B@B@@@B@@@BBDB@@@@BAB@@@BB@@@@B@B@B@@@BA@@B@@@B@@@BBF@@@BBB@B@@@@BB@@@BA@@@A@@B@@AB@@@@@B@@@B@D@B@B@BA@@@@@A@A@@@@D@@@B@BBB@@@BAB@@ABB@BBBB@BBB@BABA@ABEBE@E@A@AA@A@CAC@EAGACAAA@AAA@AB@@AAA@ABABABAB@@C@ABCBA@AB@BAB@B@BB@@BBBA@@@@B@B@DB@@@BB@@@B@B@@@BB@@B@BA@ADC@@BAB@@@BA@@BAB@B@B@@@FEBA@A@AA@AA@@AA@C@AB@BA@A@@AA@A@@BAB@B@@ADAB@DADAD@D@D@BBB@B@BABA@A@A@GAAAAA@AAC@@@AA@ACA@A@A@A@@@AA@@A@CAA@ABAB@BA@@A@@A@A@@AAA@@@A@@BA@@@@@@A@@@@BA@@@@A@@@@@CBC@AAA@A@C@A@ADAB@BA@@@CCEAC@CAAACAA@CAC@CAA@AA@A@@AAEC@@@A@@@A@@B@@@BA@@B@@@BA@@B@@A@@@AA@@@@A@@BAB@@@B@BA@@@AB@@AB@@@B@@@BAB@BA@AB@@A@@@AB@@@BA@@@AB@BB@AB@B@B@@@BA@@@ACCAC@@AA@@A@@@@@A@@@A@A@@A@@A@@A@@@@@A@@@@@@@@@@@A@@@@@A@@BA@@@@@A@@AC@A@@@@@AA@@@AA@@CCA@@@A@AA@@A@@A@@B@@@B@B@B@@AB@BA@@D@BAB@@@@A@@@AA@@AA@AA@A@@@A@@AAB@@@B@B@@AB@@@B@B@B@BAB@B@BAB@B@DAHABAB@BA@E@C@AB@BADADABAD@@A@A@@@A@AB@B@BA@@DA@AB@@A@AB@@AB@DAB@@@BAB@BAB@@AFADADABABAB@BAB@@@@AAA@@@@A@A@@@@@@A@@@A@@A@@A@@AA@@@A@@@@@A@@AA@@@AAAA@A@@AAA@A@A@@B@@@B@B@BAFAB@@@@A@@AA@@@A@@BABABA@@@@@@@A@@AA@@@AB@@@@A@@@A@@@A@@@AB@@@B@BAB@@@@AB@@@@A@@@A@A@@@ABAB@B@BAB@BCBABAB@B@D@DAD@DAB@BABAB@BAB@B@@@B@B@B@B@B@@@DD@BBB@@B@@@BABB@@B@@BBA@@B@D@@AB@@ABA@@@@B@B@B@DBB@B@B@@@@ABA@@AAAAAAB@BAFA@ABAD@F@HBF@B@BAB@@@B@B@BBB@B@B@@@B@BA@@@A@@@@AA@A@AAA@@AA@@A@@@AA@@@A@@@AA@@@AAA@@@@AA@@AAA@@@A@A@@AAA@A@@AAA@A@AAA@C@AB@B@@AA@@@ACAA@@@A@AA@@A@ABABA@ABAB@B@B@D@@A@@@A@@AA@A@A@@AA@@@@AA@@@@@AAA@@@A@@A@@B@@@@A@@@@@ACAA@A@@AA@@@@A@@@AA@AA@@A@C@CAC@A@EA@AA@C@A@AAA@A@ABA@@BA@A@@@AAACAAC@AB@@ABA@AB@BA@A@A@@DABAD@DABABAD@H@DADADADA@A@A@A@ABABABAB@BC@EDCBA@@@AB@B@@@A@@A@A@A@AA@@A@@A@@@A@@AA@A@AAA@@@@@A@@@A@@@@@@A@@@@@A@@@@@@BAB@@@@A@@@@@A@@@@@A@A@@AA@A@@@@B@@A@@@@@@@@@A@@@@AA@@@@AA@@@@@@@@@AAA@@@@A@@A@@@@B@@@@@B@BA@@@ABA@@@@B@@@BB@@B@B@@@@A@@@@@A@@@@@AAA@A@@@A@@B@@AA@@@@A@@@@@A@@@@@@BA@@B@@A@@@@@@AA@@@@@A@@@ABA@@BA@ABCBCAC@A@@AAAA@@@@@@@@@@BA@@@@@@@@B@@@B@@@@@B@D@B@@BB@@@@@BA@@B@@@@A@@B@@@@@B@@@@@@@@@B@@@@@@@@@B@@@@A@@@@@@@@@@@@@AA@@AA@@@AA@@@@@@@@@A@@@@@@B@@A@@B@@@@@@@@@@A@@@@@@B@@@@@@A@@@@@@@@B@@@@@@@@@@@@A@@B@@@@A@@@@@@@@A@@@@@@A@@@@@@B@@A@@B@@A@AB@@@@@@@A@@A@@@@@@B@@AB@@@@AB@@@@A@@B@@@B@@@B@@@@BB@@A@@@@@CB@@A@A@@@@@@BAB@@@B@B@@AB@B@@@B@@@@@@@@@@@@A@@@@@A@@BA@@@@@A@@B@@@@@@A@@@@BA@@B@@@BA@@@@@@@A@@@@@@@@@@B@@@B@@@@BB@@@@@B@@@@@B@@@B@B@@@B@@@@@@@B@@@@@@@@@@@@A@@@@B@@@@@@@@@BA@@AA@A@A@@@@@@@A@@@A@@@@@A@@@A@@@@@@@@@A@A@@BA@ABABA@AB@@@@@@@@@B@@A@@@@@@@A@@B@@@@@@@BAB@@A@@@@@A@@@@B@@A@@@@B@@@@A@@B@@ABC@@@@@@@AB@@A@@@@@@@@@@B@@@@@@@@A@@@@@@AA@@@@@A@@B@@@@@@@@@@@@@@B@@@@@@B@@@@@@@B@@@B@@A@@@@B@@@@@@@@@@@@AB@@@@@@@B@@AB@@@@@BA@@@@@A@@@@@@@A@@@@@@@@@@B@@@@A@@B@@@@@@@@@@@@@@AB@@A@@@@B@@@@@@@@@B@@@@@B@@@@@@@BA@@@@@@B@@@@AB@B@@@B@@A@@@@@@BA@@@@@@@A@@@@@@B@@@@A@@@A@AA@@ACAA@@AA@@@AACAC@CACAGCA@@AA@@C@@@AB@@AD@B@@A@A@@@A@@AA@A@@@@@AB@@@B@B@BA@@@A@A@@@A@@@A@AA@@@@AA@@@AA@A@A@@B@@@BA@@B@B@@@B@@@BAB@B@B@B@B@B@B@B@DAB@@A@@@@ACAAEC@AACAC@@@AAA@AA@@A@AAA@@@A@@B@@@@A@@B@@@@AA@@AACA@@A@@AA@@A@@A@C@AA@@A@@@@@A@@@AAA@@@A@@@@BA@@@A@@@A@A@@@A@@BA@@DC@A@@@@@@AAA@@AA@A@A@A@@@A@@@B@@@@AB@@@@@D@@@BABADADA@@B@BA@@B@BADABA@@B@@@@A@@@@B@@@B@@@B@DAB@D@B@B@@AD@BA@@B@@AB@@@@@@@@@B@@@@@@@@@@@B@B@B@@@B@BBB@B@BB@@BB@@@B@@@B@@@B@@@B@B@B@B@DB@@B@@B@B@@@BA@@B@B@D@BA@@B@@B@@B@B@B@D@B@BBB@B@@@@@@@@@@A@@@@@AA@@A@@A@@@B@@@B@@@BBFBFBDBB@@B@@B@@@@@@A@@@A@ABAAA@@AA@A@A@A@A@CAA@AAC@A@A@ABAB@@AB@@A@C@A@A@AB@@A@@@AB@@AB@@@@A@@BA@A@@@AB@B@@AB@@@@@@A@A@@B@@ABA@@@A@@@AB@@ABA@@@ABA@@@A@@B@@@@@B@@@@B@@B@@@@@@@B@@@@@@@@BB@@@@@@@@@@@@@@@B@@A@@@@@AB@@@@@BA@@@@BA@@@A@@B@BA@@B@B@B@B@@@B@@A@A@A@CAC@@@@@A@@B@@@@BB@B@B@@@B@B@@@B@B@B@@@B@@@B@@@@@B@B@B@B@@@@@@@@A@ABA@A@A@AB@@ABCDCB@@A@@B@AA@A@@@@@A@@A@@A@@@@A@@@@@A@@@@B@@A@@A@@@@A@@@@@@@A@@@@@@@A@@@@@@@A@@@@@A@@@@@@@A@@A@@@@@A@A@@@@@AA@AA@@A@@@AA@@@@@AA@@@@@@@A@@@@@AA@@@@@AB@@A@@@A@@@@A@@@@AABA@@@A@AB@@A@@B@A@@@@@@@A@@BA@@B@@AB@@@BA@A@ABA@A@AA@@AAA@@@AAAA@@A@@A@@AA@@@AA@@@@@A@@@A@@A@@@@A@A@@@A@@@AA@@A@@@@AA@@@AA@@A@@@A@A@@@A@A@A@A@A@@A@@AA@@@@A@@@A@@A@@@@@@@AB@@@@@@AB@@@@AB@@A@@B@@AB@BA@@B@@A@@@@@@@@AA@@@@@@@@@@@@@@@A@@@@@@@@@AA@@@@@@@@@@@A@@A@@@@@@AA@@@@@@@A@@@@A@@@@@@@@@AA@@@@@@@@@@AAA@@@@A@@AA@@@@@@@BAA@@A@@AA@@@@A@@A@@@@AA@@AAAA@@A@@@@AA@@@@@AA@@@@@@AA@@@@A@@@A@@@CBA@A@A@@BA@@@@@A@@@@@@@@@@@@A@@@@@@@A@@@@A@@@@@@@@AA@@@AAA@@@@@A@@@@@@AA@@A@@@@A@@@@AA@@@@@@A@@A@@AA@@A@@AA@@@A@AB@@AB@@A@@@A@@@A@A@@@@@@AA@AA@@@AAC@AAA@AA@@AA@@A@@A@@A@@@@@@B@@B@@@@B@@@@@@@@@@@@@B@@@@B@@@@@@@@@@@@@@@@@@@@B@@@@@@@@@@@@@@@@@B@@@@@B@@@@@@@@@@@@@B@@@@@@@@@@@@@@@@@@@B@@@@@@@@@@@@@@@@@@@@@@@B@@@@@B@@@@@@@@@@@@ABA@@@@@A@A@@@@@@@@@A@@@@B@A@@@@@@@@@A@@@AAA@@@A@A@@@@@AA@@@@A@A@@@AB@@A@@@@@AA@@@@A@@AC@@AA@A@@@A@@@@A@@A@@@A@AA@@A@A@AA@@@@@@@BA@@@@BA@@A@@@@@@@A@A@A@@@@@A@@@@B@@A@@@@@A@@@A@AACAC@AA@@@@A@A@A@@@AB@@@@@@@@A@A@A@@@A@@@@@A@AB@BABAD@@@@@@@B@@@@@@@@@@A@@A@@A@@@A@A@AAA@A@@BA@@@@@@@@B@@@@A@@@@A@@@@@@@AA@@@@@@@@@@B@@@B@B@@@BA@@@B@@B@@@BB@@BD@@@@BA@@@@@A@@B@@C@A@A@@@A@@@@@@@AB@@A@@B@@@@@@@@@@AA@@@@@@@@@@@A@@@@@@@@AA@@@@@@@@@@A@@@@@A@@@AB@@@@@BA@@BA@@@@@A@A@@@A@@@@@@BA@@@A@@BA@@@@@A@@A@@A@@@AA@@A@@@@@A@@@A@A@@@A@A@A@@@A@@@@@A@@@AAA@@AA@@BA@AAA@AA@A@@A@@A@@@@@@A@A@@@C@@AA@A@AA@@A@@@A@@@AAA@@@AAAB@@A@@@@BA@A@A@A@@@AA@@@AA@@A@A@@@A@@@@@AA@@A@@@@A@@@A@@@AA@@AA@@CAAA@@A@@@A@@@A@A@@@@@AA@@@@A@@@AACAA@AAA@CAA@@@AA@@C@@@C@@@@@A@@@@@@B@@@@@@A@@@@@@@@@@@AB@@@@@BA@@@@BA@@B@@A@@B@@A@@B@@@@@BB@BBB@@B@@@@@B@B@@@B@@@BA@@@A@AA@@C@A@@@A@@@@@@@A@@@@@@@@@@B@@@@@@@B@@@@B@@@@B@@@@A@@BA@@@@@AB@@@B@@A@@@A@@BA@@@@@@@AB@@@@A@@A@@@@@A@@@@@A@@A@@@A@@@A@@A@@@@A@@A@@@@A@A@CAA@C@A@@AA@AA@@AAA@AA@@A@AB@@@@AB@B@BA@@B@@A@@B@@@@A@@AA@A@A@@@EA@A@@@@A@AB@B@@ABA@@@@@@@@B@@A@@@@A@@@@A@@@A@@@A@A@@A@@A@@@A@@@A@@@@@AAA@AA@@@A@@@@B@@@BAB@B@@@@@@@@A@@A@A@A@@@A@A@@@A@A@A@@@AAA@@AA@A@@@@@@@@@@@@@@BB@@@@@@@@BA@@@@@@AA@@@@@@@@@@@@@@@@BA@@@@@@A@@@@@A@@@@@AA@@@AA@@@@@@A@@@@B@@AB@@@@@B@@AB@@ABA@@@A@@B@@@B@@B@@@@@@@B@@@@@@B@@@@@@AB@@@@@@@B@@B@@@@@@@@B@@@@A@@@@B@@@@@BBB@@B@@BB@B@@B@@@@A@@B@@@BB@@B@@@B@@@@@B@@BB@@@@BB@@@@@B@@@B@@@@@@@B@@@@A@A@@@AB@@@D@B@BA@AB@@AB@B@BDBBDB@@@AB@@A@A@@@@B@@@@@B@@@BA@@B@@A@@BA@@@A@@AA@@@@@@AA@@@@BA@@@A@@BA@AB@@A@@@A@@B@@@B@@AB@@@@@@AB@@@@@@@B@@A@@@@A@@@@A@@@@@@BAB@@@@@@@@A@@@@@@@AA@@@@AB@@@@@@AB@@A@C@@@@@AB@@@@@@@B@@@@@@@AA@@@@@@B@@@@AB@B@@@BA@@@@@A@@@A@A@A@@@A@@@AB@B@@A@@BA@@@AB@@@@@@AAA@@@A@ABA@@@ACCACAAAA@A@@BA@@B@BADABABA@@B@@@AAAAAAA@@BA@@@A@@BAD@BAB@B@@@@A@@@ADAB@H@B@FBD@@@DBB@@AB@@@AA@AAA@A@A@@@@A@A@@A@@AA@A@@@A@@A@@@A@AACCCA@CCCEECAECCC@ACCAC@A@A@@B@BAB@AA@AAAAA@A@@A@ABA@A@@BA@A@C@C@@@AB@@A@@@A@@B@B@BB@@B@@A@@B@@ABA@@@A@@BCDAB@D@BABAB@B@D@D@DALADCDAFGDCFAFABA@A@C@C@CBAB@BABA@A@CAA@C@A@AC@C@C@C@CCCEGACACAE@I@EBEBC@A@A@C@@@AA@AB@BCB@@A@A@CAICGAC@A@@@@DBDBD@B@DADABADAB@F@D@@DB@@@DCD@@@B@B@BB@@B@@ABABA@A@@A@@@AAAAA@@CBC@C@CBA@A@@@AABABCDABADC@E@I@AAA@A@@@A@C@A@@@@A@@@A@A@AAAA@ACA@AA@A@@BC@ABGDCDADC@ICE@G@G@IAE@G@IDMDEBC@A@ADADCDCDOJABEDC@EAGAAACC@A@@AAA@C@A@@BABAB@B@DBFABABCBE@CBC@G@EACAACC@AAC@ABAB@DABCDABADCB@BABA@A@CAA@A@CBC@A@@@AA@@A@@@A@ABA@AB@@@@A@C@ABA@A@CBA@A@ABAAA@C@A@@BA@A@@@AB@@ABABC@EDA@@@ABA@@@@@A@A@@@AB@BA@A@@BA@A@@@@@@@BB@@BB@@BB@@@@BBAB@BABABA@CBC@A@AAA@@A@@AA@A@@AAAA@@A@@A@@@@A@@AA@@@A@@BA@A@AAA@AAAAAAA@EC@@A@@@A@@AAC@@A@@@A@@BA@@@AB@B@@@@BB@BB@DBB@BBB@@@@BB@@@@BB@@@BB@@@@@@@@ABAB@@ABA@ABA@AB@@@B@@AB@@@@@BA@@@@BB@@B@B@BBD@BA@@B@@ABAB@@AB@B@B@@A@@BA@@@@@ABABABEB@BAB@@@@@B@B@@@BAB@@@BA@@@@@A@CB@@@@A@AB@B@@A@@BA@ABA@@@@@@@@BA@@B@@F@B@@@@B@@@@B@BBB@B@@@@B@@@@@@@@@@@@AB@@@@A@@BA@A@CBA@A@AB@@@@@B@@@D@@@B@BB@@B@@@@@B@@@B@@@B@@@@@@@B@@@BB@B@B@B@D@B@B@D@@@@@BA@@B@@@B@@@B@@@BBB@B@BB@@@@B@@@@@@AB@B@@A@@B@@@BA@@@@BB@@B@@@BAB@D@@@@@@@B@@@@@@B@@@@B@B@B@F@B@@@@@BC@@@@@@B@@@@@B@@@@@@@@@@@BB@@@@@@@B@@@@B@@@@@@@@@@@A@@B@@@@@@@@@@@@@B@@@@@@@@@@@@@@@@@@@@@@@@@@@B@@@@@@@@@@@@@@B@@@@@@@@B@@@@@@A@@@@@@@@@@@@@@@@@@@@@@@@@@@@B@@@@@@@@@@B@@B@@@@@@@@@@@@@B@@@@@@B@@@@@A@@@@B@@@@@@@@@@@BB@@@@@@@@@B@@@@@@B@@@@@@@@AB@B@@@@@@B@@@@B@@@@@@@@@B@@@B@@A@BB@@@@@@@@@@@@@BB@@@@@@@@@AB@@@@@@@@B@@@B@@@@@AB@@@@@@B@@@B@@@B@@BBBB@B@@@B@D@B@B@@BB@B@B@D@HBB@@@@@@@@B@@A@@B@BAB@B@B@B@BCD@@@@@B@B@@@B@@@B@@@@@@B@@@@BB@@@@@@BB@@@@@@AB@@@B@@@B@@@B@@@BBB@BBB@BB@@@@@B@@@@@B@@@@AB@@@@@@@BA@@@@@A@@AA@@@A@@@@@AB@@@@A@@@A@@@A@@@A@@@@@@@@@A@@@@@@@A@@@@@@@AB@@@B@B@@AB@@@BA@@B@@B@@B@@@@AB@@@B@@@@B@@@@B@@@@@@@@@@@B@@A@@@@@@BB@@@@@@@@B@@AB@@@@@@@B@@@@@@B@@@@@DA@@B@@B@@@@BBB@@@@@@@BB@@@@@@@@B@@BB@@@B@@@@@B@@@B@@@@@@@@@BB@@@@@@B@@@@@@@@@@@B@@@@@@@B@@@@A@@B@@@BA@@@@B@@@@@B@@B@@@@@@@@@@@@@B@@@@B@@@@@B@@@@@@@B@@B@@@@@@@@@@@@BA@@B@@A@@@@@@B@@@@@@B@@@@@@BB@@@@@@@@B@@@@@@@@@B@@@@@@B@@@@B@@@BB@@B@@@@@@A@@@@@@B@@@@@@@@@@BB@@@@@@B@@B@@@@@@@@@B@@@BBBB@@BB@@B@@@B@BA@@@B@@B@@@@@@@BB@@@@@@BA@@@@@@DA@AB@D@B@B@BA@@B@@AB@@@B@BB@@B@B@@@B@@AB@@@B@@A@@B@@@@@@@B@@@@B@@B@@@@BBBBBBBDFBF@BBD@D@B@BABABAB@@B@DDBD@@BB@@@@B@@@@B@@@@@B@@@@@B@@@BB@@@@@@BA@@B@@@@@@@BB@@@B@B@BBB@@BB@@@@BB@B@B@BB@@@BB@BB@@@@@@@@@@@@@@@B@@@@A@@@A@@@A@@@@@@@@B@@B@@@@@A@@BA@@@@@@B@@@@@@@@A@@@AB@@A@@B@@B@@BB@@B@@BB@@@@@@@B@@@@A@@@@B@@A@@B@@A@CBA@AB@@A@@BB@@BDBBB@B@@@BBBBBD@B@B@@@B@@@D@@@BBDB@@@B@BB@@B@@@B@@A@@B@@@B@@BBB@@B@@@@@@@@@BAB@@@B@@@BB@@@B@@B@@@B@@@B@@@B@@@@@@@B@@@@@@B@@BB@@@@@B@@BB@@@@@@@BB@@B@@BB@@BA@@@A@@@A@@@A@@@@@BB@@@@@B@@A@@@AB@@@@@@@@@B@@@B@@@@A@B@@B@@@@@B@@B@@@@@@@BB@@@@@@B@@@@@@B@@@@@@@B@@B@@BB@BB@@@@BB@@@@A@@@@B@@@@@@B@@@@@@@B@@B@@B@@BB@@@@@@@@BB@@@@@@@B@@@@@@B@@B@@@B@@@@@@@B@@@@@@@@@@@@@@@@AB@@@@@@@BBB@@@@@BB@@B@@@B@@@B@@@@B@@@BDDBB@@@B@@ABA@@BA@@BA@AB@DAB@@@B@B@@AB@BA@@D@BAD@B@@@B@@@@BB@@D@@BB@B@@BBBB@@@DD@BB@BBDBB@@@@@@@@@@B@@@@@B@@BB@@@@@B@@@@@@@B@@B@@@@@@B@@@B@@@B@@@@BB@@@B@@@@BB@@@@@@@BA@@@AB@@@@B@@B@@@@@B@@@@@B@BA@@B@@@BAB@@@@@B@@@BAB@DA@@@@B@@@@@@A@@@@B@@@@@B@@A@@B@B@B@@A@@B@@A@BB@@@B@@@@@B@BAB@BA@@B@BA@A@@BA@@B@@@B@@@@A@@BA@ABA@ABABEBCDA@CDABA@A@A@A@@B@@@D@@@BA@CDGBAB@@@BB@@BBFBB@BBB@B@@BB@BB@@B@BB@@BB@BB@@@@@B@F@L@@@BA@EDOJWPKHIH@@@BBBDD@B@@@BA@ABC@ABABABCDCBA@@@@B@@AB@D@H@D@FBJ@F@BB@FBVH@@B@@@@B@BAB@B@B@@@BBBB@@B@@@B@L@L@@@@A@A@@@C@A@@@C@@@AB@@@B@B@B@BA@A@A@@@@B@B@HBP@H@H@J@BBB@D@@@@D@J@H@D@LB@@B@@I@@@@B@B@B@BBF@H@JBB@B@@@@@BA@@@@@A@@B@B@BBD@HBF@DBB@B@@@@A@@B@@@@@DBBBB@B@BB@BBB@BBBDBB@D@DBDBDBDDDBB@@B@@@B@B@DBB@DBF@B@B@@BBBDBDBBBB@DBDBB@D@BBBBDBB@BBD@BDDBBBDAD@D@B@B@B@@BB@@@@@B@B@@@@@@@@@@A@@@@B@@@@@@@@@@@@A@@@@@@@@@A@@@@@@B@@@@@AA@@@@@@@A@@@@@@@A@@B@@@@@@@@AB@@A@@@@BA@@@@@@@@B@@@@@@@@@@A@@@@@@@A@@@@@@@A@@B@@A@@B@@@@@BA@@@@B@@A@@@@@@@A@A@C@@@@B@@@@@@@@@@@@@B@@B@@@@@@@B@@@@@@@@@@@AB@@@BA@@@@B@@@B@@@@A@@@@B@@AB@@@B@@A@@B@@A@AB@@ABA@A@@B@@@@AB@@A@@@@@A@@BA@@@A@@@A@@@@@@@@@@@@B@@@@@@@B@@@@@B@@@@@B@@@@@@AB@@@@A@@@@@@@AB@@@@@@@@@B@@@@AB@@@@@@@@@@@@A@@BA@@@A@A@A@ABA@A@AB@@@@@B@@@@@F@@@B@B@BB@@B@@@@BB@@BB@@B@@BA@@@@B@@A@@B@@AB@@A@@@A@@@ABA@@@A@@@@@A@@@@A@@A@@@@@@B@@@@@B@@@BA@@@@B@@@@B@@@B@@B@@B@@@@@BBB@@B@@@@@B@@@@@B@@@@@@@@@BA@@@@@@B@@@B@@@B@@@B@B@@@@@BA@@B@@A@@@AB@@@@@@@@@@@@@B@@@B@@@@@@@@@B@@@@@@@@BB@@@B@@@@@@@@@B@@@@@BA@@@@@@@@@@@@B@@@@AB@@@@A@@B@@A@@@@@@B@@@@@@A@@@@@BB@@@@@BB@@@@@@@@@@B@@@B@@@@AB@@@@@@@B@@@@@@@@BB@@@@A@@@@@@B@@@@@@@@B@@B@@@@@@@@A@@B@@@@BB@D@BBB@@AB@@@@@@A@A@@@@@A@@@ABA@AB@@A@@@@@@@D@B@@AD@@@@B@BB@BDBDBBBDBDB@@DBBB@BBBBBBB@@BBB@@B@@B@@@@BB@@@AB@@@@@@@B@@B@@@@@BB@@@@@BA@@DCB@@AB@@@BB@@B@@@@AB@BA@AB@B@D@B@F@B@D@BAB@BAB@D@B@D@@@DBD@D@B@DAB@DAB@B@BA@B@@@@@@@@B@@@@@B@@@@A@@@AB@@@@@@@@@B@@@@@@B@B@@@@@B@AB@@@@@BA@A@@@@B@@@@@@@@@@B@@B@@@@@DAB@@@BA@@@@B@@@B@@@B@B@B@DAD@B@B@@@@A@@@@B@@@@@@@B@@@@@B@@@@@B@@@@@@B@DABADAB@B@BAD@B@B@@A@@B@@@@A@@@@@@BA@@BA@@BA@@B@@@@A@@@@@@@A@@AA@@@A@@@@@@@A@@@@BAB@@@@@BA@@@A@ABA@@B@@@@@BA@@@AD@@@@A@@@@@A@@@A@@@@@@B@@@@A@AB@@A@@@A@@@@B@@@@@@@B@@@@@B@@@@@B@@@@@@AB@@A@@@A@@@A@@@@@AB@@AD@B@@A@@@ABA@@@A@@@A@@@@B@@AB@B@B@B@@B@@@@@@@B@"],"encodeOffsets":[[106254,37717]]}}],"UTF8Encoding":true}