{"type":"FeatureCollection","features":[{"type":"Feature","id":"630102","properties":{"name":"城东区","cp":[101.796095,36.616043],"childNum":1},"geometry":{"type":"Polygon","coordinates":["@@GJCFIDKHCD@D@F@JGXCPBDHDFDDDCH@HBHAHB@@@@@BHB@BB@@@@DBBD@@BD@@@@@@@@BBBB@@@B@@@@@@@@@@DDDD@BGDDJJRFNDADBJFLBHAPADCDCDEDAHADBFFFBD@DC@CACAGCI@ABEDCFALAHAHCBAFEFEDADABEBA@EBADAF@DCDEDCJKBCFGDEDEFGFGFM@E@EAAAA@C@E@CCECCGEGEECECCEA@G@I@K@IAE@AACAK@MBE@E@KCMCICMAE@CBABCJCDEFGDKDAB"],"encodeOffsets":[[104244,37419]]}},{"type":"Feature","id":"630105","properties":{"name":"城北区","cp":[101.761297,36.648448],"childNum":1},"geometry":{"type":"Polygon","coordinates":["@@DADGDE@GACEECCAECI@ICEEGAC@ADGHGJGFCBAB@HHDFBBDDD@DADG@CECAKAGDE@@EMIQCIEBMD@@@@CB@@CBA@GDA@@@A@AA@@@@A@AACBA@ADCFABA@A@A@CAA@@@EBC@C@ABAB@@A@@@AB@B@@A@@@A@@@A@@@A@@@A@ABAB@@@@AB@B@@@@A@@@@@A@A@AAA@@@ABA@ABA@@@A@@@A@C@@AA@A@@B@@@@AB@BA@@BA@@@A@A@@@A@A@@AA@@@AB@@@@@@A@@@A@@@@@A@@@A@@BA@@BA@@@A@@@A@A@@@@@AA@@@@@@A@A@A@A@C@@@A@A@A@@@@@A@@@@@A@@B@@A@@@A@@@@@AA@@A@A@A@ABC@@@A@A@CAA@@@A@A@A@@@A@A@CAAAAAA@@A@@A@A@@@A@A@@@AB@@A@A@AAA@ABC@@@CBA@A@@@A@A@A@@@@@AA@@@AA@@@AAA@@@A@A@AA@@AAA@A@@@@AA@@@A@@@AA@@A@AA@@@AA@A@@AA@CB@@A@A@A@CAA@C@ABA@A@AAA@AA@@@@AB@@@@A@@B@@A@AAA@A@A@@@A@@@@@@@@@AA@@@@A@A@@BA@A@A@@@C@A@@@A@A@@@AAA@A@@@@@A@@B@@A@@@AB@@A@@@A@CB@@A@@@@@@@A@@@A@A@@@@B@@A@@B@@@@A@@@A@@@A@A@@@ABC@A@A@A@@@A@A@A@@@A@@B@@ADCF@FBF@FBFBJAHCFEHADADAHDFFNBJFFBBB@FGJGFELGLEJAJAL@J@JAH@FAFADAFBHBHBH@FCDGBAFAD@BDBBDH@DDHFHDBF@D@HAH@HALBJDHBHAFCBA@GBCBAFABADAFEHCFEFAD@@BABAFCJ@L@J@BBJ@FCDBFBF@FAHCHCFCF@D@DBJ@HBLBLBDBFF@FALAJCDAHBDBHBJ@J@DAD@@ABA@AAA@@@A@C@A@C@@@A@@@A@@@AAA@@AAB@@A@A@@ACAC@CAA@ABC@@@AAEAKBAHCF@FBJBF@DA"],"encodeOffsets":[[104228,37599]]}},{"type":"Feature","id":"630103","properties":{"name":"城中区","cp":[101.784554,36.621181],"childNum":1},"geometry":{"type":"Polygon","coordinates":["@@HC@ACCCC@@@@@@@@@@@A@@AAAA@@@@@@@@AC@@ACCA@@@@AAA@AG@@@@A@BGAG@GDGCCECGCACDOHW@I@E@CDCLGJCDEHIGBEDIBGBGBGDGBGBG@I@GBCHGFIFEFEBE@AB@BFDHHBDDDDFBBDDDDBBBDBBFHBBBBBBB@@DB@@BBBBB@B@D@D@H@BBBFNFH@@@@@@DDBBDDBBDB@B@@@@@@DD@@@@@BDA@@@@NCFA"],"encodeOffsets":[[104237,37509]]}},{"type":"Feature","id":"630104","properties":{"name":"城西区","cp":[101.763649,36.628323],"childNum":1},"geometry":{"type":"Polygon","coordinates":["@@@A@@@@CC@@@@@@@ACAAACCAACC@@@@@@EGEMAA@A@G@C@C@AAAAA@AA@@CA@AAAAAAEGAAACAACCCC@BGBKDIDKDE@IBE@IBKBGBEBC@E@EEECE@EBCH@HAFADC@C@GAICGCCAE@GBIBGBADAFAD@D@HBFDFDF@DBFABA@EDIFEBCFAFABC@IDE@BBB@B@BAD@B@DBB@B@B@@@DAB@@BB@B@@B@@BBB@@@BB@@B@@@B@@B@@B@B@BB@@BBB@B@@@B@BB@@B@@B@@BB@@@@B@B@B@@@B@B@DA@@D@BAB@BBB@B@@@BA@@B@B@@@B@B@@@@BB@BBBBDBB@B@@@B@B@B@@@B@DBB@B@@@D@BAB@B@B@@@BB@@@@B@@@B@@@@AB@@@@@B@@@@@B@B@B@@@D@B@B@B@B@@@@@@@BB@@@@B@B@@@B@@@B@@AB@@AB@@@B@@@@@B@@@B@@@@@@@BA@@B@@BB@B@@@B@B@@@B@@AB@@ABA@@@@@AB@B@@BD@B@@@B@@@B@BAB@BA@@B@BBB@B@@@@@B@@@@@@ABA@@@@BABAB@@@B@@@B@@@B@@@B@@@@ABA@@B@@@BABAD@D@FA@@B@DBB@B@B@BADEBCB@DABBB@@@@@BBB@@@B@HCB@DA@@"],"encodeOffsets":[[104225,37513]]}},{"type":"Feature","id":"630123","properties":{"name":"湟源县","cp":[101.263435,36.684818],"childNum":1},"geometry":{"type":"Polygon","coordinates":["@@HBL@NCJCHANGNQNIFGJGHCJEVGPCPCNGLGFGHO@@DEFGDEDCFA@EBCFEFAFAHAFAFALCHCHCF@F@J@H@F@DAF@JBL@HAJCL@JBHAHAFCBAFAHAJCFEHEBC@AEAGAG@CACE@I@GCEAAGBKDGBCAACHGFGDEDGBGAEAG@G@E@C@CBCFEF@F@FCHCD@FCD@BACC@E@GDIDEDEDCBAF@FAB@DBBBD@DABAACGCGAICKBGAI@I@E@CBCBADABCBC@G@G@ABGBEDEBA@C@ACEECEEECEAEAE@E@CFCDCHCFAD@BC@AC@EBAAE@ECIEGEECAAAACC@GACEEEGGEECCAG@E@C@AAACAEBGBAEGAECCCEAG@GAIBE@EAACCAC@AAIBI@CAE@E@C@EAGAEAE@GBCDEDCBC@AACBC@AAG@I@E@E@EACCGAE@A@GACACGEAA@EBAFEDEACCEGE@EBABABEDEHAJ@JBJDFBFAFEHEHEBABCAAECCGAE@GHGDADAJ@J@LCFABEDAH@FBB@F@FABBB@DAFABADCBADGCAMECAIIEEGKGQK]AECAOAIAGAGEGCSCAAACBKAC@CACACCAG@EAG@G@CAAAAE@CEECEE@EHGBG@EAOFGCAHAJABEBABG@KBG@GDGBABA@@DAFABGBGBQJGFCHCHCFBDBD@DCDADCFADAFEDIBKBODGBKBQFIDGDADGHGHCHCDCHAFCDEHEHCDAFDDBF@D@DADCDGBE@G@C@A@GFEDEDGBCBCHAH@DDDFD@BCDEDCFAFAFBF@F@HCDGHIFCBABAFABEDI@CBGFCDAD@BC@KBGBCBCDA@CBCBEBAF@DCBEDEBCD@BBHDDDDBBABCBCBABBF@BGFADAFAF@FCBGDEDAD@DFJDHEBCB@DBDBD@FBDBDDF@FAFEHCLCJCJ@FBD@DCBCBGBCF@FADADEDGHIHIFGDEBCDCJCFCHCN@FAH@DDBHHFD@DEFIFEHADAFADEDGDEBCDCFCF@DCDEDEDAD@FBH@DBDBAD@BAB@@BAD@FBFADAHAF@DDDAF@DCF@BADGJGHEF@B@B@B@DEF@FBDDDJBLDJBFBDFFFHBHDHDF@H@HBHFDBHDFBD@DEFEFAD@FAHEHABCJGJGHCHCDAH@DADCBCDCDEDCJ@LBJDF@FFJDHBFDHFFDF@NBJ@JBFBFDFFHHFFBDHFHFDFFFFDJDNHHDFD@D@DFFHDBDFFHDJDFBHBHBFFBB@DBB"],"encodeOffsets":[[103597,37752]]}},{"type":"Feature","id":"630121","properties":{"name":"大通回族土族自治县","cp":[101.684183,36.931343],"childNum":1},"geometry":{"type":"Polygon","coordinates":["@@@@@DCFCDCDA@EBC@CBABABABABABCBGBEBABA@AB@DADABAB@@BB@BBBABABCDGFEBAB@BB@@BBB@B@B@BCBCHADADCB@@E@C@G@G@GAKBEBEBEBEDCDEFABCBE@CBCDADADCFCDADAF@BAFABC@ABCBABAB@D@B@D@DAHAFAF@D@BAJAD@DEFCDCDEHCDADCDADCH@FAJABADABEBIDEBIBIDKFEBGBEDEBIDEBGDEBGBEAC@CAECCCCACCEAAAC@A@C@EBEDIDIFEBADA@AB@BBB@B@BCBEBEBABEFKJGDIAIBG@KCEAGDCFEDG@CAGKAGEAIBGFADKBABCFADCBEBC@@BADABCBAF@HADADDFBDADCDCDGDMH@B@NBJ@FEJCJCHCBG@EDCF@DBD@HCF@BEDCDA@CBGDEDADEBC@A@ABA@EDCBAB@B@B@@DBB@BBBBBBBBBB@F@D@D@D@B@DBBDBBB@BBB@@AB@B@B@B@B@D@D@D@DBBB@BBDBABABABAB@DAFBDAH@D@D@F@DAD@BCBAB@BA@@BBDBBBBDDBBDBBBDDDBDBB@D@H@D@B@DA@AB@BCB@@ABAB@DBDBBBDBDBB@@D@DAD@B@@DDDBBBDDDB@DB@@BBBB@DBD@BBF@BBDBBB@B@BADBB@@@BBBFBBBBBBD@@BBD@DBD@B@@ADADCBABAB@FAH@F@D@@@@A@@A@EACCCCACAE@A@A@A@@BAB@DAHADAD@BAD@@ADEBABEBADCDEDADAFAD@FBD@D@BBBADAFCDCJCBCB@@C@@@A@A@A@@BABADAD@HCJCJCDALCDAHCHCD@B@DBDBFBDBB@D@B@DAB@BABABABAD@BABA@A@CAABGFEB@NAPBRBJ@FAHKJCH@NDJBFDHBBBB@BAHCFAFCDAB@BBF@B@B@BCBAB@B@DAFBFBB@D@D@D@F@H@F@F@D@DBHBF@B@B@DE@ADEBCB@DAF@HBHBBBF@DADADAHCD@DAD@D@BBDFDDBBDBB@D@BBDB@BBD@BB@BBB@BAD@B@BBDBDBDBD@D@B@BABC@ADAB@D@BAHAHAFCFEDCB@DBF@BCBABEDCBEDCDCBAFAF@D@D@D@D@HCDEBAD@D@F@F@DAH@H@F@J@J@HBF@DBBBBBD@HBHAF@D@BA@@@@@@F@F@FAF@DADAB@DAB@D@DBD@D@BA@@DCDCBAD@DAF@F@D@F@DBDBBBF@FBD@D@FAFADADEDADCBAB@DBFBBBDB@@B@DBB@DAB@BAB@BCBAFABADAFADAFADADAB@DBD@D@D@DADADABA@E@C@C@CACAGAC@CAA@C@A@A@CDABCDCFEFCBE@AACAAAA@A@@@AB@BAB@F@D@HAD@DBF@BBFBBBDBBBDBBABA@ABC@CBA@ADADAHAFAHAD@DADCDAD@FAD@F@B@HBD@DADABCDCDABCDCBCBABABABBB@DBBBDBFBF@BBF@DAHADADAH@F@FAD@B@F@FBD@FBD@BCBCBABADAD@D@DAB@BAFCFAHAFADAFAJABAF@B@D@DBDDDBDD@B@D@D@BB@FBDBF@B@D@BA@A@CBA@@DCHADAB@@A@@@AAA@A@AB@DAJADAB@@C@CACAA@A@A@ABABAF@J@H@JAJ@F@JBF@F@D@BAFCDCDCBABCBCBA@C@C@A@AD@HAHCFAFADABCDABCDAHCFCHCFADAFAJ@F@HAH@DAFADADADADADCDCDEBEBC@ABCBCFAFCHCFAFCHAHAAAAA@AAAAA@CAA@E@C@C@A@A@AAA@@A@@@CBCBEBA@CBA@A@A@CACAA@AAACACAAACAA@E@C@E@C@GBEBGBEBCBCBCDEBC@C@E@GAGACAEAEAE@AAGACAC@C@A@CAC@C@AAAA@@@A@C@A@CBA@C@A@AAACAAAACCCAAAAAEACAA@AAA@@A@ADCAC@CAAAACCCCA@AAGCACAAAEAA@AAA@CBC@G@@EECCEECGAGDEHCFCFEBGBAFCB@BCBG@GEGGEAA@E@E@AECCEBE@EE@G@GAKEGCCC@ADA@ACE@CAEECCCC@CA@EDEFIBE@CACEG@K@G@CCG@I@G@C@E@ECCCEAC@EBE@E@ABADABEBE@EAIAEAAECCE@CAAEAECAE@CFEFCDADE@EAEAGAEBCBC@CECECAC@G@EACCE@E@EBG@EAEAEEEGGCC@CBEDCF@FABAACAACCAACBE@IAEAE@GDABBLBF@B@@AD@BBB@DBDBD@@@B@BA@BB@@BB@B@@@B@@@B@@@D@B@D@B@@BB@BAB@BC@CBI@I@GACAGACBIDKBEBE@@@CBGBC@IAEAGAEB@DCFAFAFCFC@G@CAAEECC@E@EDE@IBC@G@GAEAGAE@G@E@A@AHAFEFEHGFGFIHIDGBE@GAC@CBCDEBE@EACACAEBGHEHAJCHEFAF@BDFFHBDAHAFAD@B@HBLAJCJEHEHGJCFEFCBIBEBABADBFABCBGDEBAF@JAFCFGBABG@EACBAD@D@DAHAFEDCDC@GBEDEFEFEFC@G@EAECGAI@GBEBE@EBADCDEDA@EAEACDCFADCBCAEBADAFGDGFCDGDGBE@E@E@EDEFCDGDADGFEHEFELEHGDA@E@GBIDGDGHAFABAB@BABA@C@C@C@KJINMHOFQHQPKNUJ]T"],"encodeOffsets":[[103703,37946]]}},{"type":"Feature","id":"630122","properties":{"name":"湟中县","cp":[101.569475,36.500419],"childNum":1},"geometry":{"type":"Polygon","coordinates":["@@^SVILMRORGPENGJMLID@D@D@B@BA@ABABABEHGHCJCHAF@B@HCFGFKFEFGHEBCHCDCFEFCF@F@F@HAHCDCHEHCBEBCFADBDABCDEDCFBFBB@FCDCBCFAF@FAHAJ@HBFDFBH@D@FEFEFEFCHAD@DCFCBEBG@C@CBCDAFBH@BAHADEBE@IBEFAHCDABAAEBCBAFAJADAFEDEHIFGFGDIBIAK@G@ABCBEBGACEGCE@ABEFEDGBIFGHGFADBDBFBF@FADCDAD@HBF@HAJCJGHEHEFGFEBEBGB@F@H@F@HBFBHBH@D@JAF@FCF@D@FDBFDBH@D@DEBEBEDE@CFAHBFBJBD@HADA@@AEACAKAK@GAI@C@CDEDEDGBG@EAEAEDC@EAI@A@I@KDIBEBA@AC@EBEFGDEFCBABEBABAD@HABEDGBGAICKAGBG@GBC@E@CAEGCG@CCGAAACC@EBABCHEDG@GAGAEACBEBEBG@IBI@K@IBIBKFKHEFIHEHA@AAEEAIEMCEBGBCBCFGDEBGAIAE@EAE@EDEBC@@@AB@@@B@B@B@@@B@B@B@D@BA@@B@B@@@B@@@B@@@@@@AB@@@@A@@B@B@@@B@@@@@@@B@@@DAB@@@B@@@BA@@B@@@@AB@@@@@B@B@BB@@B@B@@@B@D@@@B@B@B@@AB@B@@@@@BB@@@@@@@@B@@@B@B@B@BBB@@@@AB@@@@@BA@@@@BBB@F@JCD@BABEDEFAJEFCB@BAAE@CCECEAE@G@CBCBEBCHAJAHAF@DBHDJDHBD@D@BCBE@GDGFAF@FDFFF@D@FAHALAJAF@JAF@LCJCLCHA@AAACECCACGGEC@ABAF@FAFEJEHEDGHAJ@H@HAHAHCHAHAJAFCHABALCHCFEDCDIBADAF@NBJDNDLDF@F@NAL@DBBBF@JBL@FEHEBADE@AAEAC@EDEBEDGDG@EACCCEEEACCCEEEEGECGECACC@ABCBCBE@GAEAAGCCBC@CCEECACCAGAG@G@EAI@G@G@G@A@E@C@E@EDCDCBIDEFGBCFE@CACCG@@CGEICGCGIMCEIIEGCEEGCGCC@C@GBEAIAECEACGCEC@C@AFCBEAACAG@I@K@I@M@I@G@EAEAGCE@GBGBEDGBGFEFGBCBEC@C@CACAEAGBC@GCCGAI@M@IBBG@EAE@CCCCCAEAAAGCEACIEICEAECGCCAGCEEAACCEAG@GFEDEHEJEHCFEDADAFAD@H@HABCBG@EDCHC@CBCDCDCDEBI@I@GAGA@F@J@HBJBHAH@H@H@DBF@DCDCBGBIDODIBE@ECICIAE@I@EBKAKBKDMFIDEBE@GBEBEBE@C@EDIBIDGFGFGBIBIBMBIBCBIFKJEFEDAF@F@BEBCAMBSBE@KBOFGDKDIDCD@B@DCDCBABC@CHABCDABEBCBA@AAEBE@A@EAG@CBAFEBKDI@I@CBCBGH@HBFDHFDBBADABGFGFEFEBEAICIAI@GBCFAFABAB@FHFDFBDCFEFAB@FBBHFBDBD@H@BBFDHBD@F@F@F@JBH@BADBD@BADCDCFAD@HBFBFBH@F@D@FBF@DAJBJ@BBDDDBB@FAFBJ@HBHDFDDBFFHABAHBFBDBBD@F@H@DBFDHFFHFFBD@HDDBBBBFDHFJFFDF@BBFAD@@BADC@EBGDCDED@D@FBFBFDFFFDFFFBDD@B@FAFCHABAH@H@D@DABABCDADAF@J@J@HBLAJDHBHDBDABCBC@AACAA@EBE@ABCDCFCFCJ@H@FDDABC@EDC@GDEDE@E@EFAD@D@D@F@HBHBFAHCHCFEHGHBDDBHALCHABBDF@H@JDFDBH@HBFB@BADGFEFIDGBEBABEDGBGBIAK@IDGBK@IAE@CBE@G@I@E@E@GDGDKDEBEBGBEBEBEFAD@FEBCDCFEHCF@@GPEHKHMHODODUHIFGDIHEHMJMRMHGBIDMDK@GA@BBFBFHLLPNFJDNBFBJBDBFFPPJHHFDDB@BA@@BA@@@A@@@@BAB@@@B@@@D@@@DABBBA@@B@@@BA@@BA@@@@B@@@B@@@@@@A@@@@B@B@B@@@@@@@@@@@B@@@@@B@@@BBB@@@@@B@@@B@@A@@B@B@B@B@@@B@@A@@B@@@B@@@@@@A@@@@BA@BB@@@@@B@@@B@B@@@@@B@@@B@B@B@FCBIHAF@HFH@DB@FFL@HAFBDFH@DCDEFAFAJAJAD@F@HCJGDEH@DBLBFFHDDDD@FBNBF@DAHABCFCFGLCFGLCJ@JCHCD@H@FEDAD@FFBDBDD@D"],"encodeOffsets":[[103703,37946]]}}],"UTF8Encoding":true}